id,question,answer,type,level,supporting_facts,context
5ab72d605542993667793f6d,"The North Melbourne Football Club, nicknamed the Kangaroos, is the fourth oldest Australian rules football club in the Australian Football League (AFL), it is based at the Arden Street Oval, is a sports oval in North Melbourne, Victoria, in which country?",Australia,bridge,easy,"{'title': array(['North Melbourne Football Club', 'Arden Street Oval'], dtype=object), 'sent_id': array([0, 0], dtype=int32)}","{'title': array(['Ben Ross (Australian rules footballer)', 'Darren Crocker',
       'Murray Kangaroos Football Club',
       'Aaron Black (footballer, born 1990)', 'North Fitzroy Kangaroos',
       '1996 AFL Grand Final', 'Cameron Pedersen', 'Arden Street Oval',
       'North Melbourne Football Club', 'Julian Kirzner'], dtype=object), 'sentences': array([array(['Ben Ross (born 21 September 1988) is an Australian rules footballer who played for the North Melbourne Football Club and the Hawthorn Football Club in the Australian Football League.',
              ' He was rookie listed by Hawthorn in the 2013 AFL Rookie Draft after previously playing for the North Melbourne Football Club in the Australian Football League between 2007 and 2011.'],
             dtype=object)                                                                                                                                                                              ,
       array(['Darren Crocker (born 26 March 1967) is a former Australian rules footballer and former player of the North Melbourne Football Club in the Australian Football League (AFL).',
              ' On 16 June 2009, he was appointed caretaker coach of the North Melbourne Football Club after the resignation of Dean Laidley.',
              ' On 17 August 2009 the North Melbourne Football Club appointed Brad Scott as their senior coach, thus Crocker was not retained as North Melbourne coach for the 2010 season.',
              ' However, he remained as assistant coach at North Melbourne Football Club.',
              ' In 2015, Crocker again served as acting coach when Scott underwent back surgery, and again for one match in 2016 when Scott was ill.'],
             dtype=object)                                                                                                                                                                   ,
       array(['Murray Kangaroos Football Club, officially nicknamed The Kangaroos, was an Australian rules football club which competed in the Victorian Football League between 2000 and 2002.',
              "" The football club was a joint venture between the North Melbourne Football Club and the Ovens and Murray Football League and served as North Melbourne's reserve side.""],
             dtype=object)                                                                                                                                                                       ,
       array(['Aaron Black (born 29 November 1990) is a professional Australian rules footballer playing for the Geelong Football Club in the Australian Football League (AFL).',
              ' He previously played for North Melbourne Football Club from 2011 to 2016.',
              ' He was recruited by North Melbourne with the twenty-fifth selection in the 2009 national draft and he made his senior debut in round 24 of the 2011 season against Richmond .',
              ' In 2016, he spent the entire season in the Victorian Football League (VFL) and at the end of the season, he mutually agreed with North Melbourne to seek opportunities at another club despite being contracted to North Melbourne until the end of 2017.',
              ' He was officially traded to Geelong in October.'], dtype=object)                                                                                                                                                                                           ,
       array(['The North Fitzroy Kangaroos was a proposed professional Australian rules football club which was to have formed from the merger between the Fitzroy Football Club and the North Melbourne Football Club, and was to have competed in the Australian Football League from 1997 onwards.',
              ' The merger was arranged in May 1996 to avert the imminent financial collapse of Fitzroy, but was abandoned within two months of its announcement following clashes of interest from multiple parties.',
              "" The abandonment resulted in North Melbourne remaining as a stand-alone club as it is today, and the league administrators forcing Fitzroy, then nicknamed as the 'Lions', to relocate to Brisbane and merge with the Brisbane Football Club to form what is now the Brisbane Lions Football Club.""],
             dtype=object)                                                                                                                                                                                                                                                                                          ,
       array(['The 1996 AFL Grand Final was an Australian rules football game contested between the North Melbourne Football Club and the Sydney Swans, held at the Melbourne Cricket Ground in Melbourne on 28 September 1996.',
              ' It was the 100th annual Grand Final of the Australian Football League (formerly the Victorian Football League), staged to determine the premiers for the 1996 AFL season.',
              "" The match, attended by 93,102 people, was won by North Melbourne by a margin of 43 points, marking that club's third premiership victory."",
              ' North Melbourne were awarded a gold premiership cup instead of the usual silver in honor of the centenary grand final.'],
             dtype=object)                                                                                                                                                                                                       ,
       array(['Cameron Pedersen (born 17 March 1987) is a professional Australian rules footballer playing for the Melbourne Football Club in the Australian Football League (AFL).',
              ' A utility, 1.93 m tall and weighing 99 kg , Pedersen has played the majority of his career in the forward line.',
              ' After missing out on being drafted at eighteen years of age, he played five seasons in the Victorian Football League (VFL) for the Box Hill Hawks .',
              ' His form during the 2010 season led to him being recruited by the North Melbourne Football Club with the seventeenth selection in the 2011 rookie draft and he made his debut in the 2011 season.',
              "" After two seasons with North Melbourne, playing in sixteen matches and winning the club's best first year player, he was traded to the Melbourne Football Club during the 2013 trade period.""],
             dtype=object)                                                                                                                                                                                         ,
       array(['Arden Street Oval (also known as North Melbourne Cricket Ground) is a sports oval in North Melbourne, Victoria.',
              "" It is currently the training base of the North Melbourne Football Club, an Australian rules football club, and up to the end of the 1985 season it was used as the team's home ground for Victorian Football League (VFL) matches.""],
             dtype=object)                                                                                                                                                                                                                           ,
       array(['The North Melbourne Football Club, nicknamed the Kangaroos or less formally the Roos, the Kangas or North, is the fourth oldest Australian rules football club in the Australian Football League (AFL) and is one of the oldest sporting clubs in Australia and the world.',
              ' It is based at the Arden Street Oval in the inner Melbourne suburb of North Melbourne, Victoria, but plays its home matches at the nearby Docklands Stadium.'],
             dtype=object)                                                                                                                                                                                                                                                                 ,
       array(['Julian Kirzner (born 24 October 1976) is a former Australian rules football footballer for the Essendon Football Club and North Melbourne Football Club in the Australian Football League (AFL).',
              ' He played one match for the Essendon Football Club, and three matches for Kangaroos Football Club.',
              ' He scored six goals in four AFL matches at full-forward.'],
             dtype=object)                                                                                                                                                                                       ],
      dtype=object)}"
5abe6c6f55429965af743ef8,"Who directed a film written by the same pairing that later wrote ""Wild Wild West""?",John Badham,bridge,medium,"{'title': array(['Wild Wild West', 'Wild Wild West', 'Short Circuit (1986 film)'],
      dtype=object), 'sent_id': array([0, 1, 0], dtype=int32)}","{'title': array(['Wild Wild West (Will Smith song)', 'Short Circuit (1986 film)',
       'Wild Wild West (soundtrack)',
       'Wild Wild West: The Steel Assassin', 'Robert Conrad',
       'Jim Thomas (screenwriter)', 'John Kneubuhl', 'Wild Wild West',
       'John Thomas (screenwriter)', 'Gilbert Ralston'], dtype=object), 'sentences': array([array(['""Wild Wild West"" is the title of a hip hop song co-written by Will Smith as the theme song for Smith\'s film of the same name.',
              ' The song also appears on Smith\'s 1999 album, ""Willennium"".',
              ' Will Smith\'s 1999 release was recorded specifically for Smith\'s summer blockbuster ""Wild Wild West"".'],
             dtype=object)                                                                                                                     ,
       array(['Short Circuit is a 1986 American comic science fiction film directed by John Badham and written by S. S. Wilson and Brent Maddock.',
              "" The film's plot centers upon an experimental military robot that is struck by lightning and gains a more humanlike intelligence, with which it embarks to explore its new state."",
              ' ""Short Circuit"" stars Ally Sheedy, Steve Guttenberg, Fisher Stevens, Austin Pendleton and G. W. Bailey, with Tim Blaney as the voice of the robot named ""Johnny 5"".',
              ' A sequel, ""Short Circuit 2"", was released in 1988.'],
             dtype=object)                                                                                                                                                                        ,
       array(['Wild Wild West is the soundtrack to the 1999 film of the same name.',
              ' It was released June 15, 1999, through Interscope Records and consisted mostly of hip hop music (none of which was in the movie, with the exception of the Will Smith and Enrique Iglesias tracks played over the end credits).',
              "" The soundtrack features a song by the film's main actor, Will Smith, along with other hip hop and R&B artists including BLACKstreet, Faith Evans, Dr. Dre, Missy Elliott, 702, Destiny's Child, Common, MC Lyte, Tatyana Ali, Slick Rick, Blaque, Nas, Snoop Dogg, Lil' Bow Wow, Puff Daddy, Jermaine Dupri and Eminem."",
              ' The soundtrack was very successful, peaking at number four on the US ""Billboard"" 200 and on the Top R&B/Hip-Hop Albums and features the hit single ""Wild Wild West"" which went to number one on the US ""Billboard"" Hot 100.',
              ' The album was certified double platinum a week after its release, June 21, 1999.',
              "" The album is also the debut of famous artists Lil' Bow Wow, Jill Scott and Kel Spencer.""],
             dtype=object)                                                                                                                                                                                                                                                                                                               ,
       array(['Wild Wild West: The Steel Assassin is a\xa01999 action-adventure game, developed and published by SouthPeak Games as a tie-in to the film ""Wild Wild West"", starring Will Smith and Kevin Kline.'],
             dtype=object)                                                                                                                                                                                        ,
       array(['Robert Conrad Falk (born Conrad Robert Falk; March 1, 1935) is an American film and television actor, singer, and stuntman.',
              ' He may be best known for his role in the 1965–69 television series ""The Wild Wild West"", playing the sophisticated Secret Service agent James T. West.',
              ' He portrayed World War II ace Pappy Boyington in the television series ""Baa Baa Black Sheep"" (later syndicated as ""Black Sheep Squadron"").',
              ' He was a recording artist of pop/rock songs in the early 1960s as Bob Conrad before he began his acting career.',
              ' He has hosted a weekly two-hour national radio show (""The PM Show with Robert Conrad"") on CRN Digital Talk Radio since 2008.'],
             dtype=object)                                                                                                                                              ,
       array(['James E. Thomas is an American screenwriter based in California.',
              ' With his brother John Thomas, he wrote and/or was substantially involved with the screenplays of several films - including ""Predator"" (1987), ""The Rescue"" (1988), ""Predator 2"" (1990), ""Executive Decision"" (1996), ""Wild Wild West"" (1999), ""Mission to Mars"" (2000), ""Behind Enemy Lines"" (2001) and the short-lived TV series ""Hard Time on Planet Earth"".',
              ' He also used to be a math teacher at Metuchen High School in New Jersey.'],
             dtype=object)                                                                                                                                                                                                                                                                                                                                                      ,
       array(['John Kneubuhl (July 2, 1920 – February 20, 1992) was an American Samoan screenwriter, playwright and Polynesian historian.',
              ' He wrote for American television series such as ""The Fugitive"", ""Gunsmoke"", ""The Wild Wild West"", """", ""The Invaders"" and ""Hawaii Five-O"".',
              "" The son of a Samoan mother and an American father, Kneubuhl's multicultural heritage produced a distinctive artistic vision that formed the basis of his most powerful dramatic work."",
              ' An accomplished playwright, Kneubuhl was a bicultural Polynesian who used the medium of theatre to explore identity, loneliness and the craft required to bring them to the stage.'],
             dtype=object)                                                                                                                                                                             ,
       array(['Wild Wild West is a 1999 American steampunk western action comedy film directed by Barry Sonnenfeld.',
              ' It was written by S. S. Wilson and Brent Maddock (whose previous collaborations include the ""Short Circuit"" and ""Tremors"" franchises), along with Jeffrey Price and Peter S. Seaman.',
              ' A big-screen adaptation of the 1960s TV series ""The Wild Wild West"", it stars Will Smith, Kevin Kline (who appears in dual roles as one of the two protagonists Artemus Gordon and as President Ulysses S. Grant), Kenneth Branagh and Salma Hayek.'],
             dtype=object)                                                                                                                                                                                                                                            ,
       array(['John C. Thomas is an American screenwriter based in California.',
              ' With his brother Jim Thomas, he wrote and/or was substantially involved with the screenplays of numerous films - including ""Predator"" (1987), ""The Rescue"" (1988), ""Predator 2"" (1990), ""Executive Decision"" (1996), ""Wild Wild West"" (1999), ""Mission to Mars"" (2000) and ""Behind Enemy Lines"" (2001) - and the short-lived TV series ""Hard Time on Planet Earth"".'],
             dtype=object)                                                                                                                                                                                                                                                                                                                                                            ,
       array(['Gilbert Alexander Ralston (January 5, 1912–March 18, 1999) was a British-American screenwriter, journalist and author.',
              ' He was a television producer in the 1950s and a screenwriter in the 1960s.',
              ' He created the television series ""The Wild Wild West"" and wrote scripts for ""Star Trek"", ""Gunsmoke"", ""Ben Casey"", ""I Spy"", ""Hawaii Five-O"", and ""The Naked City"".',
              ' He wrote the screenplay for the 1971 movie ""Willard"", which was based on the 1968 novel ""Ratman\'s Notebooks"" written by Stephen Gilbert.'],
             dtype=object)                                                                                                                                                         ],
      dtype=object)}"
5ab41e705542991751b4d66d,"What is the name of the man who is featured in the song ""Rockstar 101"", by Rihanna?",British-American guitarist Slash of the rock group Guns N' Roses.,bridge,easy,"{'title': array(['Rated R (Rihanna album)', 'Rockstar 101', 'Rockstar 101'],
      dtype=object), 'sent_id': array([4, 0, 1], dtype=int32)}","{'title': array(['Skin (Rihanna song)', 'Rihanna videography',
       'List of songs recorded by Rihanna',
       'List of Rihanna concert tours', 'Fading (song)', 'Rockstar 101',
       'Talk That Talk (Rihanna song)', 'Man Down (song)',
       'Do It Just Like a Rockstar', 'Rated R (Rihanna album)'],
      dtype=object), 'sentences': array([array(['""Skin"" is a song by Barbadian recording artist Rihanna from her fifth studio album, ""Loud"" (2010).',
              ' The song was written by Kenneth Coby and Ursula Yancy, with production helmed by Soundz.',
              ' Musically, ""Skin"" is a R&B song that contains influences from pop, dance-pop and dubstep genres, whilst lyrically, the song is about being in a relationship with someone and only wanting to feel their skin close to the protagonists.',
              ' ""Skin"" received generally positive reviews from critics, as part of their overall review of ""Loud"", praising ""Skins compositions as well as Rihanna\'s sensual vocal performance.',
              ' The song was included on the set list of the Loud Tour (2011), where Rihanna retrieves a man or woman from the audience near the end of the song, and performs a lap-dance whilst on an elevated platform.',
              ' ""Skin"" was also used in Rihanna\'s advertisement campaign for Armani Jeans.'],
             dtype=object)                                                                                                                                                                                                                                ,
       array(['Barbadian singer Rihanna has released four video albums and appeared in fifty-two music videos, six films, ten television programs, and eight television commercials.',
              ' In 2005, Rihanna signed a recording contract with Def Jam Recordings and released her debut single ""Pon de Replay"", taken from her first studio album ""Music of the Sun"" (2005).',
              ' Like its lyrical theme, the music video for the song was inspired by disco and dance; it was directed by Little X.',
              ' Three separate videos were released for ""SOS"", the lead single from her second studio album ""A Girl Like Me"" (2006), all of which contained various dance sequences.',
              ' The same year, American director Anthony Mandler directed the accompanying music video for the second single ""Unfaithful"", which featured Rihanna in a dangerous love triangle with her lover and her husband.',
              ' ""Unfaithful"" was Rihanna\'s first collaboration with Mandler; they later worked together regularly.',
              ' Also in 2006, Rihanna played herself in the third installment of the ""Bring It On"" film series, entitled """".'],
             dtype=object)                                                                                                                                                                                                      ,
       array(['Barbadian singer Rihanna has recorded material for her eight studio albums and has collaborated with other artists for duets and featured songs on their respective albums and charity singles.',
              ' After signing a record contract with the Def Jam Recordings in February 2005, Rihanna began to work with producers Carl Sturken and Evan Rogers, who co-wrote and co-produced 12 out of the 15 songs on her 2005 debut album, ""Music of the Sun"".',
              ' Award-winning songwriter Diane Warren co-wrote the title track, while Grammy Award-winning singer-songwriter Deniece Williams co-wrote the song ""Willing to Wait"".',
              ' Sturken and Rogers co-wrote and co-produced 9 songs out of 16 on Rihanna\'s 2006 album ""A Girl like Me"".',
              ' The album\'s lead single ""SOS"" was written by Evan ""Kidd"" Bogart and J. R. Rotem.',
              ' It contains a sped-up sample of ""Tainted Love"", written in 1965 by Ed Cobb, who was credited as a co-writer on ""SOS"".'],
             dtype=object)                                                                                                                                                                                                                                         ,
       array(['Barbadian recording artist Rihanna has embarked on four concert tours, three of which have been worldwide.',
              ' Her 2006 debut, was based in North America only and supported her first and second studio album, ""Music of the Sun"" (2005) and ""A Girl like Me"" (2006).',
              ' The tour lasted for three months, through which Rihanna performed 36 shows.',
              ' The same year, Rihanna continued to tour as a special guest on the PCD World Tour with Pussycat Dolls, Roc the Block Tour with Jay-Z and Ne-Yo, and the Monkey Business Tour with Black Eyed Peas.',
              ' In the period from 2007 till 2009, she performed on the worldwide Good Girl Gone Bad Tour in a support of her third studio album with same name.',
              ' During the tour, Rihanna visited Europe, North America, Oceania, Asia and Africa.',
              ' It featured Rihanna presenting completely different style and wearing leather outfits.',
              "" The Good Girl Gone Bad Tour sparked controversy in Malaysia where the Pan-Malaysian Islamic Party recommended that Rihanna's concert tour should be banned due her provocative outfits."",
              ' A DVD, titled ""Good Girl Gone Bad Live"" was released on June 16, 2008.',
              ' It features the show from Evening News Arena in Manchester, England, held on December 6, 2007.'],
             dtype=object)                                                                                                                                                                                          ,
       array(['""Fading"" is a song by Barbadian recording artist Rihanna from her fifth studio album, ""Loud"" (2010).',
              ' The song was written by Jamal Jones and Ester Dean, whilst production of the song was completed by Jones under his production name, Polow da Don.',
              ' Musically, the song samples Irish instrumentalist and singer-songwriter Enya\' s ""One by One"", whilst lyrically, the song is about leaving a man in a relationship.',
              ' After ""Loud"" had strong digital download sales in the United Kingdom, ""Fading"" charted at number 187 on that country\'s singles chart in November 2010.',
              "" The song received generally positive reviews from music critics, who praised da Don's production, but one critic criticized Rihanna for copying herself and failing to create something different."",
              ' Some critics also compared it to one of Rihanna\'s previous singles, ""Take A Bow"".',
              ' The song has also been performed on select dates of the Loud Tour (2011).'],
             dtype=object)                                                                                                                                                                                          ,
       array(['""Rockstar 101"" is a song by Barbadian recording artist Rihanna from her fourth studio album, ""Rated R"" (2009).',
              "" The song features the British-American guitarist Slash of the rock group Guns N' Roses."",
              ' It was released on May 18, 2010, as the fifth single from the album.',
              ' Rihanna wrote the song in collaboration with the producers The-Dream and Christopher ""Tricky"" Stewart; vocal production was carried out by Makeba Riddick.',
              "" The album version is a hip hop song, while the remix EP's consist of dance, dubstep and electronic music adaptations, some of which were remixed by Dave Audé and Mark Picchiotti.""],
             dtype=object)                                                                                                                                                                           ,
       array(['""Talk That Talk"" is a song recorded by Barbadian singer Rihanna for her 2011 studio album of the same name.',
              ' It features a rap verse by American rapper Jay-Z, who had previously collaborated with Rihanna on her song ""Umbrella"" in 2007 and ""Run This Town"" in 2009.',
              ' The song was written by Jay-Z, Ester Dean, Christopher Wallace, Anthony Best, Sean Combs, and Chucky Thompson together with the Norwegian production duo StarGate.',
              ' Def Jam Recordings serviced the track to urban radio in the United States on January 17, 2012, as the third single from ""Talk That Talk"".',
              ' It was released in France as a CD single on March 26.',
              ' ""Talk That Talk"" is a hip hop song with R&B beats, rough drums and unrefined synths, and has a similar style to Rihanna\'s 2010 single ""Rude Boy"".'],
             dtype=object)                                                                                                                                                          ,
       array(['""Man Down"" is a song by Barbadian singer Rihanna from her fifth studio album, ""Loud"" (2010).',
              ' Singer Shontelle and production duo Rock City wrote the song with its main producer, Sham.',
              "" They wrote it during a writing camp, in Los Angeles of March 2010, held by Rihanna's record label to gather compositions for possible inclusion on the then-untitled album."",
              ' Rock City were inspired by Bob Marley\'s 1973 song ""I Shot the Sheriff"" and set out to create a song which embodied the same feel, but from a female perspective.',
              ' ""Man Down"" is a reggae murder ballad which incorporates elements of ragga and electronic music.',
              ' Lyrically, Rihanna is a fugitive after she shoots a man, an action she later regrets.',
              ' Several critics singled out ""Man Down"" as ""Loud""\' s highlight, while others commented on her prominent West Indian accent and vocal agility.'],
             dtype=object)                                                                                                                                                                   ,
       array(['""Do It Just Like a Rockstar"" is a 2005 song by American hip hop artist Freak Nasty.',
              ' The song was released on iTunes on January 14, 2005.',
              ' It reached #45 on the Billboard Hot 100 in May 2007, after selling approximately 30,000 digital downloads on the iTunes Store.',
              ' It was erroneously listed under the title of ""Party Like A Rockstar"", which caused confusion from iTunes users looking for the Shop Boyz song of the same name.',
              ' On the Billboard issue dated May 26, 2007, the Shop Boyz were at number 54 on the Hot 100 due to strong airplay while Freak Nasty was number 56 due to strong sales.',
              ' The following week, after the Shop Boyz had an official digital release of their single, ""Party Like a Rockstar"" shot to number two while ""Do It Just Like a Rockstar"" dropped completely off the chart.'],
             dtype=object)                                                                                                                                                                                                 ,
       array(['Rated R is the fourth studio album by Barbadian singer Rihanna.',
              ' It was released on November 20, 2009 by Def Jam Recordings and SRP Records.',
              ' Recording sessions for the album began in April 2009 and took place at several recording studios throughout United States and Europe.',
              ' Rihanna, together with Antonio ""L.A."" Reid and The Carter Administration, was the executive producer of the album and worked with various record producers, including Chase & Status, StarGate, The-Dream, Ne-Yo, and Brian Kennedy.',
              ' The record featured several vocalists and instrumentalists, including Young Jeezy, will.i.am, Justin Timberlake and Slash, who played the guitars in ""Rockstar 101"".'],
             dtype=object)                                                                                                                                                                                                                            ],
      dtype=object)}"
5aba7a4955429955dce3ee53,Is the Armenian Gampr dog or The Chihuahua the smaller breed?,The Chihuahua,comparison,medium,"{'title': array(['Armenian Gampr dog', 'Chihuahua (dog)'], dtype=object), 'sent_id': array([0, 0], dtype=int32)}","{'title': array(['Chiweenie', 'Molera', 'Breed standard (dogs)', 'Chizer',
       'Japanese Spitz', 'Armenian Gampr dog', 'English Springer Spaniel',
       'Norbert (dog)', 'Conformation (dog)', 'Chihuahua (dog)'],
      dtype=object), 'sentences': array([array(['The Chiweenie (chihuahua-weiner dog) is a crossbreed dog, a mix of a Dachshund and a Chihuahua.',
              ' Considered a designer dog, the breed is fairly new, having first been bred in the early 1990s, and are gaining more popularity in North America.',
              ' This breed is known to be friendly and loving, and is considered an ideal lap dog.',
              ' They love to cuddle and stay under the covers in even the hottest temps.',
              ' Does great in hot areas and cold ones too.',
              ' They are also quite energetic, and love to play, although they do not require much exercise.',
              ' They also like to run very fast.',
              "" When fit, will run with owner at anybody's pace.""], dtype=object)                                                                                 ,
       array(['A molera is a ""hole"" in a Chihuahua\'s head; it is the same as a fontanelle in human babies.',
              ' Historically, the Chihuahua as developed in Mexico and the United States has displayed a ""hole in the head"".',
              ' In times past, this has been accepted as a mark of purity for this dog breed, and it is still mentioned in most Chihuahua breed standards the world over.',
              ' The bones of the head in all foetuses are not firmly knitted together, but in most mammals, the different bones of the skull join with cartilaginous sutures as the animal matures.',
              "" The Chihuahuas' moleras vary in size and shape, occurring on the top of the head where the parietal and frontal bones come together.""],
             dtype=object)                                                                                                                                                                           ,
       array(['A breed standard (also called bench standard or the standard) in the dog fancy is a set of guidelines covering specific ""externally observable"" qualities such as ""appearance"", ""movement"", and ""temperament"" for that dog breed.',
              ' Breed standards are not scientific documents, but are written for each breed by clubs of hobbyists called breed clubs for their own specific requirements.',
              ' Details and definitions within breed standards for a specific dog breed may vary from breed club to breed club and from country to country.',
              ' Dog breed standards are similar in form and function to breed standards for other domesticated animals.'],
             dtype=object)                                                                                                                                                                                                                        ,
       array(['The chizer is a mixed dog breed originating in the United States of America.',
              ' Chizers are a mix of the Chihuahua and the miniature schnauzer.',
              ' This breed is NOT recognized by the American Kennel Club.',
              ' The chizer has a combination of looks from both breeds of dogs, and can vary depending upon the breakdown of the breed.',
              ' General sizes of a chizer range between 6-14 inches in height and approximately 4-15-lbs in weight.',
              ' The chizer is a small breed dog, and works great in smaller areas, such as apartments, condos, and townhomes.',
              ' The chizer comes in a typical variety of colours, usually grey, black, brown or white.',
              ' This breed has a smooth, short haired coat that needs constant grooming, trimming around the eyes, ears and nose.',
              ' They are usually low to average shedding dogs, and typically most groomers leave their facial hair to mimic a schnauzer beard.',
              ' The ears of a chizer are medium in length and can stand erect when at attention, and their tail is usually docked.',
              ' The chizer can have either an apple shaped head, or round head, with either a long or short snout, giving it either the appearance of a Chihuahua or Miniature Schnauzer.',
              ' The body of the chizer is generally long and lean, with slender legs, and a square, robust back end.',
              ' This back end tends to make the dog sturdier, and gives them surprising jumping abilities to reach great heights.'],
             dtype=object)                                                                                                                                                                 ,
       array(['The Japanese Spitz (日本スピッツ , Nihon Supittsu ) is a small to medium breed of dog of the Spitz type.',
              ' The Japanese Spitz is a companion dog and pet.',
              ' There are varying standards around the world as to the ideal size of the breed, but they are always larger than their smaller cousins, the Pomeranian.',
              ' They were developed in Japan in the 1920s and 1930s by breeding a number of other Spitz type dog breeds together.',
              ' They are recognized by the vast majority of the major kennel clubs, except the American Kennel Club due to it being similar appearance to the white Pomeranian dog, American Eskimo Dog and Samoyed Dog.',
              ' While they are a relatively new breed, they are becoming widely popular due to their favorable temperament and other features.'],
             dtype=object)                                                                                                                                                                                                ,
       array(['Armenian Gampr (Armenian: գամփռ ""gamp’ṙ"") is a livestock guardian dog native to the Armenian Highlands.',
              ' It is not recognized by major kennel clubs or fancier organizations as a dog breed because it is a landrace.'],
             dtype=object)                                                                                                     ,
       array(['The English Springer Spaniel is a breed of gun dog in the Spaniel family traditionally used for flushing and retrieving game.',
              ' It is an affectionate, excitable breed with a typical lifespan of twelve to fourteen years.',
              ' They are very similar to the Welsh Springer Spaniel and are descended from the Norfolk or Shropshire Spaniels of the mid-19th century; the breed has diverged into separate show and working lines.',
              ' The breed suffers from average health complaints.',
              ' The show-bred version of the breed has been linked to ""rage syndrome"", although the disorder is very rare.',
              ' It is closely related to the Welsh Springer Spaniel and very closely to the English Cocker Spaniel; less than a century ago, springers and cockers would come from the same litter.',
              ' The smaller ""cockers"" hunted woodcock while the larger littermates were used to flush, or ""spring,"" game.',
              ' In 1902, The Kennel Club recognized the English Springer Spaniel as a distinct breed.',
              ' They are used as sniffer dogs on a widespread basis.',
              ' The term ""Springer"" comes from the historic hunting role, where the dog would flush (spring) birds into the air.'],
             dtype=object)                                                                                                                                                                                           ,
       array(['Norbert is a fluffy, 7"" tall mixed breed registered therapy dog, best known for his Norbert picture book series, and his popularity on social media.',
              "" Norbert's breed is unknown, but is suspected to be a cross between 3 dog breeds, chihuahua, cairn terrier & lhasa apso."",
              "" Norbert's time, money and book revenue is given to various charitable causes throughout the United States.""],
             dtype=object)                                                                                                                                           ,
       array([""Conformation in dogs refers solely to the externally visible details of a dog's structure and appearance, as defined in detail by each dog breed's written breed standard."",
              ' A dog that ""conforms"" to most of the items of description in its individual breed standard is said to have ""good conformation"".',
              ' Unlike equine conformation, there are no fixed rules for dog conformation, as dogs are the most variable in appearance of any animals (""Phenotypic variation among dog breeds, whether it be in size, shape, or behavior, is greater than for any other animal"").',
              ' Instead, conformation in dogs is based on the dog type from which the breed developed, along with many details that have been added to the breed standard for purposes of differentiation from other breeds, for working reasons, or for enhancing the beauty of the animals from the viewpoint of the fanciers who wrote the breed standards.'],
             dtype=object)                                                                                                                                                                                                                                                                                                                                       ,
       array(['The Chihuahua (Spanish: ""chihuahueño"" ) is the smallest breed of dog and is named after the state of Chihuahua in Mexico.',
              ' Chihuahuas come in a wide variety of colors, and two coat lengths.'],
             dtype=object)                                                                                                                ],
      dtype=object)}"
5adcec2d5542994d58a2f719,What singer performed as part of the duo Jenny & Johnny and stars in Troop Beverly Hills?,Jenny Lewis,bridge,medium,"{'title': array(['Troop Beverly Hills', 'Jenny Lewis'], dtype=object), 'sent_id': array([1, 2], dtype=int32)}","{'title': array(['Beverly Hills High School', 'Beverly Hills Cop II',
       'Pamela Norris', 'Beverly Hills Unified School District',
       'Beverly Hills Post', 'Troop Beverly Hills', 'Jenny Lewis',
       'Beverly Hills 90210 (soundtrack)', 'Beverly Grove, Los Angeles',
       'Stephanie Beacham'], dtype=object), 'sentences': array([array(['Beverly Hills High School (usually abbreviated as ""Beverly"" or as ""BHHS"") is the only major public high school in Beverly Hills, California.',
              "" The other public high school in Beverly Hills, Moreno High School, is a small alternative school located on Beverly's campus.""],
             dtype=object)                                                                                                                                   ,
       array(['Beverly Hills Cop II is a 1987 American action comedy film directed by Tony Scott, written by Larry Ferguson and Warren Skaaren and starring Eddie Murphy.',
              ' It is the sequel to the 1984 film ""Beverly Hills Cop"" and the second installment in the ""Beverly Hills Cop"" series.',
              ' Murphy returns as Detroit police detective Axel Foley, who reunites with Beverly Hills detectives Billy Rosewood (Judge Reinhold) and John Taggart (John Ashton) to stop a robbery/gun-running gang after Captain Andrew Bogomil (Ronny Cox) is shot and seriously wounded.'],
             dtype=object)                                                                                                                                                                                                                                                                    ,
       array(['Pamela Norris in an American screenwriter and producer.',
              ' She is best known for her work on the NBC sketch comedy series ""Saturday Night Live"" (1980–84), and for co-writing the screenplay of the 1989 film ""Troop Beverly Hills"".',
              ' She was executive producer of the sitcom ""Designing Women"".',
              ', and ""The Huntress"" on USA Network.'], dtype=object)                                                                                                                       ,
       array(['The Beverly Hills Unified School District, abbreviated BHUSD, is a school district based in Beverly Hills, California.',
              ' It was unified into an elementary and high school district in 1936.',
              ' Serving the city of Beverly Hills, it consists of four K-8 schools, one high school - Beverly Hills High School.',
              ' The current superintendent is Dr. Michael Bregy.'], dtype=object)                                                      ,
       array(['The Beverly Hills Post was the free weekly publication of Beverly Hills, California.',
              ' It was founded in 1928.',
              ' The tabloid-sized newspaper stopped publication in mid-April 1994 because of a divorce between the owners, Margaret ""Peggy"" Harris, and her husband, Walter.',
              ' The closing of this newspaper left the ""Beverly Hills Courier"" as the only newspaper in the city until the founding of ""Beverly Hills Weekly"" in 1999.'],
             dtype=object)                                                                                                                                                    ,
       array(['Troop Beverly Hills is a 1989 American adventure comedy film.',
              ' Produced by the Weintraub Entertainment Group and directed by Jeff Kanew, starring Shelley Long, Craig T. Nelson, Betty Thomas, Mary Gross, Stephanie Beacham and introducing Jenny Lewis as Hannah Nefler.',
              ' The film also features a host of young stars including Tori Spelling, Carla Gugino, Emily Schulman, Ami Foster, and Kellie Martin.'],
             dtype=object)                                                                                                                                                                                                   ,
       array(['Jennifer Diane ""Jenny"" Lewis (born January 8, 1976) is an American singer-songwriter, musician, and actress.',
              ' She was the lead singer and rhythm guitarist for the indie rock band Rilo Kiley, and has released three solo albums; ""Rabbit Fur Coat"" (2006), ""Acid Tongue"" (2008) and ""The Voyager"" (2014).',
              ' She performed as part of the duo Jenny & Johnny with then boyfriend Johnathan Rice and is currently a member of the rock trio Nice As Fuck.'],
             dtype=object)                                                                                                                                                                                     ,
       array(['Beverly Hills, 90210: The Soundtrack is the soundtrack to the TV Show ""Beverly Hills, 90210"", released in 1992.',
              ' Subsequent soundtrack albums were released in 1994 (""Beverly Hills 90210: The College Years"") and 1996 (""Beverly Hills 90210: Songs from the Peach Pit"").'],
             dtype=object)                                                                                                                                                  ,
       array(['Beverly Grove is a small neighborhood in the central region of the City of Los Angeles, California, abutting Beverly Hills and West Hollywood.',
              ' There is one private elementary school.',
              ' It is home to shopping and fashion districts, Cedars-Sinai Medical Center, the Four Seasons Hotel Los Angeles at Beverly Hills, Sofitel Los Angeles, SLS Hotel at Beverly Hills, the eight-story Beverly Center, and the Robertson Blvd. retail district.'],
             dtype=object)                                                                                                                                                                                                                                                  ,
       array(['Stephanie Beacham (born 28 February 1947) is an English television, radio, film and theatre actress.',
              ' She is known for her television roles in the BBC drama ""Tenko"" (1981–82), the ITV drama ""Connie"" (1985), and for playing Sable Colby in the ABC soap operas ""The Colbys"" (1985–87) and ""Dynasty"" (1988–89).',
              ' Her film appearances include ""Dracula A.D. 1972"", (1972), ""Schizo"" (1976) and ""Troop Beverly Hills"" (1989).'],
             dtype=object)                                                                                                                                                                                                   ],
      dtype=object)}"
5a8b4afc5542995d1e6f1353,"Who portrayed Barbara Zeisl Schoenberg in ""Woman in Gold"" and who's son lodged claims against the collective body that exercises executive powers in the Republic of Austria?",Frances Fisher,bridge,medium,"{'title': array(['Barbara Zeisl Schoenberg', 'Barbara Zeisl Schoenberg',
       'Government of Austria'], dtype=object), 'sent_id': array([0, 1, 0], dtype=int32)}","{'title': array(['Government of Croatia', 'Federalism in India',
       'Government of Uzbekistan', 'Nondelegation doctrine',
       'Government of Austria', 'Rajkiya Engineering College, Mainpuri',
       'Barbara Zeisl Schoenberg', 'Government of Hungary',
       'List of governors of Maharashtra', 'Government of France'],
      dtype=object), 'sentences': array([array(['The Government of Croatia (Croatian: ""Vlada Hrvatske"" ), formally the Government of the Republic of Croatia (Croatian: ""Vlada Republike Hrvatske"" ), commonly abbreviated to Croatian Government (Croatian: ""Hrvatska Vlada"" ), is the main executive branch of government in Croatia.',
              ' It is led by the President of the Government (Croatian: ""Predsjednik Vlade"" ), informally abbreviated to premier (Croatian: ""premijer"" ) or prime minister.',
              ' The prime minister is nominated by the President of the Republic from among those candidates who enjoy majority support in the Croatian Parliament; the candidate is then chosen by the Parliament.',
              ' There are 20 other government members, serving as deputy prime ministers, government ministers or both; they are chosen by the prime minister and confirmed by the Parliament (Sabor).',
              ' The Government of the Republic of Croatia exercises its executive powers in conformity with the Croatian Constitution and legislation enacted by the Croatian Parliament.',
              ' The current government is led by Prime Minister Andrej Plenković.'],
             dtype=object)                                                                                                                                                                                                                                                                             ,
       array(['The Constitution of India gives a federal structure to the Republic of India, declaring it to be a ""Union of States"".',
              ' of the Indian constitution specifies the distribution of legislative, administrative and executive powers between the Union, also known as the Central government, and the States of India.',
              ' The legislative powers are categorised under a Union List, a State List and a Concurrent List, representing, respectively, the powers conferred upon the Union government, those conferred upon the State governments and the shared powers.'],
             dtype=object)                                                                                                                                                                                                                                     ,
       array(['The Government of the Republic of Uzbekistan (Uzbek: ""O\'zbekiston Respublikasining Hukumati/Узбекистон Республикасининг Ҳукумати"" ) exercises executive power in the Republic of Uzbekistan.',
              ' The members of the government are the President of Uzbekistan, Prime Minister of Uzbekistan, Ministers, and deputy ministers.',
              ' It has its legal basis in the Constitution of Uzbekistan.',
              ' Cabinet of Ministers - The Government of the Republic of Uzbekistan is the executive power body of the Republic of Uzbekistan, ensuring guidance over effective functioning of the economy, social and cultural development, execution of the laws, and other decisions of Supreme Assembly, as well as decrees and resolutions issued by the President of the Republic of Uzbekistan.'],
             dtype=object)                                                                                                                                                                                                                                                                                                                                                                               ,
       array(['The doctrine of nondelegation is the theory that one branch of government must not authorize another entity to exercise the power or function which it is constitutionally authorized to exercise itself.',
              ' It is explicit or implicit in all written constitutions that impose a strict structural separation of powers.',
              ' It is usually applied in questions of constitutionally improper delegations of powers of any of the three branches of government to either of the other, to the administrative state, or to private entities.',
              ' Although it is usually constitutional for executive officials to delegate executive powers to executive branch subordinates, there can also be improper delegations of powers within an executive branch.'],
             dtype=object)                                                                                                                                                                                                     ,
       array(['The Austrian Federal Government (German: ""Österreichische Bundesregierung"" ) is a collective body that exercises executive power in the Republic of Austria.',
              ' It is composed of the Chancellor, who is leader of the government, the Vice-Chancellor, and senior ministers.',
              ' The President and the Government together form the executive branch of Austria.'],
             dtype=object)                                                                                                                                                   ,
       array(['The Rajkiya Engineering College, Mainpuri or REC Mainpuri, is a rajkiya engineering college in Mainpuri.',
              ' It is a constituent college of Dr. A.P.J. Abdul Kalam Technical University (formerly Uttar Pradesh Technical University) in Lucknow.',
              ' The classes for this college are currently being conducted in the campus of Harcourt Butler Technical University, Kanpur.',
              ' During its inception the institute was headed by the Director Of HBTI ( now HBTU ) who use to act as Principal of REC Mainpuri and REC Kannauj but all executive powers were in hands of Nodal Officer.',
              ' The first and only Nodal Officer of REC Mainpuri was Dr. Pradeep Kumar who is also project officer of REC Mainpuri after the post Nodal Officer and Principal was dissolved and every executive powers came directly in the hands of Director.'],
             dtype=object)                                                                                                                                                                                                                                       ,
       array(['Barbara Zeisl Schoenberg was born in New York on May 17, 1940, the daughter of Austrian-American Jewish refugee from Nazi Austria composer Eric Zeisl and his wife Dr. Gertrud S Zeisl (Jellinek).',
              ' She is portrayed by actress Frances Fisher in ""Woman in Gold"", the 2015 film about her son E. Randol Schoenberg, who represented Maria Altmann in her claim against the Government of Austria to recover five family-owned paintings by the artist Gustav Klimt stolen by the Nazis during World War II.'],
             dtype=object)                                                                                                                                                                                                                                                                                                 ,
       array(['The Government of Hungary (Hungarian: ""Magyarország Kormánya"" ) exercises executive power in Hungary.',
              ' It is led by the Prime Minister, and is composed of various ministers.',
              ' It is the principal organ of public administration.',
              ' The Prime Minister (""miniszterelnök"") is elected by the National Assembly and serves as the head of government and exercises executive power.',
              ' The Prime Minister is the leader of the party with the most seats in parliament.',
              ' The Prime Minister selects Cabinet ministers and has the exclusive right to dismiss them.',
              ' Cabinet nominees must appear before consultative open hearings before one or more parliamentary committees, survive a vote in the National Assembly, and be formally approved by the President.',
              ' The cabinet is responsible to the parliament.'], dtype=object)                                                                                                                                   ,
       array(['The Governor of Maharashtra is the Executive Head of the State of Maharashtra.',
              ' The Constitution of India confers the executive powers of the State to the Governor and the Governor exercises all powers on the aid and advice of the Council of Ministers.'],
             dtype=object)                                                                                                                                                                     ,
       array(['The Government of the French Republic (French: ""Gouvernement de la République française"" ) exercises executive power in France.',
              ' It is composed of a prime minister, who is the head of government, and both junior and senior ministers.',
              ' Senior ministers are titled as Ministers (French: ""Ministres"" ), whereas junior ministers are titled as Secretaries of State (French: ""Secrétaires d\'État"" ).',
              ' A smaller and more powerful executive body, called the Council of Ministers (French: ""Conseil des ministres"" ), is composed only of the senior ministers, though some Secretaries of State may attend Council meetings.',
              ' The Council of Ministers is chaired by the President of the Republic, unlike the government, but is still led by the Prime Minister, who was officially titled as the President of the Council of Ministers (French: ""Président du Conseil des ministres"" ) during the Third and Fourth Republics.',
              "" By comparison, the Government of France is equivalent to Her Majesty's Government in the United Kingdom, whereas the Council of Ministers is equivalent to the Cabinet of the United Kingdom.""],
             dtype=object)                                                                                                                                                                                                                                                                                          ],
      dtype=object)}"
5abc496655429959677d6a71,Which 1976 non-fiction book written by Bob Woodward is about the Watergate scandal leading to Nixon's impeachment?,The Final Days,bridge,hard,"{'title': array(['The Final Days', 'The Final Days', 'Watergate scandal',
       'Watergate scandal'], dtype=object), 'sent_id': array([0, 1, 0, 1], dtype=int32)}","{'title': array(['Mark Felt', 'Impeachment process against Richard Nixon',
       'Kenneth H. Dahlberg', 'Harry M. Rosenfeld',
       'Deep Throat (Watergate)', 'Watergate scandal',
       ""All the President's Men (film)"", 'The War Within (Woodward book)',
       'The Final Days', ""All the President's Men""], dtype=object), 'sentences': array([array([""William Mark Felt Sr. (August 17, 1913\xa0– December 18, 2008) was a Federal Bureau of Investigation (FBI) special agent who served as the Bureau's Associate Director, the FBI's second-highest-ranking post, from May 1972 until his retirement from the FBI in June 1973."",
              ' During his time as Associate Director, Felt served as an anonymous informant, nicknamed ""Deep Throat"", to reporters Bob Woodward and Carl Bernstein of ""The Washington Post"", providing them critical information about the Watergate scandal, a scandal which ultimately led to the resignation of President Richard M. Nixon in 1974.',
              "" Though Felt's identity as Deep Throat was strongly suspected by some in Washington, including Nixon himself, and was speculated by many others, it generally remained a secret for the next 30 years."",
              ' In 2005, Felt finally acknowledged that he was Deep Throat, after being persuaded to reveal his identity by his family.'],
             dtype=object)                                                                                                                                                                                                                                                                                                                               ,
       array(['An impeachment process against Richard Nixon was formally initiated on February 6, 1974, when the United States House of Representatives passed a resolution, , giving its Judiciary Committee authority to investigate whether sufficient grounds existed to impeach Richard Nixon, the 37th President of the United States of high crimes and misdemeanors, primarily related to the Watergate scandal.',
              "" This investigation was undertaken one year after the United States Senate established a select committee to investigate the 1972 break-in at the Democratic National Committee headquarters at the Watergate office complex in Washington, D.C. and the Nixon Administration's attempted cover-up of its involvement.""],
             dtype=object)                                                                                                                                                                                                                                                                                                                                                                                                ,
       array(['Kenneth Harry Dahlberg (June 30, 1917 – October 4, 2011) was an American businessman and highly decorated World War II fighter ace.',
              "" According to reporter Bob Woodward, a check made out to Dahlberg was a key part in connecting the Watergate scandal to President Richard Nixon's re-election campaign, though Dahlberg himself was not accused of any wrongdoing.""],
             dtype=object)                                                                                                                                                                                                                          ,
       array(['Harry M. Rosenfeld (born August 12, 1929) is an American newspaper editor who was the editor in charge of local news at ""The Washington Post"" during the Richard Mattingly murder case and the Watergate scandal.',
              "" He oversaw the newspaper's coverage of Watergate and resisted efforts by the paper's national reporters to take over the story."",
              ' Though ""Post"" editor-in-chief Benjamin C. Bradlee gets most of the credit, managing editor Howard Simons and Rosenfeld worked most closely with reporters Bob Woodward and Carl Bernstein on developing the story.',
              ' Rosenfeld published a memoir including an account of his work at the Post in 2013.'],
             dtype=object)                                                                                                                                                                                                          ,
       array(['Deep Throat is the pseudonym given to the secret informant who provided information in 1972 to Bob Woodward, who shared it with Carl Bernstein.',
              ' Woodward and Bernstein were reporters for ""The Washington Post"", and Deep Throat provided key details about the involvement of U.S. President Richard Nixon\'s administration in what came to be known as the Watergate scandal.',
              "" In 2005, 31 years after Nixon's resignation and 11 years after Nixon's death, a family attorney stated that former Federal Bureau of Investigation Associate Director Mark Felt was Deep Throat."",
              "" Felt was suffering from dementia at the time and had previously denied being Deep Throat, but Woodward and Bernstein confirmed the attorney's claim.""],
             dtype=object)                                                                                                                                                                                                                        ,
       array(['The Watergate scandal was a major political scandal that occurred in the United States in the early 1970s, following a break-in at the Democratic National Committee (DNC) headquarters at the Watergate office complex in Washington, D.C. on June 17, 1972, and President Richard Nixon’s administration’s attempted cover-up of its involvement.',
              ' When the conspiracy was discovered and investigated by the U.S. Congress, the Nixon administration’s resistance to its probes led to a constitutional crisis.'],
             dtype=object)                                                                                                                                                                                                                                                                                                                                          ,
       array([""All the President's Men is a 1976 American political thriller film about the Watergate scandal."",
              ' Directed by Alan J. Pakula with a screenplay by William Goldman, it is based on the 1974 non-fiction book of the same name by Carl Bernstein and Bob Woodward, the two journalists investigating the Watergate scandal for ""The Washington Post"".',
              "" The film stars Robert Redford and Dustin Hoffman as Woodward and Bernstein, respectively; it was produced by Walter Coblenz for Redford's Wildwood Enterprises.""],
             dtype=object)                                                                                                                                                                                                                                         ,
       array(['The War Within: A Secret White House History (2006–2008) is a non-fiction book by ""Washington Post"" reporter Bob Woodward that was released by publisher Simon & Schuster on September 8, 2008.',
              ' It is the fifteenth book written by Woodward, the fourth in a series of books about President George W. Bush and his administration\'s foreign policy including ""Bush at War"", ""Plan of Attack"", and ""State of Denial"".',
              ' The book discusses the debate within the administration about the controversial Iraq ""surge"" strategy implemented in 2007.',
              ' Simon & Schuster editor Alice Mayhew said in an official statement that “There has not been such an authoritative and intimate account of presidential decision making since the Nixon tapes and the Pentagon Papers.',
              ' This is the declassification of what went on in secret, behind the scenes.”'],
             dtype=object)                                                                                                                                                                                                               ,
       array(['The Final Days is a 1976 non-fiction book written by Bob Woodward and Carl Bernstein about the Watergate scandal.',
              ' A follow up to their book ""All the President\'s Men"", ""The Final Days"" concerns itself with the final months of the Presidency of Richard Nixon including battles over the Nixon White House tapes and the impeachment process against Richard Nixon.'],
             dtype=object)                                                                                                                                                                                                                                              ,
       array(['All the President\'s Men is a 1974 non-fiction book by Carl Bernstein and Bob Woodward, two of the journalists investigating the first Watergate break-in and ensuing scandal for ""The Washington Post"".',
              "" The book chronicles the investigative reporting of Woodward and Bernstein from Woodward's initial report on the Watergate break-in through the resignations of H. R. Haldeman and John Ehrlichman, and the revelation of the Nixon tapes by Alexander Butterfield in 1973."",
              ' It relates the events behind the major stories the duo wrote for the ""Post"", naming some sources who had previously refused to be identified for their initial articles, notably Hugh Sloan.',
              "" It also gives detailed accounts of Woodward's secret meetings with his source Deep Throat whose identity was kept hidden for over 30 years."",
              ' Gene Roberts, the former executive editor of ""The Philadelphia Inquirer"" and former managing editor of ""The New York Times"", has called the work of Woodward and Bernstein ""maybe the single greatest reporting effort of all time.""'],
             dtype=object)                                                                                                                                                                                                                                                                  ],
      dtype=object)}"
5a7c2b285542990527d5546c,"In the Persian epic poem Amir Arsalan, what kind of weapon is Shamshir-e Zomorrodnegār?",a sword,bridge,hard,"{'title': array(['Shamshir-e Zomorrodnegar', 'Amir Arsalan'], dtype=object), 'sent_id': array([0, 1], dtype=int32)}","{'title': array(['Shamshir-e Zomorrodnegar', 'Fulad-zereh', 'Bizhan Nama',
       'Shahnameh', 'List of The Heroic Legend of Arslan episodes',
       'Borzu Nama', 'Garshaspname', 'Amir Arsalan', 'Kush Nama',
       'Amir Arsalan Motahari'], dtype=object), 'sentences': array([array([""Shamshir-e Zomorrodnegār (Persian: شمشیر زمردنگار, 'the emerald-studded sword') is a sword in the Persian legend Amir Arsalan."",
              ' The witch mother of a hideous horned demon called Fulad-zereh used a charm to make his body invulnerable to all weapons except this specific sword.'],
             dtype=object)                                                                                                                                            ,
       array(['Fulad-zereh (Persian: فولادزره\u200e \u200e Fulâd-zereh) meaning ""[possessing] steel armor,"" is the name of a huge horned demon in the Persian story of Amir Arsalan.'],
             dtype=object)                                                                                                                                                             ,
       array(['BĪŽAN-NAMA (Persian: بیژن نامه\u200e \u200e ) is a Persian epic poem of ca. 1,900 couplets relating the adventures of the legendary hero Bīžan son of Giv.',
              ' Zabiollah Safa, an Iranian literary scholars notes that a large number verses of thies epic were taken from the Bīžan and Manīža in Ferdowsī’s Šāh-nāma.',
              ' Jalal Matini after closely postulated that the epic is mainly a copy of Ferdowsī’s story with some verses added by the author and some of Ferdowsi’s omitted.'],
             dtype=object)                                                                                                                                                      ,
       array(['The Shahnameh, also transliterated as Shahnama (Persian: شاهنامه\u200e \u200e ] , ""The Book of Kings""), is a long epic poem written by the Persian poet Ferdowsi between c. 977 and 1010 CE and is the national epic of Greater Iran.',
              ' Consisting of some 50,000 ""distichs"" or couplets (two-line verses), the ""Shahnameh"" is the world\'s longest epic poem written by a single poet.',
              ' It tells mainly the mythical and to some extent the historical past of the Persian Empire from the creation of the world until the Islamic conquest of Persia in the 7th century.',
              ' Modern Iran, Azerbaijan, Afghanistan and the greater region influenced by the Persian culture (such as Georgia, Armenia, Turkey and Dagestan) celebrate this national epic.'],
             dtype=object)                                                                                                                                                                                                                            ,
       array(['This is a list of episodes of the anime series ""The Heroic Legend of Arslan"", based on a Japanese fantasy novel series by Yoshiki Tanaka based on the Persian epic, Amir Arsalan, with original character designs by Hiromu Arakawa, divided into two seasons.'],
             dtype=object)                                                                                                                                                                                                                                                      ,
       array(['The Borzu Nama (pronounced as Borzū-Nāma or Borzū-Nāme) (Persian: برزونامه\u200e \u200e ) is a Persian epic poem of about 65,000 couplets recounting the exploits and adventures of the legendary hero Borzu, son of Sohrab and grandson of Rostam.'],
             dtype=object)                                                                                                                                                                                                                                           ,
       array(['Garshāspnāme (Persian: گرشاسپ\u200cنامه\u200e \u200e ) is an epic poem by Asadi Tusi.',
              ' It has been described as one of the best epic poems in Persian literature, comparable to Shahname, by Jalal Khaleqi-e Motlaq, and the most important work of Asadi Tusi.',
              ' Asadi Tusi completed the poem in 1066 AD and dedicated it to a certain ""Abū Dolaf"", the ruler of ""Nakjavān"" (nothing is known about him).',
              ' The poem is also translated to other languages such as French and German.',
              ' It seems that Asadi Tusi wrote this poem based on a written source.',
              ' Like Shahname, it contains few Arabic loan-words and consists of some 9,000 verses.',
              ' The main hero of this epic poem is Garshasp, the son of Etret, and grandson of Šam.',
              ' The poem begins with the story of Jamshid and Zahhak.',
              ' Jamshid is overthrown by Zahhak and flees to Zabolistan.',
              ' In Zabolistan, Jamshid falls in love with an unnamed daughter of Kurang, the king of Zabolistan, and she bore a child for Jamshid, named Tur (not to be confused with Tur, the son of Freydun).',
              ' Jamshid flees again to China.',
              "" Garshasp is actually the grandson of Tur's grandson.""],
             dtype=object)                                                                                                                                                                                       ,
       array(['Amir Arsalan-e Namdar (Persian: امیر ارسلان نامدار\u200e \u200e ) is a popular Persian epic, which was told to Nasser al-Din Shah Qajar, the Qajar Shah of Persia in the 19th century (though the Persian legend itself is much older), by a storyteller named ""Mohammad Ali Naqib al-Mamalek"" (Persian: میرزا محمدعلی نقیب\u200cالممالک\u200e \u200e ).',
              ' Mohammad never transcribed the poem himself, but the daughter of the Shah—who also loved the story—eventually transcribed it and preserved it for history.'],
             dtype=object)                                                                                                                                                                                                                                                                                                                                               ,
       array([""Kush-Nama (Persian: کوش نامه\u200e \u200e ), is a Persian epic poem and part of a mythical history of Iran written by Ḥakim Iranshān (or Irānshāh) b. Abu'l-Khay between the years 501-04/1108-11.""],
             dtype=object)                                                                                                                                                                                          ,
       array(['Amir Arsalan Motahari (Persian: امیرارسلان مطهری\u200e \u200e ); is an Iranian football striker who currently plays for Iranian football club Pars Jonoubi in the Persian Gulf Pro League.'],
             dtype=object)                                                                                                                                                                                  ],
      dtype=object)}"
5a8255b555429940e5e1a855,"What physical feature do members of the genus Streptocitta have in common with animals considered ""piebalds?""","pied plumage and a long tail, giving them a superficial resemblance to a magpie",bridge,easy,"{'title': array(['Streptocitta', 'Piebald'], dtype=object), 'sent_id': array([1, 0], dtype=int32)}","{'title': array(['Padding', 'Varmint rifle', 'Kalahari Basin', 'Streptocitta',
       'Propagation path obstruction', 'Corinthian (comics)',
       'Yogaville, Virginia', 'Natural barrier', 'Piebald',
       'Grade (slope)'], dtype=object), 'sentences': array([array(['Padding is thin cushioned material sometimes added to clothes.',
              ' Padding may also be referred to as batting when used as a layer in lining quilts or as a packaging or stuffing material.',
              "" When padding is used in clothes, it is often done in an attempt to soften impacts on certain zones of the body or enhance appearance by 'improving' a physical feature, often a sexually significant one."",
              ' In fashion, there is padding for:'], dtype=object)                                                                                                                                                         ,
       array(['Varmint rifle is an American English term for a small-caliber firearm or high-powered air gun primarily used for varmint hunting\xa0— killing non-native or non-game animals such as rats, house sparrows, starling, crows, ground squirrels, gophers, jackrabbits, nutria, marmots, groundhogs, porcupine, opossum, coyote, skunks, weasels, or feral cats, dogs, goats, pigs and other animals considered to be nuisance vermin destructive to native or domestic plants and animals.'],
             dtype=object)                                                                                                                                                                                                                                                                                                                                                                                                                                                                               ,
       array(['The Kalahari Basin or Kalahari Depression is a large lowland area covering over 2.5 million km covering most of Botswana and parts of Namibia, South Africa, Angola, Zambia, and Zimbabwe.',
              ' The outstanding physical feature in the basin, and occupying the centre, is the large Kalahari Desert.',
              ' The city Windhoek is situated in the Kalahari Basin.'],
             dtype=object)                                                                                                                                                                                 ,
       array(['Streptocitta is a genus of large starlings in the family Sturnidae.',
              ' Both species have a pied plumage and a long tail, giving them a superficial resemblance to a magpie.',
              ' Although not closely related to the true magpies, they have therefore been referred to as magpies in the past.',
              ' The two species are restricted to forests in Wallacea in Asia.'],
             dtype=object)                                                                                                      ,
       array(['In telecommunication, a propagation path obstruction is a man-made or natural physical feature that lies near enough to a radio path to cause a measurable effect on path loss, exclusive of reflection effects.',
              ' An obstruction may lie to the side, above, or below the path.',
              ' Ridges, bridges, cliffs, buildings, and trees are examples of obstructions.',
              ' If the clearance from the nearest anticipated path position, over the expected range of Earth radius ""k""-factor, exceeds 0.6 of the first Fresnel zone radius, the feature is not normally considered an obstruction.'],
             dtype=object)                                                                                                                                                                                                              ,
       array(['The Corinthian is a fictional character in Neil Gaiman\'s comic book series ""The Sandman"".',
              ' He can first be seen in ""The Sandman"" #10 (October 1989), which is part of the second story arc, """".',
              ' The Corinthian is a nightmare created by Dream, who destroys him in the same collection for going rogue and failing to fulfill his original design.',
              ' Dream later recreates him with ""some changes"", though the exact nature of these changes is not explicit.',
              ' His most notable physical feature is his lack of eyes: in their place, two rows of small, jagged teeth line each eye socket, which he often covers with sunglasses.',
              ' He can speak, eat, see, and even respire through these mouths.'],
             dtype=object)                                                                                                                                                           ,
       array(['Yogaville is a census-designated place in northwestern Buckingham County, Virginia.',
              ' The population as of the 2010 Census was 226.',
              ' The interfaith yoga community Satchidananda Ashram - Yogaville is the major physical feature and population center of the CDP.'],
             dtype=object)                                                                                                                       ,
       array(['A natural barrier refers to a physical feature that protects or hinders travel through or over.'],
             dtype=object)                                                                                       ,
       array(['A piebald or pied animal is one that has a pattern of pigmented spots on an unpigmented (white) background of hair, feathers or scales.',
              ' The spots are pigmented in shades of black and/or yellow as determined by the genotype controlling the color of the animal.',
              "" The animal's skin underneath its coat may or may not be pigmented under the spots but the skin in the white background is not pigmented.""],
             dtype=object)                                                                                                                                 ,
       array(['The grade (also called slope, incline, gradient, mainfall, pitch or rise) of a physical feature, landform or constructed line refers to the tangent of the angle of that surface to the horizontal.',
              ' It is a special case of the slope, where zero indicates horizontality.',
              ' A larger number indicates higher or steeper degree of ""tilt"".',
              ' Often slope is calculated as a ratio of ""rise"" to ""run"", or as a fraction (""rise over run"") in which ""run"" is the horizontal distance and ""rise"" is the vertical distance.'],
             dtype=object)                                                                                                                                                                                          ],
      dtype=object)}"
5a81d6445542990a1d231ede,The ancestors of the modern day Mashantucket Pequot Tribe lived in what states?,Connecticut and Rhode Island,bridge,medium,"{'title': array(['Montaukett', 'Pequot'], dtype=object), 'sent_id': array([1, 1], dtype=int32)}","{'title': array(['Montaukett', 'Ledyard, Connecticut', 'Mashantucket Pequot Tribe',
       'Connecticut Indian Land Claims Settlement',
       'Foxwoods Resort Casino', 'Richard Arthur Hayward', 'Pequot',
       'Mashantucket Pequot Museum and Research Center', 'Mohegan',
       'Tom Tureen'], dtype=object), 'sentences': array([array(['The Montaukett or Montauk people are a Native American tribe of Algonquian-speaking people from the eastern end of Long Island, New York.',
              ' They are related in language and ethnicity to the Pequot and Narragansett peoples who lived across Long Island Sound in what is now Connecticut and Rhode Island.',
              ' Native relics and ruins of early settlements are visible at Theodore Roosevelt County Park, just east of the village of Montauk, New York.'],
             dtype=object)                                                                                                                                                         ,
       array(['Ledyard is a town in New London County, Connecticut, United States, located along the Thames River.',
              ' The town is named after Colonel William Ledyard, a Revolutionary War soldier who was killed at the Battle of Groton Heights.',
              ' The population was 15,051 at the 2010 census.',
              ' The Foxwoods Resort Casino, owned and operated by the Mashantucket Pequot Tribe, was located in the northeastern section of Ledyard, until the land was annexed by the tribe.',
              "" Ledyard's zip code is 06339."",
              ' Within the southwestern area of Ledyard is the district known as Gales Ferry, which has the postal code 06335.'],
             dtype=object)                                                                                                                                                                     ,
       array(['The Mashantucket Pequot Tribal Nation is a federally recognized Native American nation in the state of Connecticut.',
              ' They are descended from the Pequot people, an Algonquian-language tribe that dominated the southern New England coastal areas.',
              ' Within their reservation in Ledyard, New London County, the Mashantucket Pequot own and operate Foxwoods Resort Casino.',
              "" As of 2012, it is the world's largest resort casino in terms of gambling space and number of slot machines.""],
             dtype=object)                                                                                                                      ,
       array(['The Connecticut Indian Land Claims Settlement was an Indian Land Claims Settlement passed by the United States Congress in 1983.',
              ' The settlement act ended a lawsuit by the Mashantucket Pequot Tribe to recover 800 acres of their 1666 reservation in Ledyard, Connecticut.',
              ' The state sold this property in 1855 without gaining ratification by the Senate.',
              ' In a federal land claims suit, the Mashantucket Pequot charged that the sale was in violation of the Nonintercourse Act that regulates commerce between Native Americans and non-Indians.'],
             dtype=object)                                                                                                                                                                                  ,
       array(['Foxwoods Resort Casino is a hotel and casino complex owned and operated by the Mashantucket Pequot Tribal Nation on their Mashantucket Pequot Indian Reservation, within Ledyard, Connecticut.',
              ' Including six casinos, the resort covers an area of 9,000,000 sqft .',
              ' The casinos have more than 380 gaming tables for blackjack, craps, roulette, and poker and have more than 4,700 slot machines.',
              ' There are several restaurants within the casinos, among them a Hard Rock Cafe.'],
             dtype=object)                                                                                                                                                                                     ,
       array(['Richard Arthur Hayward (born November 28, 1947 in New London, Connecticut) also known as Skip Hayward, was the tribal chairman of the Mashantucket Pequot Tribe for 23 years, from 1975, when the first election was held, until November 1, 1998.',
              ' He was replaced by Kenneth M. Reels.',
              ' Before becoming the tribal chairman, he worked as a pipefitter and lived in Stonington, Connecticut.',
              ' In 1994 University of Connecticut awarded him an honorary degree.'],
             dtype=object)                                                                                                                                                                                                                                         ,
       array(['The Pequot (pronounced ) are a Native American people of the U.S. state of Connecticut.',
              ' Modern Pequot and their descendants are members of the federally recognized Mashantucket Pequot Tribe, four other state-recognized groups in Connecticut, and the Brothertown Indians of Wisconsin.',
              ' They traditionally spoke Pequot, a dialect of the Mohegan-Pequot language which became extinct in the early 20th century, though revival efforts are underway.'],
             dtype=object)                                                                                                                                                                                           ,
       array(['The Mashantucket Pequot Museum and Research Center is a museum of Native American culture in Mashantucket, Connecticut, owned and operated by the Mashantucket Pequot Tribal Nation.'],
             dtype=object)                                                                                                                                                                            ,
       array(['The Mohegan are a Native American people historically based in present-day Connecticut; the majority are associated with the Mohegan Indian Tribe, a federally recognized tribe living on a reservation in the eastern upper Thames River valley of south-central Connecticut.',
              ' It is one of two federally recognized tribes in the state, the other being the Mashantucket Pequot whose reservation is in Ledyard, Connecticut.',
              ' There are also three state-recognized tribes: Schaghticoke, Paugusett, and Eastern Pequot.'],
             dtype=object)                                                                                                                                                                                                                                                                     ,
       array(['Thomas Norton Tureen (born 1945) is an American lawyer and entrepreneur known for his work with American Indian tribes.',
              ' While an attorney with the Native American Rights Fund he pioneered the use of the Nonintercourse Act to obtain return of tribal lands lost 180 years earlier and federal recognition for previously non-federally recognized tribes.',
              ' Tureen successfully litigated Joint Tribal Council of the Passamaquoddy Tribe v. Morton (1975), which established that the federal government has a trust responsibility to protect the land of all tribes, including those not previously recognized.',
              ' Between 1972 and 1983 he helped obtain federal recognition for and the return of over 300,000 acres to five New England tribes.',
              ' Tureen’s work on behalf of the tiny Mashantucket Pequot Tribe in Connecticut led to the creation of the Foxwoods Resort Casino, one of the largest casinos in the world.',
              ' He arranged the acquisition of Dragon Cement, New England’s only cement producer, by the Passamaquoddy Tribe (whose members in 1960 were the poorest people east of the Mississippi); the acquisition of Phoenix Cement by the Salt River Pima Maricopa Indian Community (now the leading supplier of cement and concrete in Arizona); originated 250 MW Moapa Solar, the first utility scale solar project in Indian Country and had lead responsibility for the creation of a partnership controlled by the Morongo Band of Mission Indians that holds an option to acquire a $400 million interest in an electric transmission upgrade in Southern California.'],
             dtype=object)                                                                                                                                                                                                                                                                                                                                                                                                                                                                                                                                                                                                                                                          ],
      dtype=object)}"
5a7dc91b5542990b8f503aa1,"Which performer from All For One Theater is a native of Victor, Montana?",Tom Hewitt,bridge,medium,"{'title': array(['All for One Theater', 'Tom Hewitt (actor)'], dtype=object), 'sent_id': array([2, 0], dtype=int32)}","{'title': array(['Silesian Wars', 'Fruitcake (album)', 'All for One Theater',
       'Vagrant Bus', 'Belgrade Drama Theatre',
       'Confession of a Child of the Century', 'Tom Hewitt (actor)',
       'Lodi High School (California)', 'Serial film',
       'Tanghalang Pambansa'], dtype=object), 'sentences': array([array(['The Silesian Wars (German: ""Schlesische Kriege"" ) were a series of three wars fought in the mid-18th century between Prussia (under King Frederick the Great) and Austria (under Empress Maria Theresa) for control of Silesia, all three of which ended in Prussian victory.',
              "" The First (1740–42) and Second (1744–45) Silesian Wars formed a part of the larger War of the Austrian Succession, while the Third Silesian War (1756–63) was one theater of the Seven Years' War.""],
             dtype=object)                                                                                                                                                                                                                                                                    ,
       array(['Fruitcake is the fourth commercial and only concept album of the Filipino band Eraserheads, released in 1996 by Sony BMG Music Philippines Inc. (formerly BMG Records Pilipinas, Inc.) It is also the official Christmas album and was accompanied by a separate storybook, also called ""Fruitcake"".',
              "" It can be categorized as a musical itself and to date, there has only been one theater musical adaptation of it - the Eraserheads' Fruitcake Musical 2010.""],
             dtype=object)                                                                                                                                                                                                                                                                                           ,
       array(['All For One Theater is a theater production company based in New York City.',
              ' It exclusively produces solo shows.',
              ' Noteworthy performers whom AFO has produced include Tom Hewitt, Deb Margolin, Leslie Jordan, Annabelle Gurwitch, and Bill Bowers.',
              ' Hewitt, Margolin, and Bowers are frequent collaborators with All For One.',
              ' All For One often runs its shows out of the historic Cherry Lane Theater.'],
             dtype=object)                                                                                                                         ,
       array(['The film tells about the artists one theater.',
              ' This is a wandering troupe, which travels to his old nearly broken bus from one settlement to another, to show the audience some of his performances.',
              ' Each of the artists on his love of theater, but the film also raises the problem and the material plane, for example the problem of choosing between creativity and money.'],
             dtype=object)                                                                                                                                                                   ,
       array(['The Belgrade Drama Theatre (Serbian: Beogradsko dramsko pozorište"", ""Београдско драмско позориште , abbreviated ""BDP"") was founded in August 1947, and it was the first city theater formed in Belgrade, Serbia after the Second World War.',
              ' The first opening night of ""The Youth of the Fathers"" by Boris Gorbatov staged by Petar S. Petrović was performed on the stage on 20 February 1948.',
              ' The building on Crveni Krst, in which this theater is nowadays, was opened in the season of 1948/49, and the first opening night performed on this stage was ""Sumnjivo lice"" by Branislav Nušić, produced by Bosnian Salko Repak, on 20 March 1949.',
              ' In the period from 1959 to 1975, BDP, with Belgrade Comedy, made one theater house - ""Contemporary Theater"", and in December 1975, it became the Belgrade Drama Theater again.'],
             dtype=object)                                                                                                                                                                                                                                           ,
       array([""Confession of a Child of the Century (French: La confession d'un enfant du siècle ) is a 2012 French drama film directed by Sylvie Verheyde."",
              ' The film competed in the Un Certain Regard section at the 2012 Cannes Film Festival.',
              ' In spite of its selection to the prestigious festival, the films gains notoriety as being the lowest grossing US theatrical release of 2015.',
              ' It generated only US$74 from its one-week, one theater theatrical run.',
              "" The film is an adaptation of Alfred de Musset's 1836 autobiographical novel of the same name.""],
             dtype=object)                                                                                                                                    ,
       array(['Tom Hewitt (born c. 1957) is an American actor and Broadway stage performer, and a native of Victor, Montana.'],
             dtype=object)                                                                                                     ,
       array(['Lodi High School, serving grades 9-12, is one of four comprehensive high schools in Lodi Unified School District.',
              ' The physical plant encompasses three gymnasiums, 59 permanent classrooms, one cafeteria, 30 portables, four computer labs, one theater complex, a college and career center, one administration center, one counseling center, and one metal, one wood and one automotive technology shop.',
              ' While the present site was built in 1956, Lodi High School began classes on September 8, 1896, and celebrated its centennial birthday during the 1996-97 school year.',
              ' At the present time, Lodi High School is on a modified traditional calendar.'],
             dtype=object)                                                                                                                                                                                                                                                                                  ,
       array(['A serial, film serial, movie serial or chapter play, is a motion picture form popular during the first half of the 20th century, consisting of a series of short subjects exhibited in consecutive order at one theater, generally advancing weekly, until the series is completed.',
              ' Generally, each serial involves a single set of characters, protagonistic and antagonistic, involved in a single story, which has been edited into chapters after the fashion of serial fiction and the episodes cannot be shown out of order or as a single or a random collection of short subjects.'],
             dtype=object)                                                                                                                                                                                                                                                                                               ,
       array(['The Tanghalang Pambansa (English: National Theater ), formerly Theater of Performing Arts, is a theater located in the Cultural Center of the Philippines Complex in Manila, Philippines.',
              ' It is the flagship venue and principal offices of the Cultural Center of the Philippines.',
              ' Designed by National Artist for Architecture Leandro Locsin, its design was based and expanded upon the unconstructed Philippine-American Friendship Center.',
              ' The ""Tangahalan"" is a primary example of the architect\'s signature style known as the floating volume, a trait can be seen in structures indigenous to the Philippines such as the nipa hut.',
              "" It houses three performing arts venues, one theater for film screenings, galleries, a museum and the center's library and archives."",
              ' Being a work of a National Artist, the brutalist structure is qualified to be an important cultural landmark as stipulated in Republic Act No. 10066.'],
             dtype=object)                                                                                                                                                                                     ],
      dtype=object)}"
5ade31835542997c77adeda7,"What role was Sherman Hemsley, whose final film appearnace was in ""American Pie Presents: The Book of Love"", most famous for?",George Jefferson,bridge,medium,"{'title': array(['American Pie Presents: The Book of Love', 'Sherman Hemsley'],
      dtype=object), 'sent_id': array([3, 0], dtype=int32)}","{'title': array(['American Pie Presents: The Naked Mile', 'American Reunion',
       'Chris Owen (actor)', 'American Wedding', 'Amen (TV series)',
       'Sherman Hemsley', 'American Pie (film)',
       'American Pie Presents: Beta House',
       'American Pie Presents: Band Camp',
       'American Pie Presents: The Book of Love'], dtype=object), 'sentences': array([array(['American Pie Presents: The Naked Mile (also known as American Pie: The Naked Mile) is a 2006 American sex comedy film released by Universal Pictures.',
              ' It is the second installment in the ""American Pie Presents"" series and the fifth installment in the ""American Pie"" franchise.',
              ' The film begins a story arc that concludes with """" (2007).',
              ' John White stars as Erik Stifler, a high school senior who is given a ""guilt free pass"" by his girlfriend, Tracy Sterling (Jessy Schram), and so visits the Beta House fraternity led by his cousin, Dwight Stifler (Steve Talley), to run a mile naked.',
              "" Christopher McDonald co-stars as Erik's father, Harry, and Eugene Levy once again plays Jim's Dad, who turns out to be a family friend of both Erik's and Tracy's."",
              ' Also, it is in this film that his name is revealed to be ""Noah Levenstein"".'],
             dtype=object)                                                                                                                                                                                                                                                ,
       array(['American Reunion (also known as American Pie 4: Reunion or American Pie: Reunion in certain countries) is a 2012 ensemble sex comedy film written and directed by Jon Hurwitz and Hayden Schlossberg.',
              ' It is the fourth installment in the ""American Pie"" theatrical series and eighth installment in the ""American Pie"" franchise overall.'],
             dtype=object)                                                                                                                                                                                            ,
       array(['Chris Owen (born September 25, 1980) is an American actor and photographer.',
              ' He is best known for his role as The Sherminator in the ""American Pie film franchise"", appearing in ""American Pie"", ""American Pie 2"", """" and ""American Reunion"".',
              ' Aside from Eugene Levy, he is the only actor from the theatrical features to appear in the """"American Pie Presents:"""" direct-to-video spin-off movies.'],
             dtype=object)                                                                                                                                                        ,
       array(['American Wedding (known as American Pie 3: The Wedding or American Pie: The Wedding, in some countries) is a 2003 American sex comedy film and a sequel to ""American Pie"" and ""American Pie 2"".',
              ' It is the third (originally intended final) installment in the ""American Pie"" theatrical series.',
              ' It was written by Adam Herz and directed by Jesse Dylan.',
              ' Another sequel, ""American Reunion"", was released nine years later.',
              ' This also stands as the last film in the series to be written by Herz, who conceptualized the franchise.'],
             dtype=object)                                                                                                                                                                                      ,
       array(['Amen is an American sitcom produced by Carson Productions that aired on NBC from September 27, 1986 to May 11, 1991.',
              ' Set in Sherman Hemsley\'s real-life hometown of Philadelphia, ""Amen"" stars Hemsley as the deacon of a church and was part of a wave of successful sitcoms on NBC in the 1980s and early 1990s which featured predominantly black casts – others included ""The Cosby Show"", ""A Different World"", ""The Fresh Prince Of Bel-Air"", and ""227"".'],
             dtype=object)                                                                                                                                                                                                                                                                                                                                  ,
       array(['Sherman Alexander Hemsley (February 1, 1938 – July 24, 2012) was an American comic actor best known for his role as George Jefferson on the CBS television series ""All in the Family"" and ""The Jeffersons"", Deacon Ernest Frye on the NBC series ""Amen"" and B.P. Richfield on the ABC series ""Dinosaurs"".',
              ' For his work on ""The Jeffersons"", Hemsley was nominated for a Golden Globe Award and an Emmy Award.',
              ' He won a NAACP Image Award.'], dtype=object)                                                                                                                                                                                                                                                              ,
       array(['American Pie is a 1999 teen sex comedy film written by Adam Herz and directed by brothers Paul and Chris Weitz, in their directorial film debut.',
              ' It is the first film in the ""American Pie"" theatrical series.',
              ' The film was a box-office hit and spawned three direct sequels: ""American Pie 2"" (2001), ""American Wedding"" (2003), and ""American Reunion"" (2012).',
              ' The film concentrates on five best friends (Jim, Kevin, Oz, Finch, and Stifler) who attend East Great Falls High.',
              ' With the exception of Stifler (who has already lost his virginity), the guys make a pact to lose their virginity before their high school graduation.',
              ' The title is borrowed from the song of the same name and refers to a scene in the film, in which the protagonist is caught masturbating with a pie after being told that third base feels like ""warm apple pie"".',
              ' Writer Adam Herz has stated that the title also refers to the quest of losing one\'s virginity in high school, which is as ""American as apple pie.""'],
             dtype=object)                                                                                                                                                                                                        ,
       array(['American Pie Presents: Beta House is a 2007 American sex comedy film released by Universal Pictures.',
              ' It is the third installment in the ""American Pie Presents"" series and the sixth installment in the ""American Pie"" franchise.',
              ' The film concludes a story arc that begins with """" (2006).',
              ' John White stars as Erik Stifler, a college freshman who pledges the Beta House fraternity led by his cousin Dwight Stifler (Steve Talley).',
              "" Christopher McDonald co-stars as Erik's father and Eugene Levy plays Beta House alumnus Noah Levenstein.""],
             dtype=object)                                                                                                                                   ,
       array(['American Pie Presents: Band Camp (also known as American Pie: Band Camp) is a 2005 direct-to-DVD sex comedy film.',
              ' It is the first installment in the ""American Pie Presents"" series and the fourth installment in the ""American Pie"" franchise.',
              ' It was directed by Steve Rash and written by Brad Riddell.',
              ' The film centers on Matt Stifler, younger brother of Steve Stifler.',
              ' In this film, Matt is sent to the infamous band camp, where he is compelled to change his ways.'],
             dtype=object)                                                                                                                     ,
       array(['American Pie Presents: The Book of Love (also known as American Pie: The Book of Love) is a 2009 sex comedy film released directly to DVD.',
              ' It is the fourth and final installment in the ""American Pie Presents"" series and the seventh installment in the ""American Pie"" franchise.',
              ' Directed by John Putch, the film stars Bug Hall, John Patrick Jordan, Kevin M. Horton, Brandon Hardesty, and Eugene Levy.',
              "" This was Sherman Hemsley's final film appearance before his death on July 24, 2012.""],
             dtype=object)                                                                                                                                 ],
      dtype=object)}"
5a761d0555429976ec32bd12,What country containing Zurich does Patara have a restaurant in?,Switzerland,bridge,medium,"{'title': array(['Patara Restaurants', 'Geneva'], dtype=object), 'sent_id': array([0, 0], dtype=int32)}","{'title': array(['Geneva', 'Polyxenidas', 'Hans Jacob Ulrich', 'Aryzta',
       'Heinrich Freudweiler', 'Vivonne Bay Conservation Park',
       'Jefferson Theatre', 'Odisha Ikat', 'Hiltl Restaurant',
       'Patara Restaurants'], dtype=object), 'sentences': array([array(['Geneva ( , French: ""Genève"" ] , Arpitan: ""Genèva"" ] , German: ""Genf"" ] , Italian: ""Ginevra"" ] , Romansh: ""Genevra"" ) is the second most populous city in Switzerland (after Zürich) and is the most populous city of Romandy, the French-speaking part of Switzerland.',
              ' Situated where the Rhône exits Lake Geneva, it is the capital of the Republic and Canton of Geneva.'],
             dtype=object)                                                                                                                                                                                                                                                             ,
       array(['Polyxenidas a Rhodian general and admiral, who was exiled from his native country, and entered the service of Antiochus III the Great, king of Seleucid Empire.',
              ' We first find him mentioned in 209 BC, when he commanded a body of Cretans mercenaries during the expedition of Antiochus into Hyrcania .',
              ' But in 192 BC, when the Syrian king had determined upon war with Rome, and crossed over into Greece to commence it, Polyxenidas obtained the chief command of his fleet.',
              ' After co-operating with Menippus in the reduction of Chalcis, he was sent back to Asia to assemble additional forces during the winter.',
              "" We do not hear any thing of his operations in the ensuing campaign, 191 BC, but when Antiochus, after his defeat at the Battle of Thermopylae (191 BC), withdrew to Asia, Polyxenidas was again appointed to command the king's main fleet on the Ionian coast."",
              ' Having learnt that the praetor Gaius Livius Salinator was arrived at Delos with the Roman fleet, he strongly urged upon the king the expediency of giving him battle without delay, before he could unite his fleet with those of Eumenes II of Pergamon and the Rhodians.',
              ' Though his advice was followed, it was too late to prevent the junction of Eumenes with Livius, but Polyxenidas gave battle to their combined fleets off Corycus.',
              ' The superiority of numbers, however, decided the victory in favour of the allies ; thirteen ships of the Syrian fleet were taken and ten sunk, while Polyxenidas himself, with the remainder, took refuge in the port of Ephesus.',
              ' Here he spent the winter in active preparations for a renewal of the contest ; and early in the next spring (b. c. 190), having learnt that Pausistratus, with the Rhodian fleet, had already put to sea, he conceived the idea of surprising him before he could unite his forces with those of Livius.',
              ' For this purpose he pretended to enter into negotiations with him for the betrayal into his hands of the Syrian fleet, and having by this means deluded him into a fancied security, suddenly attacked him, and destroyed almost his whole fleet.',
              ' After this success he sailed to Samos to give battle to the fleet of the Roman admiral and Eumenes, but a storm prevented the engagement, and Polyxenidas withdrew to Ephesus.',
              ' Soon after, Livius, having been reinforced by a fresh squadron of twenty Rhodian ships under Eudamus (Rhodian), proceeded in his turn to offer battle to Polyxenidas, but this the latter now declined.',
              ' Lucius Aemilius Regillus, who soon after succeeded Livius in the command of the Roman fleet, also attempted without effect to draw Polyxenidas forth from the port of Ephesus : but at a later period in the season Eumenes, with his fleet, having been detached to the Hellespont while a considerable part of the Rhodian forces were detained in Lycia, the Syrian admiral seized the opportunity and sallied out to attack the Roman fleet.',
              ' The action took place at Battle of Myonessus near Teos, but terminated in the total defeat of Polyxenidas, who lost 42 of his ships, and made a hasty retreat with the remainder to Ephesus.',
              ' Here he remained until he received the tidings of the fatal battle of Magnesia, on which he sailed to Patara in Lycia, and from thence proceeded by land to join Antiochus in Syria.',
              ' After this his name is not again mentioned.'], dtype=object)                                                                                                                                                                                                                                                                                                                                                                                      ,
       array(['Hans Jacob Ulrich (1798 in Zurich – 1877) was a Swiss painter.',
              ' Ulrich was brought up to be a merchant, but gave up business and devoted himself to painting.',
              ' He travelled in France, Italy, England, and the Netherlands for improvement, and became a successful painter of landscapes, sea-pieces, birds, and animals.',
              ' He was a professor at the Zurich Polytechnic.',
              ' He was an exhibitor at the Salon between 1824 and 1840.',
              ' Many of his landscapes were English in origin, and he was one of the first of his country to profit by the finer styles of the north in that branch of art.',
              ' Examples of his work exist in the museums of Orléans and Nantes.',
              ' C. Huber etched a series of sixty plates from his designs.'],
             dtype=object)                                                                                                                                                   ,
       array(['Aryzta is a food business based in Zurich with operations in the Americas, Europe, Asia, Australia and New Zealand.',
              ' It is incorporated in Switzerland and has listings on the SIX Swiss Exchange (the Zurich Stock Exchange) and the Irish Stock Exchange.',
              ' The group has a leadership position in the speciality frozen bakery sector and is a global supplier of baked goods to the foodservice, retail and quick service restaurant sectors.'],
             dtype=object)                                                                                                                                                                            ,
       array(['Heinrich Freudweiler, a Swiss portrait and genre painter, was born at Zurich in 1755, and was first instructed by H. Wüst; he afterwards studied at the Academies at Düsseldorf and Mannheim, and visited Dresden and Berlin, where he became acquainted with Graf and Chodowiecky.',
              ' In 1785 he returned to Zurich, and died in 1795.',
              ' He painted several historical scenes relating to his country.'],
             dtype=object)                                                                                                                                                                                                                                                                          ,
       array(['Vivonne Bay Conservation Park is a protected area in the Australian state of South Australia located on the south coast of Kangaroo Island in the gazetted locality of Vivonne Bay.',
              ' It was dedicated in 1971 to conserve coastal country containing vegetation not already protected in Kelly Hill Conservation Park.'],
             dtype=object)                                                                                                                                                                          ,
       array(['The Jefferson Theatre is a historic performing arts theatre located on Fannin Street in downtown Beaumont, Texas.',
              ' Designed by Emile Weil and built in 1927, it is an example of Old Spanish architecture and seats over 1400.',
              ' The theatre was built by Jefferson Amusement Company, which was owned by Saenger Amusements.',
              ' The theatre is featured on the National Register of Historic Places and recognized as a Recorded Texas Historic Landmark.',
              ' The theatre recently underwent a comprehensive multimillion-dollar renovation.',
              ' It is also one of the few theatres in the country containing its original Morton organ, produced by the Robert Morton Organ Company.'],
             dtype=object)                                                                                                                             ,
       array(['Odisha Ikat is a kind of ikat, a resist dyeing technique, originating from Indian state of Odisha.',
              ' Also known as ""Bandha of Odisha"", it is a geographically tagged product of Odisha since 2007.',
              ' It is made through a process of tie-dying the warp and weft threads to create the design on the loom prior to weaving.',
              ' It is unlike any other ikat woven in the rest of the country because of its design process, which has been called ""poetry on the loom"".',
              ' This design is in vogue only at the western and eastern regions of Odisha; similar designs are produced by community groups called the Bhulia, Kostha Asani, and Patara.',
              ' The fabric gives a striking curvilinear appearance.',
              ' Saris made out of this fabric feature bands of brocade in the borders and also at the ends, called ""anchal"" or ""pallu"".',
              ' Its forms are purposefully feathered, giving the edges a ""hazy and fragile"" appearance.',
              ' Ikat\'s equivalent usage in Malay language is ""mengikat"", which means ""to tie or to bind"".'],
             dtype=object)                                                                                                                                                                ,
       array(['Hiltl Restaurant is a vegetarian restaurant in Switzerland.',
              ' The restaurant holds the Guinness world record for being the oldest continuously open vegetarian restaurant in the world.',
              ' The restaurant is in Sihlstrasse in Zurich.'], dtype=object)                                                               ,
       array(['Patara (translates as ""‘gracious lady’"") is an international restaurant group of fine dining Thai restaurants in London, Geneva, Bangkok, Singapore, Beijing and Vienna.',
              ' Patara’s menu is based on blending eastern and western techniques.'],
             dtype=object)                                                                                                                                                               ],
      dtype=object)}"
5abaf0865542996cc5e49f20,When was the stadium at which the 1998 Barcelona Dragons played its home games renovated to be the main stadium for the 1992 Summer Olympics?,1989,bridge,medium,"{'title': array(['1998 Barcelona Dragons season', 'Estadi Olímpic Lluís Companys'],
      dtype=object), 'sent_id': array([1, 1], dtype=int32)}","{'title': array(['Bhutan at the 2016 Summer Olympics', 'Barcelona Dragons',
       'Rochester Dragons', '1998 Barcelona Dragons season',
       'Baltimore Ravens Cheerleaders', 'Estadi Olímpic Lluís Companys',
       'List of Olympic venues in equestrian', 'Des Moines Dragons',
       'Djibouti at the 1992 Summer Olympics',
       'Taekwondo at the Summer Olympics'], dtype=object), 'sentences': array([array(['Bhutan, a country in Southern Asia, participated in nine Summer Olympic Games between its debut in the 1984 Summer Olympics in Los Angeles, United States and the 2016 Summer Olympics in Rio de Janeiro, Brazil.',
              ' The highest number of Bhutanese athletes participating in a Summer Games is six in both the 1984 Summer Olympics and the 1992 Summer Olympics in Barcelona, Spain.',
              ' Bhutan competed at the Rio Summer Games from 5 to 21 August 2016.',
              ' No Bhutanese athlete has ever won a medal at the Olympics.',
              "" The two athletes who were selected to represent Bhutan at the Rio Games were Karma in the women's individual archery tournament and Kunzang Lenchu in the women's 10 metre air rifle shooting contest."",
              "" Along with the two athletes, the Secretary General of Bhutan's Olympic Committee, and two coaches, the country's delegation was led by the heir presumptive to the Bhutan throne Jigyel Ugyen Wangchuck."",
              ' Karma was selected as the flag bearer for the opening ceremony while Lenchu held it at the closing ceremony.'],
             dtype=object)                                                                                                                                                                                                        ,
       array(['The Barcelona Dragons were a team originally in the World League of American Football and later in the resurrected NFL Europe.',
              ' Their home field in Barcelona was the Estadi Olímpic de Montjuic, the 1992 Olympic Stadium, and later the Mini Estadi.',
              ' The Dragons were successful on the field, making it to 4 World Bowls (1991, 1997, 1999, 2001) and winning World Bowl V in 1997.',
              ' The team was made part of the FC Barcelona organization in 2002 as the FC Barcelona Dragons.',
              "" Despite these efforts, the franchise's fan support decreased and the team began to struggle financially."",
              ' After the 2003 season, the Dragons were discontinued and they were replaced in the league by the Cologne Centurions.'],
             dtype=object)                                                                                                                       ,
       array([""The Rochester Dragons were a men's ultimate team based in Rochester, New York, competing in the East Division of the American Ultimate Disc League."",
              ' The team was introduced during the 2012 season as the Buffalo Hunters before moving to Rochester in 2013.',
              "" The Dragons played their 2014 home games at SUNY Brockport in Brockport, New York with the exception of the May 17, 2014 game which was played at Sahlen's Stadium in Rochester, New York, known for being the home of the 2015 USL Champion Rochester Rhinos and the Western New York Flash."",
              "" The 2015 home games are scheduled to be played at Spencerport High School's stadium."",
              ' The Dragons had their first franchise win on May 5, 2013 against the New Jersey Hammerheads, winning 26 to 14 at home.'],
             dtype=object)                                                                                                                                                                                                                                                                                     ,
       array(['The 1998 Barcelona Dragons season was the sixth season for the franchise in the NFL Europe League (NFLEL).',
              ' The team was led by head coach Jack Bicknell in his sixth year, and played its home games at Estadi Olímpic de Montjuïc in Barcelona, Catalonia, Spain.',
              ' They finished the regular season in fourth place with a record of four wins and six losses.'],
             dtype=object)                                                                                                                                               ,
       array(['The Baltimore Ravens Cheerleaders are a cheerleading and dance squad for the Baltimore Ravens of the National Football League.',
              ' Unlike other NFL Cheerleading squads, the Ravens squad is a co-ed squad, with the female cheerleaders doing various dance moves, and the males working on stunts, as in traditional cheerleading.',
              ' The group was founded in 1998, and currently consists of 48 members (20 stunt team performers and 28 dancers).',
              ' The squad performs at the Ravens home stadium M&T Bank Stadium.',
              "" The squad's director is Tina Galdieri, who cheered at the 1996 Summer Olympics in Atlanta, as well as the WLAF's (later NFL Europe) Barcelona Dragons, and also led the University of Maryland's cheerleading squad to a National Championship in 1999."",
              ' The squad also has a ""Lil Ravens"" summer program, and unlike the other squads, boys also are permitted to join.',
              ' The group makes various appearances at parties and corporate functions throughout the year.',
              ' The female members of the squad also has a swimsuit calendar, with their 2012 calendar taking place in the Bahamas.',
              ' The squad currently has 31 female members.'], dtype=object)                                                                                                                                                                                              ,
       array(['Estadi Olímpic Lluís Companys (] , formerly known as the Estadi Olímpic de Montjuïc and Estadio de Montjuic) is a stadium in Barcelona, Catalonia, Spain.',
              "" Originally built in 1927 for the 1929 International Exposition in the city (and Barcelona's bid for the 1936 Summer Olympics, which were awarded to Berlin), it was renovated in 1989 to be the main stadium for the 1992 Summer Olympics.""],
             dtype=object)                                                                                                                                                                                                                                   ,
       array(['For the Summer Olympics, there are 53 venues that have or will be used for equestrian.',
              ' From 1912 to 1992, the events took place in more than one venue.',
              ' Since the 1992 Summer Olympics, the equestrian events have taken place on a single venue in an effort to reduce costs.',
              ' During the 1964 to the 1980 Summer Olympics, an equestrian event was the final event before the closing ceremonies of the respective Olympics.',
              ' The last equestrian event that took place at the main stadium was at the 1988 Summer Olympics though it was not the final event before the closing ceremonies.',
              "" That honor would fall for the end of the men's marathon event."",
              ' Stockholm Olympic Stadium is the only equestrian venue to serve host for more than one Summer Olympics, doing so in 1912 and 1956.'],
             dtype=object)                                                                                                                                                      ,
       array(['The Des Moines Dragons were a minor league basketball team in the International Basketball Association.',
              ' They were located in Des Moines, Iowa, and played at the Iowa Veterans Memorial Auditorium.',
              ' The Dragons were owned by Paul Miller, and Dick Giesen.',
              ' The Des Moines Dragons were the International Basketball Association champions in 2000 and the runner-up in 2001 to the Dakota Wizards.',
              ' They played in the IBA from the 1997-1998 season until the end of the 2000-2001 season.',
              ' The Dragons were coached by Glenn Duhon from 1997 through 2000 and Michael Born from 2000 through 2001.',
              ' The Dragons played their home games at Veterans Auditorium from 1997 through 2001.',
              ' In 2000 Lonnie Cooper received the IBA Playoffs MVP.',
              ' Lonnie Cooper of the Dragons received the 2001 IBA MVP as well as the IBA Finals MVP award.',
              ' Also in 2001 Michael Born was named the Coach of the year in the IBA along with David Joerger of the Dakota Wizards.',
              ' The Dragons were the IBA organization of the year in all four years of their existence.'],
             dtype=object)                                                                                                                               ,
       array(['Djibouti participated in three Summer Olympics between its debut at the 1984 Games in Los Angeles, United States and the 1992 Summer Olympics in Barcelona, Spain.',
              ' Djibouti made their Olympic debut in 1984, sending three athletes.',
              "" Djibouti's one and only medal prior to these games was a bronze awarded to Hussein Ahmed Salah in the men's marathon at the 1988 Summer Olympics in Seoul, South Korea."",
              ' The 1992 Summer Olympics marked a record in the amount of athletes that Djibouti has sent to the Summer Olympics.'],
             dtype=object)                                                                                                                                                               ,
       array(['Taekwondo at the Summer Olympics made its first appearance as a demonstration sport at the 1988 Summer Olympics in Seoul, South Korea.',
              ' The opening ceremony featured a mass demonstration of taekwondo with hundreds of adults and children performing moves in unison.',
              ' Taekwondo was again a demonstration sport at the 1992 Summer Olympics in Barcelona, Spain.',
              ' There were no demonstration sports at the 1996 Summer Olympics in Atlanta, Georgia.',
              ' Taekwondo became a full medal sport at the 2000 Summer Olympics in Sydney, Australia, and has been a sport in the Olympic games since then.'],
             dtype=object)                                                                                                                                    ],
      dtype=object)}"
5a8b129c55429949d91db4a5,What profession does John Dos Passos and Joe R. Lansdale have in common?,writer,comparison,hard,"{'title': array(['John Dos Passos', 'Joe R. Lansdale'], dtype=object), 'sent_id': array([0, 0], dtype=int32)}","{'title': array(['John Dos Passos', ""Spence's Point"", 'Joe R. Lansdale',
       'Atomic Chili', 'The International (play)',
       'American Writers Association', 'Maurice Coindreau',
       'Adventures of a Young Man', 'By Bizarre Hands', 'Three Soldiers'],
      dtype=object), 'sentences': array([array(['John Roderigo Dos Passos ( ; January 14, 1896 – September 28, 1970) was an American novelist and artist active in the first half of the twentieth century.',
              ' Born in Chicago, Illinois, he graduated from Harvard College in 1916.',
              ' He was well-traveled, visiting Europe and the Middle East, where he learned about literature, art, and architecture.',
              ' During World War I, he was an ambulance driver for American volunteer groups in Paris and Italy before joining the United States Army Medical Corps.'],
             dtype=object)                                                                                                                                                 ,
       array([""Spence's Point is a historic estate on the Potomac River near Westmoreland, Virginia."",
              ' Also known as theJohn R. Dos Passos Farm, it was the home of writer John Dos Passos (1896–1970) for the last 25 years of his life.',
              ' It was declared a National Historic Landmark in 1971.'],
             dtype=object)                                                                                                                          ,
       array(['Joe Richard Lansdale (born October 28, 1951) is an American writer, author, martial arts expert, and martial arts instructor.'],
             dtype=object)                                                                                                                     ,
       array(['""Atomic Chili: The Illustrated Joe R. Lansdale"" by Lansdale et al., (Klaw, ed.)',
              ' (Mojo Press, 1998) is a collection of previously written stories by Joe R. Lansdale, adapted into comic book form by assorted artists and writers.',
              ' The book was designed by John Picacio, and featured a cover by Dave Dorman.'],
             dtype=object)                                                                                                                                          ,
       array(['The International is a play by the American playwright John Howard Lawson.',
              "" It was first produced by the New Playwrights' Theatre in New York, opening on January 12 1928."",
              ' Lawson directed this production, while John Dos Passos designed the sets, Edward A. Ziman composed its music, Don Oscar Becque choreographed the dances, and Helen Johnson designed the costumes.'],
             dtype=object)                                                                                                                                                                                          ,
       array(['The American Writers Association (AWA) was an organization formed in 1946 in opposition to an attempt to introduce a form of trade unionism for authors.',
              ' Its members included writers such as Bruce Barton, John Dos Passos, John Erskine, James T. Farrell, John T. Flynn, Rupert Hughes, Zora Neale Hurston, Clarence Budington Kelland, Clare Boothe Luce, Eugene Lyons, Margaret Mitchell, Ayn Rand, Dorothy Thompson and Louis Waldman.'],
             dtype=object)                                                                                                                                                                                                                                                                            ,
       array(['Maurice-Edgar Coindreau (December 24, 1892 – October 20, 1990) was a literary critic and translator of fiction from English into French and Spanish.',
              ' He is notable for having introduced many canonical American authors of the 20th century—such as William Faulkner, John Dos Passos, John Steinbeck, and Ernest Hemingway—to the French-speaking public.'],
             dtype=object)                                                                                                                                                                                               ,
       array([""Adventures of a Young Man is a 1939 novel by John Dos Passos, which eventually became the first in this writer's District of Columbia Trilogy.""],
             dtype=object)                                                                                                                                      ,
       array(['By Bizarre Hands is the first collection of short stories by American writer Joe R. Lansdale, published in 1989.',
              ' The collection was nominated for a Bram Stoker Award for best fiction collection, and contains two stories which won Stokers.',
              ' It has an introduction by Lewis Shiner.',
              ' This book was re-issued as By Bizarre Hands Rides Again in 2010.',
              ' The re-issue contains a new introduction by Joe R. Lansdale and new artwork by Alex McVey.',
              ' This book is limited to 300 copies and is signed by both writer and artist.',
              ' It also contains two stories not in the original issue.'],
             dtype=object)                                                                                                                     ,
       array(['Three Soldiers is a 1921 novel by the American writer and critic John Dos Passos.',
              ' It is one of the American war novels of the First World War, and remains a classic of the realist war novel genre.',
              ' H.L. Mencken, then practising primarily as an American literary critic, praised the book in the pages of ""The Smart Set"".',
              ' ""Until ""Three Soldiers"" is forgotten and fancy achieves its inevitable victory over fact, no war story can be written in the United States without challenging comparison with it—and no story that is less meticulously true will stand up to it.',
              ' At one blast it disposed of oceans of romance and blather.',
              ' It changed the whole tone of American opinion about the war; it even changed the recollections of actual veterans of the war.',
              ' They saw, no doubt, substantially what Dos Passos saw, but it took his bold realism to disentangle their recollections from the prevailing buncombe and sentimentality.""'],
             dtype=object)                                                                                                                                                                                                                                          ],
      dtype=object)}"
5abdc9f55542993062266cf5,"What neighboring suburb of O'Halloran Hill has a population of more than 12,000 people?",Hallett Cove,bridge,medium,"{'title': array([""O'Halloran Hill, South Australia"",
       'Hallett Cove, South Australia'], dtype=object), 'sent_id': array([1, 0], dtype=int32)}","{'title': array(['Wirth Lake (Minnesota)', 'Theodore Wirth Park',
       ""O'Halloran Hill Recreation Park"", 'Calderwood, New South Wales',
       ""O'Halloran Hill, South Australia"", 'WQMX',
       'Seaview Downs, South Australia', 'WZDA',
       'Hallett Cove, South Australia', 'Cedar Lake Trail'], dtype=object), 'sentences': array([array(['Wirth Lake is in Theodore Wirth Park, a large park managed by the Minneapolis Park and Recreation Board, but actually in Golden Valley, a neighboring suburb.'],
             dtype=object)                                                                                                                                                     ,
       array(['Theodore Wirth Park is the largest park managed by the Minneapolis Park and Recreation Board.',
              ' The park land is shared by Minneapolis and the neighboring suburb of Golden Valley.',
              ' The park includes two golf courses (an 18-hole course and a 9-hole par 3 course), Wirth Lake, Birch Pond, and other amenities.',
              ' It forms a significant portion of the Grand Rounds Scenic Byway, linking the Chain of Lakes area with the Victory Memorial Parkway.'],
             dtype=object)                                                                                                                            ,
       array(['O’Halloran Hill Recreation Park is a protected area located about 16 km south of the Adelaide city centre in the suburbs of Seaview Downs and O’Halloran Hill.',
              ' The recreation park was proclaimed under the ""National Parks and Wildlife Act 1972"" in 1989 for ""recreation and nature conservation purposes"" in respect to parcels of land acquired by the Government of South Australia starting in the 1970s for three purposes - creation of ""an open space buffer"", provision of ""both visual amenity and recreational opportunities for the rapidly growing southern suburbs"" and the creation of ""a second ring of parklands around Adelaide that would cater for outdoor pursuits, as well as protecting the Hills Face Zone from development"".',
              ' The recreation park is classified as an IUCN Category III protected area.'],
             dtype=object)                                                                                                                                                                                                                                                                                                                                                                                                                                                                                                                                                                               ,
       array(['Calderwood is a suburb of Wollongong in the City of Shellharbour in New South Wales, Australia, lying to the west of Albion Park.',
              ' At the 2016 census , it had a population of 173.',
              ' It is currently largely rural, but is proposed for suburban development.',
              ' It is estimated that the suburb will one day be home to a population of 12,000 people.'],
             dtype=object)                                                                                                                        ,
       array([""O'Halloran Hill is a suburb in the south of Adelaide, South Australia, situated on the hills south of the O'Halloran Hill Escarpment, which rises from the Adelaide Plains and located 18 km from the city centre via the Main South Road."",
              ' The suburb is split between the Cities of Marion and Onkaparinga, and it neighbours Happy Valley, Hallett Cove, Trott Park and Darlington.'],
             dtype=object)                                                                                                                                                                                                                                 ,
       array(['WQMX (94.9 FM) – branded FM 94.9 WQMX – is a commercial country radio station licensed to Medina, Ohio.',
              ' Owned by Rubber City Radio Group, Inc., the station primarily serves the Akron metro area, but also reaches parts of Greater Cleveland.',
              ' The WQMX studios are located in Akron, while the station transmitter resides in the neighboring suburb of Copley Township.'],
             dtype=object)                                                                                                                               ,
       array(['Seaview Downs is a suburb of Adelaide in the City of Marion.',
              "" The southern part of the suburb contains the O'Halloran Hill Recreation Park.""],
             dtype=object)                                                                      ,
       array(['WZDA (103.9 FM) is a commercial alternative rock radio station licensed to Beavercreek, Ohio, serving the Dayton metro area, owned by iHeartMedia, Inc..',
              ' The WZDA studios are located in Dayton, while the station transmitter resides in the neighboring suburb of Moraine.',
              ' Besides a standard analog transmission, WZDA broadcasts over two HD Radio channels, and is available online via iHeartRadio.'],
             dtype=object)                                                                                                                                               ,
       array(['Hallett Cove is a coastal suburb in the south of Adelaide, South Australia, with a population of more than 12,000 people.',
              ' Adjoining suburbs are Marino to the north, Trott Park and Sheidow Park to the east and Lonsdale to the south.',
              ' It is within the City of Marion local government area.',
              "" The Hallett Cove Shopping Centre is the suburb's largest shopping centre, and has recently undergone a major redevelopment."",
              ' New features include underground parking, a food court, a Big W department store and a Woolworths supermarket in addition to the Drake Foodmarkets owned Foodland already in place.'],
             dtype=object)                                                                                                                                                                            ,
       array([""The Cedar Lake Regional Trail is America's first bicycle freeway."",
              ' It is a rail trail that runs about 4.3 mi from downtown Minneapolis, Minnesota ( ) west to Minnesota State Highway 100 in the neighboring suburb of St. Louis Park( ).',
              ' The trail was inaugurated on February 17, 1995.',
              "" At the trail's west end, pavement continues for another 4.2 mi as the Hutchinson Spur Trail through St. Louis Park to Hopkins."",
              ' In 2009, the ""Hutch Spur"" was renamed ""North Cedar Lake Trail.""',
              ' The two trails are paved for their entire lengths.'],
             dtype=object)                                                                                                                                                              ],
      dtype=object)}"
5a7eaf5b5542994959419a4e,"Which church is Catholic based, Vasat Atik Ali Pasha Mosque or Cathedral of the Holy Spirit?",Cathedral of the Holy Spirit,comparison,medium,"{'title': array(['Vasat Atik Ali Pasha Mosque', 'Cathedral of the Holy Spirit'],
      dtype=object), 'sent_id': array([0, 0], dtype=int32)}","{'title': array(['Atik Mustafa Pasha Mosque', 'Vasat Atik Ali Pasha Mosque',
       'Ali Pasha Mosque (Sarajevo)', 'Atik Ali Pasha Mosque',
       'Gazi Atik Ali Pasha Mosque', 'Müezzinzade Ali Pasha',
       'Hadım Ali Pasha', 'Trabluslu Ali Pasha',
       'Cathedral of the Holy Spirit', 'Güzelce Ali Pasha'], dtype=object), 'sentences': array([array(['Atik Mustafa Pasha Mosque (Turkish: ""Atik Mustafa Paşa Camii"" ; also named ""Hazreti Cabir Camii"") is a former Eastern Orthodox church in Istanbul, converted into a mosque by the Ottomans.',
              ' The dedication of the church is obscure.',
              ' For a long time it has been identified with the church of Saints Peter and Mark, but without any proof.',
              ' Now it seems more probable that the church is to be identified with Saint Thekla of the Palace of Blachernae (Greek: Άγία Θέκλα τοῦ Παλατίου τῶν Βλαχερνών , ""Hagia Thekla tou Palatiou tōn Vlakhernōn"").',
              ' The building belongs stylistically to the eleventh-twelfth century.'],
             dtype=object)                                                                                                                                                                                                 ,
       array(['Vasat Atik Ali Pasha Mosque (Turkish: ""Vasat Atik Ali Paşa Camii"" ), also known as Zincirlikuyu Mosque (Turkish: ""Zincirlikuyu Camii"" ) or Karagümrük Mosque, is an Ottoman mosque located in the Karagümrük neighbourhood of the Fatih district in Istanbul, Turkey, on Fevzipaşa Street.',
              "" Sultan Bayezid II's grand vizier Hadım Atik Ali Pasha, after whom the mosque is named, ordered its construction in 1502, and it was completed in 1512, one year after the grand vizier's death.""],
             dtype=object)                                                                                                                                                                                                                                                                                 ,
       array(['Ali Pasha\'s Mosque or Ali Pasha Mosque was constructed in Sarajevo during 1560–61 as a ""vakıf"" (legacy or perpetual endowment) of Sofu Hadım Ali Pasha, the Ottoman former governor of the Bosnia Eyalet of the Ottoman Empire, after his death in September 1560.'],
             dtype=object)                                                                                                                                                                                                                                                           ,
       array(['Atik Ali Pasha Mosque may refer to one of two mosques built in the Fatih district of Istanbul, Turkey by the late 15th- and early 16th-century Ottoman statesman Hadım Atik Ali Pasha:'],
             dtype=object)                                                                                                                                                                              ,
       array(['The Gazi Atik Ali Pasha Mosque (Turkish: ""Gazi Atik Ali Paşa Camii"" ) is an old Ottoman mosque located in the Çemberlitaş neighbourhood of the Fatih district in Istanbul, Turkey.',
              ' Its construction was started under the orders of the future Grand Vizier Hadım Atik Ali Pasha in 1496 and was completed in 1497, during the reign of Sultan Bayezid II.',
              ' The mosque is located near the entrance to the Kapalıçarşı (Grand Bazaar), the Column of Constantine, and the historical Nuruosmaniye Mosque.'],
             dtype=object)                                                                                                                                                                         ,
       array(['Müezzinzade Ali Pasha (Turkish: ""Müezzinzade Ali Paşa"" ; also known as Sofu Ali Pasha or Sufi Ali Pasha or Meyzinoğlu Ali Pasha; died 7 October 1571) was an Ottoman statesman and naval officer.',
              ' He was the Grand Admiral (Kapudan Pasha) in command of the Ottoman fleet at the Battle of Lepanto, where he was killed in action.',
              ' He also served as the governor of Egypt from 1563 to 1566.'],
             dtype=object)                                                                                                                                                                                        ,
       array(['Hadım Ali Pasha (died July 1511), also known as Atik Ali Pasha, was an Ottoman statesman (""hadım"" means ""eunuch"" in Turkish).',
              ' He served as governor of Rumeli, and led the Ottoman army in the Ottoman–Mamluk War of 1485–1491, but was defeated at Adana in 1488.',
              ' He was then named Grand Vizier from 1501 to 1503, and again from 1509 to 1511.',
              ' During his latter tenure, he led the suppression of the Alevi-led Şahkulu Rebellion, but died in battle near Sivas along with the rebel leader Şahkulu himself.'],
             dtype=object)                                                                                                                                                        ,
       array(['Trabluslu Ali Pasha (""Ali Pasha the Tripolitan""; died February 1804), also known as Cezayirli Ali Pasha (""Ali Pasha the Algerian"") or Seydi Ali Pasha, was an Ottoman statesman.',
              ' He served as the Ottoman governor of Egypt from July 1803 to February 1804.',
              '<ref name=""JabartiPhilipp1994-3/394, 423""> </ref>'], dtype=object)                                                                                                                ,
       array(['The Cathedral of the Holy Spirit, alternatively known as the ""St. Esprit Cathedral"" (Turkish: ""Saint Esprit Kilisesi""), located on Cumhuriyet Avenue, 205/B, in the quarter of Pangaltı in Şişli district, the former Harbiye, between Taksim Square and Nişantaşı, is one of the principal Catholic churches in Istanbul, Turkey.'],
             dtype=object)                                                                                                                                                                                                                                                                                                                          ,
       array(['Güzelce Ali Pasha (""Ali Pasha the Handsome""; died 9 March 1621), also known as Çelebi Ali Pasha or İstanköylü Ali Pasha, was an Ottoman statesman.',
              ' He was Kapudan Pasha (grand admiral of the Ottoman Navy) around 1617 and Grand Vizier of the Ottoman Empire from 1619 to 1621.'],
             dtype=object)                                                                                                                                         ],
      dtype=object)}"
5a811e1955429903bc27b931,Mike Casey was a part of what some consider to be the best recruiting class in UK history which included a player who named an All American how many times?,twice,bridge,hard,"{'title': array(['Mike Casey (basketball)', 'Mike Casey (basketball)', 'Dan Issel',
       'Dan Issel'], dtype=object), 'sent_id': array([0, 1, 0, 1], dtype=int32)}","{'title': array(['Kyle Kalis', ""2014–15 Kansas Jayhawks men's basketball team"",
       'Brett Rypien', 'Fab Five (University of Michigan)',
       'Brian Johnson (pitcher)', 'Aquille Carr', 'Juwan Howard',
       'Kyle Prater', 'Mike Casey (basketball)', 'Dan Issel'],
      dtype=object), 'sentences': array([array(['Kyle Brockton Kalis (born December 21, 1993) is an American football guard for the Washington Redskins of the National Football League (NFL).',
              ' He was selected as a first-team All-American by ""Sports Illustrated"" and ""Parade"" magazine during his senior year in high school and became one of the top recruits in the 2012 college football recruiting class.',
              ' Kalis played college football for the Michigan Wolverines, and was signed as an undrafted free agent by the Redskins in 2017.'],
             dtype=object)                                                                                                                                                                                                          ,
       array([""The 2014–15 Kansas Jayhawks men's basketball team represented the University of Kansas in the 2014–15 NCAA Division I men's basketball season, which was the Jayhawks' 117th basketball season."",
              ' The Jayhawks played their home games at Allen Fieldhouse.',
              ' They were led by 12th year head coach Bill Self and were members of the Big 12 Conference.',
              ' Despite losing 8 players, 5 who received substantial playing time, from the previous season, the Jayhawks still entered the season ranked 5th in the AP and Coaches poll, due in large part to a recruiting class ranked in the top 10 by Scout (4th), Rivals (3rd), and ESPN (9th).',
              ' They finished the season 27–9, 13–5 in Big 12 play to finish win their 11th consecutive Big 12 regular season championship.',
              ' They advanced to the championship game of the Big 12 Tournament where they lost to Iowa State.',
              ' They received an at-large bid to the NCAA Tournament where they defeated New Mexico State in the second round before losing in the third round to cross state opponent, Wichita State.'],
             dtype=object)                                                                                                                                                                                                                                                                            ,
       array(['Brett Rypien (born July 9, 1996) is an American football quarterback with the Boise State Broncos in the Mountain West Conference (MWC).',
              ' He was the top quarterback from Washington state in the 2015 recruiting class before enrolling at Boise State.'],
             dtype=object)                                                                                                                               ,
       array(['The Fab Five were the 1991 University of Michigan men\'s basketball team recruiting class that is considered by many to be ""the greatest class ever recruited.""',
              "" The class consisted of Detroit natives Chris Webber (#1) and Jalen Rose (#5), Chicago native Juwan Howard (#3), and two recruits from Texas: Plano's Jimmy King (#9) and Austin's Ray Jackson (#84)."",
              "" Four of the five were participants in the 1991 McDonald's All-American Game."",
              "" At first, only three of the freshmen started for the 1991–92 Michigan Wolverines men's basketball team."",
              ' Although they all played when the season opened on December 2, 1991 against the University of Detroit'],
             dtype=object)                                                                                                                                                                                            ,
       array(['Christopher Brian Johnson (born December 7, 1990) is an American professional baseball pitcher for the Boston Red Sox of Major League Baseball (MLB).',
              ' Johnson was part of the No. 1 recruiting class by Baseball America at the University of Florida and was named a freshman All-American by ""Baseball America"", Yahoo! Sports, National Collegiate Baseball Writers Association, and Louisville Slugger in 2010.',
              ' Johnson also played for the collegiate national Team USA baseball squad in the summer of 2010.',
              ' Johnson was one of only two freshmen in the entire country, the other being Gator teammate Nolan Fontana, to play for Team USA.'],
             dtype=object)                                                                                                                                                                                                                                                     ,
       array(['Aquille Carr (born September 28, 1993) is an American professional basketball player who last played for the Baltimore Hawks of the American Basketball Association (ABA).',
              ' He attended Princeton Day Academy in Lanham, Maryland and was a highly scouted prospect for the 2013 college recruiting class.',
              "" In January 2012, Carr announced his commitment to the Seton Hall University Pirates men's basketball team for the 2013–14 season."",
              ' But, on March 17, 2013, he announced that he was skipping college to play overseas.'],
             dtype=object)                                                                                                                                                                 ,
       array(['Juwan Antonio Howard (born February 7, 1973) is an American retired professional basketball player who currently serves as an assistant coach for the Miami Heat of the National Basketball Association (NBA).',
              ' Howard formerly played for the Heat from 2010 until 2013.',
              ' A one-time All-Star and one-time All-NBA power forward, he began his NBA career as the fifth overall pick in the 1994 NBA draft, selected by the Washington Bullets.',
              "" Before he was drafted, he starred as an All-American on the Michigan Wolverines men's basketball team."",
              "" At Michigan he was part of the Fab Five recruiting class of 1991 that reached the finals of the National Collegiate Athletic Association (NCAA) Men's Division I Basketball Championship in 1992 and 1993."",
              ' Howard won his first NBA championship with Miami in the 2012 NBA Finals and his second NBA championship in the 2013 NBA Finals.'],
             dtype=object)                                                                                                                                                                                                     ,
       array(['Kyle Prater (born June 21, 1992) is an American football wide receiver who is currently a free agent.',
              ' Prater attended Proviso West High School in Hillside, Illinois where he was a member of the football and basketball teams.',
              ' Prater was a five-star football recruit and ranked as the No. 1 wide receiver in the 2010 recruiting class by Rivals.com.',
              ' Prater committed to play for the University of Southern California in September 2009.',
              ' After two seasons at USC, he transferred to Northwestern University.',
              ' After going undrafted in the 2015 NFL Draft, he was signed as an undrafted free agent by the New Orleans Saints.'],
             dtype=object)                                                                                                                  ,
       array(['Mike Casey (May 26, 1948-April 9, 2009) was a basketball player for the University of Kentucky Wildcats from 1967 to 1971.',
              ' Casey was a part of what some consider to be the best recruiting class in UK history (a class which included 11 players, notably Dan Issel, Mike Pratt, Casey, and Terry Mills).',
              ' Casey suffered a severely broken leg between his junior and senior year.',
              ' Because of this, he had to redshirt what would have been his senior year, which may have cost UK a National Championship in 1970.',
              ' Casey was chosen in 1970 by the Chicago Bulls and later in 1971 by the Cleveland Cavaliers, but never played professionally.'],
             dtype=object)                                                                                                                                                                        ,
       array(['Daniel Paul Issel (born October 25, 1948) is an American retired Hall of Fame professional basketball player and coach.',
              ' An outstanding collegian at the University of Kentucky, he was twice named an All American en route to a still school record 25.7 points per game.',
              ' The ABA Rookie of the Year in 1971, he was a six-time ABA All-Star and one-time NBA All-Star.'],
             dtype=object)                                                                                                                                          ],
      dtype=object)}"
5abfb3265542990832d3a1bf,I Cavalry Corps had a detached division that fought at the battle in which present-day country?,Belgium,bridge,hard,"{'title': array(['I Cavalry Corps (Grande Armée)', 'Battle of Waterloo'],
      dtype=object), 'sent_id': array([9, 0], dtype=int32)}","{'title': array(['VI Cavalry Corps (Grande Armée)', 'Battle of Waterloo',
       'Fyodor Korf', 'Reserve Cavalry Corps (Grande Armée)',
       'II Cavalry Corps (Grande Armée)', '4th Guards Cavalry Corps',
       'Cavalry Corps (France)', 'I Cavalry Corps (Grande Armée)',
       'Battle of Fairfax Court House (June 1863)',
       'Nashville Union order of battle'], dtype=object), 'sentences': array([array(['The VI Cavalry Corps of the ""Grande Armée"" was the name of a French military formation that had an ephemeral existence during the Napoleonic Wars.',
              ' The corps was created on 9 February 1814 and François Étienne de Kellermann was appointed as its commander.',
              ' The corps was formed by combining a newly arrived dragoon division from the Spanish front, a second dragoon division and a light cavalry division made up of hussars and chasseurs à cheval.',
              ' The latter two divisions included units from the former III Cavalry Corps.',
              ' Kellermann led the VI Cavalry Corps in actions at Mormant, Troyes, Second Bar-sur-Aube, Laubressel and Saint-Dizier.',
              ' After Emperor Napoleon abdicated in early April 1814, the corps ceased to exist.'],
             dtype=object)                                                                                                                                                                                    ,
       array(['The Battle of Waterloo was fought on Sunday, 18 June 1815, near Waterloo in present-day Belgium, then part of the United Kingdom of the Netherlands.',
              ' A French army under the command of Napoleon Bonaparte was defeated by two of the armies of the Seventh Coalition: a British-led Allied army under the command of the Duke of Wellington, and a Prussian army under the command of Gebhard Leberecht von Blücher, Prince of Wahlstatt.'],
             dtype=object)                                                                                                                                                                                                                                                                              ,
       array(['Fyodor Karlovich Korf or Korff (5 April 1773 – 11 September 1823) led a Russian cavalry corps in 1812–1814 during the Napoleonic Wars.',
              ' In 1807 he led a cavalry brigade in the 4th Division at Eylau.',
              ' During the French invasion of Russia in 1812 he commanded the II Cavalry Corps at Borodino.',
              ' In 1813 he led the I Cavalry Corps at the Katzbach and Leipzig.',
              ' In 1814 he led his horsemen at Laon, Fère-Champenoise and Paris.'],
             dtype=object)                                                                                                                             ,
       array(['The Reserve Cavalry Corps or Cavalry Reserve of the ""Grande Armée"" was the name of a French military formation that existed during the Napoleonic Wars.',
              ' In 1805, Emperor Napoleon appointed Marshal Joachim Murat to command all the cavalry divisions that were not directly attached to the Army Corps.',
              ' During the Ulm Campaign, Murat led his horsemen in successfully hunting down many Austrian Empire units that escaped the Capitulation of Ulm.',
              "" Murat's horsemen fought at Austerlitz in December 1805."",
              "" Under Murat, the Cavalry Reserve played a prominent role in the destruction of the Kingdom of Prussia's armies after the Battle of Jena-Auerstadt in 1806."",
              ' Five dragoon divisions of the corps were employed in the Peninsular War starting in 1808 and placed under the overall command of Marshal Jean-Baptiste Bessières.',
              ' The Cavalry Reserve was reassembled in 1809 to fight Austria with Bessières still in command.',
              ' In 1812 the Reserve Cavalry Corps was split up into the I, II, III, and IV Cavalry Corps for the French invasion of Russia.'],
             dtype=object)                                                                                                                                                         ,
       array(['II Cavalry Corps (Grande Armée) was a French military formation during the Napoleonic Wars.',
              ' It was first formed in December 1806, but only enjoyed a brief existence under Marshal Jean-Baptiste Bessières.',
              ' The II Cavalry Corps was reconstituted for the French invasion of Russia in 1812 and commanded by General of Division Louis-Pierre Montbrun who was killed in battle, as was his successor a few hours later.',
              ' In the War of the Sixth Coalition, General of Division Horace François Bastien Sébastiani de La Porta led the corps in 1813.',
              ' General of Division Antoine-Louis Decrest de Saint-Germain directed the corps in 1814.',
              ' During the Hundred Days, Napoleon raised the corps again and entrusted it to General of Division Rémi Joseph Isidore Exelmans.'],
             dtype=object)                                                                                                                                                                                                     ,
       array(['The 4th Guards Kuban Order of Lenin Order of Suvorov, Order of Kutuzov Cossack Cavalry Corps was a cavalry corps of the Red Army from 1942 to 1946.',
              ' It was formed on 27 August 1942 from the 17th Cavalry Corps.',
              ' It was disbanded in 1946 by being redesignated the 4th Guards Cavalry Division.',
              ' As 4th Guards Cavalry Division, it was the last cavalry division in the Soviet Army, disbanding in 1955.'],
             dtype=object)                                                                                                                                          ,
       array(['The Cavalry Corps (French: ""Corps de Cavalerie"" ) was a French mechanized army corps established in 1939 and inactivated in 1940 after the defeat of France by Germany.',
              ' Commanded by General René Prioux, the Cavalry Corps advanced into Belgium in May 1940 and imposed significant delay on the advance of the German XVI (motorized) Corps.',
              ' Cut off by German forces from the bulk of the French Army, the corps was evacuated to England and then shipped back to France in late May and early June 1940.',
              "" Further combat resulted in significant losses of armored vehicles and a steady deterioration of the corps' combat power."",
              ' The Cavalry Corps ceased fighting as the Second Armistice at Compiègne took effect, and the corps was demobilized on July 11, 1940.'],
             dtype=object)                                                                                                                                                               ,
       array(['I Cavalry Corps (Grande Armée) was a French military formation that existed during the Napoleonic Wars.',
              ' For one month in 1806–1807, Emperor Napoleon split his Reserve Cavalry Corps into the I and II Cavalry Corps.',
              "" At that time, Marshal Joachim Murat took command of the short-lived I Cavalry Corps before resuming leadership over Napoleon's Reserve Cavalry when the experiment ended."",
              ' The I Cavalry Corps was not recreated until 1812 for the French invasion of Russia when command was exercised by Étienne Marie Antoine Champion de Nansouty.',
              ' The formation fought at Borodino and Tarutino.',
              ' After being destroyed during the retreat from Russia, I Cavalry Corps was reconstituted in 1813 and Marie Victor de Fay, marquis de Latour-Maubourg was appointed to lead it.',
              ' The corps fought at Lutzen, Bautzen, Dresden, and Leipzig.',
              "" At Leipzig, Latour-Maubourg was seriously wounded and replaced by Jean-Pierre Doumerc who led the corps for the remainder of the War of the Sixth Coalition which ended with Napoleon's abdication in 1814."",
              ' After Napoleon returned from exile and retook power in France in 1815, the main French army was baptised Armée du Nord.',
              ' The army included a I Cavalry Corps led by Pierre Claude Pajol which fought at Ligny and Wavre, while one detached division fought at Waterloo.'],
             dtype=object)                                                                                                                                                                                                   ,
       array([""The Battle of Fairfax Court House (June 1863) was fought during the Gettysburg Campaign of the American Civil War by a small Union Army cavalry detachment of two companies (87 troops) of the 11th Regiment New York Volunteer Cavalry and advance units of Confederate Major General J.E.B. Stuart's Cavalry Corps, Army of Northern Virginia."",
              "" Stuart's lead unit on the day of the battle was the 1st North Carolina Cavalry Regiment (9th State Troops) of Major General Wade Hampton's division of 2,000 men."",
              ' The main body of three divisions, often still referred to at this time as brigades, of the Confederate Cavalry Corps, about 40 percent of the total troops, was moving toward the Potomac River, soon after the start of the ride of his best divisions through and around the Union Army of the Potomac on their way to Pennsylvania.',
              ' The skirmish occurred near the village of Fairfax Court House in Fairfax County, Virginia on June 27, 1863.'],
             dtype=object)                                                                                                                                                                                                                                                                                                                                       ,
       array(['The following Union Army units and commanders fought in the Battle of Nashville of the American Civil War.',
              ' Order of battle compiled from the army organization during the battle (December 15–16, 1864).',
              ' The Union force was a conglomerate of units from several different departments provisionally attached to George H. Thomas’ Department of the Cumberland.',
              ' The IV Corps and the District of Etowah were permanently attached to the Department of the Cumberland while the Cavalry Corps had been attached to the Army of the Cumberland until October 1864 when it was transferred to the Military Division of the Mississippi.',
              ' The XXIII Corps was detached from the Department of the Ohio and Smith’s Corps (formerly known as the ""Right Wing-XVI Corps"") was detached from the Department of the Tennessee.',
              ' Other brigades and regiments from the Army of the Tennessee which were unable to rejoin their respective commands were organized into the Provisional Division and attached to the District of the Etowah.'],
             dtype=object)                                                                                                                                                                                                                                                             ],
      dtype=object)}"
5ae0f2535542997b2ef7d099,How long is the extension of the blue ridge mountain range that Nichol's Gap Road was built over?,70 mi,bridge,medium,"{'title': array([""Nichol's Gap Road"", ""Nichol's Gap Road"",
       'South Mountain (Maryland and Pennsylvania)',
       'South Mountain (Maryland and Pennsylvania)'], dtype=object), 'sent_id': array([0, 2, 0, 1], dtype=int32)}","{'title': array(['South Mountain (Maryland and Pennsylvania)', 'Paris Mountain',
       'Spicers Gap Road', 'Snickers Gap', ""Nichol's Gap Road"",
       'Blue Ridge Mountains', 'Elk Ridge (Maryland)',
       'Mountain City, Georgia', 'Keyes Gap', 'Blue Ridge Tunnel'],
      dtype=object), 'sentences': array([array(['South Mountain is the northern extension of the Blue Ridge Mountain range in Maryland and Pennsylvania.',
              ' From the Potomac River near Knoxville, Maryland, in the south, to Dillsburg, Pennsylvania, in the north, the 70 mi range separates the Hagerstown and Cumberland valleys from the Piedmont regions of the two states.',
              ' The Appalachian National Scenic Trail follows the crest of the mountain through Maryland and a portion of Pennsylvania.'],
             dtype=object)                                                                                                                                                                                                             ,
       array(['Paris Mountain is a peak of Blue Ridge Mountain on the border of Loudoun County and Clarke County in Virginia.',
              "" The 1926 ft peak, which is located just north of Ashby's Gap and the town of Paris, for which it is named, represents the highest elevation in both counties."",
              ' The peak is accessible by Blue Ridge Mountain Road from the gap.',
              ' The Appalachian Trail is crosses the western slope of the peak.'],
             dtype=object)                                                                                                                                                     ,
       array(['Spicers Gap Road is a heritage-listed road at Spicers Gap Road Conservation Park (in the Main Range National Park), Tregony, Southern Downs Region, Queensland, Australia.',
              ' It was built from 1859 to 1865.',
              ' It is also known as Spicers Gap Road Conservation Park and Spicers Peak Road.',
              ' It was added to the Queensland Heritage Register on 23 July 1999.'],
             dtype=object)                                                                                                                                                                 ,
       array([""Snickers Gap, originally William's Gap, is a wind gap in the Blue Ridge Mountain on the border of Loudoun County and Clarke County in Virginia."",
              ' The gap is traversed by Virginia State Route 7.',
              ' The Appalachian Trail also passes across the gap.',
              "" Bear's Den and Raven Rocks are adjacent to the gap.""],
             dtype=object)                                                                                                                                      ,
       array(['The Nichol\'s Gap Road was a central Pennsylvania highway established in the 18th century near Maryland extending westward from the Black\'s Gap Road ""just west of Little Conewago Creek"" at the ""Crofs Keys"" stand of James Black.',
              ' The road was past both the Rock Creek Church and 1761 Samuel Gettys tavern where Gettysburg would be surveyed in 1786.',
              "" The highway was built over the South Mountain (Maryland and Pennsylvania) via Nichol's Gap ( ) and down the Devils Racecourse into the Cumberland Valley, allowing access to the 1762 Hagerstown, Maryland."",
              ' Called the ""Hagerstown Road"" during the Battle of Gettysburg, parts of the road are now designated (east-to-west): U. S. Route 30 in Pennsylvania, Pennsylvania Route 116 (Fairfield Road to Fairfield, Pennsylvania), Iron Springs Road, Gum Springs Road, and Old Route 16 (the summit section through Nichol\'s Gap--""Fairfield Gap"" during the American Civil War—no longer has a roadway.)'],
             dtype=object)                                                                                                                                                                                                                                                                                                                                                                                        ,
       array(['The Blue Ridge Mountains are a physiographic province of the larger Appalachian Mountains range.',
              ' This province consists of northern and southern physiographic regions, which divide near the Roanoke River gap.',
              ' The mountain range is located in the eastern United States, starting at its southernmost portion in Georgia, then ending northward in Pennsylvania.',
              ' To the west of the Blue Ridge, between it and the bulk of the Appalachians, lies the Great Appalachian Valley, bordered on the west by the Ridge and Valley province of the Appalachian range.'],
             dtype=object)                                                                                                                                                                                       ,
       array(['Elk Ridge is a mountain ridge of the Blue Ridge Mountains in Maryland.',
              ' The ridge is located to the west of South Mountain and runs roughly parallel to it from Rohrersville, in the north, to the Potomac River across from Harpers Ferry, West Virginia, in the south.',
              ' Across the Potomac the ridge continues as Blue Ridge Mountain in Virginia and West Virginia.',
              ' The southern end of the ridge, which is part of Harpers Ferry National Historical Park, is known as Maryland Heights.'],
             dtype=object)                                                                                                                                                                                        ,
       array(['Mountain City is an incorporated town in Rabun County, Georgia, United States.',
              ' The population was 829 at the 2000 census.',
              ' The town straddles the Eastern Continental Divide in a deep gap in the Blue Ridge Mountain front.',
              ' The gap allows U.S. Route 441 to cross the range at an elevation of 2168 feet without the significant grade required by roadways at most other mountain passes along the Georgia Blue Ridge.'],
             dtype=object)                                                                                                                                                                                     ,
       array([""Keyes Gap or Keyes' Gap is a wind gap in the Blue Ridge Mountain on the border of Loudoun County, Virginia and Jefferson County, West Virginia."",
              ' The gap is traversed by Virginia State Route 9/West Virginia Route 9.',
              ' The Appalachian Trail also crosses the gap.'], dtype=object)                                                                                    ,
       array(['The Blue Ridge Tunnel (also known as the Crozet Tunnel) is a historic railroad tunnel built during the construction of the Blue Ridge Railroad in the 1850s.',
              ' The tunnel was the westernmost and longest of four tunnels engineered by Claudius Crozet to cross the Blue Ridge Mountains at Rockfish Gap in central Virginia.',
              ' At 4237 ft in length, the tunnel was the longest tunnel in the United States at the time of its completion in 1858.',
              ' The tunnel was used by the Virginia Central Railroad from its opening to 1868, when the line was reorganized as the Chesapeake and Ohio Railroad (renamed Chesapeake and Ohio Railway in 1878).',
              ' The Chesapeake and Ohio routed trains through the tunnel until it was abandoned and replaced by a new tunnel in 1944.',
              ' The new tunnel was named the ""Blue Ridge Tunnel"" as well, although the original tunnel still remains abandoned nearby.',
              ' The old Blue Ridge Tunnel has since been named a Historic Civil Engineering Landmark.'],
             dtype=object)                                                                                                                                                                                       ],
      dtype=object)}"
5ab51b985542991779162d7f,"Which writer, James Merrill or Colin Wilson, won the Pulitzer Prize?",James Ingram Merrill,comparison,medium,"{'title': array(['James Merrill', 'James Merrill', 'Colin Wilson'], dtype=object), 'sent_id': array([0, 1, 0], dtype=int32)}","{'title': array(['Colin Wilson', 'Lexington Herald-Leader',
       'Pulitzer Prize for Breaking News Photography',
       'Pulitzer Prize for Photography', 'Ingram Merrill Foundation',
       'Spencer Reece', 'Dana Priest', 'Stephen Yenser', 'James Merrill',
       'James Merrill House'], dtype=object), 'sentences': array([array(['Colin Henry Wilson (26 June 1931 – 5 December 2013) was an English writer, philosopher and novelist.',
              ' He also wrote widely on true crime, mysticism and the paranormal, eventually authoring more than a hundred books.',
              ' Wilson called his philosophy ""new existentialism"" or ""phenomenological existentialism"", and maintained his life work was ""that of a philosopher, and (his) purpose to create a new and optimistic existentialism"".'],
             dtype=object)                                                                                                                                                                                                           ,
       array(['The Lexington Herald-Leader is a newspaper owned by The McClatchy Company and based in the U.S. city of Lexington, Kentucky.',
              ' According to the ""1999 Editor & Publisher International Yearbook"", the ""Herald-Leader""\'s paid circulation is the second largest in the Commonwealth of Kentucky.',
              ' The newspaper has won the 1986 Pulitzer Prize for Investigative Reporting, the 1992 Pulitzer Prize for Editorial Writing and the 2000 Pulitzer Prize for Editorial Cartooning.',
              ' It had also been a finalist in six other Pulitzer awards in the 22-year period up until its sale in 2006, a record that was unsurpassed by any mid-sized newspaper in the United States during the same time frame.'],
             dtype=object)                                                                                                                                                                                                            ,
       array(['The Pulitzer Prize for Breaking News Photography is one of the American Pulitzer Prizes annually awarded for journalism.',
              ' From 2000 it has used the ""breaking news"" name but it is considered a continuation of the Pulitzer Prize for Spot News Photography, which was awarded from 1968 to 1999.',
              ' Prior to 1968, a single Prize was awarded for photojournalism, the Pulitzer Prize for Photography, which was replaced in that year by Pulitzer Prize for Spot News Photography and Pulitzer Prize for Feature Photography.'],
             dtype=object)                                                                                                                                                                                                                   ,
       array(['The Pulitzer Prize for Photography was one of the American Pulitzer Prizes annually awarded for journalism.',
              ' It was inaugurated in 1942 and replaced by two photojournalism prizes in 1968: the Pulitzer Prize for Feature Photography and ""Pulitzer Prize for Spot News Photography"".',
              ' The latter was renamed for Pulitzer Prize for Breaking News Photography in 2000.'],
             dtype=object)                                                                                                                                                                 ,
       array(['The Ingram Merrill Foundation was a private foundation established in the mid-1950s by poet James Merrill (1926-1995), using funds from his substantial family inheritance.',
              ' Over the course of four decades, the foundation would provide financial support to hundreds of writers and artists, many of them in the early stages of promising but not yet remunerative careers.',
              "" Dissolved in 1996 a year after Merrill's death, the Ingram Merrill Foundation was at that point disbursing approximately $300,000 a year.""],
             dtype=object)                                                                                                                                                                                           ,
       array(['Spencer Reece is a poet and presbyter who lives in Madrid, Spain.',
              ' He graduated from Wesleyan University (1985).',
              ' Reece received his M.A. from the University of York (UK), his M.T.S. from the Harvard Divinity School, and a M.Div.',
              ' from the Berkeley Divinity School at Yale Divinity School.',
              ' At Wesleyan, Spencer took a class in writing verse with Pulitzer Prize-winning writer Annie Dillard (""Tinker at Pilgrim Creek""), whom he describes as ""an early encourager,"" along with James Merrill, the Stonington poet with whom Spencer corresponded.'],
             dtype=object)                                                                                                                                                                                                                                                   ,
       array(['Dana Louise Priest (born May 23, 1957) is an American journalist, writer and teacher.',
              ' She has worked for nearly 30 years for ""The Washington Post"" and became the third John S. and James L. Knight Chair in Public Affairs Journalism at the University of Maryland\'s Philip Merrill College of Journalism in 2014.',
              ' Before becoming a full-time investigative reporter at the Post, Priest specialized in intelligence reporting and wrote many articles on the U.S. ""War on terror"" and was the newspaper\'s Pentagon correspondent.',
              ' In 2006 she won the Pulitzer Prize for Beat Reporting citing ""her persistent, painstaking reports on secret ""black site"" prisons and other controversial features of the government\'s counter-terrorism campaign.""',
              ' In 2008 ""The Washington Post"" won the annual Pulitzer Prize for Public Service, citing the work of reporters Priest and Anne Hull and photographer Michel du Cille ""exposing mistreatment of wounded veterans at Walter Reed Hospital, evoking a national outcry and producing reforms by federal officials.""'],
             dtype=object)                                                                                                                                                                                                                                                                                                      ,
       array(['Stephen Yenser (born 1941 Wichita, Kansas) is an American poet and literary critic who has published two acclaimed volumes of verse, as well as books on James Merrill, Robert Lowell, and an assortment of contemporary poets.',
              "" With J.D. McClatchy, he is co-literary executor of the James Merrill estate and co-editor of four volumes of Merrill's work.""],
             dtype=object)                                                                                                                                                                                                                      ,
       array(['James Ingram Merrill (March 3, 1926 – February 6, 1995) was an American poet.',
              ' He was awarded the Pulitzer Prize for Poetry (1977) for ""Divine Comedies"" (1976).',
              ' His poetry falls into two distinct bodies of work: the polished and formalist lyric poetry of his early career, and the epic narrative of occult communication with spirits and angels, titled ""The Changing Light at Sandover"" (published in three volumes from 1976 to 1980), which dominated his later career.',
              ' Although most of his published work was poetry, he also wrote essays, fiction, and plays.',
              ' He also made a cameo in the 1992 film ""Lorenzo\'s Oil"" in a symposium scene where he played a questioning doctor, due to filmmakers wanting to emphasize the ""everyman"" storyline.'],
             dtype=object)                                                                                                                                                                                                                                                                                                         ,
       array(['The James Merrill House is a 19th-century house at 107 Water Street in Stonington Borough in southeastern Connecticut, formerly owned by poet James Merrill.',
              ' Upon his death in 1995, the house was kept by the village as a home for writers and scholars.'],
             dtype=object)                                                                                                                                                   ],
      dtype=object)}"
5adcedd35542994ed6169c1f,"Fight Life is a feature-length documentary on the sport of mixed martial arts, featuring Miesha Tate, an American Mixed Martial Arts Pundit and former mixed martial artist who is a champion in what fighting weight?",Bantamweight,bridge,easy,"{'title': array(['Fight Life', 'Miesha Tate'], dtype=object), 'sent_id': array([0, 0], dtype=int32)}","{'title': array(['Dan Henderson', 'Bertrand Amoussou-Guenou', 'Chris Lytle',
       'Chris Brennan', 'Ken Shamrock', 'Sean Sherk', 'Miesha Tate',
       'Fight Life', 'CV Productions, Inc.',
       'Miesha Tate vs. Ronda Rousey'], dtype=object), 'sentences': array([array(['Daniel Jeffery Henderson (born August 24, 1970) is an American former mixed martial artist and Olympic wrestler, who last competed as a middleweight in the Ultimate Fighting Championship.',
              ' He was the last Strikeforce Light Heavyweight Champion and was the last Welterweight (80 kg ) and Middleweight (95 kg ) champion of Pride Fighting Championships.',
              "" Additionally, Henderson was the Brazil Open '97 Tournament Champion, the UFC 17 Middleweight Tournament Champion, the Rings: King of Kings 1999 Tournament Champion and the Pride Weltwerweight Grand Prix Tournament Champion."",
              ' During his career, Henderson also challenged for the UFC Middleweight Championship (2x), the UFC Light Heavyweight Championship and the Strikeforce Middleweight Championship.',
              ' He was the first mixed martial artist to concurrently hold two titles in two different weight classes in a major MMA promotion.',
              ' At the time of his retirement after UFC 204, he was the oldest fighter on the UFC roster.',
              ' Known to be one of the greatest mixed martial artists of all time having defeated a total of seventeen MMA world champions across four major MMA promotions (UFC, PRIDE FC, Strikeforce, and RINGS).'],
             dtype=object)                                                                                                                                                                                                                       ,
       array(['Bertrand Amoussou-Guenou (born May 29, 1966) is a retired French mixed martial artist and judoka.',
              ' He is a trainer for his younger brother Karl of ""Team Amoussou"" and, following official recognition of mixed martial arts in France, became the president of the national sanctioning body, the Commission National de Mixed Martial Arts, in January 2008.',
              ' On 1 October 2013, Amoussou assumed the position of president of the International Mixed Martial Arts Federation (IMMAF).'],
             dtype=object)                                                                                                                                                                                                                                                   ,
       array(['Chris Scott Lytle (born August 18, 1974) is a retired American mixed martial artist, boxer and a veteran of the Ultimate Fighting Championship.',
              ' Lytle was prominently featured as a Welterweight on The Ultimate Fighter 4: The Comeback.',
              ' While he is probably best known for competing the UFC, where he held a record of 10-10, Lytle has also fought in the WEC, Pancrase, and the Cage Rage Championships He is the former Cage Rage World Welterweight Champion.',
              "" In Lytle's mixed martial arts and boxing career he was never knocked out or submitted, though he did lose in mixed martial arts competition by TKO by way of cut stoppage.""],
             dtype=object)                                                                                                                                                                                                                   ,
       array(['Chris ""The Westside Strangler"" Brennan (born October 12, 1971) is an American mixed martial artist who competes in the Lightweight division.',
              ' He has competed for the UFC, PRIDE, King of the Cage and Shooto.',
              ' He is a former King of the Cage Middleweight Champion and former King of the Cage Middleweight Superfight Champion.',
              ' He is also one of 18 fighters to compete in the -77\xa0kg division at the ADCC Submission Wrestling World Championships in 2005.',
              ' Chris was also the founder of Nogi Industries, a Mixed martial arts clothing company.',
              ' In 2014 Chris was inducted in to the Mixed Martial Arts Hall of Fame.'],
             dtype=object)                                                                                                                                   ,
       array(['Kenneth Shamrock (born Kenneth Wayne Kilpatrick; February 11, 1964) is an American mixed martial artist, Ultimate Fighting Championship (UFC) Hall of Famer, and retired professional wrestler.',
              ' He emerged as one of the biggest stars in the history of mixed martial arts, headlining over 15 main events and co-main events in the UFC and Pride Fighting Championships during the course of his career and set numerous pay-per-view records with his drawing power.',
              ' Shamrock is widely considered to be a legendary figure and icon in the sport of mixed martial arts.',
              ' Shamrock was named The World\'s Most Dangerous Man by ABC News in a special entitled ""The World\'s Most Dangerous Things"" in the early part of his UFC career, a moniker which has stuck as his nickname.'],
             dtype=object)                                                                                                                                                                                                                                                                ,
       array(['Sean Keith Sherk (born August 5, 1973) is a retired American mixed martial artist and former UFC Lightweight Champion.',
              ' Sherk competed in the Ultimate Fighting Championship and was one of the first combatants to have been a championship competitor in multiple weight divisions (having also competed for the UFC Welterweight Championship).',
              "" He was the second UFC Lightweight Champion in the organization's history after Jens Pulver vacated his title 5 years earlier."",
              ' Sherk also spent time competing in the Japan-based organizations, PRIDE Fighting Championships and Pancrase; going undefeated in both promotions.',
              ' He holds one of the longest undefeated streaks in mixed martial arts history, with only four career losses, all to fellow-UFC Champions.',
              ' Sherk announced his official retirement from mixed martial arts competition in September 2013 having last fought three years prior.'],
             dtype=object)                                                                                                                                                                                                                  ,
       array([""Miesha Theresa Tate ( ; born August 18, 1986) is an American Mixed Martial Arts Pundit and former mixed martial artist who competed in the Ultimate Fighting Championship (UFC) and is a former UFC Women's Bantamweight Champion."",
              ' Primarily known for her grappling ability, Tate became a wrestler while attending Franklin Pierce High School in Tacoma, Washington and won a state championship during her senior year in 2005.',
              ' She began her professional mixed martial arts (MMA) career in 2007, and won the bantamweight championship of the Freestyle Cage Fighting promotion in 2009.',
              "" Tate gained increased recognition in 2011, when she won the Strikeforce Women's Bantamweight Championship."",
              ' She has also won a silver medal in the FILA Grappling Championships.'],
             dtype=object)                                                                                                                                                                                                                         ,
       array(['Fight Life is a feature-length documentary on the sport of mixed martial arts.',
              ' The film is directed by independent filmmaker James Z. Feng and produced by RiLL Films.',
              ' The film focuses on the lives of professional mixed martial arts fighters outside the cage, primarily profiling Jake Shields, and Lyle Beerbohm.',
              ' The film unveils the sport of Mixed martial arts and what it takes to be a modern-day professional fighter.',
              ' Many notables MMA stars and experts are featured in this film, including: Nick Diaz, Gilbert Melendez, Chuck Liddell, Frank Shamrock, Miesha Tate, John McCarthy, Julianna Pena, Michael Chiesa, Herschel Walker, Sam Sheridan, Mark Coleman, Tyron Woodley, Ryan Schultz, Matt Lindland, Mike Swick, and Cody McKenzie.',
              ' In 2013, ""Fight Life"" went on to win the Best Documentary Award at the United Film Festival.'],
             dtype=object)                                                                                                                                                                                                                                                                                                                ,
       array(['CV Productions, Inc., is a Pittsburgh, Pennsylvania-based mixed martial arts company, founded in 1979.',
              ' It is considered the first MMA based company in the United States and responsible for creating the blueprint for modern mixed martial arts competition.',
              ' The company promoted the first regulated league of mixed martial arts style competitions beginning in 1980 with the intention of creating a new mainstream sport.',
              ' The league events pitted combatants from all fighting disciplines including boxers, kick boxers, martial artists, wrestlers, grapplers, and all around “tough guys.”',
              "" Competitors could win by opponent’s submission, knockout or judges' decision (based on the 10 point “must” system)."",
              ' The competitions were promoted as “Anything Goes - striking, throwing, grappling, punching, kicking, ground fighting, and more.”',
              "" The shows were immediately dubbed by the media as “Organized, Legalized, Street Fighting,” a phrase coined by KDKA TV's Dave Durian.""],
             dtype=object)                                                                                                                                                            ,
       array(['Miesha Tate vs. Ronda Rousey was a series of mixed martial arts bouts booked by Strikeforce and the Ultimate Fighting Championship (UFC).',
              "" In 2011, the fighters began a rivalry via social media and a series of interviews, with Rousey expressing an interest in fighting Tate for Tate's Strikeforce Women's Bantamweight Championship."",
              ' As the feud garnered increased attention from fans and the press, Tate and Rousey were ultimately chosen to headline a Strikeforce show on March 3, 2012.',
              ' This marked a rare occurrence of women being placed in the main event of a mixed martial arts (MMA) card.'],
             dtype=object)                                                                                                                                                                                        ],
      dtype=object)}"
5ab639635542995eadeeff7c,"What year was the competitor to 361 Degrees International Limited headquartered in Jinjiang, Fujian established?",1994,bridge,medium,"{'title': array(['361˚', '361˚', 'Anta Sports'], dtype=object), 'sent_id': array([0, 1, 2], dtype=int32)}","{'title': array(['Narumiya International', 'Bristol Boats',
       'Quanzhou Jinjiang International Airport',
       'Prisma Energy International', 'Biocon', '361˚',
       'KDDI India Private Limited', 'Fujitsu Technology Solutions',
       'Anta Sports', 'Ircon International'], dtype=object), 'sentences': array([array(['Narumiya International (jp: 株式会社ナルミヤ・インターナショナル) is a Japanese company limited headquartered in Minato Ward, Tokyo, Japan.',
              "" The firm manufactures and distributes textiles and specializes in children's clothing.""],
             dtype=object)                                                                                                                ,
       array(['Bristol Boats is an Indian fiberglass boat manufacturer and marine engineering service provider.',
              ' It is located in the backwaters of Cochin at Aroor Industrial Development Area, Allappuzha District, Kerala.',
              ' It is a division of M/s Chika Private Limited headquartered at Mumbai.'],
             dtype=object)                                                                                                    ,
       array(['Quanzhou Jinjiang International Airport (IATA: JJN,\xa0ICAO: ZSQZ) is a dual-use military and public airport serving the city of Quanzhou in Fujian Province, China.',
              ' It is located 12 kilometers south of the city center, in the county-level city of Jinjiang, which is under the administration of the prefecture-level city of Quanzhou.'],
             dtype=object)                                                                                                                                                                ,
       array(['Prisma Energy International Inc., was a former subsidiary of Enron Corporation, formed in 2003 to own and manage the majority of Enron\'s overseas assets, formerly known as ""Enron International"".',
              ' Prior to its official organization, Prisma was referred to within Enron as ""InternationalCo"".',
              ' Enron\'s original bankruptcy reorganization plan, presented in early 2002, would have created a company broadly similar to Prisma (known under the working name ""OpCo Energy""), but including Portland General Electric and the energy trading business, both later divested separately.',
              "" As one of the final steps in Enron's liquidation, following their 2001 bankruptcy, Prisma was sold to Ashmore Energy International Ltd., a unit of Ashmore Group Plc., in 2006."",
              "" Prisma was structured as an 'offshore' United States corporation incorporated in the British Overseas Territory of the Cayman Islands, but with its headquarters in Houston, Texas."",
              ' It served as a holding company for 15 gas and electricity businesses.',
              ' Its subsidiary, Prisma Energy International Services LLC, employed approximately 125 individuals, most at its headquarters in Houston, Texas.',
              ' Assets in which Prisma Energy managed an interest employed an additional 6,500 employees worldwide.',
              ' Following its 2006 sale to Ashmore Energy International Limited, Prisma Energy International Inc. was merged/amalgamated with Ashmore Energy International Limited with Prisma Energy being the survivor company.',
              ' In December 2006, Prisma Energy International Inc. changed its name to Ashmore Energy International and, subsequently, in May 2007 to AEI.'],
             dtype=object)                                                                                                                                                                                                                                                                                ,
       array(['Biocon Limited () is an Indian biopharmaceutical company based in Bangalore, India.',
              ' The Company manufactures generic active pharmaceutical ingredients (APIs) that are sold in the developed markets of the United States and Europe.',
              ' It also manufactures biosimilar insulins, which are sold in India as branded formulations and in both bulk and formulation forms.',
              ' In research services, Syngene International Limited (Syngene) is engaged in the business of custom research in drug discovery while the other fully owned subsidiary Clinigene International Limited (Clinigene) is in the clinical development space.',
              ' In December 2009, Biocon acquired the Active Pharma Ingredients (API) undertaking from IDL Speciality Chemicals Ltd., a subsidiary of Gulf Oil Corporation Limited.'],
             dtype=object)                                                                                                                                                                                                                                              ,
       array([""361 Degrees International Limited (361°) is a major Chinese supplier of shoes and sports goods, primarily in the People's Republic of China."",
              ' 361 Degrees counts Li Ning Company, China Dongxiang, Xtep and Anta as its main competitors.'],
             dtype=object)                                                                                                                                   ,
       array(['KDDI India Private Limited headquartered in Gurgaon, India is a subsidiary of Japanese Telecommunication giant KDDI Corporation.',
              ' And a Fortune 500 corporation The company first entered the Indian market in January 2004 and has since worked closely with the Indian Japanese Industries, In an alliance with local partner Indo-Fuji Information Technology Private Limited, since then, as well as supporting Japanese customers KDDI opened an office of KDDI Singapore in Delhi, in July 2006.'],
             dtype=object)                                                                                                                                                                                                                                                                                                                                                             ,
       array(['Fujitsu Technology Solutions is a European information technology vendor with a presence in markets in Europe, the Middle East, Africa, as well as India.',
              "" A subsidiary of Fujitsu Limited headquartered in Tokyo, Japan, FTS was founded in 2009 after Fujitsu bought out Siemens' 50% share of Fujitsu Siemens Computers.""],
             dtype=object)                                                                                                                                                         ,
       array(['Anta Sports Products Limited () is a branded sportswear company in China.',
              ' It involves the business of designing, developing, manufacture and marketing sportswear, including sports footwear, apparel and accessory under its own brand name, ANTA.',
              ' It was established in 1994 and it is headquartered in Jinjiang, Fujian.'],
             dtype=object)                                                                                                                                                                 ,
       array(['Ircon International Limited (IRCON) is an engineering and construction company, specialized in transport infrastructure.',
              ' The company was established in 1976, by the Government of India under The Companies Act, 1956.',
              ' IRCON was registered as the ""Indian Railway Construction Company Limited"", a wholly owned entity of the Ministry of Railways.',
              ' Its primary charter was the construction of railway projects in India and abroad.',
              ' The company has since diversified into other transport and infrastructure segments and with its expanded scope of operations around the world, the name was changed to ""Ircon International Limited"" in October 1995.'],
             dtype=object)                                                                                                                                                                                                              ],
      dtype=object)}"
5ababc4a55429939ce03dd4e,Which magazine Real Simple or Shape was founded first ?,Shape,comparison,medium,"{'title': array(['Real Simple', 'Shape (magazine)'], dtype=object), 'sent_id': array([0, 0], dtype=int32)}","{'title': array(['Sarah Kate Ellis', 'Shape (magazine)', 'Janet Froelich',
       'Andrew Bryan (Baptist)', 'Susan Lark', 'Syracuse Triad',
       'Time Inc.', 'Real Simple', 'Charles Purdy', 'Penco'], dtype=object), 'sentences': array([array(['Sarah Kate Ellis (born November 27, 1971) is an American media executive, most widely known for launching and turning around media brands within magazines such as ""New York"", ""InStyle"", ""Real Simple"", and ""Vogue"".'],
             dtype=object)                                                                                                                                                                                                             ,
       array([""Shape is a monthly English language fitness magazine started by Weider Publications in 1981, founded by Christine MacIntyre (a pioneer in women's free weight fitness) and became the number one women's fitness magazine."",
              ' At that time, Weider Enterprises consisted primarily of the bodybuilding magazine ""Muscle & Fitness"".',
              ' Joe Weider and Christine MacIntyre had differing views of how to present ""Shape"", Weider endorsing a less journalistic and more commercial approach to articles, MacIntyre endorsing a more academic, doctor-based magazine.',
              ' Weider also endorsed a sexier approach to editorial while MacIntyre endorsed a healthier look for women, eschewing sexiness in the models and the copy.',
              ' MacIntyre largely won that battle, editing a magazine that required that every byline have an advanced medical degree, that cover models should look healthy rather than sexy, and that sexist language be avoided.',
              ' Christine MacIntyre was the editor-in-chief until her death in 1988.',
              ' Tara Kraft is the current editor-in-chief.',
              ' ""Shape"" found a readership based on that formula.'], dtype=object)                                                                                                                                                            ,
       array(['Janet Froelich (born 1946, New York, NY) is an American graphic designer and creative director.',
              ' She worked for ""The New York Times"" for 22 years, serving as creative director for ""The New York Times Magazine"", as well as """".',
              ' She was creative director at ""Real Simple"" magazine from 2009-2014.',
              ' She was a designer of """", a feminist journal that was produced from 1977 to 1993 by the New York-based Heresies Collective.',
              ' Froelich was featured in ""The Heretics"", a film that examines the inside story of the ""second wave"" of the Women\'s Movement.',
              ' She received her undergraduate degree from Cooper Union and graduate degree from Yale University.'],
             dtype=object)                                                                                                                        ,
       array(['Andrew Bryan (1737–1812) founded First Bryan Baptist Church, affectionately called the Mother Church of Black Baptists, and First African Baptist Church of Savannah in Savannah, Georgia, the first black Baptist churches to be established in America.',
              ' Bryan was the former slave of Jonathan Bryan.'], dtype=object)                                                                                                                                                                                            ,
       array(['Susan Lark is a medical doctor.',
              ' She obtained her education from Northwestern Medical School, and has served as one of the clinical faculty members at Stanford University.',
              ' At Stanford, Lark taught In the department of family and community medicine.',
              ' As of now Lark works in the field of women’s health and preventive medicine.',
              ' Lark is the founder and director of the Menopause Self Help Center located in Los Altos, California.',
              ' She is well known for her innovative approaches to menopause and hormone management as well as her views on holistic women’s health.',
              ' Her holistic approaches focus on hormone balance to assist in the prevention of different physical and emotional health conditions.',
              ' She believes that maintaining a slightly alkaline body pH while ultimately lead to optimal health especially in the prevention of diseases such as, osteoporosis.',
              ' Dr. Susan Lark has currently innovated and developed different types of nutritional supplements and all natural products in the field of women’s health and hormonal balance.',
              ' Her products were invented to allow women to achieve hormone balance without having to utilize conventional hormone replacement therapies.',
              ' According to Healthy Directions, “she is also a distinguished clinician, lecturer, and author of 13 best-selling books on women’s health, including Chemistry of Success and the cookbook Eat Papayas Naked, as well as a series of self-help books on women’s health topics like hot flashes, PMS, anxiety, and chronic fatigue.',
              ' Her most recent book is Hormone Revolution, written with Kimberly S. Day.',
              ' She has also been featured in many publications, including Real Simple, Reader’s Digest, Better Homes & Gardens, New Woman, Family Circle, Shape, The New York Times, and The San Francisco Chronicle.'],
             dtype=object)                                                                                                                                                                                                                                                                                                                         ,
       array([""The Syracuse Triad is the name given to the three women's sororities founded at Syracuse University."",
              ' Alpha Phi was founded first in 1872 by 10 of the original 20 women admitted into Syracuse University.',
              ' Gamma Phi Beta came along two years later in 1874 and with it came the term ""sorority,"" which was coined at the time of its founding.',
              ' (Prior to that, women\'s Greek-letter organizations used the term ""women\'s fraternity,"" since no more appropriate term existed.)',
              ' Alpha Gamma Delta completed the triad in 1904.'], dtype=object)                                                                        ,
       array(['Time Inc. is a multinational mass media corporation founded on November 28, 1922 by Henry Luce and Briton Hadden and based in New York City.',
              ' It owns and publishes over 100 magazine brands, most notably its flagship ""Time"".',
              ' Other magazines include ""Sports Illustrated"", ""Travel + Leisure"", ""Food & Wine"", ""Fortune"", ""People"", ""InStyle"", ""Life"", ""Golf Magazine"", ""Southern Living"", ""Essence"", ""Real Simple"", and ""Entertainment Weekly"".',
              ' It also has subsidiaries which it co-operates with the UK magazine house Time Inc.',
              ' UK, whose major titles include ""What\'s on TV"", ""NME"", ""Country Life"", and ""Wallpaper"".',
              ' Time Inc. also co-operates over 60 websites and digital-only titles including ""MyRecipes"", ""TheSnug"", HelloGiggles, and ""MIMI"".'],
             dtype=object)                                                                                                                                                                                                          ,
       array([""Real Simple is a monthly women's interest magazine launched by Time Inc. in 2000."",
              ' The magazine features articles and information related to homekeeping, childcare, cooking and emotional wellbeing.',
              ' The magazine is distinguished by its clean, uncluttered style of layout and photos.',
              ' Out of the 7.6 million readers, 90% are women.',
              ' Headquartered in New York City, the magazine is currently edited by Sarah Collins, who began serving as interim editor-in-chief in September 2016 after the departure of previous editor Kristin van Ogtrop.'],
             dtype=object)                                                                                                                                                                                                     ,
       array(['Writer and etiquette expert Charles Purdy is the author of the book ""Urban Etiquette: Marvelous Manners for the Modern Metropolis"" (Wildcat Canyon Press, 2004; ISBN\xa0 ).',
              ' He has written modern-etiquette columns for the ""San Francisco Weekly"", Gay.com, and ""Genre"" magazine; his advice has appeared in publications such as ""Real Simple"", the ""Wall Street Journal"", and ""Men\'s Health""; and he has appeared on numerous television shows as a guest expert.',
              ' As ""Charles in Charge,"" he has also been a regular guest of KFOG Radio\'s ""Morning Show"", in San Francisco, California.'],
             dtype=object)                                                                                                                                                                                                                                                                                 ,
       array(['Penco (Mapudungun: ""Peumo water"") is a Chilean city and commune in Concepción Province, Bío Bío Region on the Bay of Concepción.',
              "" Founded as the city of Concepción del Nuevo Extremo ('beginning of the new extreme') on February 12, 1550 by Pedro de Valdivia, it is the third oldest city in Chili, after capital Santiago founded first in 1541 and La Serena second in 1544.""],
             dtype=object)                                                                                                                                                                                                                                         ],
      dtype=object)}"
5ab9190e554299753720f6f1,What is the name of the school located near the Brea mall owned by Simon Property Group?,Brea Olinda High School,bridge,hard,"{'title': array(['Brea Olinda High School', 'Brea Olinda High School', 'Brea Mall',
       'Brea Mall'], dtype=object), 'sent_id': array([0, 1, 0, 1], dtype=int32)}","{'title': array(['Livingston Mall', 'Sawgrass Mills', 'Simon Youth Foundation',
       'South Shore Plaza', 'ABQ Uptown', 'Liberty Tree Mall',
       'Bay Park Square', 'Cielo Vista Mall', 'Brea Mall',
       'Brea Olinda High School'], dtype=object), 'sentences': array([array(['The Livingston Mall is a two-level shopping mall owned by the Simon Property Group located in Livingston, New Jersey, United States, serving western Essex, Morris and Union counties.',
              ' The mall has a gross leasable area of 985000 sqft .'],
             dtype=object)                                                                                                                                                                             ,
       array(['Sawgrass Mills is an outlet shopping mall operated by the Simon Property Group, in Sunrise, Florida, a city in Broward County.',
              ' With 2383906 sqft of retail selling space, it is the tenth largest mall in the United States, the largest single story and outlet mall in the U.S., the largest shopping mall in Broward County, the second largest mall in Florida and Miami Metropolitan Area, and the third largest shopping mall in the southeastern United States.',
              ' The mall opened in 1990 as the third mall developed by the now-defunct Mills Corporation (now part of Simon Property Group), and has been expanded four times since then, most recently in 2013.',
              ' There are over 300 retail outlets and name brand discounters, with anchors including Off 5th Saks Fifth Avenue, and Super Target.'],
             dtype=object)                                                                                                                                                                                                                                                                                                                               ,
       array(['Simon Youth Foundation (SYF) is a non-profit, 501 (c)(3) organization that supports efforts in the United States to improve the national academic dropout rate and increase college accessibility by partnering with established public school systems.',
              "" The foundation's parent company is the Simon Property Group."",
              ' Although SYF works closely with Simon Property Group, it is not a corporate or grant-making foundation.',
              ' SYF is headquartered in Indianapolis, Indiana.',
              ' Its current CEO is J. Michael Durnil, Ph.D.'], dtype=object)                                                                                                                                                                                            ,
       array(['South Shore Plaza is an upscale shopping mall owned by the Simon Property Group.',
              ' It is located in Braintree, Massachusetts.',
              ' With 2165000 sqft of leasable area and 220 retailers, it is the largest mall in New England in terms of square footage and is the 15th largest mall in the United States.',
              "" South Shore Plaza is home to seven different department store anchors—Nordstrom, Lord & Taylor, Macy's, Sears, Primark, Target, and DSW.""],
             dtype=object)                                                                                                                                                                 ,
       array(['ABQ Uptown is an outdoor luxury shopping mall owned by Simon Property Group in Albuquerque, New Mexico.',
              ' It is one of four malls located in the Albuquerque area, and houses 46 different stores.',
              ' Its anchor tenants include J.Crew, The North Face, and Lush.',
              ' The outdoor environment of this mall includes music, lights and seasonal decorations.'],
             dtype=object)                                                                                              ,
       array(['The Liberty Tree Mall is a shopping mall in Danvers, Massachusetts, U.S. that is one-third owned by the Simon Property Group.',
              "" The Simon Property Group owns the common area of the mall between Kohl's and Best Buy, but manages the entire property; while the right-hand area of the property from Best Buy to Staples is owned by Target, and the property from Kohl's to Dick's Sporting Goods is owned by New England Development, the mall's original developer.""],
             dtype=object)                                                                                                                                                                                                                                                                                                                                 ,
       array(['Bay Park Square is a shopping mall owned by Simon Property Group, in the Green Bay, Wisconsin suburb of Ashwaubenon, in the United States.',
              ' The mall opened in 1980 under the ownership of DeBartolo Corporation.',
              ' Bay Park Square is located one mile (1.6\xa0km) away from Lambeau Field on South Oneida Street (County Trunk Highway AAA).'],
             dtype=object)                                                                                                                                 ,
       array(['Cielo Vista Mall is a shopping mall in El Paso, Texas, owned and operated by Simon Property Group.',
              "" It is located on El Paso's east side, at Interstate 10 and Hawkins Blvd., and features five anchor stores operating under four brand names, and more than 140 specialty stores."",
              ' It is the largest of the three malls in the metro area; its sister Simon property, Sunland Park Mall, is second.'],
             dtype=object)                                                                                                                                                                       ,
       array(['The Brea Mall is a shopping mall located in the Orange County city of Brea, California.',
              ' Since 1998 the mall has been owned and operated by the Simon Property Group.',
              ' It is home to four major department stores, over 175 specialty shops and boutiques, and a food court.',
              ' It is approximately 1,310,000 square feet (1.31 million).'],
             dtype=object)                                                                                             ,
       array(['Brea Olinda High School is a 9th–12th grade public high school located in Brea, California.',
              ' Established in 1927, the school was originally located across the street from the Brea Mall in what has become the Brea Marketplace.',
              ' In 1989, the school moved to its current location on the northern hills of Brea.',
              ' The school has a current enrollment of approximately 2, 000 students and is part of the Brea Olinda Unified School District.'],
             dtype=object)                                                                                                                            ],
      dtype=object)}"
5a7537e655429929fddd8515,Which guest star on the albumn Here and Gone was a member of the soul and R&B group Sam & Dave?,Sam Moore,bridge,medium,"{'title': array(['Here and Gone', 'Sam Moore'], dtype=object), 'sent_id': array([1, 0], dtype=int32)}","{'title': array([""Knockin' Da Boots"", 'I Thank You (Sam &amp; Dave song)',
       'Here and Gone', ""Destiny's Child (album)"", 'Mis-Teeq (album)',
       'What About Us? (Total song)', 'Soul Men (album)',
       'Guest appearance', 'Sam Moore', 'Diary of a Mad Band'],
      dtype=object), 'sentences': array([array(['""Knockin\' da Boots"" is the debut single from R&B group H-Town, taken from their debut album ""Fever for da Flavor"".',
              ' ""Knockin\' Da Boots"" became one of the biggest R&B singles of 1993 according to the Billboard charts, where it peaked at number three for seven weeks, and also topped the R&B chart for four weeks, and it helped win the band a Soul Train Music Award for Best R&B/Soul or Rap New Artist.',
              ' Knockin\' Da Boots, was originally titled, ""Knockin the Tennis Shoes"" and was co written by Eric Coutryer in 1992 before it debuted in 1993.',
              ' The song was certified platinum by the Recording Industry Association of America and sold over 1.1 million copies.',
              ' The song contains a sample of ""Be Alright"" by Zapp.'],
             dtype=object)                                                                                                                                                                                                                                                                                     ,
       array(['""I Thank You"" is a song written by David Porter and Isaac Hayes originally recorded by Sam & Dave, released in early 1968.',
              "" The single was Sam & Dave's final release on Stax Records, reaching #9 on the Billboard Pop Singles chart and #4 on the R&B chart."",
              ' Shortly after its release, Stax severed its distribution deal with Atlantic Records and Sam & Dave, who were actually signed to Atlantic and loaned out to Stax, began recording for Atlantic proper.',
              ' The song begins with Sam\'s spoken introduction that goes: ""I want everybody to get off your seat,/ And get your arms together,/ And your hands together,/ And give me some of that old soul Clapping"".',
              ' First, Sam sings the Refrain, plus the first verse, and the refrain, while Dave sings the second verse, the refrain, and the third verse, with both Sam and Dave sharing on the repeated ""Thank Yous"" portion.',
              ' Following a brief instrumental, Sam sings the Refrain, with Dave, joining him, on the Coda with the repeated ""Thank Yous"".'],
             dtype=object)                                                                                                                                                                                                      ,
       array(['Here and gone is an album by David Sanborn released in 2008 on the Decca Label.',
              ' It features many guest stars including Derek Trucks, Eric Clapton, Joss Stone and Sam Moore.'],
             dtype=object)                                                                                     ,
       array([""Destiny's Child is the self-titled debut studio album by American R&B group Destiny's Child, released by Columbia Records and Music World Entertainment on February 17, 1998."",
              ' It features the singles ""No, No, No"" and ""With Me"".',
              ' It won Soul Train Lady of Soul Award for Best R&B/Soul Album of the Year due to both singles having a remix (Part 2) as well as having an original version (Part 1).',
              ' Both singles preceded the album.',
              ' The album spent twenty six weeks on the US ""Billboard"" 200 chart and peaked at number sixty-seven.',
              ' In the United Kingdom, it reached the top fifty, peaking at number forty-five on the albums chart due to strength of its lead single, ""No, No, No"".',
              ' The album did go on to sell over one million copies in the United States and was re-packaged and re-released in several countries after the success of the follow-up album, ""The Writing\'s on the Wall"" (1999).',
              ' The album was met with generally favorable reviews from music critics, including AllMusic and ""Rolling Stone"".'],
             dtype=object)                                                                                                                                                                                                        ,
       array(['Mis-Teeq is the self-titled compilation album released by R&B group Mis-Teeq, and the only album released by the band in the United States and Canada.',
              "" The album contains a selection of songs from the group's two previous albums, as well as new remixes exclusive to this release."",
              ' Although the album made very low peaks on the charts, it earned them a Soul Train Lady of Soul Award for R&B/Soul Album of the Year.',
              ' The album included the single ""Scandalous"", which made the top 40 on the ""Billboard"" Hot 100.'],
             dtype=object)                                                                                                                                             ,
       array(['""What About Us?""', ' is a song by American R&B group, Total.',
              ' The song features guest vocals by Missy Elliott and Timbaland.',
              ' The song served as the lead single for the soundtrack of the 1997 film, ""Soul Food"".',
              ' The song also became a smash hit in the United States, where it peaked at #16 on ""Billboard"" Hot 100 and #4 on ""Billboard"" Hot R&B—scoring them their fifth top ten hit single on the R&B chart and their fourth gold certification.'],
             dtype=object)                                                                                                                                                                                                                             ,
       array(['Soul Men is the third album by R&B duo Sam & Dave, released in 1967.',
              ' It reached #5 on the ""Billboard"" ""Black Album"" chart in 1967 and #62 on the ""Pop Album"" chart in 1968.',
              ' The album launched the hit single ""Soul Man"" which ranked #1 on the ""Black Singles"" charts and #2 on the Pop Singles charts.',
              ' The song won Sam & Dave a Grammy in 1967 for ""Best R&B Group, Vocal or Instrumental"".'],
             dtype=object)                                                                                                                    ,
       array(['In show business, a guest appearance is the participation of an outsider performer (such as a musician or actor) in an event such as a music record or concert, show, etc., when the performer does not belong to the regular cast, band or other performing group.',
              ' In music, such an outside performer is often referred to as a guest artist.',
              ' In performance art, the terms guest role or guest star are also common, the latter term specifically indicating the guest appearance of a celebrity.',
              ' The latter is often also credited as ""special guest star"" or ""special musical guest star"" by some production companies.'],
             dtype=object)                                                                                                                                                                                                                                                          ,
       array(['Samuel David Moore (born October 12, 1935) is an American vocalist who was a member of the soul and R&B group Sam & Dave from 1961 to 1981.',
              ' He is a member of the Rock & Roll Hall of Fame, the Grammy Hall of Fame (for ""Soul Man""), and the Vocal Group Hall of Fame.'],
             dtype=object)                                                                                                                                  ,
       array(['Diary of a Mad Band is the second studio album from American R&B group Jodeci, released on December 21, 1993 on Uptown Records and distributed through MCA Records.',
              ' The album also featured the first ever album appearances from Timbaland and Missy Elliott (credited as Misdemeanor) and Sista two years before they became known in the music industry.',
              ' New Jersey rapper Redman also makes a guest appearance on the album.',
              "" It was Jodeci's second album to reach number-one on the R&B album chart where it stayed for two weeks."",
              ' It spawned the #1 R&B hit ""Cry for You""; the classic #2 R&B hit ""Feenin\'"", and the Top 15 R&B hit ""What About Us"".',
              ' Despite not being released as a single, the album\'s opening track, ""My Heart Belongs To U"", was also a hit.',
              "" Song for song, this album is generally considered the group's best effort overall.""],
             dtype=object)                                                                                                                                                                               ],
      dtype=object)}"
5a77c59c5542997042120b2e,"Where did Madeleine Doran, who was born in the capital city of Utah, Salt Lake City graduate with her B.A. and her Ph.D.?",Stanford University,bridge,easy,"{'title': array(['Madeleine Doran', 'Madeleine Doran', 'Madeleine Doran',
       'Salt Lake City'], dtype=object), 'sent_id': array([0, 1, 2, 0], dtype=int32)}","{'title': array(['North Temple Bridge/Guadalupe (UTA station)',
       'State Street (Salt Lake County)', 'History of Salt Lake City',
       'Temple Square (UTA station)', 'Green Line (TRAX)',
       'Salt Lake City', 'City Center (UTA station)',
       'Salt Lake City metropolitan area', 'Madeleine Doran',
       'Salt Lake City Intermodal Hub'], dtype=object), 'sentences': array([array(['North Temple Bridge/Guadalupe is a light rail and commuter rail station in Salt Lake City, Utah, United States served by the Green Line of Utah Transit Authority\'s (UTA) TRAX light rail system and by the ""FrontRunner"", UTA\'s commuter rail train that operates along the Wasatch Front with service from Pleasant View in northern Weber County through Ogden, Davis County, Salt Lake City, and Salt Lake County to Provo in central Utah County.',
              "" The Green Line provides service from the Salt Lake City International Airport to West Valley City (via Downtown Salt Lake City) and connects with the rest of the TRAX system and UTA's S Line streetcar."",
              ' Although the official name of the station is ""North Temple Bridge/Guadalupe"", it often referenced by UTA as simply North Temple.'],
             dtype=object)                                                                                                                                                                                                                                                                                                                                                                                                                                               ,
       array(['State Street is a wide 17.3 mi street in Salt Lake County, Utah leading almost straight south from the steps of the Utah State Capitol Building, through Salt Lake City (including Downtown Salt Lake City), South Salt Lake, western Millcreek Township, Murray (including the Murray Downtown Historic District), eastern Midvale, Sandy (including the Sandy Historic District and Downtown Sandy), and northwestern Draper.',
              ' Because it follows the most direct route from downtown Salt Lake City to the Point of the Mountain pass to Utah County, it was the undisputed main road south from Salt Lake City until Interstate 15 was built to the west (but closely paralleling it).',
              "" It retains the US Highway 89 designation for all but the northernmost seven blocks (which are part of State Route 186 instead) despite I-15's proximity."",
              ' Due to its history as a route for long-distance travel, travel within the Wasatch Front region, and travel between the cities along the east side of the Jordan River, it has attracted a wide variety of retail and service businesses along its entire length, creating a nearly continuous commercial axis for the Salt Lake Valley.'],
             dtype=object)                                                                                                                                                                                                                                                                                                                                                                                                                      ,
       array(['Originally, the Salt Lake Valley was inhabited by the Shoshone, Paiute, Goshute and Ute Native American tribes.',
              ' At the time of the founding of Salt Lake City the valley was within the territory of the Northwestern Shoshone, who had their seasonal camps along streams within the valley and in adjacent valleys.',
              ' One of the local Shoshone tribes, the Western Goshute tribe, referred to the Great Salt Lake as ""Pi\'a-pa"", meaning ""big water"", or ""Ti\'tsa-pa"", meaning ""bad water"".',
              ' The land was treated by the United States as public domain; no aboriginal title by the Northwestern Shoshone was ever recognized by the United States or extinguished by treaty with the United States.',
              ' Father Silvestre Vélez de Escalante, a Spanish Franciscan missionary is considered the first European explorer in the area in 1776, but only came as far north as Utah valley (Provo), some 60 miles south of the Salt Lake City area.',
              ' The first US visitor to see the Salt Lake area was John Chugg in 1824.',
              ' U.S. Army officer John C. Frémont surveyed the Great Salt Lake and the Salt Lake Valley in 1843 and 1845.',
              ' The Donner Party, a group of ill-fated pioneers, traveled through the Great Salt Lake Valley a year before the Mormon pioneers.',
              ' This group had spent weeks traversing difficult terrain and brush, cutting a road through the Wasatch Mountains, coming through Emigration canyon into the Salt Lake Valley on August 12, 1846.',
              ' This same path would be used by the vanguard company of Mormon pioneers, and for many years after that by those following them to Salt Lake.'],
             dtype=object)                                                                                                                                                                                                                              ,
       array([""Temple Square is a light rail station in Downtown Salt Lake City, Utah, in the United States, served by the Blue Line and Green Line of the Utah Transit Authority's (UTA) TRAX system."",
              ' The Blue Line has service from the Salt Lake Intermodal Hub in Downtown Salt Lake City to Draper.',
              ' The Green Line provides service from the Salt Lake City International Airport to West Valley City (via Downtown Salt Lake City).'],
             dtype=object)                                                                                                                                                                              ,
       array([""The Green Line is a light rail line on the Utah Transit Authority's (UTA) TRAX system in Salt Lake City, Utah, in the United States, operated by the Utah Transit Authority (UTA)."",
              ' It opened on August 7, 2011, and runs between Airport Station at the Salt Lake City International Airport and West Valley Central Station in West Valley City (via Downtown Salt Lake City) serving a total of eighteen stations: thirteen in Salt Lake City, one in South Salt Lake, and four in West Valley City.'],
             dtype=object)                                                                                                                                                                                                                                                                                                            ,
       array(['Salt Lake City (often shortened to Salt Lake or SLC) is the capital and the most populous municipality of the U.S. state of Utah.',
              ' With an estimated population of 190,884 in 2014, the city is the core of the Salt Lake City metropolitan area, which has a population of 1,153,340 (2014 estimate).',
              ' Salt Lake City is further situated within a larger metropolis known as the Salt Lake City-Ogden-Provo Combined Statistical Area.',
              ' This region is a corridor of contiguous urban and suburban development stretched along an approximately 120 mi segment of the Wasatch Front, comprising a population of 2,423,912 as of 2014 .',
              ' It is one of only two major urban areas in the Great Basin (the other is Reno, Nevada).'],
             dtype=object)                                                                                                                                                                                      ,
       array([""City Center is a light rail station in Downtown Salt Lake City, Utah, in the United States, served by the Blue Line and Green Line of the Utah Transit Authority's (UTA) TRAX system."",
              ' The Blue Line has service from the Salt Lake Intermodal Hub in Downtown Salt Lake City to Draper.',
              ' The Green Line provides service from the Salt Lake City International Airport to West Valley City (via Downtown Salt Lake City).'],
             dtype=object)                                                                                                                                                                            ,
       array(['The Salt Lake City metropolitan area is the metropolitan area centered on the city of Salt Lake City, Utah.',
              ' The Office of Management and Budget and the United States Census Bureau currently define the Salt Lake City, Utah Metropolitan Statistical Area as comprising two counties: Salt Lake and Tooele.',
              ' As of the 2010 census, the MSA had a population of 1,087,873.',
              "" As of July 1, 2014 the U.S. Census Bureau's population estimates division placed the population at 1,153,340, an increase of 65,467 or 6.0 percent since April 2010; out of 381 total MSAs, the Census Bureau ranks it as the 48th largest MSA in the United States in 2014 and the 58th fastest growing since 2010."",
              ' The Salt Lake City Metropolitan Area and the Ogden-Clearfield Metropolitan Area were a single metropolitan area known as the Salt Lake City-Ogden Metropolitan Area until being separated in 2005.'],
             dtype=object)                                                                                                                                                                                                                                                                                                            ,
       array(['Madeleine Kathryn Doran (August 12, 1905 – October 19, 1996) was an American literary critic and poet who taught at the University of Wisconsin–Madison from 1935 until her retirement in 1975.',
              ' Born in Salt Lake City, Utah, Doran graduated from Stanford University with a B.A. in 1927.',
              ' She received her M.A. from the University of Iowa in 1928, and her Ph.D. in 1930 from Stanford.',
              ' She joined the English department at the University of Wisconsin in 1935, and was made a full professor in 1952.'],
             dtype=object)                                                                                                                                                                                      ,
       array(['The Salt Lake City Intermodal Hub (also known as Salt Lake Central on Utah Transit Authority [UTA] routes and SLC by Amtrak) is a multi-modal transportation hub in Salt Lake City, Utah, United States served by the Blue Line of UTA\'s TRAX light rail system that operates in Salt Lake County and by the ""FrontRunner"", UTA\'s commuter rail train that operates along the Wasatch Front with service from Pleasant View in northern Weber County through Ogden, Davis County, Salt Lake City, and Salt Lake County to Provo in central Utah County.',
              ' Service at the intermodal hub is also provided by Amtrak (with the ""California Zephyr""), Greyhound Lines, and U Car Share, as well as UTA local bus service.'],
             dtype=object)                                                                                                                                                                                                                                                                                                                                                                                                                                                                                                                                                ],
      dtype=object)}"
5abbc71f55429931dba14515,"Which soft drink was originally developed in 1940 in Tennessee, Dr Pepper or Mountain Dew?",Mountain Dew,comparison,hard,"{'title': array(['Dr Pepper', 'Mountain Dew', 'Mountain Dew'], dtype=object), 'sent_id': array([0, 0, 1], dtype=int32)}","{'title': array(['Diet Mountain Dew', 'Dublin Dr Pepper', 'Dr Pepper Ballpark',
       'Dr Pepper', 'Mountain Dew', 'Pepsi-Cola Made with Real Sugar',
       'List of citrus soft drinks', 'Surge (drink)', 'Diet Dr Pepper',
       'Sun Drop'], dtype=object), 'sentences': array([array(['Diet Mountain Dew is a no-calorie Mountain Dew that was first introduced in 1986.',
              ' It was formerly known as ""Sugar-Free Mountain Dew"" until 1986, when it was given its current name.',
              ' In 2006 Diet Mountain Dew was reformulated with a new ""Tuned Up Taste"", using a blend of sucralose, aspartame, and acesulfame potassium as sweeteners.',
              ' The previous formulation was sweetened exclusively with aspartame.',
              ' In limited areas in the United States, Diet Mountain Dew has treated water instead of carbonated water as a fountain drink.'],
             dtype=object)                                                                                                                                              ,
       array(['Dublin Dr Pepper was the popular name for a style of Dr Pepper soft drink made by the Dublin Dr Pepper Bottling Company in Dublin, Texas.',
              ' Dublin Dr Pepper followed the original recipe, using cane sugar as the sweetener as opposed to newer high fructose corn syrup (HFCS).',
              "" The Dublin plant formula's use of sugar made it popular among soda fans."",
              ' According to the corporate headquarters at Dr Pepper Snapple Group, this resulted in clashes with other bottlers and the parent company of Dr Pepper.',
              ' On 12 January 2012, it was announced that Dublin Dr. Pepper will no longer be produced, after the Dublin Dr Pepper Bottling Company settled the trademark dispute instigated by Dr Pepper Snapple Group.'],
             dtype=object)                                                                                                                                                                                                 ,
       array(['Dr Pepper Ballpark (formerly Dr Pepper/Seven Up Ballpark) is the home ballpark of the Frisco RoughRiders Class AA minor league baseball club.',
              ' Located in Frisco, Texas in the United States, the stadium has a capacity of 10,316.',
              ' The ballpark is host to numerous functions in addition to minor league baseball games, including corporate and charity events, wedding receptions, city of Frisco events, and church services.',
              ' Local soft drink manufacturer Dr Pepper Snapple Group holds naming rights and exclusive non-alcoholic beverage rights in the park.'],
             dtype=object)                                                                                                                                                                                      ,
       array(['Dr Pepper is a carbonated soft drink marketed as having a unique flavor.',
              ' The drink was created in the 1880s by Charles Alderton in Waco, Texas and first served around 1885.',
              ' Dr Pepper was first nationally marketed in the United States in 1904, and is now also sold in Europe, Asia, Canada, Mexico, Australia, and South America, as well as New Zealand and South Africa as an imported good.',
              ' Variants include a version without high fructose corn syrup, Diet Dr Pepper, as well as a line of additional flavors, first introduced in the 2000s.'],
             dtype=object)                                                                                                                                                                                                              ,
       array(['Mountain Dew (sometimes stylized as Mtn Dew) is a carbonated soft drink brand produced and owned by PepsiCo.',
              ' The original formula was invented in 1940 by Tennessee beverage bottlers Barney and Ally Hartman.',
              ' A revised formula was created by Bill Bridgforth in 1958.',
              ' The rights to this formula were obtained by the Tip Corporation of Marion, Virginia.',
              ' William H. ""Bill"" Jones of the Tip corporation further refined the formula, launching that version of Mountain Dew in 1961.',
              ' In August 1964, the Mountain Dew brand and production rights were acquired from Tip by the Pepsi-Cola company, at which point distribution expanded more widely across the United States and Canada.'],
             dtype=object)                                                                                                                                                                                             ,
       array(['The Pepsi-Cola Made with Real Sugar, formerly called Throwback, is a brand of soft drink sold by PepsiCo in the United States and in sweet stores in South Australia for its flagship Pepsi and Mountain Dew brands.',
              ' The drinks, called Pepsi Throwback and Mountain Dew Throwback, are named as such because they are flavored with cane sugar and beet sugar instead of high fructose corn syrup, which soft drink companies used to replace sugar (in their North American products) in the 1980s.',
              ' In addition, these drinks use retro packaging.',
              ' As of June 2014, Pepsi Throwback has been replaced in some areas of the United States by ""Pepsi-Cola Made with Real Sugar"", a new product formulation, also made without high fructose corn syrup.'],
             dtype=object)                                                                                                                                                                                                                                                                        ,
       array([""In addition to Pepsi's Mountain Dew, Coca-Cola's Mello Yello or Dr Pepper's Sun Drop, there are a variety of smaller or regional brands for citrus soda."",
              ' In deference to Mountain Dew\'s leading position in the market segment, some brands also use the word ""Mountain"" in their names.'],
             dtype=object)                                                                                                                                               ,
       array([""Surge (sometimes styled as SURGE) is a citrus flavored soft drink first produced in the 1990s by The Coca-Cola Company to compete with Pepsi's Mountain Dew."",
              ' Surge was advertised as having a more ""hardcore"" edge, much like Mountain Dew\'s advertising at the time, in an attempt to lure customers away from Pepsi.',
              ' It was originally launched in Norway as Urge, and was so popular that it was later released in America as Surge.',
              ' Lagging sales caused production to be ended in 2006 for most markets, and by 2014 Norway was the last country where either Urge or Surge were still sold.'],
             dtype=object)                                                                                                                                                   ,
       array(['Diet Dr Pepper is a no-calorie Dr Pepper that was first introduced in 1986.',
              ' This version replaces the high fructose corn syrup found in the original with aspartame.',
              ' Diet Cherry Chocolate Dr Pepper (2007–2008) was introduced as a limited edition flavor on November 21, 2007.',
              ' It was discontinued in April 2008.',
              ' It became available in Canada in early January 2008.',
              ' A nondiet version was never created.',
              "" The taste is similar to Canfield's Diet Cherry Chocolate Fudge Soda, but with the distinctive Dr Pepper flavor."",
              ' It was featured in the song ""Cherry Chocolate Rain"" by YouTube celebrity Tay Zonday.',
              ' Upon ceasing production, it was replaced by Cherry Vanilla Dr Pepper.'],
             dtype=object)                                                                                                       ,
       array(['Sun Drop, also marketed as Sundrop, is a citrus-flavored soda produced by Dr Pepper Snapple Group.',
              ' It has a yellowish-green color imparted by Yellow 5.',
              ' Among soft drinks, it is known for its high caffeine content (63 mg per 12 oz can, 9 mg higher than a 12 oz can of Mountain Dew, but not as much as Vault with 70.5 mg per 12 oz can).',
              "" Orange juice is an ingredient in the drink, and remaining pulp matter from the orange juice provides some of the soft drink's taste and appearance.""],
             dtype=object)                                                                                                                                                                              ],
      dtype=object)}"
5a736dc755429901807db04e,"Out of the two members of Hi-Gate, which was voted the No. 1 DJ in the world in 1995?",Judge Jules,bridge,medium,"{'title': array(['Hi-Gate', 'Judge Jules'], dtype=object), 'sent_id': array([0, 2], dtype=int32)}","{'title': array(['Assfactor 4', 'Paul Oakenfold', 'Hardwell', 'Hi-Gate',
       'Judge Jules', 'Aba Shanti-I', 'Sasha (Welsh DJ)',
       'Shaun David Barker', 'John Digweed', 'DJ Khushi'], dtype=object), 'sentences': array([array(['Assfactor 4 was a hardcore punk band from Columbia, South Carolina formed by two members of Tonka (Jay and Alex) and two members of Unherd (Eric and Kevin).',
              ' They formed in the fall of 1992 and broke up in late 1997.',
              "" Assfactor 4's sonic approach drew heavily from San Diego's early-1990s group Heroin, but their song structure was notably more akin to 1980's thrash and hardcore, placing Assfactor 4 in a unique position within the DIY hardcore scene of the era."",
              "" Their contemporaries in the southeast U.S. included Columbia's In/Humanity and Premonition, Raleigh, NC's Rights Reserved; and Richmond, VA's Action Patrol."",
              ' HeartattaCkzine readers voted Assfactor 4 ""Coolest Band to Hang Out With"" in 1995.',
              ' Assorted Porkchops has planned on releasing a discography in the near future.'],
             dtype=object)                                                                                                                                                                                                                                             ,
       array(['Paul Mark Oakenfold (born 30 August 1963) is an English record producer and trance DJ.',
              ' He is a two time Grammy Award and two time World Music Awards nominee.',
              ' He was voted the No. 1 DJ in the World twice in 1998 and 1999 by DJ Magazine.',
              ' Paul has provided over 100 remixes for over 100 artists including U2, Moby, Madonna, Massive Attack, New Order, The Rolling Stones, The Stone Roses etc.'],
             dtype=object)                                                                                                                                                 ,
       array(['Robbert van de Corput (born 7 January 1988), who performs under the stage name Hardwell, is a Dutch electro house DJ, record producer and remixer.',
              ' He was voted the World\'s No. 1 DJ on ""DJ Mag"" in 2013, and again in 2014.',
              ' He was ranked at No. 3 on ""DJ Mag"" Top 100 DJs 2016 poll.',
              ' Hardwell is best known for his sets at music festivals, including Ultra Music Festival, Sunburn and Tomorrowland.'],
             dtype=object)                                                                                                                                         ,
       array(['Hi-Gate is the dance music pairing of BBC Radio 1 DJ Judge Jules, and Paul Masterson.'],
             dtype=object)                                                                             ,
       array([""Judge Jules (born Julius O'Riordan, 26 October 1966) is a British dance music DJ, producer and entertainment lawyer."",
              ' Known for his DJ activities, music production and popular radio show which achieved global success.',
              ' He was voted the No. 1 DJ in the World by DJ Magazine in 1995.'],
             dtype=object)                                                                                                           ,
       array(['Aba Shanti-I (real name Joseph Smith) is a sound system operator and dub producer from the UK.',
              ' Aba and his sound system have been playing through UK and Europe for over 30 years.',
              ' He has been a resident sound system at Notting Hill Carnival since 1993 and was voted the No. 1 DJ in the World by DJ Magazine in the same year.'],
             dtype=object)                                                                                                                                         ,
       array(['Sasha (born Alexander Paul Coe on 4 September 1969 in Bangor, Gwynedd, Wales) is a Welsh DJ, record producer and Grammy Award nominee.',
              ' He was voted World No. 1 DJ in 2000 in a poll conducted by DJ Magazine.',
              ' He is a four-time International Dance Music Awards winner and four-time DJ Awards winner.'],
             dtype=object)                                                                                                                             ,
       array(['Shaun David Barker is an Australian born talent manager, marketing executive and executive music producer.',
              ' He manages and markets Australian DJ’s including Timmy Trumpet, Stafford Brothers and tyDi, who have all been voted the number 1 DJ’s in Australia at the ITM Awards.'],
             dtype=object)                                                                                                                                                              ,
       array(['John Digweed (born 1 January 1967 in Hastings, England) is an English DJ, record producer and actor.',
              ' DJ Magazine voted him World No 1 DJ in 2001.'], dtype=object)                                        ,
       array(['DJ Khushi is a disc jockey in India and has been awarded the Most Popular Bollywood DJ award.',
              ' Because of his frequent appearances, Khushi is also known as the official DJ of Shahrukh Khan.',
              "" He was the opening DJ during Tiesto's Delhi Gig."",
              "" In 2016, he headlined the Sunburn Music Festival with Hardwell, the world's No.1 DJ."",
              "" In Dec'16, Ellie Goulding and Nervo performed alongside DJ Khushi."",
              ' Khushi has also performed with LMFAO, Edward Maya and Akcent.'],
             dtype=object)                                                                                      ],
      dtype=object)}"
5ae7a23b5542993210983ebd, Gil Kenan worked on Monster House as well as another movie based on a Novel by which author?,Jeanne DuPrau,bridge,easy,"{'title': array(['Gil Kenan', 'City of Ember'], dtype=object), 'sent_id': array([0, 0], dtype=int32)}","{'title': array(['Ek Khiladi Ek Haseena (film)', 'City of Ember',
       'Poltergeist (2015 film)', ""Hank Zipzer's Christmas Catastrophe"",
       'Parampara (1993 film)', 'Douglas Pipes', 'Gil Kenan',
       'Monster House (film)', 'Sapne Sajan Ke', 'Sea Monster House'],
      dtype=object), 'sentences': array([array(['Ek Khiladi Ek Haseena, released in 2005, is an Indian Hindi erotic crime-thriller film directed by Suparn Verma.',
              ' It is a remake of the 2003 Hollywood crime drama movie Confidence.',
              ' This movie was another movie in which the father-son duo Fardeen Khan and Feroz Khan had worked.',
              ' Before this they have worked in 2003 movie Janasheen.',
              ' This movie was 1st lead role for actress Koena Mitra who was seen in small roles.'],
             dtype=object)                                                                                                       ,
       array(['City of Ember is a 2008 American science fantasy film based on the 2003 novel ""The City of Ember"" by Jeanne DuPrau.',
              ' It was produced by Walden Media, Playtone, Seth Hanchett, Gary Goetzman, Tom Hanks and Steven Shareshian, directed by Gil Kenan, distributed by 20th Century Fox, written by Caroline Thompson with music by Andrew Lockington and stars Saoirse Ronan, Harry Treadaway, Bill Murray, Mackenzie Crook, Martin Landau, Mary Kay Place, Toby Jones and Tim Robbins.',
              ' It was theatrically released in October 10, 2008 by 20th Century Fox, just two months after the release of the final book in the series; ""The Diamond of Darkhold"".',
              ' The film received mixed reviews from critics and was a box office flop.'],
             dtype=object)                                                                                                                                                                                                                                                                                                                                                         ,
       array(['Poltergeist is a 2015 American 3D supernatural horror film directed by Gil Kenan and written by David Lindsay-Abaire.',
              ' A remake of the 1982 film of the same name, the film stars Sam Rockwell, Rosemarie DeWitt, Jared Harris, and Jane Adams.',
              ' It was released on May 22, 2015 by 20th Century Fox and Metro-Goldwyn-Mayer and grossed over $95 million worldwide on a budget of $35 million.'],
             dtype=object)                                                                                                                                       ,
       array([""Hank Zipzer's Christmas Catastrophe is a 2016 stand alone British Christmas movie based on the Hank Zipzer series of books by Henry Winkler and Lin Oliver and the TV series airing on CBBC."",
              ' The film will be airing on CBBC on 12 December 2016.',
              ' It is written by Joe Williams and is directed by Matt Bloom.',
              ' The film is produced by Kindle Entertainment in association with Walker Productions and DHX Media with support from Screen Yorkshire’s Yorkshire Content Fund.',
              ' It is the fourth movie based on a CBBC programme after """", ""Shaun the Sheep Movie"" and """".',
              ' It is the second movie based on a CBBC show, which has not been released in cinemas and only shown on TV after """"'],
             dtype=object)                                                                                                                                                                                   ,
       array(['Parampara (English: Tradition ) is a 1993 Indian Hindi romantic drama movie starring Aamir Khan, Sunil Dutt, Vinod Khanna, Ashwini Bhave, Ramya Krishna, Saif Ali Khan, Raveena Tandon, Neelam Kothari and Anupam Kher.',
              ' The film is produced by Firoz A. Nadiadwala and directed by Yash Chopra.',
              ' Aditya Chopra wrote the screenplay for the film.',
              ' The film was supposed to be Saif Ali Khan\'s debut however ""Aashiq Awara"" 1992 movie was his debut movie.The film was panned by the critics for its weak storyline, weak music and bad direction by Yash Chopra.',
              ' It was a commercial flop.',
              ' The movie was shot in the famous Indian boarding school, Mayo College.',
              ' The movie was coincidentally same story as another movie Kshatriya (film) which was released before this movie.',
              ' Both the movies were multistarers but failed to create business at the box office.',
              ' Sunil Dutt, Vinod Khanna and Raveena Tandon were the only actors who featured in both the movies.'],
             dtype=object)                                                                                                                                                                                                              ,
       array(['Douglas Pipes is a film music composer whose feature films include the Academy Award nominated ""Monster House"" and the horror film ""Trick \'r Treat"".',
              ' His brassy instrumentations have drawn comparisons to action-music composer guru Alan Silvestri and his other orchestral-music composer counterparts Michael Giacchino, J.A.C. Redford and Joel McNeely.',
              ' His chance encounter with Gil Kenan at UCLA California made him the perfect composer for this soundtrack and composed the music on his short film ""The Lark"".'],
             dtype=object)                                                                                                                                                                                                ,
       array(['Gil Kenan (born October 16, 1976) is an Israeli-British-American film director and screenwriter, best known for his work on the films ""Monster House"" and ""City of Ember"".'],
             dtype=object)                                                                                                                                                                  ,
       array([""Monster House is a 2006 American 3D computer-animated family horror comedy film directed by Gil Kenan, produced by ImageMovers and Amblin Entertainment, and distributed by Columbia Pictures about a neighborhood that's being terrorized by a demonic house."",
              "" The film stars Mitchel Musso, Sam Lerner, Spencer Locke, Steve Buscemi, Nick Cannon, Maggie Gyllenhaal, Jon Heder, Kevin James, Jason Lee, Catherine O'Hara, Kathleen Turner, and Fred Willard.""],
             dtype=object)                                                                                                                                                                                                                                                     ,
       array([""Sapne Saajan Ke is 1992 Hindi language movie directed by Lawrence D'Souza and starring Karishma Kapoor, Rahul Roy, and Jackie Shroff."",
              "" The movie was a collaboration of director Lawrence D'Souza and producer Sudhakar Bokade after their blockbuster movie Saajan."",
              ' However, the movie was average earner at box office.',
              ' Actor Aditya Pancholi used his voice to promote the movie as another movie after super success of movie Saajan'],
             dtype=object)                                                                                                                            ,
       array(['The Sea Monster House that was on display at Pacific Science Center was a combination of two separate houses owned by the Scow family.',
              ' The houses were originally created and constructed on Gilford Island, near Vancouver Island in the early 1900s.',
              ' The shell of the house and front design are replicas of the original Sea Monster House, the original was built around 1900.',
              ' The posts and beams in the exhibit are the actual posts and beams of the Raven House, also owned by the Scow family, which was built around 1916.',
              "" The house is a traditional Kwakwaka'wakw home consisting of four large cedar posts and four large cedar crossbeams surrounded by a shell cedar planks."",
              ' The front of the house is painted in traditional Kwakiutl-style formlines.',
              ' ""Sea Monster"" refers to a myth wherein a large sea creature emerges from Blackfish Sound and contributes to early Kwakiutl society.'],
             dtype=object)                                                                                                                                              ],
      dtype=object)}"
5a8848ac5542996e4f30892c,When did the conference the members of the Fresno State–San Diego State rivalry are both part of begin operations?,July 1999,bridge,medium,"{'title': array(['Fresno State–San Diego State football rivalry',
       'Fresno State–San Diego State football rivalry',
       'Mountain West Conference', 'Mountain West Conference'],
      dtype=object), 'sent_id': array([0, 1, 0, 1], dtype=int32)}","{'title': array(['2013 Mountain West Conference Baseball Tournament',
       '1992 Freedom Bowl',
       '2009 Western Athletic Conference football season',
       ""San Diego State Aztecs men's soccer"",
       'Fresno State–San Jose State football rivalry',
       '2014 San Diego State Aztecs football team',
       'Fresno State–San Diego State football rivalry',
       '2014 Fresno State Bulldogs football team',
       'Fresno State–Hawaii football rivalry', 'Mountain West Conference'],
      dtype=object), 'sentences': array([array(['The 2013 Mountain West Conference Baseball Tournament took place from May 22–26.',
              "" All six of the league's teams met in the double-elimination tournament held at California State University, Fresno's Pete Beiden Field."",
              "" It was Fresno State's first year in the league after joining from the Western Athletic Conference."",
              "" San Diego State won the tournament for the second time, earning the Mountain West Conference's automatic bid to the 2013 NCAA Division I Baseball Tournament.""],
             dtype=object)                                                                                                                                                      ,
       array(['The 1992 Freedom Bowl was a postseason college football bowl game between the USC Trojans of the Pacific-10 Conference and the Fresno State Bulldogs of the Western Athletic Conference.',
              ' It is widely considered the biggest win in Fresno State football history.',
              ' Fresno state, led by future Super Bowl champion Trent Dilfer fell to an early deficit with a USC touchdown.',
              ' The Bulldogs quickly responded with a Lorenzo Neal touchdown and a Derek Mahoney field goal in the second quarter.',
              ' in the second half, two more bulldog touchdowns sealed a victory for Fresno State.',
              ' The Bulldogs had 241 rushing yards, 164 passing yards, 24 first downs, and over 15 minutes of possession time more than USC.',
              ' The Trojans had 88 rushing yards, 95 passing yards, and only 14 first downs.'],
             dtype=object)                                                                                                                                                                               ,
       array(['The 2009 Western Athletic Conference (WAC) football season was an NCAA football season played from September 3, 2009, to January 4, 2010.',
              "" The Western Athletic Conference consists of 9 members: Boise State, Fresno State, Hawai'i, Idaho, Louisiana Tech, Nevada, New Mexico State, San Jose State, and Utah State."",
              ' Boise State won the 2009 WAC title going 13–0, 8–0 in conference and were invited to play in the Fiesta Bowl, in which they defeated previously unbeaten TCU.',
              ' Nevada, Fresno State, and Idaho also played in bowl games, the Hawaiʻ i Bowl, New Mexico Bowl, and Humanitarian Bowl, respectively.',
              ' Nevada lost to SMU and Fresno State lost to Wyoming, while Idaho beat Bowling Green.'],
             dtype=object)                                                                                                                                                                   ,
       array([""The San Diego State Aztecs men's soccer team is a varsity intercollegiate athletic team of San Diego State University in San Diego, California, United States."",
              "" The team is an associate member of the Pac-12 Conference, which is part of the National Collegiate Athletic Association's Division I."",
              "" San Diego State's first men's soccer team was fielded in 1968."",
              ' The team plays its home games at SDSU Sports Deck in San Diego.',
              ' The Aztecs are coached by Lev Kirshner.'], dtype=object)                                                                                                       ,
       array(['The Fresno State–San Jose State football rivalry is a college football rivalry between the Fresno State Bulldogs football team of California State University, Fresno and the San José State Spartans football team of San José State University.',
              ' The two teams currently play annual, regularly scheduled contests due to participation in the Mountain West Conference in the west division.',
              ' In the past, Fresno State and San José State have played in conference play in the CCC, FWC, CCAA, Big West, and WAC since 1921.',
              ' Fresno State and San José State have not played in any competitions outside of conference play and non-conference scheduled meetings.'],
             dtype=object)                                                                                                                                                                                                                                        ,
       array(['The 2014 San Diego State Aztecs football team represented San Diego State University in the 2014 NCAA Division I FBS football season.',
              ' The Aztecs were led by fourth-year head coach Rocky Long and played their home games at Qualcomm Stadium.',
              ' They were members of the West Division of the Mountain West Conference.',
              ' San Diego State finished the season 7–6, 5–3 in Mountain West play to finish in a share for first place in the West Division.',
              ' However, due to Mountain West tiebreaker rules, because of their head to head loss to Fresno State they were not considered division co–champions.',
              ' They were invited to the Poinsettia Bowl where they lost to Navy 16–17.'],
             dtype=object)                                                                                                                                          ,
       array(['The Fresno State–San Diego State football rivalry is an American college football rivalry between the Fresno State Bulldogs football team of California State University, Fresno and San Diego State Aztecs football team of San Diego State University.',
              ' Both schools are members of the Mountain West Conference.',
              ' The winner of the game receives the ""Old Oil Can"" trophy.'],
             dtype=object)                                                                                                                                                                                                                                               ,
       array(['The 2014 Fresno State Bulldogs football team represented California State University, Fresno in the 2014 NCAA Division I FBS football season.',
              ' The Bulldogs were led by third-year head coach Tim DeRuyter and played their home games at Bulldog Stadium.',
              ' They were members of the Mountain West Conference and completed in the West Division.',
              ' They finished the season 6–8 overall and 5–3 in conference to tie for first place in the West Division, but due to their head-to-head win over San Diego State, they were crowned West Division champions.',
              ' They lost to Mountain Division champion Boise State in the Mountain West Championship Game.',
              ' They were invited to the Hawaii Bowl where they lost to Rice.'],
             dtype=object)                                                                                                                                                                                                  ,
       array(['The Fresno State–Hawaii football rivalry is an American college football rivalry between the Fresno State Bulldogs and the Hawaii Rainbow Warriors.',
              ' It is the second-oldest and most fierce rivalry in the West Division of the Mountain West Conference.',
              ' The two teams have met 49 times, with Fresno State currently leading 26–22–1.',
              ' The rivalry was surely recognized in 2016.'], dtype=object)                                                                                         ,
       array(['The Mountain West Conference (MW) is one of the collegiate athletic conferences affiliated with the National Collegiate Athletic Association (NCAA) Division I Football Bowl Subdivision (FBS) (formerly I-A).',
              ' The MW officially began operations in July 1999.',
              ' Geographically, the MW covers a broad expanse of the Western United States, with member schools located in California, Colorado, Hawaii, Idaho, Nevada, New Mexico, Utah, and Wyoming.',
              ' Craig Thompson has served as Commissioner of the MW since its founding in 1999.'],
             dtype=object)                                                                                                                                                                                                     ],
      dtype=object)}"
5a81a35855429926c1cdad59,Are David Nixon and Charlie Chaplin from the same country originally?,no,comparison,medium,"{'title': array(['David Nixon (director)', 'Charlie Chaplin'], dtype=object), 'sent_id': array([0, 0], dtype=int32)}","{'title': array(['Cachupoy', 'Charlie: The Life and Art of Charles Chaplin',
       'Cantinflas', 'David Nixon (director)',
       'Niles Essanay Silent Film Museum', 'A Countess from Hong Kong',
       'Charlie Chaplin', 'Chaplin (2006 musical)',
       'Charlie Chaplin (singer)', 'Jim Henson Company Lot'], dtype=object), 'sentences': array([array(['Salvador Garcia Tampac (July 11, 1932 – January 1, 2008), better known by his screen name Cachupoy was a Filipino actor-comedian.',
              ' His trademark is sporting hair that is parted in the middle.',
              ' He was a mainstay of the ""Magandang Tanghali"" television program.',
              ' He starred in films such as ""Sa Kabukiran"", ""Sitak ni Jack"", ""Rangers in the Wrong War"" (1987), ""A Man Called Tolonges"" (1981), and ""Pitong James Bonds"" (1966).',
              ' He dresses up like Charlie Chaplin and wears almost the same wardrobe as Chaplin.',
              ' One of our golden and famous actors/comedian during the early days of cinema in the Philippines.',
              ' Though he never carried a stick, like Charlie Chaplin did, he distinctively acts like him.',
              ' Cachupoy was also known in his performances with Serafin Gabriel (a.k.a. Apeng Daldal) and with Arturo Vergara Medina (a.k.a. Bentot).'],
             dtype=object)                                                                                                                                                        ,
       array(['Charlie: The Life and Art of Charles Chaplin is a 2003 American biographical documentary film written and directed by film critic Richard Schickel.',
              ' The film explores the personal and professional life of the British actor, comedian and filmmaker, Charlie Chaplin, as well as his legacy and influence.',
              "" It is narrated by Sydney Pollack along with many Hollywood personalities appearing in the film talking about Chaplin, including Robert Downey Jr., Norman Lloyd, Bill Irwin, Woody Allen, Johnny Depp, Richard Attenborough, Martin Scorsese, Miloš Forman, Marcel Marceau, David Raksin, Claire Bloom, David Thomson, Andrew Sarris, Jeanine Basinger and Chaplin's children Geraldine, Michael and Sydney Chaplin."",
              ' The documentary also benefits from insight from key Chaplin biographers David Robinson and Jeffrey Vance.'],
             dtype=object)                                                                                                                                                                                                                                                                                                                                                                                                            ,
       array(['Mario Fortino Alfonso Moreno Reyes, known casually as Mario Moreno, and known professionally as Cantinflas (August 12, 1911 – April 20, 1993), was a Mexican comic film actor, producer, and screenwriter and an iconic figure in Mexico and Latin America.',
              ' He often portrayed impoverished ""campesinos"" or a peasant of ""pelado"" origin.',
              ' The character came to be associated with the national identity of Mexico, and allowed Cantinflas to establish a long, successful film career that included a foray into Hollywood.',
              ' Charlie Chaplin once commented that he was the best comedian alive, and Moreno has been referred to as the ""Charlie Chaplin of Mexico"".',
              ' To audiences in the United States, he is best remembered as co-starring with David Niven in the Academy Award winner for Best Picture film ""Around the World in 80 Days"", for which Moreno won a Golden Globe Award for Best Actor – Motion Picture Musical or Comedy.'],
             dtype=object)                                                                                                                                                                                                                                                               ,
       array(['David Nixon is an American film director and film producer.',
              ' He is the director and producer of ""Letters to God"" and a co-producer and assistant director of ""Fireproof"" and ""Facing the Giants"".'],
             dtype=object)                                                                                                                             ,
       array(['The Niles Essanay Silent Film Museum is located in what is now the historic district of Niles in the city of Fremont, CA.',
              ' The museum is housed in the Edison Theater, a century old Nickelodeon movie theater, just half a block from the former site of the Niles Essanay Studios where Broncho Billy and Charlie Chaplin made films in the 1910s.',
              ' It is dedicated to preserving and showing silent films and their history.',
              ' The silent film historical work of one of the members of its staff, David Kiehn, was featured on 60 Minutes for demonstrating that a film shot in San Francisco entitled A Trip Down Market Steet was actually made a few days before the 1906 San Francisco earthquake.',
              "" Additionally, when Google made a Google Doodle for April 15, 2011, in celebration of Charlie Chaplin's 122nd birthday, they collaborated with the Niles Silent Film Museum to produce the short.""],
             dtype=object)                                                                                                                                                                                                                                                                ,
       array([""A Countess from Hong Kong is a 1967 British comedy film written and directed by Charlie Chaplin and starring Marlon Brando, Sophia Loren, Tippi Hedren and Sydney Chaplin, Chaplin's third son."",
              ' It was the last film directed, written, produced and scored by Chaplin, and one of two films Chaplin directed in which he did not play a major role (the other was 1923\'s ""A Woman of Paris""), as well as his only color film.',
              "" Chaplin's cameo marked his final screen appearance.""],
             dtype=object)                                                                                                                                                                                                                       ,
       array(['Sir Charles Spencer ""Charlie"" Chaplin, {\'1\': "", \'2\': "", \'3\': \'KBE\', \'4\': ""} (16 April 1889 – 25 December 1977) was an English comic actor, filmmaker, and composer who rose to fame in the era of silent film.',
              ' Chaplin became a worldwide icon through his screen persona ""the Tramp"" and is considered one of the most important figures in the history of the film industry.',
              ' His career spanned more than 75 years, from childhood in the Victorian era until a year before his death in 1977, and encompassed both adulation and controversy.'],
             dtype=object)                                                                                                                                                                                                               ,
       array(['Chaplin: The Musical, formerly titled Limelight: The Story of Charlie Chaplin, is a musical with music and lyrics by Christopher Curtis and a book by Curtis and Thomas Meehan.',
              ' The show is based on the life of Charlie Chaplin.',
              ' The musical, which started at the New York Musical Theatre Festival in 2006, debuted at the La Jolla Playhouse in 2010, and then premiered on Broadway in 2012.'],
             dtype=object)                                                                                                                                                                      ,
       array(['Richard Patrick Bennett OD, better known by the stage name Charlie Chaplin, is a Jamaican dancehall and ragga deejay and singer.',
              ' It was common for Jamaican deejays of the era to name themselves after film stars or characters.',
              ' Bennett, however, had been nicknamed after the comedian since his youth.',
              "" His career began in 1980 when he began working with U-Roy's Stur-Gav Hi-Fi collective."",
              ' He became extremely popular throughout Jamaica, memorable for his focus on cultural and social themes instead of the ""slack"" (rough, violent) lyrics that were popular at the time.',
              ' His popularity as a live performer prompted Roy Cousins to produce some recording sessions with the young DJ.',
              ' Chaplin\'s debut album was the Cousins-produced ""Presenting Charlie Chaplin"" in 1982, with several albums following for the producer over the next three years.'],
             dtype=object)                                                                                                                                                                           ,
       array(['The Jim Henson Company Lot (originally Charlie Chaplin Studios and formerly A&M Studios) is a studio property located just south of the southeast corner of La Brea Avenue and Sunset Boulevard in Hollywood.',
              ' It was built in 1917 by film star Charlie Chaplin.'],
             dtype=object)                                                                                                                                                                                                    ],
      dtype=object)}"
5ac5424b5542993e66e82275,What sport does 1992–93 Utah Jazz season and John Stockton have in common?,Basketball,bridge,medium,"{'title': array(['1992–93 Utah Jazz season', 'John Stockton'], dtype=object), 'sent_id': array([0, 0], dtype=int32)}","{'title': array(['1984–85 Utah Jazz season', '2006–07 Utah Jazz season',
       '1999–2000 Utah Jazz season', '1991–92 Utah Jazz season',
       'Michael Stockton', '2002–03 Utah Jazz season', 'Hust Stockton',
       '1992–93 Utah Jazz season', 'John Stockton',
       '1997–98 Utah Jazz season'], dtype=object), 'sentences': array([array(['The 1984–85 Utah Jazz season saw the Jazz draft John Stockton.'],
             dtype=object)                                                      ,
       array([""The 2006-07 Utah Jazz season was the team's 33rd in the NBA."",
              ' They began the season hoping to improve upon their 41-41 output from the previous season.',
              ' They managed to improve by 10 games, finishing 51-31, and qualifying for the playoffs.The Jazz met the Houston Rockets in the First Round, and defeated them in seven games.',
              ' Then, they met the Golden State Warriors, who just came off a stunning upset in the First Round, in which they defeated the first-seeded Dallas Mavericks in six games in the Semifinals, but the Jazz swiftly dispatched the Warriors in five games, moving on to the Western Conference Finals.',
              ' However, their playoff run ended with a defeat to the eventual champion San Antonio Spurs in five games.',
              "" The Spurs would go on to win their fourth NBA Championship after sweeping the Cleveland Cavaliers in that year's NBA Finals."",
              ' Their Western Finals trip made this the most successful recent Jazz season as of 2017.'],
             dtype=object)                                                                                                                                                                                                                                                                                         ,
       array([""The 1999–2000 NBA season was the Utah Jazz's 26th season in the National Basketball Association, and 21st season in Salt Lake City, Utah."",
              ' During the offseason, the Jazz signed free agent Olden Polynice, then later on signed Armen Gilliam in January.',
              ' The Jazz were now the oldest team in the NBA still led by John Stockton and Karl Malone, who were both selected for the 2000 NBA All-Star Game.',
              ' The Jazz would recapture the Midwest Division with a solid 55–27 record, qualifying for the playoffs for the 17th straight season.',
              ' In the playoffs, the Jazz defeated the Seattle SuperSonics three games to two in the Western Conference Quarterfinals, but would lose in five games to the Portland Trail Blazers in the semifinals for the second consecutive year.',
              ' Following the season, Jeff Hornacek retired after playing fourteen years in the NBA, Gilliam also retired while Howard Eisley was traded to the Dallas Mavericks, and Adam Keefe was dealt to the Golden State Warriors.'],
             dtype=object)                                                                                                                                                                                                                            ,
       array([""The 1991–92 NBA season was the Jazz's 18th season in the National Basketball Association, and 13th season in Salt Lake City, Utah."",
              ' It was also their first season playing at the Delta Center.',
              ' The Jazz got off to a 7–6 start as they traded Thurl Bailey to the Minnesota Timberwolves for Tyrone Corbin early into the season.',
              ' The Jazz would win their final seven games finishing first in the Midwest Division with a 55–27 record.',
              ' Karl Malone finished second in scoring with 28.0 points per game, while John Stockton led the league in assists for the fifth straight season with 13.7 assists per game.',
              ' Both Malone and Stockton were selected for the 1992 NBA All-Star Game.',
              ' In the first round of the playoffs, they defeated the Los Angeles Clippers in five games.',
              ' Then in the semifinals, they defeated the Seattle SuperSonics in five games.',
              ' However, the Jazz would lose to the top-seeded Portland Trail Blazers four games to two in the Western Conference Finals.',
              ' Following the season, Blue Edwards was traded to the Milwaukee Bucks.'],
             dtype=object)                                                                                                                                                                 ,
       array(['Michael Stockton (born May 7, 1989) is an American professional basketball player for BG Göttingen of the Basketball Bundesliga (BBL).',
              ' He played college basketball for Westminster College and is the son of long time Utah Jazz point guard John Stockton.'],
             dtype=object)                                                                                                                             ,
       array([""The 2002–03 NBA season was the Jazz's 29th season in the National Basketball Association, and 24th season in Salt Lake City, Utah."",
              ' During the offseason, the Jazz signed free agents Matt Harpring, Calbert Cheaney and Mark Jackson.',
              ' The team finished third in the Midwest Division with a 47–35 record, and qualified for the playoffs for the twentieth straight season.',
              ' However, the Jazz once again failed to make it out of the first round, losing to the Sacramento Kings in five games.',
              ' This season also marked the end of the Stockton and Malone era.',
              ' John Stockton and Karl Malone were both given a long standing ovation after Game 4 at the Delta Center, and another one after Game 5 at the ARCO Arena.',
              ' Following the season, Stockton retired while Malone signed as a free agent with the Los Angeles Lakers.',
              ' Also following the season, Cheaney signed with the Golden State Warriors and Jackson was released.',
              ' The Jazz would not return to the playoffs until 2007.'],
             dtype=object)                                                                                                                                               ,
       array(['John Houston ""Hust"" Stockton (September 23, 1901 – April 27, 1967) was a professional football player, a back in the late 1920s in the National Football League.',
              "" He played with the Frankford Yellow Jackets from 1925 until 1928, and was a member of Yellow Jackets' 1926 NFL Championship team."",
              ' During his final season in 1929, Stockton split time between the Boston Bulldogs and the Providence Steamroller.',
              "" He was the grandfather of basketball Hall of Fame inductee, John Stockton, who played point guard for the National Basketball Association's Utah Jazz from 1984 to 2003.""],
             dtype=object)                                                                                                                                                                 ,
       array([""The 1992–93 NBA season was the Jazz's 19th season in the National Basketball Association, and 14th season in Salt Lake City, Utah."",
              ' During the offseason, the Jazz acquired Jay Humphries from the Milwaukee Bucks.',
              ' Utah hosted the 1993 NBA All-Star Game, and their star players Karl Malone and John Stockton were named co-MVPs.',
              ' Malone and Stockton continued to be among the best players in the NBA, as the Jazz won six of their first eight games on their way to a 24–10 start.',
              ' However, they struggled down the stretch with a 6–8 record in February, including a five-game losing streak.',
              ' Late in the season, the team signed free agent James Donaldson, who played in the final six games of the regular season.',
              ' The Jazz went on to finish third in the Midwest Division with a 47–35 record.',
              ' However, in the first round of the playoffs, they lost to the Seattle SuperSonics in five games after taking a 2–1 series lead.',
              ' Following the season, Mark Eaton announced his retirement.'],
             dtype=object)                                                                                                                                            ,
       array(['John Houston Stockton (born March 26, 1962) is an American retired professional basketball player.',
              ' He spent his entire professional playing career as a point guard for the Utah Jazz of the National Basketball Association (NBA), from 1984 to 2003.',
              ' Stockton is regarded as one of the best point guards of all time, holding the NBA records for most career assists and steals by considerable margins.',
              ' He is a ten-time NBA All-Star, and a two-time Naismith Memorial Basketball Hall of Fame inductee (in 2009 for his individual career, and in 2010 as a member of the 1992 United States men\'s Olympic basketball team (""Dream Team"").',
              "" Stockton was previously an assistant coach for the Montana State University women's basketball team.""],
             dtype=object)                                                                                                                                                                                                                             ,
       array([""The 1997–98 NBA season was the Jazz's 24th season in the National Basketball Association, and 19th season in Salt Lake City, Utah."",
              ' Without John Stockton for the first 18 games due to a knee injury, the Jazz slowly got off to an 11–7 start to the season.',
              ' However, Stockton would eventually return as the Jazz won 31 of their final 36 games after the All-Star break, and finished first place in the Midwest Division with a 62–20 record.',
              "" The Jazz's top scorer Karl Malone, who averaged 27.0 points per game, was part of a Jazz offense that had two other players, Stockton and Jeff Hornacek, averaging double-digits in points."",
              ' Malone was the only member of the team to play in the 1998 NBA All-Star Game.'],
             dtype=object)                                                                                                                                                                                   ],
      dtype=object)}"
5ae1376b554299422ee99629,"What band that Jens Bogren worked with was originally called ""Inferior Breed""?",Soilwork,bridge,medium,"{'title': array(['Jens Bogren', 'Soilwork'], dtype=object), 'sent_id': array([0, 2], dtype=int32)}","{'title': array(['Leto Destinatus', 'Grind the Ocean', 'Reaching into Infinity',
       'Secret Garden (album)', 'The Avenger (album)', 'Jens Bogren',
       'Bilateral (album)', 'Once Sent from the Golden Hall', 'Mantiis',
       'Soilwork'], dtype=object), 'sentences': array([array(['Leto Destinatus is the debut album by Australian Metal band, Universum.',
              "" This album was mixed and mastered by Jens Bogren of Sweden's Fascination Street Studios and is available through Australia's largest heavy music distributor Riot Entertainment, which the band is also signed to.""],
             dtype=object)                                                                                                                                                                                                           ,
       array(['Grind the Ocean is the debut studio album from UK based progressive metal band The Safety Fire.',
              ' The album was initially due to be released on February 27, 2012 in Europe and the February 28, in North America.',
              ' However, the official release date was pushed back to April 9, 2012 in Europe and April 10, 2012 in North America.',
              "" Anyone who pre-ordered the album from the band's official website, received a special edition of the album on the original set release dates."",
              ' The album was mastered by Jens Bogren at Fascination Street Studios.'],
             dtype=object)                                                                                                                                     ,
       array(['Reaching into Infinity is the seventh studio album by British power metal band DragonForce, released on 19 May 2017.',
              ' It is the first studio album to feature drummer Gee Anzalone and the second by the band to be produced by Jens Bogren.'],
             dtype=object)                                                                                                               ,
       array(['Secret Garden is the eighth full-length studio album by Brazilian progressive/power metal band Angra, released on 17 December 2014 in Japan and with a release date of January 2015 in Brazil and Europe.',
              "" The album was produced and recorded in Sweden by Jens Bogren, with pre-production by Roy Z, and is the band's first work with drummer Bruno Valverde, as well as the first studio effort with vocalist Fabio Lione."",
              ' The album also features vocals by guitarist Rafael Bittencourt and some guest performances by Dutch singer Simone Simons (Epica) and German singer Doro Pesch.'],
             dtype=object)                                                                                                                                                                                                           ,
       array(['The Avenger is the second full-length studio album by Swedish death metal band Amon Amarth, released by Metal Blade Records on September 2, 1999.',
              "" It was the first Amon Amarth album with guitarist Johan Söderberg and drummer Fredrik Andersson, Thus completing the line-up that remained up until 2015, following Andersson's departure from the band."",
              ' It was also released as a digipak version, containing a bonus track ""Thor Arise"", a re-recording of the title track from their first demo, ""Thor Arise"".',
              ' The album was also released as an LP version.',
              ' Later, Metal Blade Records re-released the album in 2005 on Picture LP, limited to 500 hand-counted copies.',
              ' The lineup of the album has continued on to present.',
              ' A deluxe edition was released in 2009 that featured the album remastered by Jens Bogren, and a bonus cd of the original album played live in its entirety in Bochum, Germany.'],
             dtype=object)                                                                                                                                                                                                ,
       array(['Jens Peter Daniel Bogren is a record producer, mixer and recording engineer who has worked on albums by Opeth, Dimmu Borgir, Sepultura, Arch Enemy, At The Gates, Katatonia, Babymetal, Soilwork, James LaBrie, Moonspell, God Forbid, Kreator, Devin Townsend, Ihsahn, Dark Tranquillity, Paradise Lost, Amon Amarth, Dragonforce, The Ocean, Haken, Rotting Christ, Symphony X, Myrath, Angra and Dir En Grey amongst others.',
              ' Bogren lives in Örebro, Sweden and is based at Fascination Street Studios.'],
             dtype=object)                                                                                                                                                                                                                                                                                                                                                                                                                      ,
       array(['Bilateral is the second studio album released by the Norwegian progressive metal band, Leprous.',
              ' It was recorded in Ivory Shoulder Studios and Juke Joint Studio by Vegard Tveitan and Heidi Solberg Tveitan, and mixed and mastered at Fascination Street Studio by Jens Bogren.',
              ' Additional editing by Ivar Barstad.',
              ' The music is arranged by the whole band and the lyrics are the work of Einar Solberg, Øystein Landsverk and Tor Oddmund Suhrke.',
              ' Art direction and design by Ritxi Ostáriz.',
              ' Cover painting by Jeff Jordan.',
              ' All songs published by Magic Art Publishing.'], dtype=object)                                                                                                                     ,
       array(['Once Sent from the Golden Hall is the first full-length studio album released by the melodic death metal band Amon Amarth, released by Metal Blade Records.',
              ' On February 10, 1998, ""Once Sent from the Golden Hall"" was released.',
              ' The album was originally limited and only 1000 copies were sold on CD and LP versions.',
              ' Later the album was re-released by Metal Blade in 2005 on Picture LP with 500 hand-counted copies.',
              ' A deluxe edition was released in 2009 that featured the album remastered by Jens Bogren, and a bonus CD of the original album played live in its entirety in Bochum, Germany.'],
             dtype=object)                                                                                                                                                                      ,
       array(['Mantiis - An Agony in Fourteen Bites (2012) is the first studio album by Barcelona-based band Obsidian Kingdom.',
              ' It is a concept album featuring a single song divided into fourteen tracks, noted for reflecting a broad range of emotions through a great variety of genres.',
              ' The album was recorded, mixed and produced by Jorge Mur and the band at Ax Studios in Barcelona, and mastered by Jens Bogren at Fascination Street Studios.',
              ' The artwork of the physical edition was in charge of Elena Gallen, under art direction by Ritxi Ostáriz and the band itself.'],
             dtype=object)                                                                                                                                                     ,
       array(['Soilwork is a Swedish heavy metal band from Helsingborg.',
              ' They are signed to Nuclear Blast.',
              ' Formed in late 1995 by Björn Strid and Peter Wichers, originally under the name ""Inferior Breed"", the band changed their name in late 1996 to Soilwork (meaning ""working from the ground up"").'],
             dtype=object)                                                                                                                                                                                       ],
      dtype=object)}"
5ae7440a5542991e8301cc4c,How many storeys are in the castle inherited by David Gregory?,five,bridge,medium,"{'title': array(['David Gregory (physician)', 'David Gregory (physician)',
       'Kinnairdy Castle'], dtype=object), 'sent_id': array([0, 2, 0], dtype=int32)}","{'title': array(['1600 Pennsylvania Avenue (TV series)', 'David Smith (racewalker)',
       'Dave Cressman', 'David Gregory (physician)',
       ""Newton's minimal resistance problem"", 'David Gregory-Kumar',
       'David Phillips (CSI)', 'David Gregory (author)',
       'Kinnairdy Castle', 'Plague Town'], dtype=object), 'sentences': array([array(['1600 Pennsylvania Avenue is an MSNBC television program hosted by David Shuster that ended in 2009.',
              ' The show is a panel discussion of news and trends in American politics among the panelists and anchor.',
              ' It is a continuation of the show Race for the White House, which was originally hosted by David Gregory and aired in the same time slot from March to November 2008.',
              ' Shuster became the host of the show when Gregory became moderator of NBC\'s ""Meet the Press"".'],
             dtype=object)                                                                                                                                                            ,
       array(['David Gregory ""Dave"" Smith (born 24 July 1955) is a retired male race walker from Australia, who represented his native country at two consecutive Summer Olympics, starting in 1980 (Moscow).',
              "" His best Olympic result was finishing in tenth place in the men's 20\xa0km race at the 1984 Summer Olympics.""],
             dtype=object)                                                                                                                                                                                     ,
       array(['David Gregory Cressman (born January 2, 1950 in Kitchener, Ontario) is a retired Canadian ice hockey left winger.',
              ' He played 85 games in the NHL for the Minnesota North Stars over the 1974–75 and 1975–76 NHL seasons.'],
             dtype=object)                                                                                                        ,
       array(['David Gregory (20 December 1625 – 1720) was a Scottish physician and inventor.',
              ' His surname is sometimes spelt as Gregorie, the original Scottish spelling.',
              ' He inherited Kinnairdy Castle in 1664.',
              ' Three of his twenty-nine children became mathematics professors.',
              ' He is credited with inventing a military cannon that Isaac Newton described as ""being destructive to the human species"".',
              ' Copies and details of the model no longer exist.',
              "" Gregory's use of a barometer to predict farming-related weather conditions led him to be accused of witchcraft by Presbyterian ministers from Aberdeen, although he was never convicted.""],
             dtype=object)                                                                                                                                                                                 ,
       array([""Newton's minimal resistance problem is a problem of finding a solid of revolution which experiences a minimum resistance when it moves through the homogeneous fluid with constant velocity in the direction of the axis of revolution, named after Isaac Newton, who studied the problem in 1685 and published in 1687 in his Principia Mathematica."",
              ' This problem is considered as one of the first problems solved in the calculus of variations, which appeared even before the brachistochrone problem.',
              ' Newton published the solution in Principia Mathematica without his derivation and David Gregory was the first person who approached Newton and persuaded him to write an analysis for him.',
              ' Then the derivation were shared to his students and peers by Gregory.'],
             dtype=object)                                                                                                                                                                                                                                                                                                                                            ,
       array(['David Gregory-Kumar (born David Gregory) is a news correspondent for BBC Midlands Today, covering the English midlands.',
              ' He is the science and environmental correspondent.'],
             dtype=object)                                                                                                              ,
       array(['David Gregory Phillips is a fictional character on the CBS crime drama """", portrayed by David Berman, who also serves as head researcher for the series.',
              ' From Season 10 onwards David Berman has been credited in the opening titles.'],
             dtype=object)                                                                                                                                               ,
       array(['David Gregory is an American author of Christian fiction.',
              ' David is a native of Texas.'], dtype=object)              ,
       array(['Kinnairdy Castle is a tower house, having five storeys and a garret, two miles south of Aberchirder, Aberdeenshire, Scotland.',
              ' The alternative name is Old Kinnairdy.'], dtype=object)                                                                       ,
       array(['Plague Town is a 2008 American horror film directed by David Gregory and written by David Gregory and John Cregan.'],
             dtype=object)                                                                                                          ],
      dtype=object)}"
5a7798415542992a6e59df13,What is the name of the biggest Brazilian brewing company that merged with Belgian company Interbrew to form company InBev in 2004?  ,AmBev,bridge,medium,"{'title': array(['Interbrew', 'Interbrew', 'AmBev', 'AmBev'], dtype=object), 'sent_id': array([0, 1, 0, 1], dtype=int32)}","{'title': array(['PerfectDraft', 'AmBev', 'Pabst Brewing Company', 'Interbrew',
       'List of breweries in Australia', 'Latrobe Brewing Company',
       'Anheuser-Busch InBev', 'InBev', 'Diebels', 'Charrington Brewery'],
      dtype=object), 'sentences': array([array(['PerfectDraft is a beer tapping system from Dutch company Philips and Belgian company InBev.',
              ' The device is similar to the installations for tapping beer at parties, however it works with special six-liter-kegs.',
              ' Both Jupiler and Stella Artois and a whole range of other InBev beers are available for use with PerfectDraft.',
              ' When left in the machine, the kegs will be stored at the temperature of 3°C and correct pressure.',
              ' One keg lasts for up to 29 days.'], dtype=object)                                                                      ,
       array(['Ambev, formally Companhia de Bebidas das Américas (official English translation: ""Americas\' Beverage Company"", hence the name ""Ambev"", formerly styled as ""AmBev"") is a Brazilian brewing company.',
              ' It is the biggest brewery in Latin America and the fifth in the world.',
              ' It was created on July 1, 1999, with the merger of two breweries, Brahma and Antarctica.',
              ' The merger was approved by the Board of Directors of the Brazilian Administrative Council for Economic Defense (CADE) on March 30, 2000.',
              ' The headquarters are in São Paulo, Brazil.'], dtype=object)                                                                                                                                         ,
       array(['The Pabst Brewing Company ( ) is an American company that dates its origins to a brewing company founded in 1844 by Jacob Best and was, by 1889, named after Frederick Pabst.',
              ' It is currently the holding company contracting for the brewing of over two dozen brands of beer and malt liquor from now defunct companies including Pabst Blue Ribbon, P. Ballantine and Sons Brewing Company, G. Heileman Brewing Company, Lone Star Brewing Company, Pearl Brewing Company, Piels Bros., Valentin Blatz Brewing Company, National Brewing Company, Olympia Brewing Company, Falstaff Brewing Corporation, Primo Brewing & Malting Company, Rainier Brewing Company, F & M Schaefer Brewing Company, Joseph Schlitz Brewing Company, Jacob Schmidt Brewing Company and Stroh Brewery Company.'],
             dtype=object)                                                                                                                                                                                                                                                                                                                                                                                                                                                                                                                                                                                                         ,
       array(['Interbrew was a large Belgium-based brewing company which owned many internationally known beers, as well as some smaller local beers.',
              ' In 2004, Interbrew merged with Brazilian brewer AmBev to form InBev, which at the time became the largest brewer in the world by volume, with a 13% global market share.',
              ' In 2008, InBev further merged with American brewer Anheuser-Busch to form Anheuser-Busch InBev (abbreviated AB InBev).',
              ' Interbrew is now a division of Anheuser-Busch InBev SA/NV since the latter acquired SABMiller in October 2016.'],
             dtype=object)                                                                                                                                                                ,
       array(['Beer production in Australia has traditionally been dominated by regional producers.',
              ' Since the 1980s there has been a steady stream of takeovers and amalgamations, and now the two major producers (who were once Australian owned) are Carlton & United Breweries (CUB) and Lion.',
              "" In December 2011, CUB became a subsidiary of British multinational SABMiller (the then world second largest international brewing company) and in October 2016 CUB became 100% owned by Anheuser-Busch InBev (AB InBev) the world's largest brewing company based in Belgium."",
              ' Since October 2009, Lion has been a subsidiary of Japanese brewer, Kirin Holdings Company Limited a brewing company established in 1885.',
              ' The largest remaining Australian owned brewer is Coopers Brewery with a market share of about 4% of total beer volume sales in Australia.'],
             dtype=object)                                                                                                                                                                                                                                                                     ,
       array(['Latrobe Brewing Company in Latrobe, Pennsylvania, founded in 1839, was one of the largest breweries in the United States and the maker of ""Rolling Rock"" beer (famous for its small green bottles).',
              ' It was purchased by Labatt Brewing Company in 1987, which in turn was purchased in 1995 by the Belgian brewing conglomerate corporation Interbrew, which merged later into InBev in 2004.'],
             dtype=object)                                                                                                                                                                                          ,
       array(['Anheuser-Busch InBev SA/NV (] ; abbreviated as AB InBev) is a Belgian–Brazilian beverage and brewing company with global headquarters in Leuven, Belgium.',
              ' Additional main offices are located in New York City, São Paulo, St. Louis, London, Mexico City, Johannesburg, Toronto, Buenos Aires and others.',
              ' The company was enlarged in October 2016 when AB InBev purchased SABMiller and concluded a merger of the two entities.',
              "" It was the world's largest brewer even before the acquisition of SABMiller and is considered one of the largest fast-moving consumer goods (FMCG) companies in the world."",
              ' The estimated annual sales for the company in 2017 will be US$55 billion; prior to the merger, ABInBev had realized US$45.5 billion in revenue in 2016.',
              ' The company is expected to have an estimated global market share of 28 percent, according to Euromonitor International.',
              ' The company has recently announced a commitment to secure 100% of its purchased electricity from renewable sources by 2025.'],
             dtype=object)                                                                                                                                                                 ,
       array(['InBev was a brewing company that resulted from the merger between Belgium-based company Interbrew and Brazilian brewer AmBev which took place in 2004.',
              ' It existed independently until the acquisition of Anheuser-Busch in 2008, that formed Anheuser-Busch InBev (abbreviated AB InBev).',
              ' InBev had operations in over 30 countries and sales in over 130 countries.',
              ' In 2006, it had a market capitalization of €30.6 billion and net profit of €3.2 billion on sales of €13.3 billion.'],
             dtype=object)                                                                                                                                             ,
       array(['Brauerei Diebels is a firm based in Issum on the Lower Rhine that manufactures various beer products and belongs to the Anheuser-Busch Inbev Group in Brussels.',
              ' The formerly independent family firm was taken over in 2001 by the Belgian Interbrew Group which merged with the Brazilian AmBev to form the Anheuser-Busch InBev brewing group.'],
             dtype=object)                                                                                                                                                                         ,
       array(['Charrington Brewery was a brewery company founded in Bethnal Green, London in the early 18th century by Robert Westfield.',
              ' In 1766, John Charrington joined the company, which then traded as Westfield, Moss & Charrington from the Anchor Brewery in Mile End.',
              ' It merged with United Breweries of London in 1964 to become Charrington United Breweries, then, after acquiring a number of other breweries, it merged with Bass Brewery in 1967 to become the largest UK brewing company, Bass Charrington, later simply Bass plc.',
              ' The brewing operations of the company were bought by Interbrew (now Anheuser-Busch InBev) in 2000, while the retail side (hotel and pub holdings) were renamed Six Continents.',
              ' In 2003 Six Continents split into a pubs business, now known as Mitchells & Butlers, and a hotels and soft drinks business, now known as InterContinental Hotels Group.'],
             dtype=object)                                                                                                                                                                                                                                                           ],
      dtype=object)}"
5a8cda4255429941ae14df14,The Wenceslas Bible was commissioned by a king who was deposed as King of the Romans in what year?,1400,bridge,medium,"{'title': array(['Wenceslas Bible', 'Wenceslaus IV of Bohemia'], dtype=object), 'sent_id': array([2, 2], dtype=int32)}","{'title': array(['Wicked Bible', 'New Cambridge Paragraph Bible',
       'Good King Wenceslas', 'Conrad IV of Germany', 'Wenceslas Bible',
       'Life Application Study Bible', 'Wenceslaus IV of Bohemia',
       'Velislai biblia picta', 'Romans 8', 'Crown of Saint Wenceslas'],
      dtype=object), 'sentences': array([array([""The Wicked Bible, sometimes called Adulterous Bible or Sinners' Bible, is the Bible published in 1631 by Robert Barker and Martin Lucas, the royal printers in London, which was meant to be a reprint of the King James Bible."",
              ' The name is derived from a mistake made by the compositors: in the Ten Commandments ( ), the word ""not"" in the sentence ""Thou shalt not commit adultery"" was omitted, thus changing the sentence into ""Thou shalt commit adultery"".',
              ' This blunder was spread in a number of copies.',
              ' About a year later, the publishers of the Wicked Bible were called to the Star Chamber and fined £300 (equivalent to £ as of 2015 ) and deprived of their printing license.',
              ' The fact that this edition of the Bible contained such a flagrant mistake outraged Charles I and George Abbot, the Archbishop of Canterbury, who said then:'],
             dtype=object)                                                                                                                                                                                                                           ,
       array(['The New Cambridge Paragraph Bible with the Apocrypha is a newly edited edition of the King James Version of the Bible (KJV) published by Cambridge University Press in 2005.',
              ' This 2005 edition was printed as ""The Bible (Penguin Classics)"" in 2006.',
              ' The editor is David Norton, Reader in English at Victoria University of Wellington, New Zealand.',
              ' Prof. Norton is author of ""A History of the Bible as Literature"" (1993) revised and condensed as ""A History of the English Bible as Literature"" (2000).',
              ' He wrote ""A Textual History of the King James Bible"" as a companion volume to the New Cambridge Paragraph Bible.'],
             dtype=object)                                                                                                                                                                   ,
       array(['""Good King Wenceslas"" is a popular Christmas carol that tells a story of a Bohemian king going on a journey and braving harsh winter weather to give alms to a poor peasant on the Feast of Stephen (December 26, the First Day of Christmas).',
              "" During the journey, his page is about to give up the struggle against the cold weather, but is enabled to continue by following the king's footprints, step for step, through the deep snow."",
              ' The legend is based on the life of the historical Saint Wenceslaus I, Duke of Bohemia or ""Svatý "" in Czech (907–935).',
              ' The name Wenceslas is a Latinised version of the modern Czech language ""Václav"".'],
             dtype=object)                                                                                                                                                                                                                                     ,
       array(['Conrad (25 April 1228 – 21 May 1254), a member of the Hohenstaufen dynasty, was the only son of Emperor Frederick II from his second marriage with Queen Isabella II of Jerusalem.',
              ' He inherited the title of a King of Jerusalem (as Conrad II) upon the death of his mother in childbed.',
              ' Appointed Duke of Swabia in 1235, his father had him elected King of Germany (King of the Romans) and crowned King of Italy (as Conrad IV) in 1237.',
              ' After the emperor was deposed and died in 1250, he ruled as King of Sicily (Conrad I) until his death.'],
             dtype=object)                                                                                                                                                                         ,
       array(['The Wenceslas Bible (German: ""Wenzelsbibel"" ) or the Bible of Wenceslaus IV (Czech: ""Bible Václava IV."" )',
              ' is a multi-volume illuminated biblical manuscript written in the German language.',
              ' The manuscript was commissioned by the King Wenceslaus IV of Bohemia (that time also the King of the Romans) and made in Prague in the 1390s.',
              ' The Wenceslas Bible is unique and very precious not only because of its text, which is one of the earliest German translations of the Bible, but also because of its splendid illuminations.',
              ' This oldest German deluxe Bible manuscript remained uncompleted.'],
             dtype=object)                                                                                                                                                                                    ,
       array(['The Life Application Study Bible is a Study Bible published by Tyndale House Publishers.',
              ' It has been available in a number of editions that use various Bible translations, including the New Living Translation (NLT), the King James Version (KJV), the New King James Version (NKJV), the New International Version (NIV), the New American Standard Bible (NASB), the Holman Christian Standard Bible (HCSB), The Living Bible (TLB), and the New Revised Standard Version (NRSV) (the latter two translations are no longer published by Tyndale).',
              ' The study notes differ from a traditional study Bible in that they emphasize living out the principles of scripture rather than simply looking at the historical details of the time-period.',
              ' Its publisher claims that the Life Application Bible is the best-selling study Bible on the market today.',
              ' The ""Life Application Study Bible"" is also published by Zondervan featuring the NIV but only in leather bindings.',
              ' (Now sold in Canada in hardcover edition)'], dtype=object)                                                                                                                                                                                                                                                                                                                                                                                                      ,
       array(['Wenceslaus (also ""Wenceslas""; Czech: ""Václav"" ; German: ""Wenzel"" , nicknamed ""der Faule"" (""the Idle""); 26 February 1361 – 16 August 1419) was, by inheritance, King of Bohemia (as ""Wenceslaus IV"") from 1363 and by election, German King (formally King of the Romans) from 1376.',
              ' He was the third Bohemian and fourth German monarch of the Luxembourg dynasty.',
              ' Wenceslaus was deposed in 1400 as King of the Romans, but continued to rule as Bohemian king until his death.'],
             dtype=object)                                                                                                                                                                                                                                                                          ,
       array([""The Velislaus Bible or Velislav's Bible (Latin Velislai biblia picta) is an illuminated manuscript of 1325–1349, which is in effect a picture-book of the Bible, as the text is limited to brief titles or descriptions of the 747 pictures from the Old Testament and the New Testament, from the writings about the Antichrist and from the legends of the saints, especially St Wenceslas."",
              ' It is therefore an example of a Biblia pauperum, though not in the typical form, having many more images.',
              ' Most of the illuminations are only in ink, though some colour is used.'],
             dtype=object)                                                                                                                                                                                                                                                                                                                                                                                    ,
       array(['Romans 8 is the eighth chapter of the Epistle to the Romans in the New Testament of the Christian Bible.',
              ' It is authored by Paul the Apostle, but written by an amanuensis, Tertius of Iconium, while Paul was in Corinth in the winter of AD 57-58.',
              ' Paul wrote to the Roman Christians in order to give them a thorough of overview of his theology.',
              ' Chapter 8 concerns ""the Christian\'s spiritual life,"" according to Jerusalem Bible\'s sub-heading for Romans 8.'],
             dtype=object)                                                                                                                                  ,
       array(['The Crown of Saint Wenceslas is a crown forming part of the Bohemian Crown Jewels, and made in 1347.',
              ' The eleventh king of Bohemia and Holy Roman Emperor Charles IV, from the House of Luxembourg, had it made for his coronation, dedicating it to the first patron saint of the country St. Wenceslas and bequeathed it as a state crown for the coronation of (future) Bohemian kings.',
              ' On the orders of Charles IV the new royal crown was permanently deposited in Karlštejn Castle near Prague).',
              ' It was used for the last time for the coronation of Ferdinand V in 1836.'],
             dtype=object)                                                                                                                                                                                                                                                                            ],
      dtype=object)}"
5ab8402455429919ba4e228a,Which country's former capital hosts the Simba Sports Club?,Tanzania,bridge,medium,"{'title': array(['Simba S.C.', 'Dar es Salaam'], dtype=object), 'sent_id': array([0, 0], dtype=int32)}","{'title': array(['Dandeniya Hemachandra de Silva', 'SC Dynamo Berlin',
       'Al-Muharraq SC', 'Ahmed Marzooq', 'Simba S.C.',
       'Harare Sports Club', 'Al Sadd SC', 'Manila Nomads Sports Club',
       'Amir Maftah', 'Dar es Salaam'], dtype=object), 'sentences': array([array(['Dandeniya Hemachandra De Silva (5 November 1932 - 25 April 2014) was a Sri Lankan cricket player.',
              ' Commonly known as D.H. de Silva, he was educated at Mahinda College, Galle and at the University of Peradeniya.',
              ' He captained both his school cricket team and the university cricket team, before representing Nomads Sports Club and Sinhalese Sports Club in Sri Lankan first class cricket.',
              ' He was a founding member of the Nomads Sports club and is a former captain of the Nomads cricket team.'],
             dtype=object)                                                                                                                                                                      ,
       array(['The Sports Club Dynamo Berlin was an East German sports club that existed from 1954 to 1991.',
              ' It was a training center for the Sports Club Dynamo (Sports club of the Ministry of Police and the Ministry for Public Security).'],
             dtype=object)                                                                                                                          ,
       array(['Al-Muharraq Sports Club (Arabic: نادي المحرق الرياضي\u200e \u200e ) is a Bahraini football club based in Muharraq.',
              ' It is one of the oldest sports club in the Arabian Peninsula Region.',
              ' Al-Muharraq Sports Club has won the Bahraini Football Premier League 33 times.',
              ' Al-Muharraq Sports Club also takes part in other sports than football like Basketball and Volleyball.',
              ' Historically, Al-Muharraq Sports Club football team resembles most of Bahrain national football team.',
              ' Muharruq is the one of the biggest clubs in Bahrain football history if not the biggest.',
              ' Muharruq Also Won the crown prince cup 5 times Making them the most team winning it.',
              ' Muharruq won the Bahrain King Cup 32 times the second most team who have won it is Al Ahli they won it 8 times.'],
             dtype=object)                                                                                                         ,
       array(['Ahmed Marzooq (born 1 September 1976 in Addu Feydhoo, Republic of Maldives), also known as Mare, is the Secretary General of Maldives Olympic Committee.',
              ' Till electing to the post on 11 July 2009, he also was the General Secretary of one of the most successful Maldivian football team Victory Sports Club.',
              ' He was a former football player who won numerous trophies with Club Valencia and Island Football Club (IFC).',
              ' Before moving to Club Valencia in 1998, he played for Youth Sports Club from 1994 to 1997.',
              ' During his time he was well known as a bold head who is the son of former Maldivian famous referee Hussain Mohamed Didi aka GEORGE.',
              ' Marzooq and his brother Mohamed Nizam played together in Youth Sports Club and Club Valencia as well.',
              ' He scored the historical goal which have been recorded as the fastest goal in a final match in the History of Maldives football.',
              ' The goal was scored within 32 seconds after kick off against New Radiant on 1999 FA Cup final.'],
             dtype=object)                                                                                                                                               ,
       array(['Simba Sports Club is a Tanzanian football club based in Dar es Salaam.',
              ' Their home games are played at two stadiums, Uhuru Stadium and National Stadium.',
              ' Simba SC is one of the two biggest football clubs in Tanzania, their arch-rivals being the Young Africans.',
              ' The club had several names during its history.',
              ' When it was founded in 1936, the Club was called Queens, it was later changed to ""Eagles"" and ""Dar Sunderland"", and in 1971 changed to its current name, ""Simba"" (which means ""Lion"" in Swahili).'],
             dtype=object)                                                                                                                                                                                          ,
       array(['Harare Sports Club is a sports club and multi-purpose stadium in Harare, Zimbabwe.',
              ' Founded in 1900 and known as Salisbury Sports Club until 1982, it is mostly used for cricket matches, and has served as the primary cricket venue in Rhodesia and Zimbabwe since its foundation.',
              ' Other sports played at the club are rugby, tennis, golf and squash.'],
             dtype=object)                                                                                                                                                                                        ,
       array(['Al-Sadd Sports Club (Arabic: نادي السد الرياضي\u200e \u200e ) is a Qatari sports club based in the Al Sadd district of the city of Doha.',
              ' It is best known for its association football team, which competes in the top level of Qatari football, the Qatar Stars League.',
              ' Locally, it is known primarily by the nickname ""Al Zaeem"", which translates to ""The Boss"".',
              ' In addition to the Al Saad handball team, the club has participation in handball, basketball, volleyball, table tennis and athletics.',
              ' It is the most successful sports club in the country, and holds a national record of 53 official football championships.'],
             dtype=object)                                                                                                                               ,
       array(['The Manila Nomads Sports Club, or simply the Nomads Sports Club or the Manila Nomads, is a sports club based in Parañaque, Metro Manila, Philippines.',
              ' The sports club primarily focuses on its association football team which played in the United Football League, the highest level of Philippine club football.'],
             dtype=object)                                                                                                                                                      ,
       array(['Amir Maftah (born 25 December 1988) is a Tanzanian footballer.',
              ' A left back, he currently plays club football for Simba Sports Club.',
              ' He is also a member of the Tanzania national football team.'],
             dtype=object)                                                            ,
       array(['Dar es Salaam (from Arabic: دار السلام\u200e \u200e ""Dār as-Salām "", ""the house of peace""; formerly Mzizima) is the former capital and largest city in Tanzania.',
              ' It is one of the largest cities in East Africa by population, as well as a regionally important economic centre.',
              ' Located on the Swahili coast, the city is one of the fastest growing cities in the world.'],
             dtype=object)                                                                                                                                                       ],
      dtype=object)}"
5ac48ee55542996feb3fe8c7,"Jina Devi Chongtham, is an Indian judoka, she is competing in the half-heavyweight (78 kg) class at which competitions in Glasgow, Scotland were held from 24 July to 26 July at the Scottish Exhibition and Conference Centre?",2014 Commonwealth Games,bridge,easy,"{'title': array(['Jina Devi Chongtham', 'Judo at the 2014 Commonwealth Games'],
      dtype=object), 'sent_id': array([1, 0], dtype=int32)}","{'title': array(['Weightlifting at the 2014 Commonwealth Games',
       'Judo at the 2014 Commonwealth Games', 'Alien War',
       ""Judo at the 2014 Commonwealth Games – Men's 60 kg"",
       'Gymnastics at the 2014 Commonwealth Games',
       ""Judo at the 2014 Commonwealth Games – Men's 66 kg"", 'Kelvin Hall',
       'Jina Devi Chongtham', 'Vera Moskalyuk', 'Rajwinder Kaur (judoka)'],
      dtype=object), 'sentences': array([array(['Weightlifting competitions at the 2014 Commonwealth Games in Glasgow, Scotland were held between 24 July and 2 August at the Scottish Exhibition and Conference Centre.',
              ' Included with the weightlifting event were four powerlifting events for disabled athletes.'],
             dtype=object)                                                                                                                                                              ,
       array(['Judo competitions at the 2014 Commonwealth Games in Glasgow, Scotland were held from 24 July to 26 July at the Scottish Exhibition and Conference Centre.',
              ' Judo returned to the program after last being held at the 2002 Commonwealth Games.'],
             dtype=object)                                                                                                                                                ,
       array(['Alien War was a ""total reality"" experience in the United Kingdom that originally opened at the Arches in Glasgow in April 1992 themed around the Alien series of films.',
              ' Created by John Gorman and Gary Gillies, the attraction had a short run as a mobile event at various exhibition centres in the UK (including the Bournemouth International Centre and the Aberdeen Exhibition and Conference Centre).',
              ' On 15 October 1993 it opened in the basement of the Trocadero centre in London.',
              ' The permanent attraction in London closed after a flood in August 1996 and was never reopened.',
              ' It made a short return between December 1999 and January 2000 in the Scottish Exhibition and Conference Centre in Glasgow in a modified form.'],
             dtype=object)                                                                                                                                                                                                                             ,
       array([""The men's 60\xa0kg Judo competitions at the 2014 Commonwealth Games in Glasgow, Scotland was held on 24 July at the Scottish Exhibition and Conference Centre."",
              ' Judo returned to the program, after last being competed back in 2002.'],
             dtype=object)                                                                                                                                                     ,
       array(['Gymnastics competitions at the 2014 Commonwealth Games in Glasgow, Scotland, was held from 24 July to 1 August at the SSE Hydro arena at the Scottish Exhibition and Conference Centre.'],
             dtype=object)                                                                                                                                                                               ,
       array([""The men's 66\xa0kg Judo competitions at the 2014 Commonwealth Games in Glasgow, Scotland was held on 24 July at the Scottish Exhibition and Conference Centre."",
              ' Judo returned to the program, after last being competed back in 2002.'],
             dtype=object)                                                                                                                                                     ,
       array(['The Kelvin Hall in Argyle Street Glasgow, Scotland, is one of the largest exhibition centres in Britain and now a mixed-use arts and sports venue that opened as an exhibition venue in 1927.',
              "" It has also been used as a concert hall, home to the Kelvin Hall International Sports Arena to 2014, and from 1987 to 2010, Glasgow's Museum of Transport."",
              "" As part of the economic redevelopment of Greater Glasgow promoted by the Scottish Development Agency and local authorities to enhance the city's tourist infrastructure and to attract further national and international conferences the Scottish Exhibition and Conference Centre was designed as the Hall's successor for exhibitions and entertainments, built and opened on the nearby Queen's Dock in 1985 with an exhibition area equal in size to the Kelvin Hall but with the benefit of extensive car parks and land for other complementary buildings.""],
             dtype=object)                                                                                                                                                                                                                                                                                                                                                                                                                                                                                                                                                          ,
       array(['Jina Devi Chongtham (born 3 February 1987) is an Indian judoka.',
              ' She is competing in the half-heavyweight (78 kg) class at the 2014 Commonwealth Games in Glasgow.'],
             dtype=object)                                                                                          ,
       array(['Vera Sergeyevna Moskalyuk (Russian: Вера Сергеевна Москалюк; born 10 November 1981 in Zhytomyr, Ukraine) is a Ukrainian-born Russian judoka.',
              ' She competed in three consecutive Summer Olympics.',
              ' In 2004 in Athens in the -78 kg event she was eliminated in her first match by Liu Xia.',
              ' In Beijing in 2008 she competed again at -78 kg and lost her first match to Esther San Miguel.',
              ' Finally in London in 2012, still in the -78 kg event she was defeated by Kayla Harrison.'],
             dtype=object)                                                                                                                                   ,
       array(['Rajwinder Kaur (born 2 April 1984) is an Indian judoka.',
              ' She won the bronze medal in the +78 kg weight class at the 2014 Commonwealth Games in Glasgow, Scotland.'],
             dtype=object)                                                                                                 ],
      dtype=object)}"
5a734a885542991f9a20c6e9,What prison is the Cleveland Strangler incarcerated at?,Chillicothe Correction Institution,bridge,hard,"{'title': array(['Chillicothe Correctional Institution',
       'Chillicothe Correctional Institution',
       'Chillicothe Correctional Institution', 'Anthony Sowell'],
      dtype=object), 'sent_id': array([0, 3, 4, 0], dtype=int32)}","{'title': array(['Anthony Sowell', 'California Habeas Project',
       'Statistics of incarcerated African-American males',
       'Inside-Out Prison Exchange Program', '2016 U.S. prison strike',
       'Gender-responsive prisons', 'Annika Östberg', 'Up the Ridge',
       'Chillicothe Correctional Institution',
       'Prison rape in the United States'], dtype=object), 'sentences': array([array(['Anthony Edward Sowell (born August 19, 1959) is an American serial killer known as the Cleveland Strangler.',
              ' He was arrested in October 2009 after the bodies of eleven women were discovered by police investigators at his Cleveland, Ohio, duplex at 12205 Imperial Avenue in Mount Pleasant neighborhood.'],
             dtype=object)                                                                                                                                                                                         ,
       array(['The California Habeas Project, also known as The Habeas Project, is a collaboration that advocates for reducing the sentences of domestic violence survivors incarcerated for crimes related to their experiences of being abused.',
              "" The constituent organizations in the collarborative include: Free Battered Women, Legal Services for Prisoners with Children, California Women's Law Center, USC Post-Conviction Justice Project, and the Los Angeles County Public Defender's Office."",
              ' The Habeas Project recruits volunteer legal teams from private law firms to represent incarcerated survivors of domestic violence.',
              ' The Habeas Project began working with women in prison in 2002 after the California penal code was altered to give battered women in California prisons a chance for a new hearing.',
              ' By 2007, the Habeas Project had facilitated the release of 19 survivors of domestic violence from prison.'],
             dtype=object)                                                                                                                                                                                                                                              ,
       array(['Researchers have been analyzing statistics on the incarceration in the United States of African-American males as to age, location, causes, and the impact on children.',
              ' Approximately 12–13% of the American population is African-American, but they make up 35% of jail inmates, and 37% of prison inmates of the 2.2 million male inmates as of 2014 (U.S. Department of Justice, 2014).',
              ' Census data for 2000 of the number and race of all individuals incarcerated in the United States revealed a wide racial disproportion of the incarcerated population in each state: the proportion of blacks in prison populations exceeded the proportion among state residents in twenty states.'],
             dtype=object)                                                                                                                                                                                                                                                                                           ,
       array(['The Inside-Out Prison Exchange Program (Inside-Out) is an international educational program based in Philadelphia at Temple University.',
              ' Inside-Out was established by Lori Pompa in 1997 to bring traditional college students and incarcerated persons together in semester-long courses to explore and learn about issues of crime and justice from behind prison walls.',
              ' The program was founded on the hypothesis that incarcerated and non-incarcerated students might mutually benefit from studying together as peers.'],
             dtype=object)                                                                                                                                                                                                                          ,
       array(['The 2016 U.S. prison strike was a prison work stoppage that began on September 9, 2016, the 45th anniversary of the Attica uprising.',
              ' The strike occurred in 24 states, and over 24,000 prisoners partook in the strike.',
              ' The involvement of 24,000 prisoners made this strike the largest ever recorded in the U.S. Within a week, inmates from approximately 20 prisons participated.',
              ' Organizations involved in coordinating the strike include the Incarcerated Workers Organizing Committee and the Free Alabama Movement.',
              ' The issues behind the prison strike included unfair prison labor, low salary, and unsatisfying living conditions.',
              ' The main goal of the strike was to end the prison slavery to which inmates are subjected.',
              ' According to the 13th Amendment in the Constitution of the United States of America, slavery can be used to penalize the breaching of the law.'],
             dtype=object)                                                                                                                                                     ,
       array(['Gender-responsive prisons (also known as gender-responsive corrections or gender-responsive programming) are prisons constructed with the intent of providing gender-specific care to incarcerated women.',
              "" Contemporary gender-based prison programs were presented as a solution to the rapidly increasing number of women being incarcerated in the prison industrial complex and the subsequent overcrowding of California's prisons."",
              ' These programs vary in intent and implementation.',
              ' The use of such programs centers upon the ideology that female offenders in the criminal justice system are unique from their male counterparts, in their general personal histories and in their pathways to crime, and therefore require gender-specific rehabilitative programs.',
              ' Multi-dimensional programs oriented toward ostensibly female behaviors are suggested for female offenders and are considered by many to be effective in curbing recidivism.'],
             dtype=object)                                                                                                                                                                                                                                                                           ,
       array(['Annika Maria Östberg Deasy (born January 6, 1954, Stockholm, Sweden) is a Swedish citizen formerly incarcerated in California for an undetermined period (25 years to life sentence).',
              ' She was convicted of first-degree murder of a restaurant owner and a police officer in 1981.',
              "" In April 2009, after 27 years in a California prison, Östberg was handed over to Swedish authorities and transferred to Sweden, and incarcerated in the Hinseberg women's prison north of Örebro."",
              ' She was later fully released.'], dtype=object)                                                                                                                                                     ,
       array(['Up the Ridge is a 2006 documentary film by Appalshop filmmakers Nick Szuberla and Amelia Kirby revealing injustices in the American Prison System.',
              ' It especially highlights prisoners sent from urban areas to be incarcerated in rural supermax prisons, such as Red Onion State Prison and Wallens Ridge State Prison.',
              ' The film delves into issues of parole reform, prisoner abuse, and prisoner suicide.',
              ' Up the Ridge was created as a part of the Thousand Kites project, a nonprofit organization aimed at exacting prison reform through narrative means.',
              ' (Kite is prison slang for sending a message)'], dtype=object)                                                                                                          ,
       array(['Chillicothe Correction Institution, or CCI, is a state run medium security prison on the west bank of the Scioto River just outside Chillicothe, Ohio.',
              ' It is located adjacent to Ross Correctional Institution and Hopewell Culture National Historical Park.',
              ' The prison is a former military camp, named for Civil War general William Tecumseh Sherman.',
              ' It later became a federal penitentiary and has housed several high-profile prisoners including Charles Manson in 1952, bootlegger Junior Johnson, and serial killer Anthony Sowell.',
              ' Sowell currently resides there and is on death row.'],
             dtype=object)                                                                                                                                                                           ,
       array(['Prison rape commonly refers to the rape of inmates in prison by other inmates or prison staff.',
              ' In 2001, Human Rights Watch estimated that at least 140,000 inmates had been raped while incarcerated in the United States.',
              ' A United States Department of Justice report, ""Sexual Victimization in Prisons and Jails Reported by Inmates"", states that ""In 2011–12, an estimated 4.0% of state and federal prison inmates and 3.2% of jail inmates reported experiencing one or more incidents of sexual victimization by another inmate or facility staff in the past 12 months or since admission to the facility, if less than 12 months.""',
              ' However, advocates dispute the accuracy of the numbers, saying they seem to under-report the real numbers of sexual assaults in prison, especially among juveniles.'],
             dtype=object)                                                                                                                                                                                                                                                                                                                                                                                                         ],
      dtype=object)}"
5ae360fb5542992f92d822a5,The DeLorean DMC-12 was the only model of car ever made by the company formed in what year?,1975,bridge,medium,"{'title': array(['DeLorean DMC-12', 'DeLorean Motor Company'], dtype=object), 'sent_id': array([0, 0], dtype=int32)}","{'title': array(['List of car brands', 'Concept Centaur GT', 'Peel P50',
       'Citroën Type A', 'DeLorean time machine',
       'DeLorean Motor Company', 'Hoffmann (automobile)',
       'DeLorean DMC-12', 'Zastava 750', 'Peugeot Type 1'], dtype=object), 'sentences': array([array(['This ""\'list of car makes "" tries to show every make or marque of car ever used; some are manufacturing companies in their own right that also use their company name as a model name, and others are subsidiary companies, divisions, or products of badge engineering.'],
             dtype=object)                                                                                                                                                                                                                                                                ,
       array(['The Concept Centaur GT was a kit car first built by Concept Cars Ltd of Middleton, Leicestershire, in 1973 and marketed from 1974 to 1977.',
              ' The design was very much influenced by the Probe 15 from Adams Probe Motor.',
              ' The car is famous for possibly being the lowest car ever made being only 94\xa0cm (37\xa0in) high.',
              ' It was based on the Hillman Imp mechanicals and the body was a GRP-and-plywood monocoque with box section and steel tube reinforcement.',
              ' The number of models produced is disputed, both 26 and 52 cars have been quoted.'],
             dtype=object)                                                                                                                                 ,
       array(['The Peel P50 is a three-wheeled microcar originally manufactured from 1962 to 1965 by the Peel Engineering Company on the Isle of Man.',
              ' It was listed in the 2010 Guinness World Records as the smallest production car ever made.',
              ' It had no reverse gear, but a handle at the rear allows the very lightweight car to be physically manoeuvred when required.'],
             dtype=object)                                                                                                                             ,
       array(['The Citroën Type A was produced from June 1919 to December 1921 in Paris, France.',
              ' It was the very first Citroën car ever made.'], dtype=object)                     ,
       array(['The DeLorean time machine is a fictional automobile-based time travel device featured in the ""Back to the Future"" franchise.',
              ' In the feature film series, Dr. Emmett Brown builds a time machine based on a DeLorean DMC-12 car, to gain insights into history and the future.',
              ' Instead, he ends up using it to travel over 130 years of Hill Valley history (from 1885 to 2015) with Marty McFly to change the past for the better and to undo the negative effects of time travel.',
              ' One of the cars used in filming is on display at Universal Studios Hollywood.'],
             dtype=object)                                                                                                                                                                                            ,
       array(['The DeLorean Motor Company (DMC) is an American automobile manufacturer originally formed by automobile industry executive John DeLorean in 1975.',
              ' It is remembered for the one model it produced — the distinctive stainless steel DeLorean DMC-12 sports car featuring gull-wing doors—and for its brief and turbulent history, ending in receivership and bankruptcy in 1982.',
              ' Near the end, in a desperate attempt to raise the funds his company needed to survive, John DeLorean was filmed appearing to accept money to take part in drug trafficking, but was subsequently acquitted of charges brought against him on the basis of entrapment.'],
             dtype=object)                                                                                                                                                                                                                                                              ,
       array(['The 1951 Hoffmann is a three-wheeled car created by Michael Hoffmann.',
              ' It is considered by some to be the worst car ever made, owing to its pervasive bizarre design decisions.'],
             dtype=object)                                                                                                 ,
       array(['The DeLorean DMC-12 (commonly referred to simply as ""the DeLorean,"" as it was the only model ever produced by the company) is a sports car manufactured by John DeLorean\'s DeLorean Motor Company for the American market from 1981–83.',
              ' The car features gull-wing doors and an innovative fiberglass body structure with a steel backbone chassis, along with external brushed stainless steel body panels.',
              ' It became widely known and iconic for its appearance, and a modified DMC-12 was immortalized as the DeLorean time machine in the ""Back to the Future"" media franchise.'],
             dtype=object)                                                                                                                                                                                                                               ,
       array(['The Zastava 750 (Застава 750) was a supermini made by the Serbian car maker Zavod Crvena Zastava in Kragujevac.',
              ' It was a version of the Fiat 600 made under licence from 1965, it was longer in length than the Fiat version.',
              ' The Zastava 750 has a 767 cc engine, which produces 25 PS .',
              ' The more powerful 750 SE has 30 PS at 5400\xa0rpm and torque is 38 lbft at 3600\xa0rpm.',
              ' It is the smallest car ever made by Zastava.',
              ' Later on during production, in 1980, the Zastava 850 was introduced.',
              ' It is nearly identical to the Zastava 750 but the engine had a larger capacity.',
              ' The Zastava 850 is harder to find than the 750 model but both are still widely available in former Yugoslavia.'],
             dtype=object)                                                                                                       ,
       array(['The Serpollet Tricycle/Peugeot Type 1 is a small steam tricycle, produced by Peugeot in 1886.',
              ' It is the first Peugeot car ever made.'], dtype=object)                                       ],
      dtype=object)}"
5abc80b65542993a06baf8fa,Joy's law was formulated by an American computer scientist who played an integral role in the early development of what?,BSD UNIX,bridge,medium,"{'title': array([""Joy's law (computing)"", 'Bill Joy', 'Bill Joy'], dtype=object), 'sent_id': array([0, 0, 2], dtype=int32)}","{'title': array([""Joy's law (computing)"", 'Charles Bachman', 'Leonard Kleinrock',
       'Chittoor V. Ramamoorthy', 'Eugene Myers', 'Ivan Sutherland',
       'Bill Joy', 'Peter Shirley', 'John McCarthy (computer scientist)',
       'Juan E. Gilbert'], dtype=object), 'sentences': array([array([""In computing, Joy's law, first formulated by Sun Microsystems co-founder Bill Joy in 1983, states that the peak computer speed doubles each year and thus is given by a simple function of time."",
              ' Specifically,'], dtype=object)                                                                                                                                                                   ,
       array(['Charles William Bachman III (Born on December 11, 1924 – July 13, 2017) was an American computer scientist, who spent his entire career as an industrial researcher, developer, and manager rather than in academia.',
              ' He was particularly known for his work in the early development of database management systems.'],
             dtype=object)                                                                                                                                                                                                           ,
       array(['Leonard Kleinrock (born June 13, 1934) is an American computer scientist.',
              "" A professor at UCLA's Henry Samueli School of Engineering and Applied Science, he made several important contributions to the field of computer networking, in particular to the theoretical foundations of computer networking."",
              ' He played an influential role in the development of the ARPANET, the precursor to the Internet, at UCLA.'],
             dtype=object)                                                                                                                                                                                                                        ,
       array(['Chittoor V. Ramamoorthy (1926 – 2016) was an American computer scientist, computer engineer and educator whose work had many implications in engineering, computer science, and software engineering.',
              ' Together with Raymond T. Yeh, he is given credit for the early establishment of the discipline of software engineering.',
              ' He had a large following worldwide with whom he actively collaborated until the last few months of his life.Advances made during these collaborations included the exploration of transdisciplinary methods and the development of a science to support future complex systems design'],
             dtype=object)                                                                                                                                                                                                                                                                              ,
       array(['Eugene Wimberly ""Gene"" Myers, Jr. (born December 31, 1953) is an American computer scientist and bioinformatician, who is best known for contributing to the early development of the NCBI\'s BLAST tool for sequence analysis.'],
             dtype=object)                                                                                                                                                                                                                       ,
       array(['Ivan Edward Sutherland (born May 16, 1938) is an American computer scientist and Internet pioneer, widely regarded as the ""father of computer graphics.""',
              ' His early work in computer graphics as well as his teaching with David C. Evans in that subject at the University of Utah in the 1970s was pioneering in the field.',
              ' Sutherland, Evans, and his students from that era invented several foundations of modern computer graphics.',
              ' He received the Turing Award from the Association for Computing Machinery in 1988 for the invention of Sketchpad, an early predecessor to the sort of graphical user interface that has become ubiquitous in personal computers.',
              ' He is a member of the National Academy of Engineering, as well as the National Academy of Sciences among many other major awards.',
              ' In 2012 he was awarded the Kyoto Prize in Advanced Technology for ""pioneering achievements in the development of computer graphics and interactive interfaces"".'],
             dtype=object)                                                                                                                                                                                                                        ,
       array(['William Nelson Joy (born November 8, 1954) is an American computer scientist.',
              ' He co-founded Sun Microsystems in 1982 along with Vinod Khosla, Scott McNealy and Andreas von Bechtolsheim, and served as chief scientist at the company until 2003.',
              ' He played an integral role in the early development of BSD UNIX while a graduate student at Berkeley, and he is the original author of the vi text editor.',
              ' He also wrote the 2000 essay ""Why the Future Doesn\'t Need Us"", in which he expressed deep concerns over the development of modern technologies.'],
             dtype=object)                                                                                                                                                            ,
       array(['Peter Shirley (born 1963) is American computer scientist and computer graphics researcher.',
              ' He is a Distinguished Scientist at NVIDIA and adjunct professor at the University of Utah in computer science.',
              ' He has made extensive contributions to interactive photorealistic rendering.',
              ' His textbook, ""Fundamentals of Computer Graphics"", is considered one of the leading introductory texts on computer graphics and is currently in the fourth edition.'],
             dtype=object)                                                                                                                                                            ,
       array(['John McCarthy (September 4, 1927\xa0– October 24, 2011) was an American computer scientist and cognitive scientist.',
              ' McCarthy was one of the founders of the discipline of artificial intelligence.',
              ' He coined the term ""artificial intelligence"" (AI), developed the Lisp programming language family, significantly influenced the design of the ALGOL programming language, popularized timesharing, and was very influential in the early development of AI.'],
             dtype=object)                                                                                                                                                                                                                                                    ,
       array(['Juan E. Gilbert (born February 27, 1969) is an American computer scientist, researcher, inventor, and educator.',
              "" A staunch advocate of diversity in the computing sciences, Gilbert's successful efforts to increase the number of underrepresented minorities in the computing disciplines have been recognized by professional engineering organizations and the United States government."",
              ' In honor of both his accomplishments and his service to the university, Gilbert was awarded the first Presidential Endowed Chair at Clemson University on November 9, 2012.',
              "" As a result of Dr. Gilbert's efforts, in 2012, Clemson was home to 10% of the African American computer science professors, and 10% of the African American computer science doctoral students in the United States."",
              ' In 2014, Dr. Gilbert left Clemson University and joined the Computer & Information Science & Engineering Department at the University of Florida where he serves as the Andrew Banks Family Preeminence Endowed Chair and the Chair of the department.',
              ' Dr. Gilbert is the first African American chair of the Department of Computer & Information Science & Engineering at the University of Florida.'],
             dtype=object)                                                                                                                                                                                                                                                                   ],
      dtype=object)}"
5a8a77bc55429970aeb702f6,"The arena home to the Cleveland Monsters, replaced a stadium opened in what year?",1974,bridge,medium,"{'title': array(['Richfield Coliseum', 'Richfield Coliseum', 'Quicken Loans Arena'],
      dtype=object), 'sent_id': array([1, 2, 1], dtype=int32)}","{'title': array(['Alfond Stadium (University of Maine)', 'Cleveland Stadium',
       'Cleveland Cavaliers', 'Quicken Loans Arena', 'KeyBank Center',
       'Dan Gilbert', 'Sports in Cleveland', 'Cleveland Gladiators',
       'Cleveland Monsters', 'Richfield Coliseum'], dtype=object), 'sentences': array([array(['Morse Field at Harold Alfond Sports Stadium is a 10,000-seat multi-purpose stadium in Orono, Maine.',
              ' The stadium opened as Alumni Field in 1947 and underwent extensive renovations from 1996 to 1998.',
              ' It is home to the University of Maine Black Bears football team.',
              ' The wood and steel grandstands, built in the 1940s, were condemned and demolished in 1996, replaced with the current east grandstand, along with a temporary structure on the west side, adjacent to Alfond Arena.',
              ' The current west grandstand, lights, press and luxury levels, as well as concessions and restroom amenities were completed prior to the 1998 season.',
              "" The stadium was rededicated to Harold Alfond, a longtime Maine booster, at Maine's first home night game on September 12, 1998, a 52-28 win over New Hampshire in the Battle for the Brice-Cowell Musket."",
              ' The field is named for Phillip and Susan Morse, who donated the lights, original Astroturf and scoreboard.',
              ' In the summer of 2008, new FieldTurf was installed to replace the old AstroTurf.',
              "" In 2014, a 20'x32' high-definition video-board replaced the matrix display installed in 1998, and a contemporary scoreboard was installed on the north end.""],
             dtype=object)                                                                                                                                                                                                          ,
       array(['Cleveland Stadium, commonly known as Municipal Stadium or Lakefront Stadium, was a multi-purpose stadium located in Cleveland, Ohio.',
              ' It was one of the early multi-purpose stadiums, built to accommodate both baseball and football.',
              ' The stadium opened in 1931 and is best known as the long-time home of the Cleveland Indians of Major League Baseball, from 1932 to 1993, and the Cleveland Browns of the National Football League (NFL), from 1946 to 1995, in addition to hosting other teams, sports, and being a regular concert venue.',
              ' The stadium was a four-time host of the Major League Baseball All-Star Game, one of the host venues of the 1948 and 1954 World Series, and the site of the original Dawg Pound, Red Right 88, and The Drive.'],
             dtype=object)                                                                                                                                                                                                                                                                                                  ,
       array(['The Cleveland Cavaliers, also known as the Cavs, are an American professional basketball team based in Cleveland, Ohio.',
              "" The Cavs compete in the National Basketball Association (NBA) as a member of the league's Eastern Conference Central Division."",
              ' The team began play as an expansion team in 1970, along with the Portland Trail Blazers and Buffalo Braves.',
              ' Home games were first held at Cleveland Arena from 1970 to 1974, followed by the Richfield Coliseum from 1974 to 1994.',
              ' Since 1994, the Cavs have played home games at Quicken Loans Arena in downtown Cleveland, which is shared with the Cleveland Gladiators of the Arena Football League and the Cleveland Monsters of the American Hockey League.',
              ' Dan Gilbert has owned the team since March 2005.'], dtype=object)                                                                                                                                                               ,
       array(['Quicken Loans Arena, commonly known as ""The Q"", is a multi-purpose arena in downtown Cleveland, Ohio, United States.',
              ' The building is the home of the Cleveland Cavaliers of the National Basketball Association (NBA), the Cleveland Monsters of the American Hockey League, and the Cleveland Gladiators of the Arena Football League.',
              "" It also serves as a secondary arena for Cleveland State Vikings men's and women's basketball.""],
             dtype=object)                                                                                                                                                                                                          ,
       array(['KeyBank Center, formerly known as Marine Midland Arena, HSBC Arena and First Niagara Center, is a multipurpose indoor arena located in downtown Buffalo, New York.',
              ' It is the largest indoor arena in Western New York, seating 19,070 fans in its normal configuration, and was constructed primarily for the Buffalo Sabres of the National Hockey League (NHL), who have called the arena home since 1996, when it replaced the now-demolished Memorial Auditorium.',
              ' The arena was renamed as KeyBank Center starting with the 2016–2017 NHL season.',
              ' It is owned by Erie County and operated by Pegula Sports and Entertainment (as Hockey Western New York, LLC).'],
             dtype=object)                                                                                                                                                                                                                                                                                          ,
       array([""Daniel Gilbert (born 17 January 1962) is the chairman and founder of Rock Ventures and Quicken Loans Inc., the owner of the National Basketball Association's Cleveland Cavaliers, the American Hockey League's Cleveland Monsters, the Arena Football League's Cleveland Gladiators and the NBA Development League's Canton Charge."",
              ' He is also the operator of the Quicken Loans Arena in Cleveland, Ohio and chairman of JACK Entertainment (formerly Rock Gaming), which opened its first Horseshoe Casino (now JACK Cleveland Casino) in downtown Cleveland in May 2012.'],
             dtype=object)                                                                                                                                                                                                                                                                                                                           ,
       array([""Cleveland's professional sports teams include the Cleveland Indians (Major League Baseball), Cleveland Browns (National Football League), Cleveland Cavaliers (National Basketball Association), Cleveland Monsters (American Hockey League), and the Cleveland Gladiators (Arena Football League)."",
              ' Local sporting facilities include Progressive Field, FirstEnergy Stadium, Quicken Loans Arena and the Wolstein Center.'],
             dtype=object)                                                                                                                                                                                                                                                                                          ,
       array(['The Cleveland Gladiators are an arena football team based in Cleveland, Ohio, United States, who play in the Arena Football League (AFL) as part of the AFL National Conference.',
              ' The Gladiators play their home games at Quicken Loans Arena, which they share with the Cleveland Cavaliers of the National Basketball Association and the Cleveland Monsters of the American Hockey League.',
              ' The franchise was originally based in East Rutherford, New Jersey, and then later in Las Vegas, Nevada, before relocating to Cleveland for the 2008 AFL season.',
              ' The Gladiators have qualified for the playoffs eight times in their history, reaching the ArenaBowl for the first time in 2014.'],
             dtype=object)                                                                                                                                                                                                   ,
       array(['The Cleveland Monsters are a professional ice hockey team in the American Hockey League (AHL) based in Cleveland, Ohio, United States.',
              ' The team began play in 2007 as the Lake Erie Monsters and since 2015 has served as the top affiliate of the Columbus Blue Jackets of the National Hockey League (NHL).',
              ' The Monsters play home games at Quicken Loans Arena in downtown Cleveland and have one Calder Cup championship, after winning their first title in 2016.'],
             dtype=object)                                                                                                                                                              ,
       array(['Richfield Coliseum, also known as the Coliseum at Richfield, was an indoor arena located in Richfield Township, between Cleveland and Akron, Ohio.',
              ' It opened in 1974 as a replacement for the Cleveland Arena, and had a seating capacity of 20,273 for basketball.',
              ' It was the main arena for the Northeast Ohio region until 1994, when it was replaced by Quicken Loans Arena in downtown Cleveland.',
              ' The Coliseum stood vacant for five years before it was purchased and demolished in 1999 by the National Park Service.',
              ' The site of the building was converted to a meadow and is now part of Cuyahoga Valley National Park.'],
             dtype=object)                                                                                                                                         ],
      dtype=object)}"
5ab9308e554299131ca422b0,Samuel Barber and Alban Berg are both what profession?,composer,comparison,medium,"{'title': array(['Samuel Barber', 'Alban Berg'], dtype=object), 'sent_id': array([0, 0], dtype=int32)}","{'title': array(['Altenberg Lieder', 'Alban Berg Quartett', 'Wozzeck (Gurlitt)',
       'Wozzeck', 'Konstantinos Papadakis (pianist)',
       'Schliesse mir die Augen beide', 'Violin Concerto (Berg)',
       'Samuel Barber', 'Walter Levin', 'Alban Berg'], dtype=object), 'sentences': array([array(['The Five Orchestral Songs (German: ""Fünf Orchesterlieder, nach Ansichtkarten-Texten von Peter Altenberg"" ), Op.',
              ' 4, for medium voice and orchestra, were composed by Alban Berg in 1911/12.',
              ' Numbers 2 and 3 were premiered under the baton of Berg\'s teacher Arnold Schoenberg at the Vienna Musikverein on 31 March 1913, known as the ""Skandalkonzert"" for the riot that erupted during Berg\'s songs.',
              "" The texts are taken from picture-postcard texts ('Ansichtskartentexte' in German ) by the contemporary Viennese poet Peter Altenberg (hence the more commonly used title Altenberg Lieder )."",
              ' The texts deal with the stormy but beautiful condition of the soul, and the palpable sensations of love and longing.',
              "" Berg's setting is for a large orchestra."",
              "" The music has many displaced ostinati and the conflicted, lyrical passion found in much of Berg's works.""],
             dtype=object)                                                                                                                                                                                                     ,
       array(['The Alban Berg Quartett was a string quartet founded in Vienna, Austria in 1970, named after Alban Berg.'],
             dtype=object)                                                                                                ,
       array(['Wozzeck (op. 16) is a 1926 German-language opera in 18 scenes and one epilogue by Manfred Gurlitt after the fragmentary ""Woyzeck"" by Georg Büchner.',
              ' It was premiered 22 April 1926 in Bremen, four months after the better known opera ""Wozzeck"" by Alban Berg had been premiered at the Berlin State Opera on 14 December 1925.',
              "" The two composers were unaware of each others projects, being among many artists stimulated by the publication of Büchner's play."",
              ' Berg, unsettled by his publisher Universal Edition also publishing another opera on the same material so quickly reviewed Gurlitt\'s piano score, and in a letter to Erich Kleiber noted Gurlitt\'s work\'s quality and originality, but found the ""broth"" watered down.',
              "" This verdict reflects Berg's own Wagnerian influences, while Gurlitt was nearer to the aesthetics of Paul Hindemith and Kurt Weill.""],
             dtype=object)                                                                                                                                                                                                                                                                ,
       array(['Wozzeck (] ) is the first opera by the Austrian composer Alban Berg.',
              ' It was composed between 1914 and 1922 and first performed in 1925.',
              ' The opera is based on the drama ""Woyzeck"", which was left incomplete by the German playwright Georg Büchner at his death.',
              "" Berg attended the first production in Vienna of Büchner's play on 5 May 1914, and knew at once that he wanted to base an opera on it."",
              ' From the fragments of unordered scenes left by Büchner, Berg selected fifteen to form a compact structure of three acts with five scenes each.',
              ' He adapted the libretto himself, retaining ""the essential character of the play, with its many short scenes, its abrupt and sometimes brutal language, and its stark, if haunted, realism...""'],
             dtype=object)                                                                                                                                                                                      ,
       array(['Konstantinos Papadakis (Greek: Κωνσταντίνος Παπαδάκης ; born October 2, 1972 in Heraklion, Crete, Greece) is a Greek pianist.',
              ' He has received the Golden Medal of superior talent.',
              ' He has performed in worldwide major concert halls such as Carnegie Hall and Wigmore Hall.',
              ' He studied with Anthony di Bonaventura at Boston University.',
              ' Three years later, he joined the piano faculty at Boston University and was later appointed a ""Samuel Barber"" Artist in Residence at West Chester University of Pennsylvania where he remained for 5 years.',
              "" In 2011 he joined the piano faculty of the New England Conservatory's Pre-College Division in Boston."",
              "" He holds the prestigious Motoko and Gordon Deane Principal Chair of Boston's Atlantic Symphony Orchestra."",
              ' He has premiered many works, including Samuel Barber\'s ""Three Essays"", ""Three Sketches"", ""Fresh from West Chester"" and ""Fantasy for two pianos"".',
              ' The ""Boston Globe"" has described him as ""one of the greatest hopes of music"".',
              ' Celebrating the bicentennial year of Franz Liszt, he released a recording with short miniatures for piano entitled ""The Short Liszt"" to a critical acclaim.',
              ' He is the director of the AASMA Piano Summer Academy in Archanes Crete, Greece.',
              ' In 2013 was appointed lecturer at  Boston University College of Fine Arts.'],
             dtype=object)                                                                                                                                                                                                   ,
       array(['""Schliesse mir die Augen beide"" is a poem by Theodor Storm, twice set to music by Alban Berg.',
              ' Berg composed his first setting in 1907, dedicating it to his future wife.',
              ' The second version was composed in 1925 to celebrate the 25th anniversary of the Universal Edition music publisher.',
              ' This second setting was Berg\'s first full-fledged 12 tone composition, and he re-used its tone row, or rather its secondary set, in the first movement of the ""Lyric Suite"" for string quartet of 1926.'],
             dtype=object)                                                                                                                                                                                                 ,
       array([""Alban Berg's Violin Concerto was written in 1935 (the score is dated 11 August 1935)."",
              "" It is probably Berg's best-known and most frequently performed instrumental piece, in which the composer sought to reconcile diatonicism and dodecaphony."",
              ' Berg composed it on a commission from Louis Krasner, and it became the last work that he completed.',
              "" Krasner performed the solo part in the premiere at the Palau de la Música Catalana, Barcelona on 19 April 1936, after the composer's death.""],
             dtype=object)                                                                                                                                                 ,
       array(['Samuel Osborne Barber II (March 9, 1910 – January 23, 1981) was an American composer of orchestral, opera, choral, and piano music.',
              ' He is one of the most celebrated composers of the 20th century: music critic Donal Henahan stated that ""Probably no other American composer has ever enjoyed such early, such persistent and such long-lasting acclaim.""'],
             dtype=object)                                                                                                                                                                                                                 ,
       array(['Walter Levin (December 6, 1924 – August 4, 2017) was the founder, first violinist, and guiding spirit of the LaSalle Quartet (active 1947–1987), which was known for its championing of contemporary composers, for its recordings of the Second Viennese School (Arnold Schoenberg, Alban Berg, and Anton Webern), as well as for its intellectually penetrating interpretations of the classical and romantic quartet repertory, in particular the late quartets of Beethoven.',
              ' Levin was also an important pedagogue, having taught many of the world’s leading string quartets, among them the Alban Berg Quartet and the Arditti Quartet; other prominent students include the conductor James Levine, the violinist Christian Tetzlaff and the pianist Stefan Litwin.'],
             dtype=object)                                                                                                                                                                                                                                                                                                                                                                                                                                                                       ,
       array(['Alban Maria Johannes Berg ( ; ] ; February 9, 1885 – December 24, 1935) was an Austrian composer of the Second Viennese School.',
              ' His compositional style combined Romantic lyricism with twelve-tone technique.'],
             dtype=object)                                                                                                                      ],
      dtype=object)}"
5ab2002c5542993be8fa98a0,"The song ""I am that man"" was recorded by a country music duo founded in which year ?",1990,bridge,medium,"{'title': array(['I Am That Man', 'Brooks &amp; Dunn'], dtype=object), 'sent_id': array([0, 1], dtype=int32)}","{'title': array(['Believe (Brooks &amp; Dunn song)', 'Some People Change (song)',
       'The Orchard (Duo)', 'I Am That Man', 'Lonzo and Oscar',
       ""Ain't Nothing 'bout You"", 'Brooks &amp; Dunn', 'Bomshel',
       ""Hard Workin' Man (song)"", 'Big &amp; Rich discography'],
      dtype=object), 'sentences': array([array(['""Believe"" is a song written by Ronnie Dunn and Craig Wiseman, and recorded by American country music duo Brooks & Dunn.',
              ' It was released in October 2005 as the second single from their album ""Hillbilly Deluxe"", and it won the Country Music Association\'s 2006 awards for Single of the Year, Song of the Year and Music Video of the Year.'],
             dtype=object)                                                                                                                                                                                                                ,
       array(['""Some People Change"" is a song written by Julian Williams, Neil Thrasher, Jason Sellers, and Michael Dulaney.',
              ' It was originally recorded by American country music artist Kenny Chesney for his 2004 album ""When the Sun Goes Down"".',
              ' It was then recorded by Canadian country music artist George Canyon for his 2006 album ""Somebody Wrote Love"".',
              ' Finally, by American country music duo Montgomery Gentry recorded their version of the song and released it as a single.',
              ' It was released in August 2006 as the lead single from their 2006 album of the same name.',
              ' It peaked at number 7 on the U.S. ""Billboard"" Hot Country Songs chart and at number 57 on the U.S. ""Billboard"" Hot 100.'],
             dtype=object)                                                                                                                ,
       array(['The Orchard is a Canadian country music duo made up of singer-songwriters Kasha Anne and Mitch Smith.',
              ' They are signed to Royalty Records and have distribution through Sony Music Entertainment.',
              ' Their debut album, ""Southern Ground"", was released in 2012 with all five singles charting in the top 100 of the Trax Country Radio Charts.',
              ' The Orchard\'s second album, ""Georgia"", was released in 2014 and features the singles ""She Don’t Play Fair"" and ""Angel Eyes"".',
              ' At the 2014 Association of Country Music in Alberta (ACMA) Awards, The Orchard received five nominations for “Group or Duo of the Year”, “Fans Choice”, “Album of the Year”, “Rising Star” and two songs nominated for “Song of the Year”.',
              ' Their third album ""The Great Unknown"" was released on March 10, 2017.'],
             dtype=object)                                                                                                                                                                                                                                  ,
       array(['""I Am That Man"" is a song written by Terry McBride and Monty Powell, and recorded by American country music duo Brooks & Dunn.',
              ' It was released in June 1996 as the second single released from their album ""Borderline"".',
              ' The song peaked at number 2 on the ""Billboard"" Hot Country Singles & Tracks chart.'],
             dtype=object)                                                                                                                     ,
       array(['Lonzo and Oscar were an American country music duo founded in 1945 originally consisting of Lloyd George (1924-1991) as ""Lonzo"" and Rollin ""Oscar"" Sullivan (1919-2012), best known for being the first to perform the 1948 song ""I\'m My Own Grandpa"".',
              ' George departed in 1950, and Lonzo was later portrayed by Johnny Sullivan (1917-1967) from 1950 to 1967 and by David Hooten from 1967 to 1985, when the band retired (with some final shows performed by Sullivan and first Cleo C. Hogan, then Billy Henson, the latter of which eventually bought the rights to the name).',
              ' Lonzo and Oscar owned a record label, a recording studio, and a music publishing company.',
              ' The recording studio and the record label were called ""Nugget"".',
              ' The music publishing company was called ""Lonzo and Oscar (BMI)"".',
              "" Melba Montgomery's first recordings were released on Nugget Records in the late 1950s through the early 1960s."",
              ' The songs which Starday Records released by Melba Montgomery in the 1960s came from Nugget Records.',
              ' Harlan Howard recorded an album with Nugget Records.',
              "" Danny Harrison, Melba Montgomery, and Darnell Miller wrote for Lonzo and Oscar's publishing company, Lonzo and Oscar (BMI).""],
             dtype=object)                                                                                                                                                                                                                                                                                                                    ,
       array(['""Ain\'t Nothing \'bout You"" is a song written by Tom Shapiro and Rivers Rutherford, and recorded by American country music duo Brooks & Dunn.',
              ' It was released on February 12, 2001 as the first single from their album ""Steers & Stripes"".',
              ' The song was nominated by the Country Music Association for Single of the Year.',
              "" It spent six consecutive weeks as the 1 song on the US Country chart, and eventually ranked as the chart's 1 song of 2001."",
              ' It also managed to cross over to the pop charts, reaching #25 on the ""Billboard"" Hot 100 chart, and ranking #71 for the year on that chart.'],
             dtype=object)                                                                                                                                    ,
       array(['Brooks & Dunn is an American country music duo consisting of Kix Brooks and Ronnie Dunn, both vocalists and songwriters.',
              ' The duo was founded in 1990 through the suggestion of Tim DuBois.',
              ' Before the foundation, both members were solo recording artists.',
              ' Brooks wrote number one singles for John Conlee, Nitty Gritty Dirt Band, and Highway 101; both he and Dunn also charted two solo singles a piece in the 1980s, with Brooks also releasing an album for Capitol Records in 1989.',
              ' However, they began hitting the charts together in 1991.'],
             dtype=object)                                                                                                                                                                                                                       ,
       array(['Bomshel was an American country music duo founded in 2005 by lead singer Buffy ""Buf"" Lawson and fiddle player Kristy Osmunson.',
              ' Signed to Curb Records in 2004, Bomshel\'s original lineup charted four singles on the ""Billboard"" Hot Country Songs charts, and recorded an unreleased album called ""Bomshel Stomp"".',
              ' One of their songs, ""The Power of One"", was included in the soundtrack to the film ""Evan Almighty"".',
              ' Lawson departed in December 2007, and Kelley Shepard was chosen as her replacement.',
              ' The new lineup of Shepard and Osmunson released four more singles, including ""Fight Like a Girl"" and ""19 and Crazy,"" both of which reached the Country Top 40.',
              ' In October 2009, Bomshel released its debut album, also titled ""Fight Like a Girl"".',
              ' Bomshel released Hallleluy\'all"" in 2013 before disbanding, and Osmunson founded a second duo called American Young.'],
             dtype=object)                                                                                                                                                                             ,
       array(['""Hard Workin\' Man"" is a song written Ronnie Dunn, and recorded by American country music duo Brooks & Dunn that peaked at number four on the US Country charts in 1993.',
              ' It was released in February 1993 as the first single and title track from their second album ""Hard Workin\' Man"".',
              ' It also won the duo the Best Country Performance by a Duo or Group with Vocals in 1994.'],
             dtype=object)                                                                                                                                                               ,
       array(['Big & Rich is an American country music duo founded by Big Kenny and John Rich.',
              ' Signed to Warner Bros.',
              ' Records in 2004, the duo has released five studio albums, four extended plays, two extended play/DVD combos, one greatest hits album and fifteen singles.',
              ' Their 2004 debut, ""Horse of a Different Color"", is also their highest-selling album, certified 3× Platinum by the Recording Industry Association of America (RIAA) and gold by the Canadian Recording Industry Association (CRIA).',
              ' 2005\'s ""Comin\' to Your City"" is certified platinum by the RIAA, and 2007\'s ""Between Raising Hell and Amazing Grace"" is certified gold by the same.',
              ' Their first EP/DVD combo, ""Big & Rich\'s Super Galactic Fan Pak"", is also certified platinum.'],
             dtype=object)                                                                                                                                                                                                                          ],
      dtype=object)}"
5ac301cf554299657fa290d4,What was the name of the lead guitarist of the band that released the album Illusion of Progress in 2008?,Mike Mushok,bridge,easy,"{'title': array(['The Illusion of Progress', 'The Illusion of Progress', 'Staind'],
      dtype=object), 'sent_id': array([0, 1, 1], dtype=int32)}","{'title': array(['Use Your Illusion II', 'Cage the Elephant', 'You Can Do Anything',
       'Blind Illusion', 'The Illusion of Progress', 'Neal Tiemann',
       'John Marshall (guitarist)', 'Hands (metal band)', 'Eric Friedman',
       'Staind'], dtype=object), 'sentences': array([array([""Use Your Illusion II is the fourth studio album by the American hard rock band Guns N' Roses."",
              ' The album was released on September 17, 1991, the same day as its counterpart album ""Use Your Illusion I"".',
              ' Both of the albums were released in conjunction with the Use Your Illusion Tour.',
              ' Bolstered by the lead single ""You Could Be Mine,"" ""Use Your Illusion II"" was the slightly more popular of the two albums, selling 770,000 copies its first week and debuting at No. 1 on the U.S. charts, ahead of ""Use Your Illusion I""\'s first week sales of 685,000.',
              ' As of 2010, ""Use Your Illusion II"" has sold 5,587,000 units in the U.S., according to Nielsen SoundScan.',
              ' Both albums have since been certified 7× Platinum by the RIAA.',
              ' It was also No. 1 on the UK Albums Chart for a single week.',
              "" It is the last Guns N' Roses album to feature rhythm guitarist Izzy Stradlin."",
              ' It also included the last Guns N\' Roses song to feature drummer Steven Adler, who played on ""Civil War.""'],
             dtype=object)                                                                                                                                                                                                                                                                ,
       array(['Cage the Elephant is an American rock band from Bowling Green, Kentucky, that formed in 2006 and relocated to London, England in 2008 before their first album was released.',
              ' The band currently consists of lead vocalist Matt Shultz, rhythm guitarist Brad Shultz, lead guitarist Nick Bockrath, guitarist and keyboardist Matthan Minster, bassist Daniel Tichenor, and drummer Jared Champion.',
              "" Lincoln Parish served as the band's lead guitarist from their formation in 2006 until December 2013, when he left on good terms to pursue a career in producing."",
              ' The band\'s first album, ""Cage the Elephant"", was released in 2008 to much success, spawning several successful radio singles and gained the band a large following in both the United States and the United Kingdom.'],
             dtype=object)                                                                                                                                                                                                              ,
       array(['You Can Do Anything is the third and final album by the English rock band The Zutons.',
              ' It was produced by Sunset Sound Studios in Los Angeles with producer George Drakoulias (The Black Crowes/Primal Scream/Tom Petty) and was released on Monday 2 June 2008 in the United Kingdom.',
              ' ""You Can Do Anything"" was released after the departure of original lead guitarist Boyan Chowdhury, and is the first album to feature the band\'s new lead guitarist Paul Molloy.',
              ' The album was preceded by the first single ""Always Right Behind You"", which was released on 26 May 2008.',
              ' It entered the Official UK Albums Chart at No.6.'], dtype=object)                                                                                                                                ,
       array(['Blind Illusion is an American progressive thrash metal band from Richmond, California.',
              ' Formed in 1978 by lead guitarist and main songwriter Marc Biedermann, the band had an extremely unstable lineup (Biedermann being the only constant member) and went through several stylistic changes during their time.',
              ' After a 20-year hiatus, Biedermann reformed Blind Illusion in 2009 and released the band\'s 2nd album, ""Demon Master"".',
              ' As of June 2014 they are working on new material.'], dtype=object)                                                                                                                                                         ,
       array(['The Illusion of Progress is the sixth studio album by American rock band Staind.',
              ' It was released on August 19, 2008.',
              ' ""The Illusion of Progress"" was produced by Johnny K and recorded in lead singer Aaron Lewis\' home studio.',
              ' It debuted at No. 3 in the ""Billboard"" 200 with 91,800 units sold.'],
             dtype=object)                                                                                                  ,
       array(['Neal Tiemann (born December 22, 1982 in Dallas, Texas) is an American musician, currently the lead guitarist and songwriter of the rock band the Midwest Kings (MWK), and guitarist for groove metal band DevilDriver.',
              "" From 2008 to 2011 he serve as the lead guitarist for David Cook's band The Anthemic."",
              "" He spent most of 2009 on the Declaration Tour with Cook and served as the tour's music director."",
              ' Tiemann played guitar on Cook\'s major label debut album ""David Cook"" (2008) as well as his independently released ""Analog Heart"" (2006).',
              ' He has also played on Burn Halo\'s 2009 ""self-titled album"" and Bryan Jewett\'s album ""A Brief Look at the New You"".',
              ' Tiemann and the rest of The Anthemic worked on Cook\'s second album, ""This Loud Morning"" (2011).'],
             dtype=object)                                                                                                                                                                                                             ,
       array(['John Marshall is a former guitarist for the thrash metal band Metal Church (1986–1993, 1998–2001).',
              "" He was the guitar tech for Metallica's lead guitarist Kirk Hammett."",
              "" Marshall also became the fill-in rhythm guitarist for James Hetfield in 1986 (while still performing his duties as guitar tech) while Hetfield's wrist was broken due to a skateboarding accident, and again in 1992 when Hetfield was recovering from pyrotechnics burn injuries stemming from a concert with Guns N' Roses in Montreal during the Guns N' Roses/Metallica Stadium Tour."",
              ' He also briefly played in progressive thrashers Blind Illusion (which also featured Les Claypool and Larry LaLonde of Primus).'],
             dtype=object)                                                                                                                                                                                                                                                                                                                                                                                 ,
       array(['Hands was an American Christian metal band from Fargo, North Dakota.',
              ' The band started making music in 2007, with lead vocalist and guitarist Shane Ochsner, lead guitarist Ian Johnson, bass guitarist Chris Schwartz, and drummer Josh Silbernagel.',
              "" Jerik Hendrickson became the band's lead guitarist in 2010, but he has since left the band, with Shane Ochsner taking over lead guitar duties."",
              ' The band released one extended play, ""The Everlasting"", independently in 2007.',
              ' Their first studio album, ""The Sounds of Earth"", was released by Oort Records in 2009.',
              ' The band signed with Facedown Records, where they released ""Creator"", a studio album, in 2009.',
              ' The third studio album, ""Give Me Rest"", was released in 2011, also on Facedown Records.',
              ' The band reunited in 2017 for Facedown Fest 2017.'], dtype=object)                                                                                                               ,
       array(['Eric Charles ""Erock"" Friedman (born June 28, 1984) is an American musician and songwriter, best known as the current touring guitarist and backing vocalist for Creed, as well as Tremonti, which is fronted by Alter Bridge and Creed lead guitarist Mark Tremonti.',
              ' He played with the band on their 2009 United States reunion tour with Staind and their 2010 Tour with Skillet.',
              ' He is the former lead guitarist for the band Submersed and also the former lead guitarist for Daughters of Mara.',
              ' Submersed and Daughters of Mara both disbanded in 2008.',
              ' He also currently plays lead guitar and co writes for the rock band Hemme.',
              ' At the age of thirteen Friedman was the youngest guitarist at the time to be fully endorsed by Fender.',
              ' His first introduction to Mark Tremonti was at a NAMM show where his then manager introduced them both.',
              ' They subsequently jammed at one of the Rivera amp booths and noticed, that although they had different styles, (Tremonti being heavily influenced by metal and Friedman Blues), they both complemented each other.'],
             dtype=object)                                                                                                                                                                                                                                                           ,
       array(['Staind ( ) is an American rock band, formed in 1995.',
              ' The original lineup consisted of lead vocalist and rhythm guitarist Aaron Lewis, lead guitarist Mike Mushok, an unnamed bass player, and drummer Jon Wysocki (who left in May 2011).',
              ' The band added bassist Johnny April in November 1995.'],
             dtype=object)                                                                                                                                                                            ],
      dtype=object)}"
5a79769b554299078472780c,Luis Aguilar-Monsalve is a professor at a college in what state? ,Indiana,bridge,medium,"{'title': array(['Luis Aguilar-Monsalve', 'Hanover College'], dtype=object), 'sent_id': array([0, 2], dtype=int32)}","{'title': array(['Luis Aguilar-Monsalve', 'George A. Bekey', 'Luis Nishizawa',
       'KCPR', 'Hanover College', 'Billy Riggs',
       'Cal Poly San Luis Obispo College of Engineering',
       'John Quigley (academic)', 'Charles Figley', 'John Maclean Jr.'],
      dtype=object), 'sentences': array([array(['Luis Aguilar-Monsalve (born Cuenca, Ecuador) is an Ecuadorian writer, critic, and professor emeritus at Hanover College.'],
             dtype=object)                                                                                                                ,
       array(['George A. Bekey is an American roboticist and the Professor Emeritus of Computer Science, Electrical Engineering and Biomedical Engineering at the University of Southern California.',
              ' He is a member of the National Academy of Engineering and a Fellow in various professional societies.',
              "" Bekey is best known for his achievements across multiple technical fields, for which he was designated a USC University Professor, which honors the university's most accomplished, multi-disciplinary faculty."",
              ' He is also affiliated with the College of Engineering at California Polytechnic State University, San Luis Obispo, where he teaches a course on world religions.',
              ' His most recent book is Autonomous Robots: From Biological Inspiration to Implementation and Control from MIT Press.'],
             dtype=object)                                                                                                                                                                                                       ,
       array(['Luis Nishizawa (February 2, 1918 – September 29, 2014) was a Mexican artist known for his landscape work and murals, which often show Japanese and Mexican influence.',
              ' He began formal training as an artist in 1942 at the height of the Mexican muralism movement but studied other painting styles as well as Japanese art.',
              ' In addition to painting canvases and murals, including murals made with ceramics, he was a professor of fine arts at the Universidad Nacional Autónoma de México from which he received an honorary doctorate.',
              ' The State of Mexico, where he was born, created the Museo Taller Luis Nishizawa to honor and promote his life’s work.'],
             dtype=object)                                                                                                                                                                                                      ,
       array(['KCPR San Luis Obispo is a non-profit freeform college radio station at California Polytechnic State University San Luis Obispo, California.',
              ' Its operating frequency is 91.3\xa0MHz FM.',
              ' KCPR also streams its programming online 24 hours a day.'],
             dtype=object)                                                                                                                                  ,
       array(['Hanover College is a private, co-ed, liberal arts college, located in rural Hanover, Indiana, U.S., near the banks of the Ohio River.',
              ' The college is affiliated with the Presbyterian Church.',
              ' Founded in 1827 by the Rev. John Finley Crowe, it is the oldest private college in Indiana.',
              ' The Hanover athletic teams participate in the Heartland Collegiate Athletic Conference.',
              ' Graduates of Hanover are known as Hanoverians.'], dtype=object)                                                                       ,
       array(['William ""Billy"" Riggs works as a professor of City Planning at California Polytechnic State University, San Luis Obispo, California, and as an international consultant.',
              ' His expertise is in the areas of sustainable transportation, environments, land use, housing, spatial analysis and digital technology.',
              ' He resides in San Luis Obispo, California, where he serves as a local Planning Commissioner.',
              ' As a musician, Riggs is an active recording artist and music producer.',
              ' He has worked on award-winning projects with Frances England, Gabriel Riggs and Carlos Villarreal.'],
             dtype=object)                                                                                                                                                               ,
       array(['The Cal Poly San Luis Obispo College of Engineering is the engineering college of the California Polytechnic State University in San Luis Obispo, California.',
              "" It has over 200 faculty members and more than 6,000 students enrolled in fourteen bachelor's and in eleven master's degree programs through nine engineering departments.""],
             dtype=object)                                                                                                                                                                  ,
       array([""John B. Quigley is a professor of law at the Moritz College of Law at the Ohio State University, where he is the Presidents' Club Professor of Law."",
              ' In 1995 he was recipient of The Ohio State University Distinguished Scholar Award.',
              ' Before joining the Ohio State faculty in 1969, Professor Quigley was a research scholar at Moscow State University, and a research associate in comparative law at Harvard Law School.',
              ' Professor Quigley teaches international law and comparative law.',
              ' Professor Quigley holds an adjunct appointment in the Political Science Department.',
              ' In 1982–83 he was a visiting professor at the University of Dar es Salaam, Tanzania.'],
             dtype=object)                                                                                                                                                                              ,
       array(['Charles Figley is a university professor in the fields of psychology, family therapist, psychoneuroimmunologist family studies, social work, traumatology, and mental health.',
              ' He is the Paul Henry Kurzweg, MD Distinguished Chair in Disaster Mental Health and Graduate School of Social Work Professor at Tulane University (formerly a distinguished professor at Florida State University where he was the Traumatology Institute Director).',
              ' He was a full professor and Traumatology Institute Director at the Florida State University (FSU) College of Social Work.',
              ' Before FSU, starting as an assistant professor in the Dept of Child Development and Family Studies in 1974.',
              ' Figley became a Purdue University Full Professor in 1983 with a courtesy appointment in the Department of Psychological Sciences.'],
             dtype=object)                                                                                                                                                                                                                                                           ,
       array(['John Maclean Jr., D.D. (March 3, 1800 – August 10, 1886) was an American Presbyterian clergyman and educator who served as the tenth President of Princeton University, then known as the College of New Jersey.',
              ' Maclean, the son of the first professor of chemistry at the College of New Jersey, grew up in Princeton, New Jersey.',
              ' He attended the College and later Princeton Theological Seminary.',
              ' At age 23, he became full professor of mathematics at the university.',
              ' Six years later, he became university vice president.',
              ' He was responsible for bringing a number of renown scholars and academics to the college.',
              ' During this time, he also left mathematics and became professor of ancient languages.',
              "" Maclean was one of the chief architects of the state's public education system."",
              ' His plan for a state normal school, local boards of education and nonsectarian public schools was adopted by the state legislature.',
              ' He became president of the College of New Jersey in 1854.',
              ' He led the university through the 1855 burning of Nassau Hall and the American Civil War.',
              ' After retiring from his post after 14 years in office, he wrote a two-volume history of the university.',
              "" He served as the honorary president of the university's Alumni Association until his death.""],
             dtype=object)                                                                                                                                                                                                       ],
      dtype=object)}"
5ae746895542997b22f6a66d,"Which actor from ""All My Children"", also starred in western film The Peacemaker",James Mitchell,bridge,medium,"{'title': array(['The Peacemaker (1956 film)', 'James Mitchell (actor)'],
      dtype=object), 'sent_id': array([0, 1], dtype=int32)}","{'title': array(['Man with the Gun', 'Stuart Whitman', 'James Mitchell (actor)',
       ""The Ramblin' Kid"", 'David Huynh', 'Marked Men (1919 film)',
       'Sukiyaki Western Django', 'The Shadow Riders (film)', 'Josh Peck',
       'The Peacemaker (1956 film)'], dtype=object), 'sentences': array([array(['Man with the Gun is a 1955 black-and-white Western film starring Robert Mitchum.',
              ' The film was released in the United Kingdom as The Trouble Shooter and is also sometimes entitled Deadly Peacemaker.',
              ' The supporting cast includes Jan Sterling, and Karen Sharpe.',
              ' The film was photographed in standard Academy ratio, written by N. B. Stone Jr and Richard Wilson, and directed by Wilson.'],
             dtype=object)                                                                                                                   ,
       array(['Stuart Maxwell Whitman (born February 1, 1928) is an American actor.',
              ' He is known for playing Marshal Jim Crown on the Western television series ""Cimarron Strip"" (1967).',
              ' Whitman also starred with John Wayne in the Western film, ""The Comancheros"" (1961), and received top billing as the romantic lead in the film ""Those Magnificent Men in their Flying Machines"" (1965).'],
             dtype=object)                                                                                                                                                                                               ,
       array(['James Mitchell (February 29, 1920 – January 22, 2010) was an American actor and dancer.',
              ' Although he is best known to television audiences as Palmer Cortlandt on the soap opera ""All My Children"" (1979–2010), theatre and dance historians remember him as one of Agnes de Mille\'s leading dancers.',
              ' Mitchell\'s skill at combining dance and acting was considered something of a novelty; in 1959, the critic Olga Maynard singled him out as ""an important example of the new dancer-actor-singer in American ballet"", pointing to his interpretive abilities and ""masculine"" technique.'],
             dtype=object)                                                                                                                                                                                                                                                                               ,
       array([""The Ramblin' Kid is a 1923 American Western film directed by Edward Sedgwick and featuring Hoot Gibson and Laura La Plante."",
              ' This may be a lost film.',
              ' The novel would later be filmed as a talkie in ""The Long Long Trail"" (1929) which also starred Gibson.'],
             dtype=object)                                                                                                                  ,
       array(['David Huynh (born February 5, 1983) is a Canadian actor.',
              ' Huynh won a Special Jury Prize Award at the 2007 Los Angeles Asian Pacific Film Festival for Outstanding Newcomer and Best Emerging Actor for his performance in Juwan Chung\'s ""Baby"", which also won a Special Jury Award for Best Feature Length Film at that year\'s Festival.',
              ' Huynh has also Starred in Byron Q\'s film, ""Bang Bang"" (2011), which won a Special Jury Award for Best First Feature, Narrative, at the 2011 Los Angeles Asian Pacific Film Festival.',
              ' He also played Jonathan Chen in Byron Q\'s film, ""Las Vegas Story"" and Ty Do in Mark Tran\'s film ""All About Dad"".',
              ' He recently stars in a Web Series entitled ""Hollywood Aliens"" from Beyond Cinema Productions, directed by ""Bang Bang"" Director Byron Q and Kevin Boston.',
              ' He also appears as the protagonist ""Fong"" in a pilot entitled ""Chinatown Squad"" about 1890s San Francisco Chinatown, directed and produced by Stephane Gauger and written by and starring ""Baby"" co-star Feodor Chin, who plays the antagonist, ""Pistol Pete.""',
              "" He has also starred as Benson Fong in Timothy Tau's short film bio-pic Keye Luke, which premiered at the 2012 Los Angeles Asian Pacific Film Festival and which was Closing Night Film of the inaugural 2013 Seattle Asian American Film Festival.""],
             dtype=object)                                                                                                                                                                                                                                                                          ,
       array(['Marked Men is a 1919 American Western film directed by John Ford and starring Harry Carey.',
              ' It is a remake of the 1916 film ""The Three Godfathers"", which also starred Carey.',
              ' The film is considered to be lost.'], dtype=object)                                        ,
       array(['Sukiyaki Western Django (スキヤキ・ウエスタン ジャンゴ , Sukiyaki Uesutan Jango ) is a 2007 English language Japanese Western film directed by Takashi Miike.',
              ' The title of the film refers to the Japanese dish ""sukiyaki"", as well as Sergio Corbucci\'s spaghetti western film ""Django.""',
              ' It also takes inspiration from the ""Man with No Name"" stock character variously used in the spaghetti western genre but most notably in the ""Dollars"" trilogy by Sergio Leone (initially inspired by Akira Kurosawa\'s jidaigeki film ""Yojimbo"").',
              ' The film stars Hideaki Ito, Kōichi Satō, Yusuke Iseya, Masanobu Ando, Masato Sakai, Yoji Tanaka, Renji Ishibashi, Sansei Shiomi, Takaaki Ishibashi, Shun Oguri, Quentin Tarantino, Yutaka Matsushige, Yoshino Kimura, Teruyuki Kagawa and Kaori Momoi.'],
             dtype=object)                                                                                                                                                                                                                                               ,
       array(['The Shadow Riders is a 1982 American made-for-television western film directed by Andrew V. McLaglen and starring Tom Selleck, Sam Elliott, Dominique Dunne, and Katharine Ross.',
              ' Based on ""The Shadow Riders"" by Louis L\'Amour, the film is about two brothers who meet up after fighting on opposite sides of the Civil War and return home only to find their siblings kidnapped by ruthless raiders.',
              ' Together they set out on an adventure to rescue their family.',
              ' The film reunites actors Selleck, Elliot, and Jeff Osterhage, who also starred in the 1979 film ""The Sacketts"".',
              ' ""The Shadow Riders"" first aired in the United States on September 28, 1982.'],
             dtype=object)                                                                                                                                                                                                               ,
       array(['Joshua Michael Peck (born November 10, 1986) is an American actor, voice actor, comedian and YouTube personality.',
              ' He is known for playing Josh Nichols in the Nickelodeon live-action sitcom ""Drake & Josh"".',
              ' He began his career as a child actor in the late 90s and early 2000s, and became known to young audiences after his role on ""The Amanda Show"".',
              ' He has since acted in films such as ""Mean Creek"", ""Drillbit Taylor"", ""The Wackness"", ""ATM"", and ""Red Dawn"", along with voicing Eddie in the ""Ice Age"" franchise.',
              ' He also starred as Gerald in a lead role with John Stamos in the series ""Grandfathered"".',
              ' He currently voices Casey Jones in ""Teenage Mutant Ninja Turtles"".',
              ' He also starred in a Netflix comedy, ""Take the 10"", along with Tony Revolori.'],
             dtype=object)                                                                                                                                                        ,
       array(['The Peacemaker (1956) is a western film directed by Ted Post and starring James Mitchell, Rosemarie Bowe, and Jan Merlin.',
              ' Hal Richards based the script on the novel of the same name by Richard Poole.'],
             dtype=object)                                                                                                                ],
      dtype=object)}"
5ae1c157554299234fd042eb,Are both Bertrand Tavernier and Agnès Varda French directors?,no,comparison,medium,"{'title': array(['Bertrand Tavernier', 'Agnès Varda'], dtype=object), 'sent_id': array([0, 0], dtype=int32)}","{'title': array(['2014 Champs-Élysées Film Festival', 'The Beaches of Agnès',
       'Bertrand Tavernier', 'Jane B. par Agnès V.', 'Safe Conduct',
       'Holy Lola', 'Agnès Varda', 'Hélène Louvart', 'La Pointe Courte',
       'Nils Tavernier'], dtype=object), 'sentences': array([array(['The third edition of the Champs-Élysées Film Festival was held from 11 to 17 June 2014, with actors Jacqueline Bisset and Bertrand Tavernier as Honorary Presidents and Keanu Reeves, Agnès Varda, Whit Stillman and Mike Figgis as Guests of Honor.',
              ' More than 120,000 people attended the Festival, with more than 110 films screened.',
              ' Ronit Elkabetz and Shlomi Elkabetz\'s """" was shown at the Closing Ceremony.',
              ' Along with its competitive Official Selections for American feature-length films, American Shorts and French Shorts, the Festival presented a wide selection of important American and French movie premieres, the TCM Cinema Essentials, a thirteen-film selection of American classics, and the Great French Classics, a five-film selection.',
              ' Both Honorary Presidents held masterclasses, and the Guests of Honor presented each a selection of their respective filmographies.',
              ' Three Audience Prizes (Best American Feature-Length Film, Best American Short Film, Best French Short Film), a Bloggers Jury Award (Best American Feature-Length Film) and a Youth Jury Award (Favorite Film in the TCM Cinema Essentials Selection) were presented during the Closing Ceremony, held at the Publicis Cinema.',
              ' Along with the ""US in Progress"" program, a new event targeted at industry professionals was held alongside the Festival: titled ""Paris Coproduction Village"" it brought together 12 international feature film projects in development looking for French and European partners, as well as 6 projects from the Cannes Film Festival Cinefondation Residence.'],
             dtype=object)                                                                                                                                                                                                                                                                                                                                                      ,
       array(['The Beaches of Agnès (French: ""Les plages d\'Agnès"" ) is a 2008 French documentary film directed by Agnès Varda.',
              ' The film is an autobiographical essay where Varda revisits places from her past, reminisces about life and celebrates her 80th birthday on camera.',
              ' She has said that it will most likely be her last film.'],
             dtype=object)                                                                                                                                          ,
       array(['Bertrand Tavernier (born 25 April 1941) is a French director, screenwriter, actor and producer.'],
             dtype=object)                                                                                       ,
       array(['Jane B. par Agnès V. is a 1988 French docudrama film directed by Agnès Varda and starring French-English actress Jane Birkin.',
              "" The film was conceived when Birkin admitted to Varda she was apprehensive about turning 40 and Varda told her it was a beautiful age and the perfect time to make a portrait on Birkin's life.""],
             dtype=object)                                                                                                                                                                                       ,
       array(['Safe Conduct (French: Laissez-passer ) is a 2002 French historical drama film directed by Bertrand Tavernier and written by Tavernier and Jean Cosmos.'],
             dtype=object)                                                                                                                                              ,
       array(['Holy Lola is a 2004 French drama film that is directed by Bertrand Tavernier.',
              ' Tavernier said that the film was very, very moving, very exciting to do, and it made him fall in love with Cambodia.'],
             dtype=object)                                                                                                             ,
       array(['Agnès Varda (] ; born 30 May 1928) is a Belgian-born film director who has spent most of her working life in France.',
              ' Her films, photographs, and art installations focus on documentary realism, feminist issues, and social commentary with a distinct experimental style.'],
             dtype=object)                                                                                                                                               ,
       array(['Helene Louvart (born 1964) is a French cinematographer.',
              ' She graduated in 1985 from the prestigious Louis-Lumiere Collège in Paris.',
              ' She is a member of The French Society of Cinematographers (AFC), the French equivalent of American Society of Cinematographers.',
              ' She has worked with many French and international directors, such as Wim Wenders, Agnès Varda, Claire Denis, Christophe Honoré, Jacques Doillon, Nicolas Klotz, Sandrine Veysset, Marc Recha, Dorothée Smith or Léos Carax.'],
             dtype=object)                                                                                                                                                                                                                    ,
       array(['La Pointe Courte is a 1955 French drama film directed by Agnès Varda.',
              "" The film was Varda's debut, and has been cited by many critics as a forerunner of the French New Wave."",
              "" The film takes place in Sète (south of France), la pointe courte is a tiny quarter of the town known as the fisherman's village.""],
             dtype=object)                                                                                                                         ,
       array(['Nils Tavernier (born 1 September 1965) is a French actor and director.',
              ' He is best known for his film appearances in ""Beatrice"" (1987), ""Valmont"" (1988), and ""Revenge of the Musketeers"" (1993), and for his directorial efforts ""The Other Side of the Tracks"" (1997), ""Etoiles: Dancers of the Paris Opera Ballet"" (2001), and ""Les enfants de Thiès"" (2001).',
              ' He is the son of film director Bertrand Tavernier.'],
             dtype=object)                                                                                                                                                                                                                                                                                ],
      dtype=object)}"
5ab1c015554299706120954b,Massachusetts rapper Joyner Lucas repeased her mixtape 508-507-2209 in 2017 produced by which recording label?,Atlantic Records,bridge,medium,"{'title': array(['508-507-2209', 'Joyner Lucas'], dtype=object), 'sent_id': array([0, 0], dtype=int32)}","{'title': array(['British Rail Class 508', 'Amemura-O-Town Record', 'Joyner Lucas',
       'DJ Koze', 'Keffaleng', 'Generator Sound Art', 'Twerk It',
       'Decap (producer)', '508-507-2209', '143 (EP)'], dtype=object), 'sentences': array([array(['British Rail Class 508 (or 4PER) electric multiple units (EMUs) were built by BREL York works in 1979-80.',
              "" They were the fourth variant of BR's standard 1972 design for suburban EMUs, eventually encompassing 755 vehicles and five classes (313/314/315/507/508)."",
              "" They have mostly worked on the Merseyrail network since 1983, and continue to do so, now refurbished by Alstom's Eastleigh Works."",
              ' The Class 508 unit is now (2017)-(1979)-((11)<(01)or(11)==(01)and(28)<(01)) years old, making them among the oldest units still in service on the UK mainland rail network, after the Class 313 and Class 507.'],
             dtype=object)                                                                                                                                                                                                       ,
       array(['Amemura -O-Town Record (アメムラ オータウンレコード , Amemura ōtaunrekōdo ) is a Japanese recording sub-label of Zain Records.',
              "" It served primarily as a recording label for Miho Komatsu's singles, as all other artists never released anything more than one single on the label before changing companies or quitting their show business career after Komatsu moved to newly created GIZA Studio in 1999."",
              ' In 2010, it was revived as an indie label distributed by Being Inc.'],
             dtype=object)                                                                                                                                                                                                                                                                      ,
       array(['Joyner Lucas (born August 17, 1988), is an American rapper from Worcester, Massachusetts currently signed to Atlantic Records.',
              ' He garnered widespread exposure and critical praise after the release of his single ""Ross Capicchioni"" in 2015.',
              ' In 2017, he released his fourth mixtape (and first on a major label), ""508-507-2209"".'],
             dtype=object)                                                                                                                     ,
       array(['Stefan Kozalla, better known as DJ Koze, is a German DJ and music producer.',
              ' Born in Flensburg, Schleswig-Holstein, he first became known in the Hamburg music scene.',
              ' Kozalla competed in his first mixing competition in 1988 at the age of sixteen.',
              ' He was part of German hip-hop act Fischmob in the 1990s, while also recording under the name Adolf Noise.',
              ' He began recording under the DJ Koze moniker in the 2000s, releasing music through the German electronic label Kompakt.',
              ' He recorded three full-length albums during that decade, as well as numerous singles and remixes.',
              ' He started his own recording label, Pampa, in 2010, and released his latest full-length recording, ""Amygdala"" in 2013, which reached #61 in the German Albums Chart.'],
             dtype=object)                                                                                                                                                             ,
       array(['Aaron Alem (born January 26, 1995), better known by his stage name Keffaleng, is a Canadian singer, rapper, producer, and songwriter from Toronto, Canada.',
              ' In 2016, Keffaleng was featured on Toronto artist GOV “Nights” ep which resulted in a video for LowKey / On My Mind.',
              ' In the fall of 2016, Keffaleng released his debut project, the “Still Shanti” ep which showcased his trap-soul inspired body of work, receiving accolades from Hip Hop Canada - Sarah Jay’s Top 40 Up-And-Coming Canadian Rappers & Crews of 2016.',
              ' Currently Keffaleng owns an independent recording label DPXND, he released his debut ep, “Not So Famous” in March, 2017.'],
             dtype=object)                                                                                                                                                                                                                                          ,
       array([""Generator Sound Art is an experimental arts and culture organization based in New York City and co-owned by the sound artists 'Gen' Ken Montgomery and Scott Konzelmann."",
              ' It focuses upon the work of dedicated Sound Artists, and is an umbrella organization that either facilitated or continues to facilitate the activities of the Generator gallery / exhibition space, the Generations Unlimited audio recording label, and a second, eponymous audio recording label.',
              ' Generator as a physical gallery / exhibition space existed in the East Village and then in Chelsea from 1989–1992.'],
             dtype=object)                                                                                                                                                                                                                                                                                           ,
       array(['""Twerk It"" (stylized as ""#Twerkit"") is a song by American hip hop recording artist Busta Rhymes featuring Trinidadian rapper Nicki Minaj.',
              ' The song, produced by Pharrell Williams, is the lead single from Busta Rhymes\' tenth studio album, """" (2015).',
              ' The album is his first under Cash Money Records, which is distributed by Republic Records, a flagship recording label of Universal Music Group.',
              ' The song has been said to be Jamaican-inspired and is influenced by dancehall music.',
              ' A music video for the song was shot in Flatbush, New York on June 3, 2013.'],
             dtype=object)                                                                                                                                       ,
       array(['Nicholas Piantedosi (born November 8, 1984), professionally known as Decap, is an American artist and record producer from Nashua, New Hampshire, United States.',
              ' Decap has worked with and produced for artists such as Talib Kweli, Joyner Lucas, Hit-Boy, Locksmith, Zion I, Spose, Watsky, Smoke DZA, J-Essential and many more.',
              ' In 2013, Decap released his full length debut instrumental album, ""Omni Love"".'],
             dtype=object)                                                                                                                                                          ,
       array(['508-507-2209 is a mixtape by American rapper Joyner Lucas.',
              ' It was released on June 16, 2017, by Atlantic Records.'],
             dtype=object)                                                 ,
       array(['143 is an extended play/mixtape by American recording artist Tiffany Evans.',
              ' The EP was released on February 12, 2013 under Tiffany\'s recording label ""Little Lady Entertainment"".',
              ' It produced two singles: ""U Got a Woman"" and ""If You Love Me"", both released in 2012.'],
             dtype=object)                                                                                              ],
      dtype=object)}"
5abbddf5554299642a094b7b,"are Heshan, Guangxi and Guiyang both capitals>",no,comparison,medium,"{'title': array(['Heshan, Guangxi', 'Guiyang'], dtype=object), 'sent_id': array([0, 0], dtype=int32)}","{'title': array(['Guizhou–Guangxi Railway', 'Sawndip', 'Ongud',
       'Chengdu–Guangzhou High-Speed Railway', 'Guiyang',
       'Chengdu–Guiyang High-Speed Railway',
       'Guiyang–Guangzhou High-Speed Railway', 'Nanning–Kunming Railway',
       'Heshan, Guangxi', 'Shanghai–Kunming High-Speed Railway'],
      dtype=object), 'sentences': array([array(['The Guizhou–Guangxi Railway or Qiangui Railway (), is a single-track electrified railroad in Southwest China between Guiyang in Guizhou Province and Liuzhou in Guangxi Zhuang Autonomous Region.',
              ' The shorthand name for the line, Qiangui, is derived from the shorthand names of Guizhou (Qian 黔) and Guangxi (Gui 桂).'],
             dtype=object)                                                                                                                                                                                        ,
       array(['Zhuang characters, or Sawndip , are logograms derived from Han characters and used by the Zhuang people of Guangxi, China to write the Zhuang languages for more than one thousand years.',
              ' In Mandarin Chinese, these are called Gǔ Zhuàngzì () or Fāngkuài Zhuàngzì (方块壮字 ; ""square shaped Zhuang characters"").',
              ' Sawndip (Sawndip: 𭨡𮄫 ) is a <a href=""Standard%20Zhuang"">Zhuang</a> word that means ""immature characters"".',
              ' The Zhuang word for Chinese characters used in the Chinese language is ""sawgun"" (Sawndip: 𭨡倱; lit.',
              ' ""characters of the Han""); ""gun"" is Zhuang for the Han Chinese.',
              ' The name ""old Zhuang script"" is usually used to distinguish it of the official alphabet based script Standard Zhuang.',
              ' Even now, in traditional and less formal domains, Sawndip is more often used than alphabetical scripts.'],
             dtype=object)                                                                                                                                                                                ,
       array(['The Ongud, (Turkic: Öngütler, Mongol: Онгуд, ""untouchables"") were Turkic speaking<ref name=""https://books.google.se/books?id=N608AAAAIAAJ&pg=PA97&dq=turkic+ongut+tribe+lev+gumilev&hl=sv&sa=X&ved=0ahUKEwjX3ajr8N7TAhWFEVAKHYiNCzgQ6AEIJjAA#v=onepage&q=turkic%20ongut%20tribe%20lev%20gumilev&f=false""> </ref> Later mongolzied whit in Ongut-Mongol marriage alliance<ref name=""https://books.google.se/books?id=4DKSDQAAQBAJ&pg=PA240&dq=ongut+tribe+turkic&hl=sv&sa=X&ved=0ahUKEwiv-Kv_4t7TAhUIY1AKHeEaAAkQ6AEIYzAJ#v=onepage&q=ongut%20tribe%20turkic&f=false""> </ref> they lived in Mongolia around the time of Genghis Khan (1162–1227).',
              ' Many members were members of the Church of the East.',
              ' They lived in an area lining the Great Wall in the northern part of the Ordos Loop and territories to the northeast of it.',
              ' They appear to have had two capitals, a northern one at the ruin known as Olon Süme and another a bit to the south at a place called Koshang or Dongsheng.',
              ' They acted as wardens of the marches for the Jin dynasty (1115–1234) to the north of the province Shanxi.'],
             dtype=object)                                                                                                                                                                                                                                                                                                                                                                                                                                                                                                                                                                                                                                       ,
       array(['Chengdu-Guangzhou High-Speed Railway is a high-speed railway partly operational and partly under construction in South West China.',
              ' It is considered to connect the capitals and major population centres of Sichuan and Guangdong via Guizhou and eastern Guangxi.',
              ' A connecting railway (Chongqing–Guizhou High-Speed Railway) will allow services to travel between Chongqing and the south.',
              ' Starting in Chengdu, it travels via Guiyang and Guilin before reaching Guangzhou.',
              ' Some services travel further onto Shenzhen, bordering with Hong Kong, on the GZ-SZ-HK Express Rail Link.'],
             dtype=object)                                                                                                                         ,
       array(['Guiyang is the capital of Guizhou province of Southwest China.',
              ' It is located in the center of the province, situated on the east of the Yunnan–Guizhou Plateau, and on the north bank of the Nanming River, a branch of the Wu River.',
              ' The city has an elevation of about 1,100 m .',
              ' It has an area of 8034 km2 .',
              ' During the 2010 census, its population was 4,324,561, out of whom 3,037,159 lived in the 7 urban districts.'],
             dtype=object)                                                                                                                                                              ,
       array(['Chengdu-Guiyang High Speed Railway is a major trunk high speed railway between the provincial capitals of Chengdu, Sichuan and Guiyang, Guizhou via a small section traversing north east Yunnan province.',
              ' It was selected for construction under the 11th Five Year Plan set by the Chinese Government.',
              ' Construction started in 2010 and is expected to be completed by 2014.',
              ' The northern section of this line between Chengdu and Leshan forms the southern part of the operational Chengdu–Mianyang–Leshan Intercity Railway.'],
             dtype=object)                                                                                                                                                                                                 ,
       array(['Guiyang-Guangzhou High Speed Railway, is a high-speed rail (HSR) line in southern China between Guiyang and Guangzhou, the provincial capitals, respectively of Guizhou and Guangdong Province.',
              ' The line, also known as the Guiguang HSR, is dedicated to high speed passenger rail service.',
              ' The line is 856 km in length and can carry trains at speeds of up to 250 km/h .',
              ' The line was built from 2008 to 2014 and opened on December 26, 2014.'],
             dtype=object)                                                                                                                                                                                      ,
       array(['The Nanning–Kunming Railway, or Nankun Railway (), is a single-track electrified railroad in Southwest China between Nanning and Kunming, provincial capitals, respectively, of Guangxi Zhuang Autonomous Region and Yunnan Province.',
              ' The railway was built from December 24, 1990 to March 18, 1997 and has a total length of 898.7 km , including the main line of 863.04 km between Nanning and Kunming and a branch line from Weishe Township of Xingyi City to Hongguo Township of Liupanshui municipality, in Guizhou province.',
              ' The Nankun Railway is a major rail conduit in Southwest China.',
              ' Major cities and towns along route include Nanning, Baise, Xingyi, Luoping and Kunming.'],
             dtype=object)                                                                                                                                                                                                                                                                                       ,
       array(['Heshan () is a county-level city of central Guangxi, China, located on the lower reaches of the Hongshui River.',
              ' It is under the administration of Laibin City.'], dtype=object)                                                 ,
       array(['The Shanghai–Kunming High-Speed Railway is a high-speed railway line in China.',
              ' It was built in stages and completed on 28 December 2016.',
              "" It is part of the CRH's system of passenger dedicated lines, beginning in Shanghai and ending in Kunming, the capital of Yunnan Province."",
              ' Following a fairly similar route to the older ""conventional"" Shanghai–Kunming Railway, the Shanghai–Kunming High-Speed Railway passes through four more provincial capitals, the cities of Hangzhou, Nanchang, Changsha, and Guiyang.'],
             dtype=object)                                                                                                                                                                                                                              ],
      dtype=object)}"
5a72acf55542994cef4bc3ce,"Which ""natural philosopher"" covered in ""Shock and Awe: The Story of Electricity"" was born on March 14, 1692?",Pieter van Musschenbroek,bridge,medium,"{'title': array(['Shock and Awe: The Story of Electricity',
       'Pieter van Musschenbroek'], dtype=object), 'sent_id': array([1, 0], dtype=int32)}","{'title': array(['Pieter van Musschenbroek', 'Edward Delaval', 'Harald Lesch',
       'Louise-Anastasia Serment', 'Lorenzo Respighi', 'Gargi Vachaknavi',
       'Christian Gottfried Daniel Nees von Esenbeck', 'Isaac Newton',
       'William Gilbert (astronomer)',
       'Shock and Awe: The Story of Electricity'], dtype=object), 'sentences': array([array(['Pieter van Musschenbroek (14 March 1692 – 19 September 1761) was a Dutch scientist.',
              ' He was a professor in Duisburg, Utrecht, and Leiden, where he held positions in mathematics, philosophy, medicine, and astronomy.',
              ' He is credited with the invention of the first capacitor in 1746: the Leyden jar.',
              ' He performed pioneering work on the buckling of compressed struts.',
              ' Musschenbroek was also one of the first scientists (1729) to provide detailed descriptions of testing machines for tension, compression, and flexure testing.',
              ' An early example of a problem in dynamic plasticity was described in the 1739 paper (in the form of the penetration of butter by a wooden stick subjected to impact by a wooden sphere).'],
             dtype=object)                                                                                                                                                                                 ,
       array(['Edward Hussey Delaval (born 1729; died 14 August 1814 in Westminster) was an English scholar and natural philosopher.'],
             dtype=object)                                                                                                             ,
       array(['Harald Lesch (born 28.',
              ' July 1960 in Gießen, Hessen) is a German physicist, astronomer, natural philosopher, author, television presenter, professor of physics at the Ludwig Maximilian University of Munich (LMU) and professor of natural philosophy at the Munich University of Philosophy.',
              ' In the German speaking world, Lesch plays a similar role to that of Neil deGrasse Tyson, as a bridge between the scientific community and the public.'],
             dtype=object)                                                                                                                                                                                                                                                               ,
       array(['Louise-Anastasia Serment (Grenoble, 1642 - Paris, 1692) was a French natural philosopher and poet.',
              ' Born in Grenoble, she spent most of her life in Paris.',
              ' She was a disciple of Descartes.',
              ' She was a member of the Ricovrati Academy.',
              ' Serment reputedly collaborated as an author with Philippe Quinault in his operas.'],
             dtype=object)                                                                                         ,
       array(['Lorenzo Respighi (7 October 1824 – 10 December 1889) was an Italian mathematician and natural philosopher.',
              ' Born at Cortemaggiore, Piacenza, to Luigi Respighi and Giuseppina Rossetti.',
              ' He studied mathematics and natural philosophy, first at Parma and then at the University of Bologna, where he obtained his degree ""ad honorem"" in 1845.'],
             dtype=object)                                                                                                                                                ,
       array(['Gargi Vachaknavi (born about c. 700 BCE) was an ancient Indian philosopher.',
              ' In Vedic Literature, she is honored as a great natural philosopher, renowned expounder of the Vedas, and known as Brahmavadini, a person with knowledge of Brahma Vidya.',
              ' In the Sixth and the eighth Brahmana of Brihadaranyaka Upanishad, her name is prominent as she participates in the ""brahmayajna"", a philosophic debate organized by King Janaka of Videha and challenges the sage Yajnavalkya with perplexing questions on the issue of ""atman"" (soul).',
              ' She is also said to have written many hymns in the Rigveda.',
              ' She remained a celibate all her life and was held in veneration by the conventional Hindus.'],
             dtype=object)                                                                                                                                                                                                                                                                               ,
       array(['Christian Gottfried Daniel Nees von Esenbeck (14 February 1776 – 16 March 1858) was a prolific German botanist, physician, zoologist, and natural philosopher.',
              ' He was a contemporary of Goethe and was born within the lifetime of Linnaeus.',
              ' He described approximately 7,000 plant species (almost as many as Linnaeus himself).',
              ' His last official act as president of the German Academy of Natural Scientists Leopoldina was to admit Charles Darwin as a member.',
              ' He was the author of numerous monographs on botany and zoology.',
              ' His best-known works deal with fungi.'], dtype=object)                                                                                                         ,
       array(['Sir Isaac Newton {\'1\': "", \'2\': "", \'3\': "", \'4\': ""} ( ; 25 December 1642\xa0– 20 March 1726/27) was an English mathematician, astronomer, and physicist (described in his own day as a ""natural philosopher"") who is widely recognised as one of the most influential scientists of all time and a key figure in the scientific revolution.',
              ' His book ""Philosophiæ Naturalis Principia Mathematica"" (""Mathematical Principles of Natural Philosophy""), first published in 1687, laid the foundations of classical mechanics.',
              ' Newton also made pathbreaking contributions to optics, and he shares credit with Gottfried Wilhelm Leibniz for developing the infinitesimal calculus.'],
             dtype=object)                                                                                                                                                                                                                                                                                                                                        ,
       array(['William Gilbert ( ; 24 May 1544 – 30 November 1603), also known as Gilberd, was an English physician, physicist and natural philosopher.',
              ' He passionately rejected both the prevailing Aristotelian philosophy and the Scholastic method of university teaching.',
              ' He is remembered today largely for his book ""De Magnete"" (1600), and is credited as one of the originators of the term ""electricity"".',
              ' He is regarded by some as the father of electrical engineering or electricity and magnetism.'],
             dtype=object)                                                                                                                               ,
       array(['In the first episode Al-Khalili introduces the history of our understanding of electricity and the harnessing of its power.',
              ' He covers the achievements of these ""natural philosophers"" - Francis Hauksbee, Stephen Gray, Musschenbroek, Benjamin Franklin, Henry Cavendish, Galvani, Volta and Humphry Davy.'],
             dtype=object)                                                                                                                                                                         ],
      dtype=object)}"
5ab2e46f5542992953946895,Rogers Pass  is traversed by a highway that begins near what Montana city?,Heron,bridge,hard,"{'title': array(['Rogers Pass (Montana)', 'Montana Highway 200'], dtype=object), 'sent_id': array([1, 1], dtype=int32)}","{'title': array(['Rogers Pass (Montana)', 'Raynolds Pass',
       'Blackfoot River (Montana)', 'A. B. Rogers', 'Elk Park Pass',
       'Grant-Frontier Park', 'Rogers Pass (British Columbia)',
       'Montana Highway 200', 'Chief Joseph Pass',
       '1910 Rogers Pass avalanche'], dtype=object), 'sentences': array([array(['Rogers Pass rises 5610 ft above sea level and is located on the Continental Divide in the U.S. state of Montana.',
              ' The pass is adjacent to Helena National Forest and is traversed by Montana Highway 200.',
              ' Wide shoulders provide parking for those wishing to hike the Continental Divide Trail.',
              ' Bicyclists should note that the wide shoulders are limited to the very top and will not be found elsewhere on 200.',
              ' The pass is the best route between the cities of Great Falls and Missoula, Montana—more than 800 ft lower than Lewis and Clark Pass, 5.3 mi to the northwest, which was used by Meriwether Lewis of the eponymous expedition on July 7, 1806.',
              ' Rogers Pass is known for being the location of the coldest recorded temperature in the United States outside of Alaska.',
              ' On January 20, 1954, a temperature of -70 degrees Fahrenheit was recorded.'],
             dtype=object)                                                                                                                                                                                                                                     ,
       array(['Raynolds Pass, elevation 6844 ft , is a mountain pass on the Montana-Idaho border in the Rocky Mountains, United States.',
              ' The pass is on the Continental Divide, and is traversed by a state highway (Idaho State Highway 87 and Montana Highway 87).',
              ' The pass is named for Captain William F. Raynolds, an early explorer and officer-in-charge of the Raynolds Expedition of the Yellowstone region.',
              ' The pass is very gentle, with only a slight grade and no major hairpin curves to the highways connections with U.S. Route 287 in Montana and U.S. Route 20 in Idaho.'],
             dtype=object)                                                                                                                                                             ,
       array(['The Blackfoot River, sometimes called the Big Blackfoot River to distinguish it from the Little Blackfoot River, is a snow-fed and spring-fed river in western Montana.',
              ' The Blackfoot River begins in Lewis and Clark County at the Continental Divide, 10 miles (16\xa0km) northeast of the town of Lincoln (4536 feet, 1382 m).',
              "" The river's headwaters are between Rogers Pass (5610\xa0ft, 1710 m) to the north and Stemple Pass (6376\xa0ft, 1943 m) to the south."",
              ' It flows westward through the town of Milltown and enters the Clark Fork River approximately five miles (8\xa0km) east of the city of Missoula (3210\xa0ft, 978 m).'],
             dtype=object)                                                                                                                                                              ,
       array(['Albert Bowman Rogers (28 May 1829 – 4 May 1889), commonly known as Major A.B. Rogers, was an American surveyor now best remembered for his discovery of the Rogers Pass in British Columbia, Canada.',
              ' He also has the distinction of having Rogers Pass in the U.S. state of Montana named after him, following his description of the pass in 1887.'],
             dtype=object)                                                                                                                                                                                           ,
       array(['Elk Park Pass, elevation 6352 ft , is a mountain pass on the Continental Divide in southwestern Montana, about 4 mi northeast of Butte.',
              ' It is traversed by Interstate 15 and is one of three crossings of the Divide by the Interstate (all in Montana), the others being Monida Pass (on the border with Idaho) and Deer Lodge Pass southwest of Butte.',
              ' Elk Park Pass lies on the border between Silver Bow and Jefferson counties and is remarkable for its highly asymmetrical nature.',
              ' The approach from the north is through namesake Elk Park, a high, mostly treeless plain (like South Park in Colorado or the Sierra Valley in California), and the grade is almost imperceptible.',
              ' The elevation at the northeast end of the park, about 10 mi from the pass, is about 6200 ft , only 152 ft lower than the pass itself.',
              ' However, at the south end, the highway drops 750 ft from the pass into Butte over a distance of only about 4 mi .'],
             dtype=object)                                                                                                                                                                                                        ,
       array(['Grant-Frontier Park is a park at Evans Ave. on the east bank of the South Platte River in southwest Denver, Colorado.',
              ' It is the site of the Montana City settlement.',
              ' The park was named in honor of Grant Junior High School (now Grant Middle School) whose teachers and students were responsible for discovering the site, cleaning and restoring it, and researching the history of Montana City.'],
             dtype=object)                                                                                                                                                                                                                         ,
       array(['Rogers Pass (elevation 1,330 m ) is a high mountain pass through the Selkirk Mountains of British Columbia used by the Canadian Pacific Railway and the Trans-Canada Highway.',
              ' The pass is a shortcut across the ""Big Bend"" of the Columbia River from Revelstoke on the west to Donald, near Golden, on the east.',
              ' The pass was discovered on May 29, 1881, by Major Albert Bowman Rogers, a surveyor working for the Canadian Pacific Railway.',
              ' A second pass was named for Rogers in 1887 in Montana, c.373 miles to the south-east.'],
             dtype=object)                                                                                                                                                                    ,
       array(['Montana Highway 200 (MT 200) in the U.S. state of Montana is a route running east-west covering the entire state of Montana.',
              ' From the starting point at ID 200, near Heron, Montana the highway runs east to ND 200 near Fairview, Montana.',
              ' It is part of a chain of state highways numbered ""200"" which extend from Idaho across Montana, North Dakota and Minnesota.',
              ' Montana Highway 200 is also the longest route signed as a state highway in the United States.'],
             dtype=object)                                                                                                                   ,
       array(['Chief Joseph Pass el.',
              ' 7251 ft is a mountain pass on the continental divide of the Rocky Mountains in the northwestern United States.',
              ' It separates Lemhi County, Idaho and Beaverhead County, Montana.',
              ' The pass is in the Bitterroot Mountains and is traversed by Montana State Highway 43.',
              ' The pass is named after Chief Joseph of the Wallowa band of the Nez Perce tribe who traversed the pass in 1877 during the Nez Perce War.'],
             dtype=object)                                                                                                                                 ,
       array(['The 1910 Rogers Pass Avalanche killed 62 men clearing a railroad line near the summit of Rogers Pass through the Selkirk Mountains in British Columbia on March 4, 1910.',
              "" It is Canada's worst avalanche disaster.""], dtype=object)                                                                                                                ],
      dtype=object)}"
5ab94342554299743d22ea96,Holliday Grainger starred in what film distributed by Lionsgate?,Great Expectations,bridge,easy,"{'title': array(['Holliday Grainger', 'Great Expectations (2012 film)'],
      dtype=object), 'sent_id': array([1, 2], dtype=int32)}","{'title': array(['Cinderella (2015 Disney film)', 'Dis/Connected',
       '65th British Academy Film Awards',
       'Great Expectations (2012 film)', 'Home (2016 British film)',
       'Holliday Grainger', ""Lady Chatterley's Lover (2015 film)"",
       'Bonnie &amp; Clyde (2013 miniseries)',
       'The Finest Hours (2016 film)', 'The Scouting Book for Boys'],
      dtype=object), 'sentences': array([array(['Cinderella is a 2015 American romantic fantasy film directed by Kenneth Branagh, with a screenplay written by Chris Weitz.',
              "" The film is based on the eponymous folk tale and inspired in part by Walt Disney's 1950 animated film of the same name."",
              ' The film stars Lily James as the titular character with Richard Madden, Cate Blanchett, Stellan Skarsgård, Holliday Grainger, Derek Jacobi, and Helena Bonham Carter.',
              ' It is produced by David Barron, Simon Kinberg, and Allison Shearmur for Walt Disney Pictures.'],
             dtype=object)                                                                                                                                                             ,
       array(['Dis/Connected is a BBC Three drama pilot, written by Howard Overman.',
              ' It starred Holliday Grainger, Cloudia Swann, Aml Ameen, Bradley James, Laura Aikman, Katrina Rafferty and Lucy Evans.'],
             dtype=object)                                                                                                              ,
       array(['The 65th British Academy Film Awards, more commonly known as the BAFTAs, were held on 12 February 2012 at the Royal Opera House in London, honouring the best national and foreign films of 2011.',
              ' The nominations were announced on 17 January 2012 by actor Daniel Radcliffe and actress Holliday Grainger.',
              ' Presented by the British Academy of Film and Television Arts, accolades are handed out for the best feature-length film and documentaries of any nationality that were screened at British cinemas in 2011.',
              ' Stephen Fry, who hosted from 2001 to 2006, returned to host the ceremony. ""',
              'The Artist"" won seven awards out of its twelve nominations, including Best Film, Best Director for Michel Hazanavicius, and Best Actor for Jean Dujardin.',
              ' Meryl Streep won Best Actress for ""The Iron Lady"".',
              ' Christopher Plummer won Best Supporting Actor for ""Beginners"" and Octavia Spencer won Best Supporting Actress for ""The Help"". ""',
              'Tinker Tailor Soldier Spy"", directed by Tomas Alfredson, was voted Outstanding British Film of 2011.',
              ' Director Martin Scorsese was given the BAFTA Fellowship and Sir John Hurt garnered the BAFTA Outstanding British Contribution to Cinema Award.'],
             dtype=object)                                                                                                                                                                                                   ,
       array([""Great Expectations is a 2012 British film adaptation of Charles Dickens' novel of the same name."",
              ' The film was directed by Mike Newell, with the adapted screenplay by David Nicholls, and stars Jeremy Irvine, Helena Bonham Carter, Holliday Grainger, Ralph Fiennes and Robbie Coltrane.',
              ' It was distributed by Lionsgate.'], dtype=object)                                                                                                                                          ,
       array(['Home is a British-Kosovan drama short film.',
              "" It stars Jack O'Connell (actor) and Holliday Grainger written and directed by Daniel Mulloy."",
              ' ""Home"" was Nominated for the European Film Academy Award and went on to win the BAFTA Award for Best Short Film.'],
             dtype=object)                                                                                                         ,
       array(['Holliday Clark Grainger (born 27 March 1988), also credited as Holly Grainger, is an English screen and stage actress.',
              ' Some of her prominent roles are Lucrezia Borgia in the Showtime series ""The Borgias"", Robin Ellacott in Strike and Estella in Mike Newell\'s adaptation of ""Great Expectations"".'],
             dtype=object)                                                                                                                                                                         ,
       array([""Lady Chatterley's Lover is a 2015 British romantic drama television film starring Holliday Grainger, Richard Madden and James Norton."",
              ' It is an adaption by Jed Mercurio of D. H. Lawrence\'s 1928 novel ""Lady Chatterley\'s Lover"", and premiered on BBC One on 6 September 2015.'],
             dtype=object)                                                                                                                                    ,
       array(['Bonnie & Clyde is a revisionist 2013 miniseries about Great Depression-era outlaws Bonnie and Clyde starring Emile Hirsch as Clyde Barrow and Holliday Grainger as Bonnie Parker.',
              ' The two-part film aired on consecutive nights, December 8 and 9, 2013, simultaneously on A&E, History, and Lifetime (all owned by A&E Networks).',
              ' The first previews for the film were released on September 23, 2013.',
              ' The series was widely criticized for its historical inaccuracies, particularly as it was aired on History.'],
             dtype=object)                                                                                                                                                                        ,
       array(['The Finest Hours is a 2016 American historical drama-thriller film directed by Craig Gillespie and produced by Walt Disney Pictures.',
              ' The screenplay, written by Eric Johnson, Scott Silver, and Paul Tamasy, is based on ""The Finest Hours: The True Story of the U.S. Coast Guard\'s Most Daring Sea Rescue"" by Michael J. Tougias and Casey Sherman.',
              '<ref name=""Tougias/Sherman"">Tougias, Michael J. & Casey Sherman: ""The Finer Hour: The True Story of the U.S. Coast Guard\'s Most Daring Sea Rescue""</ref> The film stars Chris Pine, Casey Affleck, Ben Foster, Holliday Grainger, John Ortiz, and Eric Bana, and chronicles the historic 1952 United States Coast Guard rescue of the crew of  , after the ship split apart during a nor\'easter off the New England coast.',
              '<ref name=""Barbo/Webster87-89"">Barbo and Webster, pp 87-89</ref>'],
             dtype=object)                                                                                                                                                                                                                                                                                                                                                                                                                   ,
       array(['The Scouting Book for Boys is a 2009 British film directed by Tom Harper, produced by Ivana MacKinnon, and written by Jack Thorne.',
              ' It stars Thomas Turgoose, Holliday Grainger, Rafe Spall, Susan Lynch, Tony Maudsley and Steven Mackintosh.',
              ' It premiered internationally at the San Sebastián International Film Festival and domestically at the London Film Festival.',
              "" The film was Harper's directorial debut, with the score is by his long-time collaborator Jack C. Arnold.""],
             dtype=object)                                                                                                                         ],
      dtype=object)}"
5ab9e57055429901930fa740,"Vijay Eswaran, is a Malaysian businessman, currently serving as the Executive Chairman of QI Group,which Hong Kong-based multi-level marketing (MLM) company, formerly known as QuestNet?",QNet Ltd,bridge,easy,"{'title': array(['Vijay Eswaran', 'Qnet'], dtype=object), 'sent_id': array([0, 0], dtype=int32)}","{'title': array(['ACN Inc.', 'Solavei', 'Binary plan', 'Qnet', 'Vijay Eswaran',
       'Multi-level marketing', 'LuLaRoe', 'USANA Health Sciences',
       'In re Amway Corp.', 'Amway North America'], dtype=object), 'sentences': array([array(['ACN, LLC (formerly ACN, Inc.) is a North-American based multi-level marketing (MLM) company which provides telecommunications, energy, merchant services and other services, depending on the country, through a network of independent sales agents known as ""Independent Business Owners"" (IBOs), who themselves can recruit new sales agents.',
              ' IBOs earn residual income and bonuses through the acquisition of personal customers, as well as customers by other IBOs they recruit.',
              ' Based in Concord, North Carolina, United States, ACN began operations in the United States in 1993 as an American Communications Network.',
              ' It extended operations to Europe in 1999, to the Pacific in 2004, to Asia in 2011, and now operates in 25 countries, on four continents.'],
             dtype=object)                                                                                                                                                                                                                                                                                                                                       ,
       array(['Solavei was a social commerce network offering contract-free mobile service in the United States.',
              ' The company is known for its use of incentivized referral plans and social network advertising program.',
              ' In addition to its mobile phone services, Solavei operates a social commerce network for its users.',
              ' Ryan Wuerch founded the company in 2012.',
              ' As of 2013, Solavei had 140 employees and was valued by investors at $120 million.',
              ' The company has been described as a multi-level marketing (MLM) company, or of being very similar to a MLM company.'],
             dtype=object)                                                                                                            ,
       array(['A binary plan is an organizational structure used in multi-level marketing (MLM) organizations.',
              ' In this structure, new members are introduced into a Binary Tree where each “node” or new member of the organization has a left and right sub-tree.',
              ' Considered one of the simplest of the popular marketing compensation plans, binary plans began to be introduced by MLM companies in the late 1980s and became one of the four most commonly used organizational structures by the early 2000s.'],
             dtype=object)                                                                                                                                                                                                                                       ,
       array(['QNet Ltd, formerly known as QuestNet, GoldQuest, and QI Limited, is a Hong Kong-based multi-level marketing (MLM) company owned by the QI Group.',
              ' The company sells a variety of products including energy, weight management, nutrition, personal care, home care, and fashion accessories etc. on an e-commerce platform.',
              ' QNet was founded in Hong Kong by Vijay Eswaran in 1998 along with QN Europe and other companies.',
              ' Since it was first introduced in 1998, Qnet (doing business at the time as Questnet) promoted gold and silver coins with an MLM system.',
              ' But the coin collection business was touted as a money game and declared illegal in some countries.',
              ' A few years later Questnet came up with a new name, Qnet and offered various other products via the MLM system.',
              ' It promotes its products on its website using claims ""that would not pass official muster in much of the world.""',
              ' Despite claiming to be an e-commerce based business, an ordinary retail customer can make a purchase of a product from the website only if they have a referrer ID of an independent representative of QNet.',
              ' Unlike other e-commerce websites; purchases without this ID are not allowed.',
              ' Qnet used websites/servers viz., www.qnetindia.in, www.qnetindia.net, www.qnet.net, www.questnet.net, to conduct its business which were blocked by Indian Computer emergency response team (CERT) following a court order.',
              ' Other websites like portal.qnetindia.net, are being investigated by the government and further action on the websites have been promised after details are gathered.'],
             dtype=object)                                                                                                                                                                                                                   ,
       array(['Vijay Eswaran (born 7 October 1960) is a Malaysian businessman, currently serving as the Executive Chairman of the QI Group, headquartered in Hong Kong.',
              ' He is also an author.'], dtype=object)                                                                                                                   ,
       array(['Multi-level marketing (MLM) also called pyramid selling, network marketing, and referral marketing, is a controversial marketing strategy for the sale of products and/or services where the revenue of the MLM company is derived from a non-salaried workforce (also called ""participants"", and variously known as ""salespeople"", ""distributors"", ""consultants"", ""promoters"", ""independent business owners"", etc.) selling the company\'s products/services, while the earnings of the participants is derived from a pyramid-shaped commission system.'],
             dtype=object)                                                                                                                                                                                                                                                                                                                                                                                                                                                                                                                                                 ,
       array([""LuLaRoe is a United States-based designer and seller of women's clothing that uses a multi-level marketing model to distribute products."",
              ' LuLaRoe was founded in 2012 by Deanne Brady and her husband Mark Stidham, and is based in Corona, California.',
              ' As a multi-level marketing company, LuLaRoe recruits independent distributors (referred to by the firm as ""fashion consultants"") to sell products directly, often through social media.',
              "" LuLaRoe reported sales of approximately US$1\xa0billion in 2016, which would have made it one of the largest firms in the multilevel marketing industry at the time, and by 2017 there were approximately 80,000 independent distributors selling the company's clothing.""],
             dtype=object)                                                                                                                                                                                                                                                                  ,
       array(['Usana Health Sciences, Inc., or USANA, is a Utah-based multi-level marketing company that produces various nutritional products and dietary supplements. Usana products, most of which are manufactured at the company’s West Valley City facility, are sold in 20 countries via a network of independent distributors (referred to as ""associates"").',
              ' Usana is the 24th largest multi-level marketing company in the world.',
              ' The company has sponsored and provided products to several athletic organizations.',
              "" In 2007, several of Usana's executives were discovered to have made false statements in their resumes.""],
             dtype=object)                                                                                                                                                                                                                                                                                                                                            ,
       array(['In re Amway Corp. (93 F.T.C. 618; full name In the Matter of Amway Corporation, Inc., et al.) is a 1979 ruling by the United States Federal Trade Commission concerning the business practices of Amway, a multi-level marketing (MLM) company.',
              "" The FTC ruled that Amway was not an illegal pyramid scheme according strictly to the statutory definition of a pyramid scheme, but ordered Amway to cease price fixing and cease misrepresenting to its distributors (participants) the average participant's likelihood of success in the multi-level marketing model.""],
             dtype=object)                                                                                                                                                                                                                                                                                                                ,
       array(['Amway North America (formerly known as Quixtar North America) is an American worldwide multi-level marketing (MLM) company, founded 1959 in Ada, Michigan, United States.',
              ' It is privately owned by the families of Richard DeVos and Jay Van Andel through Alticor which is the holding company for businesses including Amway, Amway Global, Fulton Innovation, Amway Hotel Corporation, Hatteras Yachts, and manufacturing and logistics company Access Business Group.',
              ' After the launch of Amway Global (originally operating under the name Quixtar) it replaced the Amway business in the United States, Canada and the Caribbean, with the Amway business continuing to operate in other countries around the world.',
              ' On May 1, 2009, Quixtar made the name change to Amway Global and fused the various different entities of the parent company.'],
             dtype=object)                                                                                                                                                                                                                                                                                       ],
      dtype=object)}"
5a82636b55429954d2e2eb25,"The band that released the album ""Blue Sky Mining"" in 1990 originally performed under what name?",Farm,bridge,medium,"{'title': array(['Blue Sky Mining', 'Midnight Oil'], dtype=object), 'sent_id': array([0, 0], dtype=int32)}","{'title': array(['Blue Sky Mining', 'Kono Aozora ni Yakusoku o',
       'Bullet the Blue Sky', 'Mr. Blue Sky', 'FMEP (album)',
       'Blue Sky Mine', 'Midnight Oil',
       'Live at the Budokan (Blur album)', 'Happy Holidays, I Miss You',
       'Sky Blue Sky'], dtype=object), 'sentences': array([array(['Blue Sky Mining is an album by Australian alternative rock band Midnight Oil which was released on 25 February 1990 under the Columbia Records label.',
              ' It received high ratings from critics.',
              ' In March the album peaked at number one on the ARIA Albums Chart for two weeks.',
              ' A limited release of the record featured clear blue vinyl.',
              ' The lead single ""Blue Sky Mine"" reached #1 on Modern Rock Tracks.'],
             dtype=object)                                                                                                                                            ,
       array(['Kono Aozora ni Yakusoku wo (この青空に約束を― , The Promise I made over this Blue Sky ) is a Japanese adult visual novel produced by Giga, originally released on March 31, 2006.',
              ' The game was ported to the PlayStation 2 in 2007, the PlayStation Portable in 2009, and the PlayStation Vita in 2015 came with additional content although the adult content was removed.',
              ' An anime television series was made in 2007 under the title Kono Aozora ni Yakusoku wo: Yōkoso Tsugumi Ryō e (この青空に約束を― ～ようこそつぐみ寮へ～ , lit.',
              ' The Promise I made over this Blue Sky ~ Welcome to the Tsugumi Dorm ~ ) .'],
             dtype=object)                                                                                                                                                                                 ,
       array(['""Bullet the Blue Sky"" is a song by rock band U2 and is the fourth track from their 1987 album, ""The Joshua Tree"".',
              ' Lyrically, the song was inspired by a trip that lead vocalist Bono made to Nicaragua and El Salvador, where he saw firsthand how local peasants were affected by United States military intervention in the region.',
              ' Angered by what he witnessed, Bono asked guitarist the Edge to ""put El Salvador through an amplifier.""',
              ' ""Bullet the Blue Sky"" is one of the band\'s most overtly political songs, with live performances often being heavily critical of political conflicts and violence.'],
             dtype=object)                                                                                                                                                                                                           ,
       array(['""Mr. Blue Sky"" is a song by British rock group Electric Light Orchestra (ELO), featured on the band\'s seventh studio album ""Out of the Blue"" (1977).',
              ' Written and produced by frontman Jeff Lynne, the song forms the fourth and final track of the ""Concerto for a Rainy Day"" suite, on side three of the original double album.',
              ' ""Mr. Blue Sky"" was the second single to be taken from ""Out of the Blue"", peaking at number 6 in the UK Singles Chart and number 35 in the United States.',
              ' The song was played as a wake-up call to astronaut Christopher Ferguson on Day 3 of STS-135, the final mission of Space Shuttle Atlantis.'],
             dtype=object)                                                                                                                                                                   ,
       array(['""FMEP"" is the second studio album prior to their second full release ""The Second Great Awakening"" by Fireball Ministry.',
              ' The first three tracks appear on that release.',
              ' The remaining songs are covers.',
              ' ""Muscle Of Love"" was originally performed by Alice Cooper, ""Victim Of Changes"" was originally performed by Judas Priest.',
              ' ""Fortunes"" appears on ""Blue Explosion: A Tribute To Blue Cheer"".',
              ' ""Cough/Cool"" appears on ""Graven Images: A Tribute To The Misfits"".',
              ' ""Movin\' Out"" appears on ""Right In The Nuts: A Tribute To Aerosmith"".'],
             dtype=object)                                                                                                                ,
       array(['""Blue Sky Mine"" is a song by Australian rock band Midnight Oil released in 1990 as the first single from their album ""Blue Sky Mining"".',
              ' It peaked at No.\xa08 in the ARIA Singles Chart, No.\xa07 on the ""RPM"" Top\xa0100 Singles chart in Canada, No.\xa025 in the French Top\xa050, No. 66 in the UK Singles Chart, No. 47 on the ""Billboard"" Hot 100, and No. 1 on both the ""Billboard"" Album Rock and Modern Rock charts.'],
             dtype=object)                                                                                                                                                                                                                                                                              ,
       array(['Midnight Oil (also known informally as ""The Oils"" to fans) are an Australian rock band, who originally performed as Farm from 1972 with drummer Rob Hirst, bass guitarist Andrew James and keyboard player/lead guitarist Jim Moginie.',
              ' While vocalist Peter Garrett was studying at Australian National University in Canberra, he answered an advertisement for a spot in Farm, and by 1975 the band was touring the east coast of Australia.',
              ' By late 1976, Garrett moved to Sydney to complete his law degree, and Farm changed its name to Midnight Oil by drawing the name out of a hat.'],
             dtype=object)                                                                                                                                                                                                                             ,
       array(['Live at the Budokan is a two-disc live album by British band Blur, recorded during the 1995 tour for their album ""The Great Escape"", at the Budokan on 8 November 1995.',
              ' Two songs performed at concert that didn\'t make the cut for the album can be found on the Japanese single, ""It Could Be You"": ""Charmless Man"" (originally performed before ""Jubilee"") and ""Chemical World"" (originally performed before ""Coping"").',
              ' The version of ""She\'s So High"" is an anomaly, as it is actually the 9 November 1995 performance from the NHK Hall in Tokyo.',
              ' Until 2009, ""Live at Budokan"" was the only official standalone live Blur album.',
              "" It was originally released only in Japan (or via the band's UK fan club), but has since been released internationally.""],
             dtype=object)                                                                                                                                                                                                                                           ,
       array(['Happy Holidays, I Miss You is the first Christmas compilation released by InVogue Records.',
              ' It was released on November 25, 2016, the day after Thanksgiving.',
              ' It contains 11 holiday-themed songs performed by various bands/artists signed to the InVogue Records label.',
              ' Though it contains mostly original songs, some bands decided to cover songs done by other artists.',
              ' The songs ""Yule Shoot Your Eye Out"" is originally performed by the Pop Punk band Fall Out Boy but is performed by the band In Her Own Words and the song ""Last Christmas"" is originally performed by the band Wham!',
              ' but is covered by the band Courage My Love.'], dtype=object)                                                                                                                                                         ,
       array(['Sky Blue Sky is the sixth studio album by American rock band Wilco, released on May 15, 2007 by Nonesuch Records.',
              "" Originally announced on January 17, 2007 at a show in Nashville, Tennessee, it was the band's first studio album with guitarist Nels Cline and multi-instrumentalist Pat Sansone."",
              ' Before its release, the band streamed the entire album on its official website and offered a free download of ""What Light"".'],
             dtype=object)                                                                                                                                                                         ],
      dtype=object)}"
5a81615c5542995ce29dcbef,Where is the lake in Syria which is compared to the volcanic cone in the eastern rift zone of the Kīlauea volcano of the Hawaiian Islands?,Es Safa,bridge,hard,"{'title': array(['Al-Safa (Syria)', 'Al-Safa (Syria)', 'Puʻu ʻŌʻō'], dtype=object), 'sent_id': array([0, 4, 0], dtype=int32)}","{'title': array(['Kīlauea', 'Croscat', 'Kaimū, Hawaii', 'Wao Kele o Puna',
       'Mauna Ulu', 'Kaʻū Desert', 'Puʻu ʻŌʻō', 'Rift zone', 'Vog',
       'Al-Safa (Syria)'], dtype=object), 'sentences': array([array(['Kīlauea ( , ; ] ) is a currently active shield volcano in the Hawaiian Islands, and the most active of the five volcanoes that together form the island of Hawaiʻ i.',
              ' Located along the southern shore of the island, the volcano is between 300,000 and 600,000 years old and emerged above sea level about 100,000 years ago.',
              ' It is the second youngest product of the Hawaiian hotspot and the current eruptive center of the Hawaiian–Emperor seamount chain.',
              ' Because it lacks topographic prominence and its activities historically coincided with those of Mauna Loa, Kīlauea was once thought to be a satellite of its much larger neighbor.',
              ' Structurally, Kīlauea has a large, fairly recently formed caldera at its summit and two active rift zones, one extending 125 km east and the other 35 km west, as an active fault of unknown depth moving vertically an average of 2 to per year.'],
             dtype=object)                                                                                                                                                                                                                                          ,
       array(['The Croscat (] ) is a volcano in the comarca of Garrotxa, Catalonia, Spain.',
              ' It is both the youngest and highest volcano in the Iberian Peninsula, with the last eruption dated back to about 14,000 years Before Present.',
              ' The volcanic cone has a horseshoe shape and its northeastern flank was quarried for volcanic gravel until the early 1990s, exposing the internal structure of the cone from top to bottom.',
              ' The volcano is located in the Garrotxa volcanic field, a Quaternary volcanic field also known as Olot volcanic field, as part of the protected area of the Garrotxa Volcanic Zone Natural Park.'],
             dtype=object)                                                                                                                                                                                        ,
       array(['Kaimū was a small town in the Puna District on Island of Hawaiʻ i that was completely destroyed by an eruptive flow of lava from the Kūpaʻianahā vent of the Kīlauea volcano in 1990.',
              ' In Hawaiian, ""kai mū"" means ""gathering [at the] sea"" as to watch surfing.',
              ' The lava flow that destroyed Kaimū and nearby Kalapana erupted from the southeast rift zone of Kīlauea.'],
             dtype=object)                                                                                                                                                                            ,
       array([""Wao Kele O Puna (Wao Kele) is Hawaiʻ i's largest remaining lowland wet forest, about 15 mi south of the city of Hilo, along the East Rift Zone of Kīlauea volcano on the Island of Hawaiʻ i."",
              ' The name means the ""upland rainforest of Puna"".',
              ' Puna is one of 9 districts on the island.',
              ' Lava from Kīlauea continues to flow onto forest land.'],
             dtype=object)                                                                                                                                                                                   ,
       array(['Mauna Ulu is a volcanic cone in the eastern rift zone of the Kīlauea volcano on the island of Hawaii.',
              ' It falls within the bounds of Volcanoes National Park.',
              ' Mauna Ulu was in a state of eruption from May 1969 to July 1974.'],
             dtype=object)                                                                                            ,
       array(['The Kaʻ ū Desert is a leeward desert in the district of Kaʻ ū, the southernmost district on the Big Island of Hawaii, and is made up mostly of dried lava remnants, volcanic ash, sand and gravel.',
              ' The desert covers an area of the Kīlauea Volcano along the Southwest rift zone.',
              ' The area lacks any vegetation, mainly due to acid rainfall.'],
             dtype=object)                                                                                                                                                                                         ,
       array(['Puʻ u ʻ Ōʻ ō (often written Puu Oo, ] ) is a volcanic cone in the eastern rift zone of the Kīlauea volcano of the Hawaiian Islands.',
              ' Puʻ u ʻ Ōʻ ō has been erupting continuously since January 3, 1983, making it the longest-lived rift-zone eruption of the last two centuries.'],
             dtype=object)                                                                                                                                     ,
       array(['A rift zone is a feature of some volcanoes, especially shield volcanoes, in which a linear series of cracks (or rifts) develops in a volcanic edifice, typically forming into two or three well-defined regions along the flanks of the vent.',
              ' Believed to be primarily caused by internal and gravitational stresses generated by magma emplacement within and across various regions of the volcano, rift zones allow the intrusion of magmatic dykes into the slopes of the volcano itself.',
              ' The addition of these magmatic materials usually contributes to the further rifting of the slope, in addition to generating fissure eruptions from those dykes that reach the surface.',
              ' It is the grouping of these fissures, and the dykes that feed them, that serves to delineate where and whether a rift zone is to be defined.',
              ' The accumulated lava of repeated eruptions from rift zones along with the endogenous growth created by magma intrusions causes these volcanoes to have an elongated shape.',
              ' Perhaps the best example of this is Mauna Loa, which in Hawaiian means ""long mountain"", and which features two very well defined rift zones extending tens of kilometers outward from the central vent.'],
             dtype=object)                                                                                                                                                                                                                                       ,
       array(['Vog is a form of air pollution that results when sulfur dioxide and other gases and particles emitted by an erupting volcano react with oxygen and moisture in the presence of sunlight.',
              ' The word is a portmanteau of the words ""volcanic"", ""smog"", and ""fog"".',
              ' The term is in common use in the Hawaiian islands, where the Kīlauea volcano, on the Island of Hawaiʻ i (aka ""The Big Island""), has been erupting continuously since January 3, 1983.',
              ' Based on June 2008 measurements, Kīlauea emits 2,000–4,000 tons of sulfur dioxide (SO) every day.'],
             dtype=object)                                                                                                                                                                               ,
       array(['As-Safa (Arabic: الصفا\u200e \u200e , ""Aṣ-Ṣafā"" ), also known as Tulul al-Safa (تلول الصفا , ""Tulūl Eṣ-Ṣafā"" ), Arabic for ""Al-Safa hills"", is a hilly region which lies in southern Syria, north-east of Jabal Al-Arab volcanic plateau.',
              ' It consists of a basaltic lava field of volcanic origin, covering an area of 220 square kilometres, and contains at least 38 cinder cones.',
              ' This volcanic field lies within the northern part of the massive alkaline Harrat Ash Shamah volcanic field that extends from southern Syria, through eastern Jordan to Saudi Arabia.',
              ' The region is extremely scarce in water.',
              ' A boiling lava lake was observed in the Es Safa volcanic area in the middle of the 19th century (see Erta Ale in Ethiopia and Puʻu ʻŌʻō in Hawaii for reference).'],
             dtype=object)                                                                                                                                                                                                                                ],
      dtype=object)}"
5a7c11eb5542997c3ec972db,House of Anubis is based on a show that first aired where?,Netherlands and Flanders,bridge,medium,"{'title': array(['House of Anubis', 'Het Huis Anubis'], dtype=object), 'sent_id': array([0, 0], dtype=int32)}","{'title': array(['House of Anubis', ""History's Lost &amp; Found"",
       'Marvin the Tap-Dancing Horse', 'Het Huis Anubis',
       'Das Haus Anubis', 'The Bold and the Beautiful cast members',
       'The House of Hair with Dee Snider', 'Skimo', 'Miss Malaika Ghana',
       ""There's No Place Like Home""], dtype=object), 'sentences': array([array(['House of Anubis is a mystery television series developed for Nickelodeon based on the Dutch-Belgian television series ""Het Huis Anubis"".',
              ' The series was created by Hans Bourlon and Gert Verhulst and premiered on Nickelodeon on 1 January 2011 in the United States and on 25 February 2011 in the United Kingdom.',
              ' The series is the first series from the network to be filmed outside the United States and the first telenovela-format series for the network.',
              ' The show aired from 1 January 2011 to 17 June 2013.'],
             dtype=object)                                                                                                                                                                   ,
       array([""History's Lost and Found is a television show from the History Channel that debuted as a three part series in December 1998."",
              ' It first aired as a weekly series on August 7, 1999.',
              ' Each episode is divided into different segments concerning a different ""lost"" item or artifact from history.',
              ' Most of the time, the segments do not relate.',
              ' Each segment runs around 7 minutes and in this time we learn the history, of several famous lost artifacts such as the flags from the Battle of Iwo Jima, and other not so famous artifacts like the first TV Dinner tray.',
              ' Each segment ends with information on where this item is located.',
              ' Some segments were reused in other episodes.',
              ' Episodes of the show were released on VHS in 2001 and the first episode has been released on DVD.',
              ' 2000 was the big year for the series as most of the episodes were created and aired during that year, but a few new episodes aired in 2004 and 2005.',
              ' The final segment of each show is the ""Auction Block"" hosted by Karen Stone and featuring auction specialist Cameron Whiteman from the eBay auction house Butterfields where viewers can bid on a different historical item that they could own for themselves that changed from week to week.',
              ' The featured item of the week was up for auction until 11:00 PM ET the following Thursday.'],
             dtype=object)                                                                                                                                                                                                                                                                                      ,
       array(['Marvin the Tap-Dancing Horse is a Canadian/Korean animated television show produced by Nelvana that first aired on Teletoon on March 5, 2000.',
              ' It tells the stories of a young horse named Marvin who is part of a carnival.',
              ' Among the executive producers are Michael Paraskevas and Betty Paraskevas, creators of Maggie and the Ferocious Beast.',
              ' who also created the book that the show is based on.',
              ' The show first aired on the Treehouse block before moving to just before Tiny Pop.',
              ' In the United States, the series also aired on PBS Kids as part of the PBS Kids Bookworm Bunch from 2000 to 2002.',
              ' In 2007, reruns of the show began airing on Qubo Channel in the US.'],
             dtype=object)                                                                                                                                    ,
       array(['Het Huis Anubis (""The House of Anubis"") is a Belgian-Dutch children\'s television drama created by Studio 100 and Nickelodeon, airing in the Netherlands and Flanders.',
              ' It first aired in September 2006 and the last episode was broadcast on December 4, 2009.',
              "" The show was a huge success in the Benelux, despite the show's low budget for the first two seasons.""],
             dtype=object)                                                                                                                                                             ,
       array(['Das Haus Anubis is a television program produced jointly by Belgian broadcaster Studio 100 and Nickelodeon and the first remake of Het Huis Anubis aired in The Netherlands and Belgium.',
              ' Another English remake called House of Anubis aired in 2011.',
              "" With a seven-figure production budget, it is one of Nickelodeon's largest in-house productions, and the first German daily soap opera specifically aimed at older children."",
              "" From 29 September 2009 to 4 May 2012, the show had been running both on children's channel Nick (daily at 7:40pm, and repeated in the afternoon and at weekends), and season 1 on music channel VIVA.""],
             dtype=object)                                                                                                                                                                                              ,
       array(['""The Bold and the Beautiful"" is an American television soap opera, created by William J. Bell and Lee Phillip Bell for CBS.',
              ' It first aired on March 23, 1987.',
              ' Currently, John McCook (Eric Forrester) and Katherine Kelly Lang (Brooke Logan) are the two longest-running cast members, having appeared on the show when it first aired.',
              ' The following list is of cast members who are currently on the show: the main cast and recurring, or who are upcoming, returning or departing from the series.'],
             dtype=object)                                                                                                                                                                  ,
       array(['The House of Hair with Dee Snider is a nationally syndicated radio program, airing weekly in the United States, Mexico and Canada.',
              "" Dee Snider, Twisted Sister frontman, serves as the show's host."",
              ' The House of Hair features heavy metal, glam metal and hard rock, mostly from the 1980s and early 1990s, though occasionally from the 1960s and 1970s as well.',
              ' The show first aired in 1997; as of 2015, it airs on over 200 FM radio stations .',
              ' The show has also spawned a daily Monday-Friday short-form program called The Daily House of Hair Cut, featuring interview clips and hard rock entertainment.',
              ' The House of Hair is distributed by the United Stations Radio Networks.'],
             dtype=object)                                                                                                                                                      ,
       array(['Skimo is the first Nickelodeon comedy sitcom made in Mexico.',
              ' It is produced by Nickelodeon Latin America and Macias Group International.',
              ' The show first aired on May 15, 2006, and ran at 8:00 pm for the first two seasons.',
              ' In the third season of the show, it was moved to 6:00 pm on Mondays.',
              ' Now, for the 2007 summer-fall transition, the show airs reruns weekdays at 7:00 pm; also, during the 2006 summer-fall transition, the show aired reruns on Mondays at 6:00pm; during the 2007 break between seasons 2 and 3, the show aired reruns of 3 episodes on Mondays at 6:00 pm as well.',
              ' Currently, it is airing reruns on Nick at Nite block on Nickelodeon Latin America.'],
             dtype=object)                                                                                                                                                                                                                                                                                       ,
       array(['Miss Malaika Ghana is a beauty pageant, reality show which first aired in Ghana in 2003.',
              ' The show is produced by Charter House Productions and airs on Ghana television station TV3 as well as DSTV channel Africa Magic.',
              ' The pageant is produced as a 12- to 13-week reality show which shows the search for a Ghanaian representative for the Miss Malaika continental competition.',
              ' It was the first beauty pageant show to be aired as a reality series in Ghana.'],
             dtype=object)                                                                                                                                                   ,
       array(['""There\'s No Place Like Home, Parts 1, 2 & 3"" is the season finale of the American Broadcasting Company\'s fourth season of the serial drama television series ""Lost"", consisting of the 12th through 14th episodes.',
              ' They are also the 84th through 86th episodes of the show overall.',
              ' The three constituent episodes were split into two broadcasts; ""Part 1"" first aired on May 15, 2008, and ""Part 2"", serving as the two-hour season finale of the fourth season, first aired on May 29, 2008, on ABC in the United States and on CTV in Canada.',
              ' The episodes were written by executive producers/show runners Carlton Cuse and Damon Lindelof; ""Part 1"" was directed by co-executive producer Stephen Williams, while executive producer Jack Bender directed ""Part 2"".',
              ' The episode\'s title is a reference to ""The Wonderful Wizard of Oz"".'],
             dtype=object)                                                                                                                                                                                                                                                     ],
      dtype=object)}"
5ae1082455429920d5234294,What island houses the headquarters of Hong Kong's main airport?,Chek Lap Kok,bridge,medium,"{'title': array(['Cathay City', 'Hong Kong International Airport',
       'Hong Kong International Airport',
       'Hong Kong International Airport'], dtype=object), 'sent_id': array([0, 0, 1, 2], dtype=int32)}","{'title': array(['Hong Kong House', 'The Back Door (fiction)',
       'Westernisation in Hong Kong', 'Madame Tussauds Hong Kong',
       'Playhouse Disney Hong Kong', 'Hong Kong International Airport',
       'Cathay Dragon', 'New Territories',
       'Hong Kong International Airport Master Plan 2030', 'Cathay City'],
      dtype=object), 'sentences': array([array(['Hong Kong House, also known since 1995 as the Hong Kong Economic and Trade Office, Sydney, is a landmark heritage building and former hotel in the Sydney central business district.',
              ' Built in 1891 to a design by Ambrose Thornley, it is located on 80 Druitt Street, at the corner with York Street, and is adjacent to other prominent heritage landmarks, the Sydney Town Hall and the Queen Victoria Building.',
              ' In addition to the Hong Kong Economic and Trade Office, Hong Kong House also houses the office of the Hong Kong Tourism Board in Australasia, Invest Hong Kong and the office of the Hong Kong Trade Development Council.'],
             dtype=object)                                                                                                                                                                                                                      ,
       array(['The Back Door was an anonymous work of invasion literature serialised in Hong Kong newspaper ""The China Mail"" from 30 September through 8 October 1897.',
              "" The work, written in the form of a historical account, describes an imagined Russian and French landing at Hong Kong's Deep Water Bay, followed by shelling of Victoria Peak, a sea battle in the Sulphur Channel between Hong Kong Island and Green Island, and a last stand at Stonecutters Island in which British forces were decisively defeated."",
              ' The story was intended as a criticism of the lack of British funding for the defence of Hong Kong; fears of invasion were driven by French expansionism in Southeast Asia and increasing Russian influence in Manchuria.',
              ' It was speculated, but never proven, that members of the Imperial Japanese Army read the book in preparation for the 1941 Battle of Hong Kong, in which Japanese forces overran Hong Kong (via the New Territories, rather than Hong Kong Island) in just 18 days.',
              ' In terms of its style, it follows the model laid out by George Tomkyns Chesney\'s ""The Battle of Dorking"", but is noteworthy for its attention to detail, even giving real names of individual soldiers and ships; one reviewer described it as ""unique"" in its verisimilitude, stating that only William Le Queux\'s ""The Invasion of 1910"" and Cleveland Moffett\'s """" could compare to it.'],
             dtype=object)                                                                                                                                                                                                                                                                                                                                                                                      ,
       array(['After the First Opium War in 1842, China ceded Hong Kong Island to Britain under the Nanking Treaty.',
              "" Subsequently in 1898, China leased the lands surrounding Hong Kong Island which includes the New Territories, the Kowloon peninsula and outlying islands to Britain rent free for 99 years under the Convention for the Extension of Hong Kong Territory following China's defeat in the First Sino Japanese War."",
              ' These unequal treaties has granted Britain the power to colonise the whole of Hong Kong.',
              "" Even though Hong Kong was eventually handed back to China at the handover in 1997, the British culture has remained evident in Hong Kong's way of life in various aspects after more than 150 years of British rule."",
              ' In several major aspects such as the education system, language and food culture, the British culture has been so ingrained during the colonial rule that it has become an integral part of Hong Kong culture.'],
             dtype=object)                                                                                                                                                                                                                                                                                                         ,
       array(['Madame Tussauds Hong Kong, part of the renowned chain of wax museums founded by Marie Tussaud of France, is located at the Peak Tower on Hong Kong Island in Hong Kong.',
              ' It is the first Madame Tussauds museums in Asia, the other being the Shanghai branch, which opened in 2006 and the third branch at Singapore which opened in 2014.',
              ' The Hong Kong branch houses nearly 100 wax figures of internationally known personalities, with Asian figures taking up more than a third of the total, of which sixteen were Hong Kongers.',
              ' The wax figures are featured in a range of themed settings such as Hong Kong Glamour, Music Icons, Historical and National Heroes, The Champions and World Premiere.'],
             dtype=object)                                                                                                                                                                                   ,
       array(['Playhouse Disney Hong Kong is a Playhouse Disney-branded pay cable television channel for viewers in Hong Kong based in Kowloon Peninsula and is available in 3-national languages: English, Cantonese and Chinese.',
              ' This channel is only available on Cable TV Hong Kong in Hong Kong on Channel 136, Now TV in Hong Kong on Channel 442 and HKBN bbTV in Hong Kong on Channel 312.',
              ' The old name for Playhouse Disney Hong Kong was Disney Channel Asia.',
              ' English, Cantonese and Chinese are available 24-hours in daily.',
              "" Playhouse Disney Hong Kong's main competitors are Hong Kong Disneyland."",
              ' Lindsay Lohan was the ambassador for Playhouse Disney Hong Kong.'],
             dtype=object)                                                                                                                                                                                                          ,
       array(['Hong Kong International Airport (IATA: HKG, ICAO: VHHH) is the main airport in Hong Kong.',
              ' It is located on the island of Chek Lap Kok, which largely comprises land reclaimed for the construction of the airport itself.',
              ' The airport is also colloquially known as Chek Lap Kok Airport (赤鱲角機場), to distinguish it from its predecessor, the closed Kai Tak Airport.'],
             dtype=object)                                                                                                                                    ,
       array(['Hong Kong Dragon Airlines Ltd (Chinese: 港龍航空公司), operating brand as Cathay Dragon (Chinese: 國泰港龍航空) and previously as Dragonair, is a Hong Kong-based international regional airline, with its corporate headquarters, Cathay Dragon House, and main hub at Hong Kong International Airport.',
              ' As of 30 October 2013, the airline operates a scheduled passenger network to 44 destinations in 13 countries and territories across Asia.',
              ' Additionally, the airline has 3 codeshares on routes which are served by partner airlines.',
              "" It has an all Airbus fleet of 41 aircraft, consisting of A320s, A321s and A330s. Cathay Dragon is a wholly owned subsidiary of Hong Kong's flag carrier, Cathay Pacific, and is an affiliate member of the Oneworld airline alliance."",
              "" The airline was founded on May 24, 1985 by Chao Kuang Piu, the airline's present honorary chairman."",
              "" Its maiden flight departed Hong Kong for Kota Kinabalu, Malaysia after being granted an air operator's certificate (AOC) by the Hong Kong Government in July 1985."",
              ' In 2010, Dragonair, together with its parent, Cathay Pacific, operated over 138,000 flights, carried nearly 27 million passengers and over 1.80\xa0billion kg of cargo and mail.'],
             dtype=object)                                                                                                                                                                                                                                                                                   ,
       array(['New Territories () is one of the three main regions of Hong Kong, alongside Hong Kong Island and the Kowloon Peninsula.',
              "" It makes up 86.2% of Hong Kong's territory, and contains around half of the population of Hong Kong."",
              ' Historically, it is the region described in The Convention for the Extension of Hong Kong Territory.',
              ' According to that the territories comprise the mainland area north of the Boundary Street of Kowloon Peninsula and south of the Sham Chun River which is the border between Hong Kong and Mainland China, as well as over 200 outlying Islands including Lantau Island, Lamma Island, Cheung Chau, and Peng Chau in the territory of Hong Kong.'],
             dtype=object)                                                                                                                                                                                                                                                                                                                                        ,
       array(['The Hong Kong International Airport (“HKIA”), is connected to about 180 destinations, through over 1,000 daily flight by more than 100 airlines.',
              ' In order to meet future demand until 2030 and beyond, the Airport Authority Hong Kong (“AAHK”) proposed the expansion of HKIA into a three-runway system (“3RS”) to support the two currently operated runways, through the introduction of Master Plan 2030 (“MP 2030”) in 2011.',
              ' Facing a projected increase in air traffic, the Airport Authority Hong Kong promulgated the Hong Kong International Airport Master Plan 2030 on 2 June 2011.',
              ' Its main project aimed at expanding the current airport infrastructure to a Third-Runway System to maintain the position of the Hong Kong International Airport as a leading international and regional aviation hub.'],
             dtype=object)                                                                                                                                                                                                                                                                         ,
       array(['Cathay Pacific City or Cathay City () is the headquarters of Cathay Pacific at Hong Kong International Airport.'],
             dtype=object)                                                                                                       ],
      dtype=object)}"
5aba96f5554299232ef4a352,Sugarloaf Community Wind Farm is planned to near the ski area in what part of western Maine?,Carrabassett Valley,bridge,medium,"{'title': array(['Sugarloaf Community Wind Farm', 'Sugarloaf (ski resort)'],
      dtype=object), 'sent_id': array([1, 0], dtype=int32)}","{'title': array(['Storrun wind farm', 'Sugarloaf (ski resort)',
       'Pawan Danavi Wind Farm', 'Green Mountain Wind Energy Center',
       'Docking Shoal wind farm', 'Alta Wind Energy Center',
       'Meadow Lake Wind Farm', 'Coal Clough Wind Farm',
       'Walney Wind Farm', 'Sugarloaf Community Wind Farm'], dtype=object), 'sentences': array([array(['Storrun Wind Farm is a 30\xa0MW wind farm in Krokom in Jämtland, Sweden.',
              ' The wind farm was opened on 26 September 2009.',
              ' It consists of 12\xa0Nordex 2.5\xa0MW N90 wind turbines.',
              ' The developer and operator of the wind farm is Storrun Vindkraft AB, a joint venture of DONG Energy (80%) and Borevind AB (20%).',
              ' The wind farm covers an area of approximately 2.6 km2 and average wind speed at the 80 m hub height is 7.3 m/s .',
              ' Due to the northern location, the project includes anti-ice coated blades and estimation of production losses caused by icing.'],
             dtype=object)                                                                                                                        ,
       array(['Sugarloaf (formerly Sugarloaf/USA) is a ski area and resort located on Sugarloaf Mountain in Carrabassett Valley, western Maine.',
              "" It is the second largest ski resort east of the Mississippi in terms of skiable area (1230 acre after Killington's 1509 acre ) and snowmaking percentage (95%); its continuous vertical drop of 2820 ft is the second longest in New England (after Killington's 3050 ft )."",
              ' Sugarloaf recorded a total of 352,000 skier visits in the 2005–2006 season, ranking it second among Maine resorts and 11th in New England, according to Ski Area Management magazine.'],
             dtype=object)                                                                                                                                                                                                                                                                   ,
       array(['The Pawan Danavi Wind Farm (also internally known as the Kalpitiya Wind Farm, and LTL Holdings Wind Farm after its parent company) is a 10.2 MW onshore wind farm located near Kalpitiya, in the Puttalam District of Sri Lanka.',
              "" The wind farm utilizes twelve of Gamesa's G58-850 kW wind turbines. Pawan Danavi is a subsidiary company of LTL Holdings .""],
             dtype=object)                                                                                                                                                                                                                       ,
       array(['The Green Mountain Wind Energy Center was a wind power plant near Garrett, Somerset County, Pennsylvania with eight Nordex 1.3 MW turbines that began commercial operation in May 2000.',
              ' This was the first commercial wind farm constructed in Pennsylvania.',
              ' The wind farm had a combined total nameplate capacity of 10.4 MW and the potential to produce about 27,000 megawatt-hours of electricity annually, enough to power 3,300 homes, assuming a 30% capacity factor.',
              ' The wind farm was developed by National Wind Power of the UK, now part of NPower Renewables, operated by NextEra Energy Resources, based in Florida.',
              ' Energy from the wind farm was purchased and sold by Green Mountain Energy based in Texas, and was the first commercial wind farm for Green Mountain Energy.',
              ' In 2016 the wind farm was dismantled and replaced with new battery technology.'],
             dtype=object)                                                                                                                                                                                                       ,
       array(['Docking Shoal Wind Farm was a proposed 500\xa0MW offshore wind farm in the outer-Wash area of the Lincolnshire and Norfolk (UK) coastline; the wind farm was one of three Centrica was developing the area, together with Lincs wind farm and Race Bank wind farm.'],
             dtype=object)                                                                                                                                                                                                                                                          ,
       array(['Alta Wind Energy Center (AWEC), also known as Mojave Wind Farm, is the third largest onshore wind energy project in the world.',
              ' The Alta Wind Energy Center is a wind farm located in Tehachapi Pass of the Tehachapi Mountains, in Kern County, California.',
              ' As of 2013, it is the largest wind farm in the United States, with a combined installed capacity of 1547 MW .',
              ' The project, being developed near Tehachapi Pass Wind Farm— site of the first large-scale wind farms installed in the U.S. in the 1970s and 1980s—is ""a powerful illustration of the growing size and scope of modern wind projects"".'],
             dtype=object)                                                                                                                                                                                                                              ,
       array(['The 500.85 MW Meadow Lake Wind Farm is a wind farm near Brookston and Chalmers, Indiana, spreading over portions of White, Jasper, and Benton Counties in Indiana, owned and operated by EDP Renewables North America.',
              ' The wind farm currently has four operational phases, with 303 turbines.',
              ' There are tentative plans to develop additional phases of the Meadow Lake Wind Farm.',
              ' The farm can be seen by travelers prominently on both sides of Interstate 65, which runs through the area.'],
             dtype=object)                                                                                                                                                                                                             ,
       array(['Coal Clough Wind Farm is one of the oldest onshore wind farms in England.',
              ' The wind farm, which was built for Scottish Power, currently produces electricity from 24 Vestas WD34 wind turbines.',
              ' It has a total nameplate capacity of 9.6\xa0MW of electricity, enough to serve the average needs of 5,500\xa0homes.',
              ' It is situated near Burnley, Lancashire in the parish of Cliviger, near Coal Clough Farm, on the edge of Stiperden Moor in the South Pennines.',
              ' For just a few weeks it was the largest wind farm in the UK, until the much larger Penrhyddlan and Llidiartywaun wind farms (now called Llandinam) in Powys, Wales overtook it.',
              ' It narrowly remained the largest in England until Coldham opened in Cambridgeshire in November 2005, the record is currently held by Scout Moor Wind Farm just 7 mi to the south west.',
              ' In 2009 Scottish Power announced plans to replace the existing turbines with eight 2\xa0MW units with an estimated maximum height 110 m .'],
             dtype=object)                                                                                                                                                                              ,
       array(['Walney Wind Farm is an offshore wind farm 14\xa0km west of Walney Island off the coast of Cumbria, in the Irish Sea, England.',
              "" It has a capacity of 367\xa0MW, which makes it one of the world's largest offshore wind farms."",
              ' The wind farm was developed by Walney (UK) Offshore Windfarms Limited, a partnership between DONG Energy and Scottish and Southern Energy.',
              ' The farm is immediately north west of the West of Duddon Sands Wind Farm and also to the west of Ormonde Wind Farm.',
              ' The farm is in water depths ranging from 19m to 23m and covers an area of approximately 73\xa0km.'],
             dtype=object)                                                                                                                                  ,
       array(['The Sugarloaf Community Wind Farm is a wind power project in western Maine under development by Endless Energy Corporation.',
              ' The wind farm is planned to be situated between the Sugarloaf and the Saddleback Maine ski resorts on Redington Pond Range and Black Nubble Mountains.'],
             dtype=object)                                                                                                                                               ],
      dtype=object)}"
5ab8975455429919ba4e2329,"Matthew Libatique (born July 19, 1968) is an American cinematographer who is best known for his work with director Darren Aronofsky on which 2017 American psychological horror film, written and directed by Darren Aronofsky, and starring Jennifer Lawrence?",Mother!,bridge,easy,"{'title': array(['Matthew Libatique', 'Mother!'], dtype=object), 'sent_id': array([0, 0], dtype=int32)}","{'title': array(['Black Swan (film)', '65th Berlin International Film Festival',
       'Requiem for a Dream', 'Noah (2014 film)', 'Ari Handel',
       'Pi (film)', '68th Venice International Film Festival',
       ""Darren Aronofsky's unrealized projects"", 'Mother!',
       'Matthew Libatique'], dtype=object), 'sentences': array([array(['Black Swan is a 2010 American psychological horror film directed by Darren Aronofsky.',
              ' The screenplay by Mark Heyman, Andres Heinz and John McLaughlin is from a story by Heinz.',
              ' It stars Natalie Portman, Vincent Cassel, Mila Kunis, Barbara Hershey and Winona Ryder.',
              ' The plot revolves around a production of Tchaikovsky\'s ""Swan Lake"" ballet by a prestigious New York City company.',
              ' The production requires a ballerina to play the innocent and fragile White Swan, for which the committed dancer Nina (Portman) is a perfect fit, as well as the dark and sensual Black Swan, which are qualities better embodied by the new arrival Lily (Kunis).',
              ' Nina is overwhelmed by a feeling of immense pressure when she finds herself competing for the part, causing her to lose her tenuous grip on reality and descend into a living nightmare.'],
             dtype=object)                                                                                                                                                                                                                                                         ,
       array(['The 65th annual Berlin International Film Festival was held from 5 to 15 February 2015, with American film director Darren Aronofsky as the President of the Jury.',
              ' German film director Wim Wenders was presented with the Honorary Golden Bear.',
              ' The first seven films of the festival were announced on 15 December 2014.',
              ' Isabel Coixet\'s ""Nobody Wants the Night"" was announced as the opening film.'],
             dtype=object)                                                                                                                                                         ,
       array(['Requiem for a Dream is a 2000 American psychological drama film directed by Darren Aronofsky and starring Ellen Burstyn, Jared Leto, Jennifer Connelly, and Marlon Wayans.',
              ' The film is based on the novel of the same name by Hubert Selby, Jr., with whom Aronofsky wrote the screenplay.'],
             dtype=object)                                                                                                                                                                 ,
       array(['Noah is a 2014 American epic biblical drama film directed by Darren Aronofsky and inspired by the Biblical story of Noah\'s Ark from the ""Book of Genesis"".',
              ' The film, which was co-written by Aronofsky and Ari Handel, stars Russell Crowe as Noah, along with Jennifer Connelly, Emma Watson, Ray Winstone, Logan Lerman, Douglas Booth, and Anthony Hopkins.',
              ' The film was released in North American theaters on March 28, 2014, in 2D and IMAX, while a version of the film converted to 3D and IMAX 3D was released in several other countries.'],
             dtype=object)                                                                                                                                                                                           ,
       array(['Ari Handel (born in Zürich, Switzerland) is an American neuroscientist, film producer, and writer.',
              ' He is known for co-writing the films ""Noah"" and ""The Fountain"" with his Harvard Dunster House suitemate Darren Aronofsky and for helping to produce these films along with two other Darren Aronofsky films, ""The Wrestler"" and ""Black Swan"".',
              ' He started co-writing the film ""Noah"" around 2003.'],
             dtype=object)                                                                                                                                                                                                                                     ,
       array(['Pi, also titled π , is a 1998 American surrealist psychological thriller film written and directed by Darren Aronofsky in his directorial debut.',
              ' The film earned Aronofsky the Directing Award at the 1998 Sundance Film Festival, the Independent Spirit Award for Best First Screenplay and the Gotham Open Palm Award.',
              ' The title refers to the mathematical constant pi.',
              ' The film is notable for its covering of an array of themes including religion, mysticism and the relationship of the universe to mathematics.'],
             dtype=object)                                                                                                                                                                ,
       array(['The 68th annual Venice International Film Festival was held in Venice, Italy between 31 August and 10 September 2011.',
              ' American film director Darren Aronofsky was announced as the Head of the Jury.',
              ' American actor and film director Al Pacino was presented with the Glory to the Film-maker award on 4 September, prior to the premiere of his upcoming film ""Wilde Salomé"".',
              ' Marco Bellocchio was awarded with the Golden Lion for Lifetime Achievement in September.',
              ' The festival opened with the American film ""The Ides of March"", directed by George Clooney.'],
             dtype=object)                                                                                                                                                                  ,
       array(['The following is a list of unproduced Darren Aronofsky projects in roughly chronological order.',
              ' During his long career, American film director Darren Aronofsky has worked on a number of projects which never progressed beyond the pre-production stage under his direction.',
              ' Some of these projects fell in development hell or were cancelled.'],
             dtype=object)                                                                                                                                                                      ,
       array(['Mother!', ' (stylized as mother!)',
              ' is a 2017 American psychological horror film, written and directed by Darren Aronofsky and starring Jennifer Lawrence, Javier Bardem, Ed Harris, and Michelle Pfeiffer.',
              ' The plot follows a young woman whose tranquil life with her husband at their country home is disrupted by the arrival of a mysterious couple.'],
             dtype=object)                                                                                                                                                               ,
       array(['Matthew Libatique (born July 19, 1968) is an American cinematographer who is best known for his work with director Darren Aronofsky on the films ""π"" (1998), ""Requiem for a Dream"" (2000), ""The Fountain"" (2006), ""Black Swan"" (2010), ""Noah"" (2014) and ""Mother!',
              '"" (2017).'], dtype=object)                                                                                                                                                                                                                                         ],
      dtype=object)}"
5a8b475a5542995d1e6f1341,Q1 What’s the nickname of the star in the movie  ,Dingding,bridge,medium,"{'title': array(['Visible Secret 2', 'Cherrie Ying'], dtype=object), 'sent_id': array([0, 2], dtype=int32)}","{'title': array(['Visible Secret 2', 'Nobuyoshi Kuwano', 'Movies OK',
       'Cherrie Ying', 'Sing girls',
       '1920 Southwest Texas State Bobcats football team',
       'Flag of Nevada', 'Sukrit Wisetkaew', 'Cinderella Man',
       'Star Wars (film)'], dtype=object), 'sentences': array([array(['Visible Secret 2 () is a 2002 Hong Kong film directed by Abe Kwong and stars Eason Chan and Cherrie Ying.',
              ' In this movie, a man with the ability to see ghosts begins to suspect that his wife may be possessed.'],
             dtype=object)                                                                                                ,
       array(['Nobuyoshi Kuwano (桑野信義 ""Kuwano Nobuyoshi"", born April 4, 1957 in Ōta, Tokyo -) is a Japanese television performer, former member of Rats & Star.',
              ' His nickname is ""Kuwa-man"" (桑マン).',
              ' In Rats & Star, he took charge of the trumpet and vocal.',
              "" After the group broke up, he shifted to a television comedian and co-starred with The Drifters' Ken Shimura and Masashi Tashiro."",
              "" He took over as lead vocalist of Rats & Star during Masayuki Suzuki's solo concert tour.""],
             dtype=object)                                                                                                                                       ,
       array(['Movies OK is a Hindi movie television channel broadcast in India.',
              ' It is owned by Star TV and Fox International Channels.',
              ' The channel was launched on 6 May 2012.',
              "" It is Star's second Hindi movie channel, the first being STAR Gold which was launched in 2000."",
              ' It is also the second channel to be branded under the ""OK"" brand rather than the ""STAR"" brand after Life OK, a general entertainment channel which was launched in December 2011 to replace STAR One.',
              "" Before the launch of Movies OK, STAR acquired Viacom 18's movie portfolio, paving the way for the launch of the new channel."",
              ' From OK Series Of Flagship Channel - Life OK Renamed of STAR Bharat, Later Movies OK Will be Replaced Of STAR Bharat Movies.'],
             dtype=object)                                                                                                                                                                                             ,
       array(['Ting Man (born 20 June 1983), better known by her stage names Cherrie Ying or Ying Choi-yi, is a Taiwan-born Hong Kong actress.',
              ' She moved to New York City at a young age, and later to Hong Kong.',
              ' Her nickname is ""Dingding"" (丁丁), and she is often credited under the name Cherrie In.'],
             dtype=object)                                                                                                                      ,
       array(['""Sing girls"" () is a nickname for actresses who starred alongside Stephen Chow, often as the main character\'s romantic interest.',
              ' Many are young, new actresses who go on to receive considerable media attention after appearing in one of Chow\'s films, and their success is often attributed to the attention brought to them by Chow—Zhang Yuqi, for example, has been referred to as Chow\'s ""protégée"" after appearing in the 2007 film ""CJ7"".',
              ' The Chinese word 星 ""xīng"" refers both to Chow\'s nickname 星爷 (""Sing Yeh"", ""Grandmaster Sing"") and to 明星, the word for a star or celebrity.'],
             dtype=object)                                                                                                                                                                                                                                                                                                           ,
       array(['The 1920 Southwest Texas State Normal School Bobcats football team represented Southwest Texas State Normal School in the 1920 college football season.',
              ' The 1920 Texas State team adopted the nickname Bobcats after The University Star had an editorial campaign to adopt an athletic mascot.',
              ' Prior to this season Texas State had no nickname.'], dtype=object)                                                                                      ,
       array([""The flag of the U.S. state of Nevada consists of a cobalt blue field with a variant of the state's emblem in the upper left hand corner."",
              "" The emblem contains a silver star (a reference to the state's nickname, The Silver State), below which appears the state's name."",
              ' Above the star is a golden-yellow scroll with the words ""Battle Born"", one of the state\'s mottos (in reference to Nevada becoming a state during the American Civil War).',
              ' Below the star and state name are two sprays of green sagebrush (the state flower) with yellow flowers.'],
             dtype=object)                                                                                                                                                                  ,
       array(['Sukrit Wisetkaew (Thai: สุกฤษฎิ์ วิเศษแก้ว , rtgs:\xa0""Su-krit Wisetkaeo"" , \xa0] , born September 4, 1985), commonly known by his nickname Bie (บี้ ; rtgs:\xa0Bi ), is a Thai pop singer and actor.',
              ' He was discovered on the third season of Thai television talent contest ""The Star"".',
              ' After winning the position as the first runner-up in ""The Star 3"", Bie became one of the hottest rising singers and gained immense popularity after his debut single I Need Somebody.',
              ' He is well known as Bie ""The Star"" (Thai: บี้ เดอะสตาร์ ).'],
             dtype=object)                                                                                                                                                                                            ,
       array(['Cinderella Man is a 2005 American drama film by Ron Howard, titled after the nickname of heavyweight boxing champion James J. Braddock and inspired by his life story.',
              ' The film was produced by Howard, Penny Marshall, and Brian Grazer.',
              ' Damon Runyon is credited for giving Braddock this nickname.',
              ' Russell Crowe, Renée Zellweger and Paul Giamatti star.'],
             dtype=object)                                                                                                                                                             ,
       array(['Star Wars (later retitled Star Wars: Episode IV – A New Hope) is a 1977 American epic space opera film written and directed by George Lucas.',
              ' It is the first film in the original ""Star Wars"" trilogy, the first ""Star Wars"" movie in general, and the beginning of the ""Star Wars"" franchise.',
              "" Starring Mark Hamill, Harrison Ford, Carrie Fisher, Peter Cushing, Alec Guinness, David Prowse, James Earl Jones, Anthony Daniels, Kenny Baker, and Peter Mayhew, the film's plot focuses on the Rebel Alliance, led by Princess Leia (Fisher), and its attempt to destroy the Galactic Empire's space station, the Death Star."",
              ' This conflict disrupts the isolated life of farmhand Luke Skywalker (Hamill), who inadvertently acquires a pair of droids that possess stolen architectural plans for the Death Star.',
              ' When the Empire begins a destructive search for the missing droids, Skywalker accompanies Jedi Master Obi-Wan Kenobi (Guinness) on a mission to return the plans to the Rebel Alliance and rescue Leia from her imprisonment by the Empire.'],
             dtype=object)                                                                                                                                                                                                                                                                                                                       ],
      dtype=object)}"
5a906b5f5542990a98493638,What is the name of an American novelist with film adaptations of his novels released in 2003 and in 2013?,Orson Scott Card,bridge,medium,"{'title': array(['The Crystal City', 'Orson Scott Card', 'Orson Scott Card'],
      dtype=object), 'sent_id': array([0, 0, 3], dtype=int32)}","{'title': array(['Oreimo', 'No Game No Life', 'The Quickening (series)',
       'Patricia Highsmith', 'Tom Ripley',
       'List of Harlequin Romance novels released in 2003',
       'Ballad of a Shinigami', 'Dark Shadows by Marilyn Ross',
       'Orson Scott Card', 'The Crystal City'], dtype=object), 'sentences': array([array(['Oreimo (俺妹 ) , short for Ore no Imōto ga Konna ni Kawaii Wake ga Nai (俺の妹がこんなに可愛いわけがない , lit.',
              ' ""My Little Sister Can\'t Be This Cute"") and also known as Ore no Imōto (俺の妹 ) , is a Japanese light novel series written by Tsukasa Fushimi, with illustrations provided by Hiro Kanzaki.',
              ' The series includes 12 novels released between August 2008 and June 2013.',
              ' A manga adaptation drawn by Sakura Ikeda was serialized in ASCII Media Works\' ""Dengeki G\'s Magazine"".',
              ' A 12-episode anime adaptation produced by AIC aired in Japan between October and December 2010.',
              ' Four additional episodes, which offer a different ending to the broadcast series, were streamed monthly via the official website and other video streaming sites between February and May 2011, before being released on Blu-ray Disc and DVD in June and July 2011.',
              ' A 13-episode second anime season produced by A-1 Pictures, titled ""Ore no Imōto ga Konna ni Kawaii Wake ga Nai.""',
              ' (with a period at the end), aired between April and June 2013.',
              ' An additional three episodes were streamed online on August 18, 2013.'],
             dtype=object)                                                                                                                                                                                                                                                            ,
       array(['No Game No Life (Japanese: ノーゲーム・ノーライフ , Hepburn: Nōgēmu Nōraifu ) is a light novel series by Yū Kamiya.',
              ' It is published under the MF Bunko J imprint with nine novels released between April 25, 2012 and August 25, 2016.',
              ' The author and his wife, Mashiro Hiiragi, adapted the novels into a manga series for ""Monthly Comic Alive"" in 2013.',
              ' Later that year, an anime adaptation of ""No Game No Life"" by Madhouse was announced.',
              ' It premiered on AT-X between April and July 2014, and was simulcast outside Japan by Crunchyroll.',
              ' An anime film adaptation of the sixth volume is scheduled to premiere on July 15, 2017.',
              ' The ""No Game No Life"" franchise was localized in North America by several companies: Seven Seas Entertainment licensed the manga, Sentai Filmworks the anime, and Yen Press the light novel series.'],
             dtype=object)                                                                                                                                                                                            ,
       array(['The Quickening is a fantasy trilogy of novels released first released in 2003 by Fiona McIntosh.',
              ' The story centres on various realms, legions, heroes, knights, and sorcerers, while intermingling love and romance within battles between good and evil.'],
             dtype=object)                                                                                                                                                 ,
       array(['Patricia Highsmith (January 19, 1921 – February 4, 1995) was an American novelist and short story writer, known for her psychological thrillers, which led to more than two dozen film adaptations.',
              ' Her first novel, ""Strangers on a Train"", has been adapted for stage and screen numerous times, notably by Alfred Hitchcock in 1951.',
              ' Highsmith wrote 22 novels, including her series of five novels with Tom Ripley as protagonist, and many short stories.',
              ' Existentialism is the literary movement that most influenced her writing, with ""Dostoyevsky and Gide through Camus and Sartre"" among her favorite authors.',
              ' Graham Greene described Highsmith as ""the poet of apprehension rather than fear.',
              ' Fear after a time...is narcotic, it can lull one by fatigue into sleep, but apprehension nags at the nerves gently and inescapably.""',
              ' Published under the pseudonym of ""Claire Morgan,"" Highsmith wrote the first lesbian novel with a happy ending, ""The Price of Salt"", republished 38 years later as ""Carol"" under her own name.'],
             dtype=object)                                                                                                                                                                                          ,
       array(['Thomas ""Tom"" Ripley is a fictional character in a series of crime novels by American novelist Patricia Highsmith, as well as several film adaptations.',
              ' The five novels in which he appears—""The Talented Mr. Ripley"", ""Ripley Under Ground"", ""Ripley\'s Game"", ""The Boy Who Followed Ripley"", and ""Ripley Under Water"", published between 1955 and 1991—are referred to collectively as the ""Ripliad"".'],
             dtype=object)                                                                                                                                                                                                                                        ,
       array(['This is a list of Harlequin Romance novels released in 2003.'],
             dtype=object)                                                    ,
       array(['Ballad of a Shinigami (しにがみのバラッド。 , Shinigami no Baraddo. )',
              ' , subtitled Momo: The Girl God of Death, is a Japanese light novel series written by K-Ske Hasegawa, with illustrations by Nanakusa.',
              ' The series includes twelve novels released between June 10, 2003 and April 10, 2009, published by ASCII Media Works under their Dengeki Bunko imprint.',
              ' The novels were licensed by Seven Seas Entertainment for release in English with the first novel released in March 2008.',
              ' The series revolves around Momo, a ""shinigami"", and her familiar Daniel, a talking black cat, as they interfere with the world of the living.'],
             dtype=object)                                                                                                                                              ,
       array(['The Paperback Library began releasing novels based on the TV series ""Dark Shadows"" in December 1966.',
              ' There were thirty-three novels released through to 1972, all of them written by William Edward Daniel Ross under his pen name Marilyn Ross.'],
             dtype=object)                                                                                                                                    ,
       array(['Orson Scott Card (born August 24, 1951) is an American novelist, critic, public speaker, essayist, and columnist.',
              ' He writes in several genres but is known best for science fiction.',
              ' His novel ""Ender\'s Game"" (1985) and its sequel ""Speaker for the Dead"" (1986) both won Hugo and Nebula Awards, making Card the only author to win both science fiction\'s top U.S. prizes in consecutive years.',
              ' A feature film adaptation of ""Ender\'s Game"", which Card co-produced, was released in late October 2013 in Europe and on November 1, 2013, in North America.'],
             dtype=object)                                                                                                                                                                                                       ,
       array(['The Crystal City (2003) is an alternate history/fantasy novel by Orson Scott Card.',
              ' It is the sixth book in Card\'s ""The Tales of Alvin Maker"" series and is about Alvin Miller, the Seventh son of a seventh son.'],
             dtype=object)                                                                                                                       ],
      dtype=object)}"
5a8f034f5542995b44241f28,What drink would the people of Nannus use to celebrate what Dionysus did for them?,Wine,bridge,hard,"{'title': array(['Alpos', 'Dionysus', 'Dionysus'], dtype=object), 'sent_id': array([0, 0, 1], dtype=int32)}","{'title': array(['Peter Joseph Bis', 'Dionysus', 'Boeber', 'Black drink',
       'Marejada', 'Legal drinking age controversy', 'Alpos', 'Tarabuco',
       'United American Indians of New England', 'Indian whisky'],
      dtype=object), 'sentences': array([array(['Peter Joseph Bis (c. 1951 - August 16, 2012) was a homeless man in Washington, D.C., known by the Capitol Hill community for his social personality and keen, savant-like memory.',
              ' His usual daytime location was the corner of Second Street and Massachusetts Avenue Northeast, sitting on a crate under a tree outside an Exxon station by Union Station.',
              ' According to his brother, James Bis, Bis suffered from schizophrenia.',
              ' He would greet and converse with passers-by, often offering repetitive, random advice such as “No skinny dipping!”',
              ' or pointing out the number of days until the weekend.',
              ' He never drank alcohol or used drugs, but did use cigarettes and drink coffee.',
              ' He took pride in his neighborhood, spent his days saying hello to the regulars who passed him on the sidewalk, and was provided with food and clothes by the local community.',
              ' He was even given an apartment at one point, but was eventually evicted because his hoarding tendencies filled up his residence.',
              ' He would usually sleep in the garage of the Exxon station, and the Exxon workers would let him use a computer in the office.'],
             dtype=object)                                                                                                                                                                        ,
       array(['Dionysus ( ; Greek: Διόνυσος ""Dionysos"") is the god of the grape harvest, winemaking and wine, of ritual madness, fertility, theatre and religious ecstasy in ancient Greek religion and myth.',
              ' Wine played an important role in Greek culture, and the cult of Dionysus was the main religious focus for its unrestrained consumption.',
              ' His worship became firmly established in the seventh century BC.',
              ' He may have been worshipped as early as c. 1500–1100 BC by Mycenean Greeks; traces of Dionysian-type cult have also been found in ancient Minoan Crete.',
              ' His origins are uncertain, and his cults took many forms; some are described by ancient sources as Thracian, others as Greek.',
              ' In some cults, he arrives from the east, as an Asiatic foreigner; in others, from Ethiopia in the South.',
              ' He is a god of epiphany, ""the god that comes"", and his ""foreignness"" as an arriving outsider-god may be inherent and essential to his cults.',
              ' He is a major, popular figure of Greek mythology and religion, becoming increasingly important over time, and included in some lists of the twelve Olympians, as the last of their number, and the only god born from a mortal mother.',
              ' His festivals were the driving force behind the development of Greek theatre.'],
             dtype=object)                                                                                                                                                                                                                              ,
       array(['Boeber (pronounced boo ber) is a traditional Cape Malay sweet, milk drink, made with vermicelli, sago, sugar, and flavoured with cardamom, stick cinnamon and rose water.',
              ' The drink is traditionally served on the 15th night of Ramadan to celebrate the middle of the fast, for those who have completed the first 15 days of fasting.',
              ' They are also known as people who are ‘op die berg’ (or have reached the summit).'],
             dtype=object)                                                                                                                                                                ,
       array(['Black drink is a name for several kinds of ritual beverages brewed by Native Americans in the Southeastern United States.',
              ' Traditional ceremonial people of the Yuchi, Caddo, Chickasaw, Cherokee, Choctaw, Muscogee and some other Indigenous peoples of the Southeastern Woodlands use the black drink in purification ceremonies.',
              ' It was occasionally known as ""white drink"" because of the association of the color white with peace leaders in some Native cultures in the Southeast.'],
             dtype=object)                                                                                                                                                                                                 ,
       array(['Marejada (Portuguese: ""Marejada"" ) is one of the most popular national Brazilian celebrations (fiestas) in Itajaí city (Portuguese: ""Itajaí"" ), Santa Catarina state.',
              ' This celebration commemorates the first disembarkation of European people from Portugal to the Brazilian coast.',
              ' Marejada calling from word “mar” (English: sea ) and can be translated as Portugalization.',
              ' The festival also celebrates sea food—fishing is one of the main economic activities of Itajaí regions.',
              ' The main food on this fiesta is sea food and the main drink is beer—it is why this fiesta looking like beer makers celebrate.',
              ' Also this fiesta is folklore of Brazil.',
              ' Symbols of Marejada—fish in cap and human face playing accordion, shrimps on the plate, one glass of beer, dancing group in national clothes—are painted on the souvenir plate from Marejada fiesta (see photo).'],
             dtype=object)                                                                                                                                                                                                         ,
       array(['The legal drinking age varies from country to country.',
              ' In the United States, the legal drinking age is currently 21, but some people, such as sociology Professor David Hanson, suggest lowering it.',
              ' Underage drinking is already common, but NHTSA spokeswoman Evelyn Avant says lowering the drinking age would lead to even more alcohol use among young people.',
              ' Other countries have raised the prices of alcohol and encouraged the general public to drink less.',
              ' Having a legal drinking age of 21 allows for the hope that drinking would become less reckless and the people drinking would be more mature to make reasonable decisions when it comes to alcohol consumption.',
              ' A survey of Australian college students demonstrated that they and other students witnessed blackouts during parties with alcohol consumption and around 75% of students stated they left these students to sleep off the effects.',
              ' Australian programs responded to this by training students in how to avoid dangerous encounters when in situations of alcohol consumption.'],
             dtype=object)                                                                                                                                                                                                                          ,
       array(['In Nonnus\' ""Dionysiaca"" (late fourth or early fifth century CE), Alpos is a Sicilian giant who terrorized Punta del Faro and he was killed by Dionysus with his thyrsus.',
              ' Like the Hundred-Handed Ones he had many arms, and his head was covered with vipers, like Medusa.',
              ' Alpos, who does not appear elsewhere in Greek mythology, and received no cult, may be considered an invention of the fertile imagination of Nonnus.'],
             dtype=object)                                                                                                                                                                ,
       array(['Tarabuco is a Bolivian town in the department of Chuquisaca, capital of the Yamparáez Province and its first section, Tarabuco Municipality.',
              ' It is best known as the home of the Yampara culture.',
              ' Its people host the Pujllay festival in March each year.',
              ' Members of the local indigenous community gather for Mass, parade in their colorful traditional costumes, drink plenty of chicha, and celebrate.'],
             dtype=object)                                                                                                                                         ,
       array(['The United American Indians of New England (UAINE) is a Native American activist organization founded by Frank James.',
              ' Also known as Wamsutta, Frank James was the leader of the Wampanoag people.',
              ' He founded the United American Indians of New England after being “uninvited” to make a speech at a celebration hosted by the Commonwealth of Massachusetts.',
              ' The Commonwealth wanted to celebrate the friendly relations of their forefathers and the Wampanoag people; however, when the speech that James was going to give was reviewed, it was deemed inappropriate for the celebration because it focused on the negative ways the Wampanoag people had been treated by the Pilgrims at Plymouth and did not celebrate the brotherhood the planners wanted to show.',
              ' When he was given a revised speech that was written by a person in public relations, James decided that he would not attend the celebration.',
              "" Instead, he chose to protest the silencing of the Native Americans by gathering supporters, going to Cole's Hill overlooking Plymouth Harbor, and giving his speech there.""],
             dtype=object)                                                                                                                                                                                                                                                                                                                                                                                                   ,
       array(['Most distilled spirits that are labelled as ""whisky"" in India are a form of Indian-made foreign liquor, commonly blends based on neutral spirits that are distilled from fermented molasses with only a small portion consisting of traditional malt whisky, usually about 10 to 12 percent.',
              ' Outside India, such a drink would more likely be labelled a rum.',
              ' According to the Scotch Whisky Association\'s 2013 annual report, unlike the European Union (EU), ""there is no compulsory definition of whisky in India, and the Indian voluntary standard does not require whisky to be distilled from cereals or to be matured.',
              "" Very little Indian 'whisky' qualifies as whisky in the EU owing to the use of molasses or neutral alcohol, limited maturation (if any) and the use of flavourings."",
              ' Such spirits are, of course, considerably cheaper to produce than genuine whisky.""',
              ' Ninety percent of the whisky consumed in India is molasses-based, although whisky wholly distilled from malt and other grains, is also manufactured and sold.'],
             dtype=object)                                                                                                                                                                                                                                                                                   ],
      dtype=object)}"
5ab30cc755429976abd1bc3a,"Charles Hutchison and Reginald Barker, have which mutual occupation?",film director,comparison,easy,"{'title': array(['Charles Hutchison', 'Reginald Barker'], dtype=object), 'sent_id': array([0, 0], dtype=int32)}","{'title': array(['Bachelor Mother (1932 film)', 'Charles Hutchison',
       'The Coward (1915 film)', 'Reginald Barker',
       'The Wrath of the Gods (1914 film)', 'Out of Singapore',
       ""Hutch Stirs 'em Up"", 'Forbidden Heaven', 'Phantom Patrol',
       'Hurricane Hutch in Many Adventures'], dtype=object), 'sentences': array([array(['Bachelor Mother is a 1932 Pre-Code action film directed by Charles Hutchison.'],
             dtype=object)                                                                     ,
       array(['Charles Hutchison (December 3, 1879 – May 30, 1949) was an American film actor, director and screenwriter.',
              ' He appeared in 49 films between 1914 and 1944.',
              ' He also directed 33 films between 1915 and 1938.',
              "" Though he directed numerous independent silent features, he is best remembered today as Pathé's leading male serial star from 1918 to 1922."",
              ' In 1923 he went to Britain and made two films ""Hutch Stirs \'em Up"" and ""Hurricane Hutch in Many Adventures"" for the Ideal Film Company.',
              ' He made one last serial in 1926, ""Lightning Hutch"", for Arrow Film Company.',
              ' It was meant to be a comeback vehicle, but the production company went into bankruptcy just as it was released.'],
             dtype=object)                                                                                                                                   ,
       array(['The Coward is a 1915 American silent historical war drama film directed by Reginald Barker and produced by Thomas H. Ince.',
              "" Ince also wrote the film's story and scenario with C. Gardner Sullivan."",
              ' The film stars Frank Keenan and Charles Ray.',
              ' John Gilbert also appears in an uncredited bit part.',
              ' A copy of ""The Coward"" is preserved at the Museum of Modern Art.'],
             dtype=object)                                                                                                                 ,
       array(['Reginald C. Barker (April 2, 1886 – February 23, 1945) was a pioneer film director.'],
             dtype=object)                                                                           ,
       array(['The Wrath of the Gods is a 1914 American silent drama film directed by Reginald Barker, and starring Sessue Hayakawa, Tsuru Aoki, Frank Borzage, Thomas Kurihara and Henry Kotani in the lead roles.',
              ' This was the first feature film appearance of Hayakawa and the directorial debut of Barker.'],
             dtype=object)                                                                                                                                                                                           ,
       array(['Out of Singapore is a 1932 American drama film directed by Charles Hutchison.',
              ' The film was re-released by Astor Pictures in 1941 as Gangsters of the Sea.'],
             dtype=object)                                                                    ,
       array([""Hutch Stirs 'em Up is a 1923 British silent comedy action film directed by Frank Hall Crane and starring Charles Hutchison, Joan Barry and Malcolm Tod."",
              ' It was based on the novel ""The Hawk of Rede"" by Harry Harding.'],
             dtype=object)                                                                                                                                              ,
       array(['Forbidden Heaven is a 1935 American drama film directed by Reginald Barker and written by Sada Cowan and Jefferson Parker.',
              ' The film stars Charles Farrell, Charlotte Henry, Beryl Mercer, Fred Walton, Eric Wilton and Phyllis Barry.',
              ' The film was released on October 5, 1935, by Republic Pictures.'],
             dtype=object)                                                                                                                 ,
       array(['Phantom Patrol is a 1936 American film directed by Charles Hutchison.'],
             dtype=object)                                                             ,
       array(['Hurricane Hutch in Many Adventures is a 1924 British silent comedy action film directed by Charles Hutchison and starring Charles Hutchison, Warwick Ward and Malcolm Tod.'],
             dtype=object)                                                                                                                                                                  ],
      dtype=object)}"
5adce5485542992c1e3a247c,The Church of the Presidents is a former Episcopal chapel where Woodrow Wilson worshipped; he was the first Southerner elected to the presidency since what President?,Zachary Taylor,bridge,easy,"{'title': array(['Church of the Presidents (New Jersey)', 'Woodrow Wilson'],
      dtype=object), 'sent_id': array([0, 2], dtype=int32)}","{'title': array(['Woodrow Wilson', ""St. George's Chapel, Lewes"",
       'St. Thomas Chapel', 'Free Church of the Good Shepherd',
       'Eleventh Street Methodist Episcopal Chapel',
       'Wilson College, Princeton University',
       ""St. Augustine's University Historic Chapel"",
       ""St. Katherine's Chapel"", 'Presidency of Woodrow Wilson',
       'Church of the Presidents (New Jersey)'], dtype=object), 'sentences': array([array(['Thomas Woodrow Wilson (December 28, 1856 – February 3, 1924) was an American politician and academic who served as the 28th President of the United States from 1913 to 1921.',
              ' A member of the Democratic Party, Wilson served as the President of Princeton University from 1902 to 1910 and then ran and was elected as a progressive Democrat to the office of Governor of New Jersey.',
              "" Wilson's victory in the 1912 presidential election made him the first Southerner elected to the presidency since Zachary Taylor in 1848."",
              ' He also led the United States during World War I, establishing an activist foreign policy known as ""Wilsonianism.""',
              ' He was a major leader at the Paris [Versailles] Peace Conference in 1919, where he championed the proposed League of Nations.',
              ' However, he was unable to obtain Senate approval for U.S. membership.',
              ' After he suffered debilitating strokes in September 1919, his wife and staff members handled most of his presidential duties.'],
             dtype=object)                                                                                                                                                                                                  ,
       array([""St. George's Chapel is a historic Episcopal chapel located near Angola, Sussex County, Delaware on the Indian River Hundred."",
              ' It was built in 1794, and is a one-story brick structure measuring 42 feet by 32 feet.',
              ' It has a brick tower at the southwest corner, built in 1955, and features a restored Palladian window.',
              ' The original furnishings were removed in 1850 and the roof replaced in 1882 with a steep gable roof.',
              ' The chapel was restored in 1966.',
              ' It is joined with All Saints Episcopal Church in the Episcopal Parish of All Saints’ Church & St. George’s Chapel.'],
             dtype=object)                                                                                                                   ,
       array(['St. Thomas Chapel, also known as St. Thomas Episcopal Church or St. Thomas Protestant Episcopal Chapel, is a historic building located at 7854 Church Street in Middletown, Frederick County, Virginia, United States.',
              ' Built in the 1830s, regular services were held at the Episcopal church for almost 100 years.',
              ' The building has been restored twice, once after being heavily damaged during the Civil War, and again in the 1960s.',
              ' The church was added to the Virginia Landmarks Register (VLR) and the National Register of Historic Places (NRHP) in 1973.'],
             dtype=object)                                                                                                                                                                                                             ,
       array(['All Saints Chapel of the Church of the Good Shepherd is a historic Episcopal chapel in southeastern Raleigh, North Carolina, United States of America that is part of the Episcopal Free Church of the Good Shepherd.',
              ' The church branched off of Christ Episcopal Church.',
              ' The recent move of the church was featured in the ""News & Observer"".'],
             dtype=object)                                                                                                                                                                                                            ,
       array([""Eleventh Street Methodist Episcopal Chapel, also known as the People's Home Church and Settlement, Russian Ukrainian Polish Pentecostal Church, and Father's Heart Ministry Center, is a historic Methodist Episcopal chapel located in the East Village neighborhood of Lower Manhattan, New York City."",
              ' The chapel was built in 1868-1869, and is a raised two-story, three bay, gable front brick building.',
              ' Originally constructed in a vernacular Gothic Revival style, it was altered between 1900 and 1901 in the Colonial Revival style.',
              ' Associated with the chapel is the former rectory.',
              ' It was built about 1856 as a four-story, three bay single family dwelling in a vernacular Greek Revival style.',
              ' The rectory was converted to a settlement house in 1900-1901.'],
             dtype=object)                                                                                                                                                                                                                                                                                               ,
       array([""Woodrow Wilson College, the first of Princeton University's six residential colleges, was developed in the late 1950s when a group of students formed the Woodrow Wilson Lodge as an alternative to the eating clubs."",
              ' The Woodrow Wilson Lodge members originally met and dined in Madison Hall, which is now part of John D. Rockefeller III College.',
              ' Following the ideals of Woodrow Wilson, president of Princeton from 1902-1910, the members advocated a more thorough integration of academic, social and residential life on campus.',
              ' In current times the college is known more simply as Wilson College.'],
             dtype=object)                                                                                                                                                                                                            ,
       array([""Saint Augustine's University Historic Chapel is a historic Episcopal chapel located on the campus of St. Augustine's University in Raleigh, North Carolina."",
              "" The chapel was built with the patronage of the Episcopal Church Freemen's Bureau in 1895 near downtown Raleigh on the campus of St. Augustine's College."",
              "" It is one of the oldest buildings on the campus of St. Augustine's and has been designated as a Raleigh Historic Landmark."",
              ' The construction of the chapel was under the direction of the Episcopal priest Rev. Henry Beard Delany, who at the time was an instructor of carpentry and masonry, as well as a chaplain and musician.',
              ' The chapel was built by students of the college.',
              ' The stone the chapel is made from is all from the Raleigh area.',
              "" The chapel houses the cathedra of the Episcopal Bishop of North Carolina, a memorial of Henry Delany's consecration as the first African American Episcopal Bishop in North Carolina.""],
             dtype=object)                                                                                                                                                                                               ,
       array([""St. Katherine's Chapel, also known as St. Katherine's Episcopal Chapel, is an historic Episcopal church building located at 4650 North Meridian Road in Williamston Township, near Williamston, Michigan."",
              ' It was built 1n 1887 in the Carpenter Gothic style of architecture by John Harris Forster in memory of his daughter Kittie (real name Katherine) who had died in 1864 at the age of six.',
              ' In 1888 Forster gave the chapel to Episcopal Diocese of Michigan and it was named ""St. Katherine\'s Chapel"" in memory of Kitty.',
              ' On February 23, 1969, the chapel was designated a Michigan State Historic Site and on July 8, 1970, it was listed on the National Register of Historic Places.'],
             dtype=object)                                                                                                                                                                                                ,
       array(['The presidency of Woodrow Wilson began on March 4, 1913 at noon when Woodrow Wilson was inaugurated as President of the United States, and ended on March 4, 1921.',
              ' Wilson, a Democrat, took office as the 28th United States president after winning the 1912 presidential election, gaining a large majority in the Electoral College and a 42 percent plurality of the popular vote in a four–candidate field.',
              ' Four years later, in 1916, Wilson defeated Republican Charles Evans Hughes by nearly 600,000 votes in the popular vote and secured a narrow majority in the Electoral College by winning several swing states with razor-thin margins.',
              ' He was the first Southerner elected as president since Zachary Taylor in 1848, and the first Democratic president to win re-election since Andrew Jackson in 1832.'],
             dtype=object)                                                                                                                                                                                                                                     ,
       array(['The Church of the Presidents is a former Episcopal chapel on the Jersey Shore where seven United States presidents worshiped.',
              ' It was visited by presidents Chester A. Arthur, James Garfield, Ulysses S. Grant, Benjamin Harrison, Rutherford Hayes, William McKinley, and Woodrow Wilson.',
              ' All except Grant were in office when they paid their visits to the church.'],
             dtype=object)                                                                                                                                                    ],
      dtype=object)}"
5ac314d15542995ef918c101,Live  is a song that was covered by which Los Angeles-based pop-rock band?,The Bangles,bridge,medium,"{'title': array(['Live (The Merry-Go-Round song)', 'The Bangles'], dtype=object), 'sent_id': array([1, 0], dtype=int32)}","{'title': array(['The Golden Dogs', 'Florence Valentin', 'The Bangles',
       'Live (The Merry-Go-Round song)', 'Rick DePiro',
       'Memorial Best: Gift of Melodies', 'Delfins', 'Quest Pistols Show',
       'Stiftelsen (band)', 'Dirty Slippers'], dtype=object), 'sentences': array([array(['The Golden Dogs are a pop-rock band based in Toronto, Ontario, Canada.',
              ' Formed in 2001, the band is known for their wild, energetic live shows and were labelled as one of the best live bands in Canada by ""Chart"" Magazine.'],
             dtype=object)                                                                                                                                              ,
       array(['Florence Valentin is a Swedish pop-rock band from Stockholm.',
              ' The band existed between 2002 and 2010.',
              "" Both the lyrics and music to the band's tracks was made by the band's lead singer Love Antell."",
              ' The band was founded in 2002 and got its breakthrough the year afterwards with the song ""Allt dom bygger upp ska vi meja ner"".',
              ' For the general public Florence Valentin became known when the band performed the song at the late night talkshow Sen kväll med Luuk on TV4.',
              ' Their first album ""Johnny Drama"" was released in 2004 by MNW\'s label Mistlur Records and distributed by Bonnier Amigo.',
              ' The band second album ""Pokerkväll i Vårby Gård"" was released in June 2007 by the record label Bonnier Amigo again.',
              ' Florence Valentin performed at Allsång på Skansen which was broadcast on SVT with the song with the same name as their second album ""Pokerkväll i Vårby Gård"".',
              ' On 25 March 2009 the band\'s third album ""Spring Ricco"" was released by the record label Startracks.'],
             dtype=object)                                                                                                                                                      ,
       array(['The Bangles are an American pop rock band formed in Los Angeles in 1981.',
              ' They scored several hit singles as that decade continued.',
              ' The band\'s hits include ""Walk Like an Egyptian"", ""Billboard"" magazine\'s number-one single of 1987, as well as two number-two hits, ""Manic Monday"" and ""Hazy Shade of Winter"", and their 1989 number-one single ""Eternal Flame"".'],
             dtype=object)                                                                                                                                                                                                                          ,
       array(['""Live"" is a 1967 The Merry-Go-Round song, written by Emitt Rhodes, from the band\'s self-titled debut album.',
              ' The song was a regional hit, and later covered by The Bangles, also for their debut album.'],
             dtype=object)                                                                                                   ,
       array(['Rick DePiro, (born May 30, 1967) who is known by his stage name Ricky Dee, is an American country singer-songwriter, jazz pianist and organist, and a music producer who has recorded and produced over twenty-five albums.',
              ' DePiro is also the founder of RADCO Music Group, a Los Angeles-based multimedia group consisting of JaRic Records and Entertainment, a Los Angeles-based independent record label and multimedia company that is located, as well, in Nashville, Carol Lynn Designs, an Entertainment industry based jewelry design and manufacturing company, RADCO Media Group, a web design and internet specialty company and the ""PLAY MUSIC-ENJOY LIFE!""',
              ' Piano series for Music and Wellness as part of PLAY MUSIC-ENJOY LIFE!',
              ' Inc., a non-profit California based company partnered with the American Cancer Society.'],
             dtype=object)                                                                                                                                                                                                                                                                                                                                                                                                                                      ,
       array(['Memorial Best: Gift of Melodies is the third and the last greatest hits album by Japanese pop-rock band Field of View.',
              ' It was released on 9 October 2002 under Zain Records label, on same day as their music videoclip compilation ""View Clips -Memorial Best-"".',
              ' Album includes all singles during their music activities through years plus new original unreleased song.',
              ' The ""view"" singles are not included.',
              ' The album reached #19 in its first week and sold 12,000 copies.',
              ' The album charted for 2 weeks and sold more than 16,000 copies.',
              ' After release of album and last live performance, the band has disbanded.'],
             dtype=object)                                                                                                                                  ,
       array(['Delfins was a Portuguese pop-rock band, from Cascais.',
              ' Its lead vocalist is Miguel Ângelo.',
              ' Other members of the group are Rui Fadigas, Fernando Cunha, Silvestre Magalhães, Pedro Molkov and João Carlos Magalhães.',
              "" The band was one of the major pop-rock music groups in Portugal in the 90's, and made various appearances in the Portuguese National Finals for the Eurovision Song Contest.""],
             dtype=object)                                                                                                                                                                     ,
       array([""Quest Pistols Show (before 2014, Quest Pistols) are a Ukrainian pop-rock band formed in 2007, originally consisting of Anton Savlepov (vocals, guitar), Nikita Goruk (vocals, bass), and Konstantin 'Kostya' Borovsky (vocals, keyboard)."",
              ' In 2012 Kostya left the band and was replaced by Daniel Joy.',
              ' The band began as a group of dancers in a show called ""Quest Ballet"".',
              ' On April 1, 2007 they took part as singers during the show ""Chance"" as an April Fools joke with the song ""Я устал"" and received over 60,000 positive votes.',
              ' After their success, the group decided to become a band.',
              ' Since their formation, the band has released the studio albums: Dlja tebja, in 2007 and Superklass in 2009; and one EP ""Волшебные краски + ROCK’N\'ROLL и кружева"" in 2008, and now the single \'Forget Everything\' in 2013 (later added to the album \'Shards of Ice\').',
              "" This song marks the start of 'a new stage' of the band, completely different from the usual image."",
              "" The press team commented; 'With this release, they start the next level in their musical career, it's changed not only the style of sound, but the pitch, perception, positioning, and also the choice of material.'"",
              "" Most recently, the band released 'Shards of Ice', which takes the band in a more electronic and synthpop direction.""],
             dtype=object)                                                                                                                                                                                                                                                                  ,
       array(['Stiftelsen meaning ""the Foundation"" is a Swedish Pop-Rock band that features the vocals of Robert Pettersson, the lead singer of the Swedish pop-rock band Takida.',
              ' Pettersson wanted to do projects different from the staple of Takida music.',
              "" That's when he met Micke Eriksson, Arne Johansson and Martin Källström and they formed Stiftelsen in the summer of 2010."",
              ' The band was signed to Universal Music Sweden and has a variety of musical influences from dansband and country.',
              ' They had a hit with their single ""Vart jag än går"" (meaning Wherever I go) released on 30 May 2012.'],
             dtype=object)                                                                                                                                                         ,
       array(['Dirty Slippers is a Hungarian pop-rock band from Gyula, Hungary.',
              ' The band celebrated its 10 Year Anniversary in 2015.',
              ' The still very young members began to play in concerts as teenagers, and thanks to the luck and hard work they became famous in 2009 with their hit “Élned kell”, which also became the advertising song of the Hungarian campaign against cervical cancer.',
              ' The music video hits came after, like “Te vagy a Fény”, “Hang vagy Jel”, which song was hummed by the whole country, and “Egy a vége”.',
              ' In 2012 appeared the LP Közel Hozzád, which was recorded in the USA with George Shilling, the producer of Madonna and Oasis.',
              ' The LP made it to the Hit List of MAHASZ on the first week.',
              ' The fan base of the band suddenly increased, because from 2009 until the present day Dirty Slippers is the opening act of Republic, in arenas and festivals too.',
              ' Three European tours guaranteed the international success of the band.',
              ' First with The Coronas, which is the favorite band of the Beatles-frontman Paul McCartney, then with the Romanian legend Rezident EX, and last time with the star band The Last Vegas, discovered by Guns N’ Roses.',
              ' Together they conquered the European clubs with crowded audience.',
              ' The Hungarian press wrote about this tour many times like this: “Dirty Slippers stands on the doorstep of worldwide success.”'],
             dtype=object)                                                                                                                                                                                                                                                   ],
      dtype=object)}"
5ac1fa615542996366519933,"Which American actress, voice actress, screenwriter, producer, and director was featured in ""King of the Hill"" and ""Mongo Wrestling Alliance?""",Pamela Adlon,bridge,medium,"{'title': array(['Mongo Wrestling Alliance', 'Pamela Adlon', 'Pamela Adlon'],
      dtype=object), 'sent_id': array([1, 0, 1], dtype=int32)}","{'title': array(['Mongo Wrestling Alliance', 'NWA Hollywood Wrestling',
       'Paulie Gilmore', 'Corporal Punishment (wrestler)',
       'Brittany Brown', 'Front Row Wrestling', 'Mark Shrader',
       'Innovate Wrestling', 'Pamela Adlon',
       'The Great American Bash (1988)'], dtype=object), 'sentences': array([array([""Mongo Wrestling Alliance is an 11-minute animated comedy series which aired on Cartoon Network's late night programming block Adult Swim."",
              ' Produced by ""Metalocalypse"" co-creator Tommy Blacha, the show is set in the world of professional wrestling and features the voices of Pamela Adlon, Tommy Blacha, Will Sasso, Billy West, and Harry Dean Stanton.',
              ' The series premiered on January 23, 2011 with character designs by Ed Piskor.',
              ' The series combines flash animation with CGI.'], dtype=object)                                                                                                                                                      ,
       array(['NWA Hollywood Wrestling (sometimes referred to as NWA Los Angeles) was a professional wrestling promotion headquartered in Los Angeles, California in the United States that promoted professional wrestling matches throughout Southern California.',
              ' It was founded in 1958 as the North American Wrestling Alliance, a member of the National Wrestling Alliance.',
              ' It broke away from the NWA in 1959 and was renamed Worldwide Wrestling Associates in 1961.',
              ' In 1968, it rejoined the NWA and adopted its final name, remaining a member until closing in 1982.'],
             dtype=object)                                                                                                                                                                                                                                           ,
       array(['James E. Allen is an American professional wrestler and promoter, best known by his ringname ""Big"" Paulie Gilmore or Gilmorea, who wrestled on the New England independent circuit for the Century Wrestling Alliance, the National Wrestling Alliance, the Millennium Wrestling Federation and the World Wrestling Alliance during the 1990s and early 2000s.',
              ' He is also the owner of New World Wrestling, a small promotion based in southeastern Massachusetts, which was formerly associated with NWA New England from 2004 to 2005.'],
             dtype=object)                                                                                                                                                                                                                                                                                                                                                     ,
       array(['Daniel McDevitt (born October 19, 1973), best known by his ring name Corporal Punishment, is a semi-retired American professional wrestler, trainer and promoter.',
              "" His career spans over a decade working in numerous independent promotions throughout the United States including the American Wrestling Federation, Extreme Championship Wrestling, Cueball Carmichael's Independent Professional Wrestling Alliance, Doug Flex's International Pro Wrestling, Independent Superstars of Professional Wrestling, House of Pain Wrestling Federation / National Wrestling League, and the National Wrestling Alliance.""],
             dtype=object)                                                                                                                                                                                                                                                                                                                                                                                                                                              ,
       array(['Brittany Brown (born August 31) is an American female professional wrestler, former promoter and current trainer.',
              "" She competed in the Ladies Professional Wrestling Association, The Fabulous Moolah's Ladies International Wrestling Association, as well as in Killer Kowalski's International Wrestling Federation, National Wrestling Alliance, World Championship Wrestling, Empire Pro Wrestling, New England Wrestling Federation, World Wide Wrestling Alliance and the World Wrestling Alliance during the 1990s and 2000s."",
              ' In late 2010, she resumed her career.'], dtype=object)                                                                                                                                                                                                                                                                                                                                                              ,
       array(['Front Row Wrestling is an American independent professional wrestling promotion located in Rochester, New Hampshire.',
              "" It is one of the few New England-based promotions outside Massachusetts, such as Pro Wrestling America Live in Maine and Joel Gertner's MXW Pro Wrestling in Connecticut, and is the only wrestling promotion active in the state of New Hampshire."",
              ' Founded by wrestler Scott C. Despres in 2003, it is the sister promotion of Eastern Wrestling Alliance and an affiliate of the National Wrestling Alliance.',
              ' FRW has co-promoted events and hosted sanctioned title defenses of both promotions.'],
             dtype=object)                                                                                                                                                                                                                                           ,
       array(['Mark Shrader (born September 9, 1967) is a retired American professional wrestler, trainer and promoter who competed in numerous independent promotions throughout the United States during the 1990s and early 2000s.',
              "" Among these included Atlantic Terror Championship Wrestling, the Future Wrestling Alliance, East Coast Wrestling Association, Cueball Carmichael's Independent Professional Wrestling Alliance, Doug Flex's International Pro Wrestling, and the Mid-Eastern Wrestling Federation."",
              ' Shrader also briefly appeared as a preliminary wrestler for the World Wrestling Federation.'],
             dtype=object)                                                                                                                                                                                                                                                                          ,
       array(['Innovate Wrestling (formerly Championship Wrestling Alliance and NWA Smoky Mountain) is an American independent professional wrestling promotion based in Kingsport, Tennessee.',
              ' The company was established in 2004 and until 2017 it was associated with the National Wrestling Alliance.',
              ' During its time in the NWA, NWA Smoky Mountain Wrestling was considered the flagship promotion of the National Wrestling Alliance'],
             dtype=object)                                                                                                                                                                      ,
       array(['Pamela Fionna Adlon (""née"" Segall; born July 9, 1966) is an American actress, voice actress, screenwriter, producer, and director.',
              ' Adlon voiced Bobby Hill on ""King of the Hill"", for which she won an Emmy Award, and the title character from the ""Pajama Sam"" video games.',
              ' She is also known for playing Dolores in ""Grease 2"" and Ashley Spinelli on the animated series ""Recess"", and for her appearances on ""Californication"" and ""Louie"", on which she is also a consulting producer.',
              ' Adlon currently stars in and writes the FX comedy television series ""Better Things"", which has won a Peabody Award, which she co-created with Louis C.K.'],
             dtype=object)                                                                                                                                                                                                      ,
       array(['The Great American Bash (1988) was the fourth annual Great American Bash professional wrestling event produced by Jim Crockett Promotions (JCP) under the National Wrestling Alliance (NWA) banner and the first Great American Bash event to be produced as a pay-per-view event.',
              ' It took place on July 10, 1988 at the Baltimore Arena in Baltimore, Maryland.',
              ' This was the final National Wrestling Alliance (NWA) event produced by Jim Crockett Promotions and the third and final National Wrestling Alliance (NWA) event to be produced as a pay-per-view, as Jim Crockett Promotions was purchased by Turner Broadcasting System in November 1988 and the promotion was renamed as World Championship Wrestling (WCW).'],
             dtype=object)                                                                                                                                                                                                                                                                                                                                                      ],
      dtype=object)}"
5a89f04155429970aeb7019d,Where did the tribe inhabit that the electoral district was named after that include an outer southern suburb of Adelaide that lies within the City of Onkaparinga and has the postcode 5173?,Adelaide plains,bridge,easy,"{'title': array(['Electoral district of Kaurna', 'Aldinga Beach, South Australia'],
      dtype=object), 'sent_id': array([1, 1], dtype=int32)}","{'title': array(['Chavakachcheri Electoral District',
       'Port Willunga, South Australia',
       'Colombo West Electoral District',
       'Sellicks Beach, South Australia',
       'Aldinga Beach, South Australia', 'Kilinochchi Electoral District',
       'Electoral district of Mawson', 'Colombo East Electoral District',
       'Electoral district of Kaurna', 'Electoral district of Heysen'],
      dtype=object), 'sentences': array([array(['Chavakachcheri Electoral District was an electoral district of Sri Lanka between August 1947 and February 1989.',
              ' The district was named after the town of Chavakachcheri in Jaffna District, Northern Province.',
              ' Kilinochchi Electoral District was carved out of the southern part of the district in March 1960.',
              ' The 1978 Constitution of Sri Lanka introduced the proportional representation electoral system for electing members of Parliament.',
              ' The existing 160 mainly single-member electoral districts were replaced with 22 multi-member electoral districts. Chavakachcheri electoral district was replaced by the Jaffna multi-member electoral district at the 1989 general elections, the first under the PR system, though Chavakachcheri continues to be a polling division of the multi-member electoral district.'],
             dtype=object)                                                                                                                                                                                                                                                                                                                                                                      ,
       array(['Port Willunga is a semi-rural suburb of Adelaide, South Australia.',
              ' It lies within the City of Onkaparinga and has postcode 5173.'],
             dtype=object)                                                         ,
       array(['Colombo West electoral district was an electoral district of Sri Lanka between July 1977 and February 1989.',
              ' The district was named after the city of Colombo in Colombo District, Western Province.',
              ' The district was created by the division of the Colombo South Electoral District into Colombo East and Colombo West electoral districts in July 1977.',
              ' The 1978 Constitution of Sri Lanka introduced the proportional representation electoral system for electing members of Parliament.',
              ' The existing 160 mainly single-member electoral districts were replaced with 22 multi-member electoral districts. Colombo West electoral district was replaced by the Colombo multi-member electoral district at the 1989 general elections, the first under the PR system, though Colombo West continues to be a polling division of the multi-member electoral district.'],
             dtype=object)                                                                                                                                                                                                                                                                                                                                                                   ,
       array(['Sellicks Beach is an outer southern suburb of Adelaide, South Australia which is located in the local government area of the City of Onkaparinga and is the southernmost extent of the Adelaide metropolitan area.',
              ' At the 2006 census , Sellicks Beach had a population of 2,339.'],
             dtype=object)                                                                                                                                                                                                         ,
       array(['Aldinga Beach is an outer southern suburb of Adelaide, South Australia.',
              ' It lies within the City of Onkaparinga and has the postcode 5173.',
              ' At the 2011 census , Aldinga Beach had a population of 9,697.'],
             dtype=object)                                                              ,
       array(['Kilinochchi Electoral District was an electoral district of Sri Lanka between March 1960 and February 1989.',
              ' The district was named after the town of Kilinochchi in Kilinochchi District, Northern Province.',
              ' The district was carved out of the southern part of Chavakacheri Electoral District in March 1960.',
              ' The 1978 Constitution of Sri Lanka introduced the proportional representation electoral system for electing members of Parliament.',
              ' The existing 160 mainly single-member electoral districts were replaced with 22 multi-member electoral districts. Kilinochchi electoral district was replaced by the Jaffna multi-member electoral district at the 1989 general elections, the first under the PR system, though Kilinochchi continues to be a polling division of the multi-member electoral district.'],
             dtype=object)                                                                                                                                                                                                                                                                                                                                                                ,
       array(['Mawson is an electoral district of the House of Assembly in the Australian state of South Australia.',
              ' It covers most of the outer southern suburbs of the City of Onkaparinga, including Hackham, Hackham West, Huntfield Heights, Noarlunga Downs, Old Noarlunga, Onkaparinga Hills and Seaford Heights, the regional shopping centre area at Noarlunga Centre, parts of Woodcroft, and the southern wine region around McLaren Vale and Willunga.'],
             dtype=object)                                                                                                                                                                                                                                                                                                                                      ,
       array(['Colombo East electoral district was an electoral district of Sri Lanka between July 1977 and February 1989.',
              ' The district was named after the city of Colombo in Colombo District, Western Province.',
              ' The district was created by the division of the Colombo South Electoral District into Colombo East and Colombo West electoral districts in July 1977.',
              ' The 1978 Constitution of Sri Lanka introduced the proportional representation electoral system for electing members of Parliament.',
              ' The existing 160 mainly single-member electoral districts were replaced with 22 multi-member electoral districts. Colombo East electoral district was replaced by the Colombo multi-member electoral district at the 1989 general elections, the first under the PR system, though Colombo East continues to be a polling division of the multi-member electoral district.'],
             dtype=object)                                                                                                                                                                                                                                                                                                                                                                   ,
       array(['Kaurna is an electoral district of the House of Assembly in the Australian state of South Australia.',
              "" Named after the Kaurna aboriginal tribe which originally inhabited the Adelaide plains, it is a 52.7 km² semi-urban electorate on Adelaide's far-southern beaches, taking in the suburbs of Aldinga Beach, Maslin Beach, Moana, Port Noarlunga, Port Noarlunga South, Port Willunga, Seaford, Seaford Meadows and Seaford Rise as well as parts of Aldinga and Christies Beach."",
              "" It is one of only two state districts named after South Australia's indigenous people (the other being the Electoral district of Narungga).""],
             dtype=object)                                                                                                                                                                                                                                                                                                                                                                       ,
       array(['Heysen is an electoral district of the House of Assembly in the Australian state of South Australia.',
              ' It is named after Sir Hans Heysen, a prominent South Australian landscape artist.',
              ' It is a 1,102\xa0km² electoral district that takes in some of the outer southern suburbs of Adelaide before fanning south-east to include most of the Adelaide Hills, as well as farming areas some distance from the capital.',
              ' It includes the areas of Aldgate, Bridgewater, Echunga, Hahndorf, Macclesfield, Meadows, Stirling and Strathalbyn, as well as part of Mount Barker.',
              ' Although geographically it is a hybrid urban-rural seat, it is counted as a metropolitan seat.'],
             dtype=object)                                                                                                                                                                                                                      ],
      dtype=object)}"
5ab914ad55429919ba4e2393, U mad was added to what crowdsourced online dictionary of slang words and phrases In 2004,Urban Dictionary,bridge,medium,"{'title': array(['U mad', 'Urban Dictionary'], dtype=object), 'sent_id': array([7, 0], dtype=int32)}","{'title': array(['U mad', 'Double-Tongued Dictionary', 'Seslisözlük',
       'Urban Dictionary', 'List of military slang terms',
       'Grant Barrett', 'Bilingual dictionary', ""B'hoy and g'hal"",
       'Slang', 'List of South African slang words'], dtype=object), 'sentences': array([array(['""U mad"" or ""you mad"" is an internet catchphrase commonly associated with trolling.',
              ' The phrase is used both as a statement and a question.',
              ' It was popularized after an incident on ""The O\'Reilly Factor"" involving rapper Cam\'ron and record producer Damon Dash in 2003.',
              "" Host Bill O'Reilly was debating the effect of rap music on children."",
              ' When O\'Reilly began to interrupt Dash, Cam\'ron stated, ""Why don’t you want to let him talk?',
              ' You mad.', ' You mad.""',
              "" In 2004, the phrase was added to Urban Dictionary, citing Cam'ron as the coiner.""],
             dtype=object)                                                                                                                        ,
       array(['The Double-Tongued Dictionary is an online dictionary.',
              ' It catalogs a growing lexicon of undocumented or under-documented words on the fringes of English, focusing on slang, jargon, and new words.'],
             dtype=object)                                                                                                                                     ,
       array(['Sesli Sozluk is a multilingual online dictionary, primarily English to Turkish and Turkish to English.',
              ' As of February 2009, it has a rank of 6 among all online dictionaries worldwide.',
              ' German, Italian, French, Spanish, Greek, Russian, Danish, Dutch, Polish and Portuguese translations are also provided.',
              ' The online dictionary also can be used in PDAs, SmartPhones, any phone supporting a web browser.'],
             dtype=object)                                                                                                              ,
       array(['Urban Dictionary is a crowdsourced online dictionary of slang words and phrases that was founded in 1999 as a parody of Dictionary.com and Vocabulary.com by then-college freshman Aaron Peckham.',
              ' Some of the definitions on the website can be found as early as 1999, but most early definitions are from 2003.',
              ' At the start of 2014, the dictionary featured over seven million definitions, while 2,000 new daily entries were being added.',
              ' In November 2014, the Advertise page of the website states that, on a monthly basis, Urban Dictionary averages 72 million impressions and 18 million unique readers.',
              ' Anyone with either a Facebook or Gmail account can make a submission to the dictionary, and it has been stated that entries are reviewed by 20,000 volunteer editors.'],
             dtype=object)                                                                                                                                                                                        ,
       array(['Military slang is colloquial language used by and associated with members of various military forces.',
              ' This page lists slang words or phrases that originate with military forces, are used exclusively by military personnel, or are strongly associated with military organizations.'],
             dtype=object)                                                                                                                                                                        ,
       array(['Grant Barrett (born 1970) is an American lexicographer, specializing in slang, jargon and new usage.',
              ' He is also co-host and co-producer of the nationwide public radio show ""A Way With Words,"" author of ""Perfect English Grammar"" (Zephyros Press, 2016, ISBN\xa0 ), and editor of the ""Official Dictionary of Unofficial English"" (McGraw-Hill, 2006, ISBN\xa0 ), the ""Oxford Dictionary of American Political Slang"" (Oxford University Press, 2004, ISBN\xa0 ), and the award-winning web site Double-Tongued Dictionary.',
              ' He is also the vice president of communications and technology for the American Dialect Society, a former member of the editorial review board for the academic journal American Speech, former editor of the journal\'s ""Among the New Words"" column, and a founder of the online dictionary Wordnik.'],
             dtype=object)                                                                                                                                                                                                                                                                                                                                                                                                                 ,
       array(['A bilingual dictionary or translation dictionary is a specialized dictionary used to translate words or phrases from one language to another.',
              ' Bilingual dictionaries can be ""unidirectional"", meaning that they list the meanings of words of one language in another, or can be ""bidirectional"", allowing translation to and from both languages.',
              ' Bidirectional bilingual dictionaries usually consist of two sections, each listing words and phrases of one language alphabetically along with their translation.',
              ' In addition to the translation, a bilingual dictionary usually indicates the part of speech, gender, verb type, declension model and other grammatical clues to help a non-native speaker use the word.',
              ' Other features sometimes present in bilingual dictionaries are lists of phrases, usage and style guides, verb tables, maps and grammar references.',
              ' In contrast to the bilingual dictionary, a monolingual dictionary defines words and phrases instead of translating them.'],
             dtype=object)                                                                                                                                                                                               ,
       array(['B\'hoy and g\'hal (meant to evoke an Irish pronunciation of ""boy"" and ""gal"", respectively) were the prevailing slang words used to describe the young men and women of the rough-and-tumble working class culture of Lower Manhattan in the late 1840s and into the period of the American Civil War.',
              ' They spoke a slang, with phrases such as ""hi-hi"", ""lam him"", and ""cheese it"".'],
             dtype=object)                                                                                                                                                                                                                                                                                            ,
       array(['Slang refers to words, phrases and uses that are regarded as very informal and often restricted to special context or peculiar to a specified profession class and the like.',
              ' Slang words are used in specific social groups, like teenagers.'],
             dtype=object)                                                                                                                                                                   ,
       array(['This list of ""Afrikanerisms"" comprises slang words and phrases influenced by Afrikaans and other African languages.',
              ' Typical users include people with Afrikaans as their first language but who speak English as a second language and people living in areas where the population speaks both English and Afrikaans.',
              ' Many of these terms also occur widely amongst ethnic/native South Africans, and others living in neighbouring countries such as Zimbabwe, Botswana, Zambia etc.',
              ' These terms do not occur in formal South African English.',
              ' Note when the letter ""g"" is either the first or last letter of the word or syllable, it is pronounced as an unvoiced velar fricative in the back of the throat.',
              ' Note, words ending in ""-ng"" are pronounced identical to those in English.',
              ' Note, in most cases of plurals ending in -nde, the ""d"" falls away in the informal pronunciation and spelling and the ""n"" is duplicated in sound and re-positioned within the degrees of comparison.',
              ' For example: Tande (plural of tand; ""tooth""), formal = ""tande"", informal = ""tanne"".',
              ' In singular words\' syllables ending in ""-d"", ""-nd"" and ""-heid"", the ""d"" is always pronounced as a ""t"".',
              ' For example: ""ge-son(t)-hei(t)"" (gesondheid, ""health"").',
              ' Note, the English term ""slang"" is used strictly in its English pronunciation in context, as the Afrikaans word of the same spelling (though pronounced as ""slung"") translates as ""snake"".'],
             dtype=object)                                                                                                                                                                                           ],
      dtype=object)}"
5a7d2ddb554299452d57bb48,"What type of physical activity does Red, White & Crüe and Mike Tyson have in common?",fight,bridge,hard,"{'title': array(['Red, White &amp; Crüe', 'Mike Tyson'], dtype=object), 'sent_id': array([2, 2], dtype=int32)}","{'title': array(['Physical Activity Guidelines for Americans',
       'Red, White &amp; Crüe', 'Active living', 'Active Design',
       'Health in the Palestinian territories', 'Ecological correlation',
       'Eat Smart, Move More, Weigh Less', 'Sigmund Alfred Anderssen',
       'Mike Tyson', 'Pro-Active South London'], dtype=object), 'sentences': array([array(['The Physical Activity Guidelines for Americans, published by the United States Department of Health and Human Services (HHS), provides physical activity recommendations for people aged 6 and older and for all physical conditions.',
              ' The science-based Guidelines recommend a total amount of physical activity per week to achieve a range of health benefits.'],
             dtype=object)                                                                                                                                                                                                                            ,
       array(['Red, White & Crüe is an anthology album by the heavy metal band Mötley Crüe, released on February 1, 2005 by Mötley Records and charted at number 6 on The Billboard 200.',
              "" To coincide with the album's release, the band reunited with drummer Tommy Lee, who left the band in 1999."",
              ' Bassist Nikki Sixx commented on the band\'s reunion, comparing it to ""seeing Mike Tyson fight.',
              ' He probably won’t bite anyone’s ear off — but you’re there in case he does.""'],
             dtype=object)                                                                                                                                                                ,
       array(['Role of exercise is a way of life that integrates physical activity into your everyday routines, such as walking to the store or biking to work.',
              ' Active living brings together urban planners, architects, transportation engineers, public health professionals, activists and other professionals to build places that encourage active living and physical activity.',
              ' One example includes efforts to build sidewalks, crosswalks, pedestrian crossing signals and other ways for children to walk safely to and from school, as seen in the Safe Routes to School program.',
              ' Recreational opportunities (parks, fitness centres etc.) close to the home or workplace, walking trails and bike lanes for transportation also encourage a more active lifestyle.',
              ' Active living is a combination of physical activity and recreation activities aimed at the general public to encourage a healthier lifestyle.'],
             dtype=object)                                                                                                                                                                                                              ,
       array(['Active design is a set of building and planning principles that promote physical activity.',
              "" Active design in a building, landscape or city design integrates physical activity into the occupants' everyday routines, such as walking to the store or making a photocopy."",
              ' Active design involves urban planners, architects, transportation engineers, public health professionals, community leaders and other professionals in building places that encourage physical activity as an integral part of life.',
              ' While not an inherent part of active design, most designers employing ""active design"" are also concerned with the productive life of their buildings and their building\'s ecological footprint.'],
             dtype=object)                                                                                                                                                                                                                            ,
       array(['With obesity rates of 23.9% for men and 42.8% for women, Palestine is listed as the 8th most obese country in the world among men and 3rd most obese among women.',
              ' This is mostly due to decreased physical activity and greater than necessary food consumption, particularly with an increase in energy coming from fat.',
              ' Two other factors are smoking and urbanization.',
              ' In addition, ""leisure-time physical activity is not a common concept in the Palestinian context, especially for rural women, where lack of sex-segregated facilities and cultural norms are prohibitive factors.""',
              ' Women in urban areas face similar cultural restrictions.'],
             dtype=object)                                                                                                                                                                                                         ,
       array(['In statistics, an ecological correlation (also ""spatial correlation"") is a correlation between two variables that are group means, in contrast to a correlation between two variables that describe individuals.',
              ' For example, one might study the correlation between physical activity and weight among sixth-grade children.',
              ' A study at the individual level might make use of 100 children, then measure both physical activity and weight; the correlation between the two variables would be at the individual level.',
              ' By contrast, another study might make use of 100 classes of sixth-grade students, then measure the mean physical activity and the mean weight of each of the 100 classes.',
              ' A correlation between these group means would be an example of an ecological correlation.'],
             dtype=object)                                                                                                                                                                                                       ,
       array(['Eat Smart, Move More, Weigh Less is a 15-week adult weight management program that uses strategies based on evidence for weight loss and/or weight maintenance.',
              ' The Eat Smart Move More Weigh Less classes focus on the 12 evidence-based eating and physical activity behaviors for weight management.',
              ' The program does not provide a prescriptive diet plan, it teaches small lifetime changes.',
              ' The program teaches mindfulness as a strategy to become more aware of eating and physical activity.',
              ' Eat Smart, Move More, Weigh Less includes methods for planning and tracking healthy eating and physical activity behaviors.',
              ' In 2007, Eat Smart, Move More, Weigh Less curriculum was developed by a writing team from NC State University and NC Division of Public Health.',
              ' A complete listing of authors and their respective affiliations can be found on the program website.',
              ' The 15-lesson curriculum was peer reviewed by state and local nutrition and physical activity professionals, representatives from the medical community, and a CDC project officer.'],
             dtype=object)                                                                                                                                                                            ,
       array(['Sigmund A. Anderssen, MSc PhD (born 26 September 1961) is a Professor in physical activity and health in the Department of Sports Medicine at the Norwegian School of Sport Sciences.',
              ' He also holds a position as Adjunct Professor at Sogn og Fjordane University College, Faculty of Teacher Education and Sport.',
              ' He is chair of the National Council on Physical Activity, and a past member of the Medical Council of the Norwegian Diabetes Federation.',
              ' His main research area is physical fitness and physical activity surveillance, and physical activity in relation to risk factors for diabetes and cardiovascular disease.',
              ' He has been one of the main authors of the Norwegian and the Nordic physical activity recommendations.',
              ' He has published more than 100 original research articles, review papers and book chapters, in addition to two books.',
              ' He has been the main advisor for 45 master students and 6 PhD students, and 11 of his students are currently working towards their PhD degrees.',
              "" He was awarded The Norwegian Medical Association's prize in Preventive Medicine in 2001 and the Messner Prize in 2008 for excellence in research and ethics in sports medicine.""],
             dtype=object)                                                                                                                                                                            ,
       array(['Michael Gerard Tyson ( ; born June 30, 1966) is an American former professional boxer who competed from 1985 to 2005.',
              ' He reigned as the undisputed world heavyweight champion and holds the record as the youngest boxer to win a heavyweight title at 20 years, 4 months and 22 days old.',
              ' Tyson won his first 19 professional fights by knockout, 12 of them in the first round.',
              ' He won the WBC title in 1986 after stopping Trevor Berbick in two rounds, and added the WBA and IBF titles after defeating James Smith and Tony Tucker in 1987.',
              ' This made Tyson the first heavyweight boxer to simultaneously hold the WBA, WBC and IBF titles, and the only heavyweight to successively unify them.'],
             dtype=object)                                                                                                                                                            ,
       array(['Pro-Active South London (P-ASL) is a partnership of organisations with a common interest in developing sport and physical activity in the London boroughs of Bromley, Croydon, Kingston upon Thames, Merton, Richmond-upon-Thames, Sutton and also Wandsworth.',
              ' Established in May 2006 as one of five sub-regional sport and physical activity partnerships in London and funded by the London Regional Sports Board.'],
             dtype=object)                                                                                                                                                                                                                                                     ],
      dtype=object)}"
5ae782ca5542994a481bbd24,How many seats did the Austrian legislative party first named the Communist Party of German-Austria gain in 1945?,four,bridge,medium,"{'title': array(['Austrian legislative election, 1945',
       'Communist Party of Austria'], dtype=object), 'sent_id': array([2, 1], dtype=int32)}","{'title': array(['Communist Party of Canada (Ontario)',
       'Communist Party of the Free Territory of Trieste',
       'Communist Party of Austria',
       'United Kingdom local elections, 1934',
       'Co-operative Commonwealth Federation (Ontario)',
       'Austrian legislative election, 1945', 'Onorato Damen',
       'Party of Slovak Revival', 'Communist Party of Azerbaijan',
       'Communist Party of Malta'], dtype=object), 'sentences': array([array(['The Communist Party of Canada (Ontario) (French: ""Parti communiste du Canada (Ontario)"" ) is the Ontario provincial wing of the Communist Party of Canada.',
              ' Using the name Labor-Progressive Party, the group won two seats in the Legislative Assembly of Ontario: A.A. MacLeod and J.B. Salsberg served as Members of Provincial Parliament (MPPs) from 1943 until 1951 and 1955 respectively.',
              ' It has not been able to win any seats at the provincial level since then.',
              ' The party continued to run under the Labor-Progressive banner up to the 1959 provincial election, after which it identified itself as the Communist Party.'],
             dtype=object)                                                                                                                                                                                                                            ,
       array(['Communist Party of the Free Territory of Trieste (Italian: ""Partito Comunista del Territorio Libero di Trieste"" (PCTLT); Slovene: ""Komunistična partija Svobodnega tržaškega ozemlja"" ((KPSTO)) was a communist party in the Free Territory of Trieste.',
              ' It was founded at a congress in 1945 by a merger of the local branches of the Italian Communist Party and the Communist Party of Slovenia as the Communist Party of the Giulian Region (""Partito Comunista della Regione Giuliana"", PCRG, ""Komunistična partija Julijske krajine"", KPJK).',
              ' The party published a daily newspaper, ""Il Lavoratore"".'],
             dtype=object)                                                                                                                                                                                                                                                                                 ,
       array(['The Communist Party of Austria (German: ""Kommunistische Partei Österreichs"" , CPA or KPÖ) is a communist party in Austria.',
              "" Established in 1918 as the Communist Party of German-Austria (KPDÖ), it is one of the world's oldest Communist parties."",
              ' The KPÖ was banned between 1933 and 1945 under both the Austrofascist regime and the Nazi German control of Austria after the 1938 ""Anschluss"".',
              ' It played an important role in the Austrian resistance against the Nazis.'],
             dtype=object)                                                                                                                                       ,
       array(['Local elections were held in London, city borough councils and in Scotland on 1 November 1934.',
              ' The Labour Party gained many seats in sweeping successes throughout the country.',
              ' In London they won 457 seats, which gave them control of 11 councils and enabling them to holding four.',
              ' In chief provincial boroughs their net gains numbered 276 and gained 6 councils.',
              ' There were also Scottish elections in which Labour also won many seats.',
              ' The gains for Labour came at the expense of the Liberal Party which was by this stage had declining presence in both national and local elections as well as the Conservative Party.'],
             dtype=object)                                                                                                                                                                             ,
       array(['The Co-operative Commonwealth Federation (Ontario) – The Farmer-Labor Party of Ontario, or more commonly known as the Ontario CCF, was a democratic socialist political party that existed from 1932 to 1961.',
              ' It was the provincial wing of the national CCF.',
              ' The party had no leader in the beginning, and was governed by a provincial council and executive.',
              ' The party first Member of the Legislative Assembly (MLA) was elected by voters in the 1934 Ontario general election.',
              ' In the 1937 general election, no CCF members were elected to the Ontario Legislature.',
              ' In 1942, the party elected Toronto lawyer Ted Jolliffe as its first leader.',
              ' He led the party to within a few seats of forming the government in the 1943 general election; instead, it formed the Official Opposition.',
              ' In that election, the first two women were elected as CCFers to the Ontario Legislature, Agnes Macphail and Rae Luckock.',
              "" The 1945 election was a setback, as the party lost most of its seats in the Legislature, including Jolliffe's seat."",
              ' The party again became the Official Opposition after the 1948 general election, and defeated the Conservative premier George Drew in hisseat, when Bill Temple unexpectedly won in the High Park constituency.',
              ' The middle and late 1940s were the peak years for the Ontario CCF.',
              ' After that time, its electoral performances were dismal, as it was reduced to a rump of two seats in the 1951 election, three seats in the 1955 election, and five seats in the 1959 election.',
              ' Jolliffe stepped down as leader in 1953, and was replaced by Donald C. MacDonald.'],
             dtype=object)                                                                                                                                                                                                      ,
       array(['The elections to the Austrian National Council held on 25 November 1945 were the first after World War II.',
              ' The elections were held according to the Austrian election law of 1929, with all citizens at least 21 years old eligible to vote, however former Nazis were banned from voting, official sources putting their numbers at around 200,000.',
              ' The Communist Party of Austria only gained four seats, which some blamed on the conduct of the Red Army in the Soviet occupied zone of Austria.',
              ' This was highly embarrassing for the Communists, who had assured the Soviets that they could win as much as 30 percent of the vote.',
              ' This proved to be the beginning of a long decline for the Communists, though they stayed in the chamber until May 1959.'],
             dtype=object)                                                                                                                                                                                                                                 ,
       array(['Onorato Damen (4 December 1893 – 14 October 1979), was an Italian left communist revolutionary who was first active in the Communist Party of Italy.',
              ' After being expelled, he worked with the organized Italian left, became one of the leaders of the Internationalist Communist Party, commonly known by their paper Battaglia Comunista.',
              ' The Internationalist Communist Party formally founded in 1945, was numerically the largest left-communist organization in the post-World War II period.',
              ' In 1952, Amadeo Bordiga, who had by then fully came out of retirement to found the International Communist Party, known by its paper Programma Comunista.',
              ' Many elements of the original Internationalist Communist Party left to join the party Bordiga had formed.',
              ' Onorato Damen lead the older party that did not follow Amadeo Bordiga into the new party but rather maintained the original name Internationalist Communist Party, maintained the original theoretical journal Prometeo, and their paper Battaglia Communista.',
              ' Onorato Damen was politically active his entire adult life.',
              ' He was the author of ""Gramsci: tra marxismo e idealismo"".'],
             dtype=object)                                                                                                                                                                                                                                                      ,
       array(['Party of Slovak Revival (Slovak: ""Strana slovenskej obrody"" , SSO) was a political party founded in 1948 by pro-Communist members of the Slovak Democratic Party.',
              ' It was accepted into the Czechoslovak National Front and got 17 seats in the Slovak parliament (Communists had 78 and the Freedom Party 4 seats).',
              ' Jozef Mjartan, chairman of the SSO was the interim chairman of the Slovak parliament from 15 to 23 June 1958 and the party (as a satellite of the Communist party) had representatives in other government bodies during the Communist era.',
              ' The Party of Slovak Revival broke with the Communist Party in 1989, but did not gain any importance in Slovak politics.'],
             dtype=object)                                                                                                                                                                                                                                   ,
       array(['The Azerbaijan Communist Party (Azerbaijani: ""Azərbaycan Kommunist Partiyası"" ; Russian: Коммунистическая партия Азербайджана ) was the ruling political party in the Azerbaijan SSR, making it effectively a branch of the Communist Party of the Soviet Union.',
              ' It was formed on February 20, 1920, when the ""Hummat Party"", the ""Adalat Party"", the ""Ahrar Party of Iran"" and Baku Bolsheviks joined together to establish the Azerbaijan Communist Party.',
              ' On April 1 of the same year, the Fifth Cabinet of Ministers of the Azerbaijan Democratic Republic gave its resignations and all the power to the Azerbaijan Communist Party.',
              ' The party ruled the Azerbaijan SSR until 16 September 1991 when it was formally disbanded.',
              ' Nevertheless, former leaders and members of the communists continued to play a role in the family- and patronage-based political system.',
              ' The Azerbaijan Communist Party won the first multi-party elections in Azerbaijan that took place on 30 September and 14 October 1990 for the Supreme Soviet obtaining 280 out of 360 seats.'],
             dtype=object)                                                                                                                                                                                                                                                       ,
       array(['Communist Party of Malta (Maltese: ""Partit Komunista Malti"" ) is a communist party in Malta.',
              ' PKM was founded in 1969 at a secret congress in the town of Gwardamangia, following the departure from the Malta Labour Party of a group of left-wing militants that had been active in the struggle for national independence.',
              ' Anthony Vassallo was the founding general secretary of the party.',
              ' The party first contested the national general elections of 1987 when it obtained 0.1% of first preference votes and no parliamentary seats.',
              ' Since then it has not stood for any other election whether at a European, national or local level.'],
             dtype=object)                                                                                                                                                                                                                       ],
      dtype=object)}"
5a7d46875542995f4f40224c,The book based on the musical Dusty was written by which Australian radio commentator?,John-Michael Howson,bridge,medium,"{'title': array(['Dusty – The Original Pop Diva', 'John-Michael Howson'],
      dtype=object), 'sent_id': array([1, 0], dtype=int32)}","{'title': array(['Paul Kelly (journalist)', 'Dusty – The Original Pop Diva',
       'Forever Dusty', 'John-Michael Howson', 'Richard Lane (writer)',
       'Dorothy Gordon (actor)', 'Stu Lantz',
       'George Moore (Australian radio presenter)', 'Larry Elder',
       'Edmund Piers Barclay'], dtype=object), 'sentences': array([array(['Paul John Kelly (born 11 October 1947) is a conservative Australian political journalist, author and television and radio commentator from Sydney.',
              ' He has worked in a variety of roles, principally for ""The Australian"" newspaper, and is currently its Editor-at-large.',
              ' Paul also appears as a commentator on Sky News and has written seven books on political events in Australia since the 1970s including on the 1975 Australian constitutional crisis.',
              ' Recent works include, ""The March of Patriots"", which chronicles the creation of a modern Australia during the 1991–2007 era of Prime Ministers, Paul Keating and John Howard, and ""Triumph & Demise"" which focuses on the leadership tensions at the heart of the Rudd-Gillard Labor Governments of 2007-2011.',
              ' Kelly presented the Australian Broadcasting Corporation (ABC) TV documentary series, ""100 Years – The Australian Story"" (2001) and wrote a book of the same title.'],
             dtype=object)                                                                                                                                                                                                                                                                                                      ,
       array(['Dusty – The Original Pop Diva is an Australian jukebox musical based on the life of Dusty Springfield.',
              ' The book of the musical was written by John-Michael Howson, David Mitchell and Melvyn Morrow.',
              ' ""Dusty"" received its world premiere on 12 January 2006 at the State Theatre of the Victorian Arts Centre, Melbourne, Australia.'],
             dtype=object)                                                                                                                        ,
       array(['Forever Dusty is a stage musical based on the life of British pop star Dusty Springfield.',
              ' The musical numbers are all songs performed by Springfield during her career.',
              ' The book of the musical was written by Kirsten Holly Smith, who also plays the lead role of Dusty Springfield in the originating production, and Jonathan Vankin.',
              ' ""Forever Dusty"" opened on 18 November 2012 at New World Stages, an Off-Broadway venue in New York City.',
              ' The UK Premiere opened on 3 May 2017 at Brookside Theatre, a London Fringe theatre as the start of a UK theatre tour.'],
             dtype=object)                                                                                                                                                         ,
       array(['John-Michael Howson, OAM (born 8 August 1936, Elwood, Victoria) is an Australian writer, reporter and entertainer and Melbourne radio 3AW commentator.',
              ' His involvement in the Australian entertainment scene as a writer, producer and performer spans more than 50 years.'],
             dtype=object)                                                                                                                                             ,
       array(['Richard Hamilton Lane (OAM)), (18 January 1918 – 20 February 2008) was an Australian writer (dramatist and playwright) known particularly for his skillful adaptation of plays and films for radio.',
              ' He is often called the father of Australian radio drama.',
              "" His career spanned over 60 years, and he is recognised not only for his writing achievements but for his contribution to the Australian Writers' Guild."",
              ' He also wrote for television, and was described after his death as ""luminary of the Australian radio and television industries"".'],
             dtype=object)                                                                                                                                                                                          ,
       array(['Dorothy Hetty Fosbery Jenner {\'1\': "", \'2\': "", \'3\': "", \'4\': ""} , also known as Dorothy Gordon (1 March 1891 – 24 March 1985) was an Australian actress, journalist, and radio broadcaster.',
              ' She worked as an actress in Hollywood, played the lead in the Australian film ""Hills of Hate"" (1926) and did art direction on ""For the Term of His Natural Life"" (1927).',
              ' She is best known for her long career as a columnist and radio commentator under the name ""Andrea"".',
              ' She was a POW in Hong Kong during World War II.'], dtype=object)                                                                                                                                  ,
       array(['Stuart Burrell Lantz (born July 13, 1946) is a retired American basketball player and the current television commentator for the Los Angeles Lakers of the National Basketball Association (NBA) on Spectrum SportsNet.',
              "" He has been the Lakers' color commentator since 1987, sharing the microphone with Chick Hearn, Paul Sunderland, Joel Meyers and now Bill Macdonald."",
              ' Lantz has won numerous awards for his work along the way.',
              ' The Southern California Sports Broadcasters Association has named Lantz best radio commentator in six of the last seven years.'],
             dtype=object)                                                                                                                                                                                                              ,
       array(['George Moore (formerly known as Les Pridmore), was born in Wagga Wagga, New South Wales, Australia.',
              ' He has been on Australian radio for 40 years as a DJ, Announcer and Radio show host.',
              ' He originally started his radio career at 2WG in Wagga Wagga during the late 1960s.',
              ' During his time there he was also a singer with a popular Wagga rock band, ""Lost & Found"".',
              ' Since then he has worked in Sydney radio stations with stints at 2SM, 2Day FM, 2UW/Mix 106.5, 2GB, and is currently with 2UE where he co-hosts the weekend breakfast show with Paul B. Kidd.',
              ' Co-host Paul B. Kidd is a former dishwasher, mortuary attendant, crop-sprayer, jackeroo, TV salesman, cleaner, waiter, restaurateur, publican, caterer, poulterer, SP bookmaker, real estate salesman, photo-journalist, television presenter and script writer, columnist, features writer, magazine editor, publisher, author and currently a radio commentator.',
              ' During his time on radio he has conducted interviews with major stars such as Ashley Judd and Angelina Jolie and with prominent Australian politicians, including former NSW premier Bob Carr, Prime Minister John Howard, Treasurer Peter Costello and Foreign Affairs Minister Alexander Downer.'],
             dtype=object)                                                                                                                                                                                                                                                                                                                                                          ,
       array(['Laurence Allen ""Larry"" Elder (born April 27, 1952) is an American radio commentator.',
              ' His radio program ""The Larry Elder Show"" formerly aired weekdays at 3 PM on talk radio 790 KABC in Los Angeles.',
              ' His show began on September 27, 2010; it was previously heard on the same station weekdays from 3 PM to 7 PM from 1994 to 2008 and was syndicated on ABC Radio Networks from 2002 to 2007 and locally on KABC radio in the Los Angeles Metro area from 2009 to 2014.',
              ' In December 2014, KABC radio did not renew his contract.'],
             dtype=object)                                                                                                                                                                                                                                                            ,
       array(['Edmund Piers Barclay (2 May 1898 – 26 August 1961) was an English-Australian writer known for his work in radio drama.',
              ' Radio historian Richard Lane called him ""Australian radio\'s first great writer and, many would say, Australian radio\'s greatest playwright ever.""'],
             dtype=object)                                                                                                                                            ],
      dtype=object)}"
5a722f2b55429971e9dc933f,"Which pizza franchise originated in Ohio, Zpizza or Cassano's Pizza King?",Cassano's Pizza King,comparison,medium,"{'title': array(['Zpizza', ""Cassano's Pizza King""], dtype=object), 'sent_id': array([0, 0], dtype=int32)}","{'title': array(['Zpizza', ""Rosati's"", 'Rabbe Grönblom', 'Pizza Etang',
       ""Aurelio's Pizza"", ""Cassano's Pizza King"", ""Mr. Jim's Pizza"",
       ""Fox's Pizza Den"", 'Pizza Ranch', 'Sir Pizza'], dtype=object), 'sentences': array([array(['zpizza (originally called z pizza and commonly known as z) is a pizza franchise based in Newport Beach, California.'],
             dtype=object)                                                                                                           ,
       array([""Rosati's Pizza is the second largest local chain of restaurants in the Chicago metropolitan area, (behind only Portillo's)."",
              "" The Rosati's Pizza franchise now consists of 158 locations with 25 being Rosati's Pizza Sports Pubs."",
              "" Rosati's locations offers Chicago Deep Dish, Thin Crust, Double-Dough Pizzas, Calzones, a variety of pastas, sandwiches, salads, desserts along with catering.""],
             dtype=object)                                                                                                                                                       ,
       array(['Rabbe Anders Grönblom (May 3, 1950 Helsinki, Finland – June 29, 2015) was a Finland-Swedish businessman who started a successful pizza business in Vaasa, Finland.',
              ' His first company—a pizzeria—was called ""O sole mio"" and it was founded in 1976 in the center of Vaasa.',
              ' From there he expanded to a pizza franchise chain first called ""Pizzeria N:o 1"".',
              ' He was known as the ""Pizza-emperor"" (Pizzakeisari in Finnish), because he was the founder of a well known pizza franchise chain called Kotipizza which was the new name of ""Pizzeria N:o 1"" which expanded fast outside of Vaasa.',
              ' The chain is said to be the biggest one in the Nordic countries.',
              ' He was also the founder of a shipping company called RG Line, a hotel chain called Omenahotelli and another pizza chain called Golden Rax Pizzabuffet.',
              ' Most of his companies are subsidiaries of Grönblom International LTD, where Rabbe Grönblom acted as director.',
              "" Golden Rax Pizzabuffet however is nowadays a part of Finland's largest hotel & restaurant company Restel Oy Ltd, where Rabbe Grönblom sat on the board."",
              ' He was also on the board of the Finnish tyre company Nokian Renkaat (since 2003).'],
             dtype=object)                                                                                                                                                                                                                         ,
       array(['Pizza Etang (hangul:피자에땅) is a pizza franchise company.',
              ' Headquartered in Seoul, Korea, it was established in 1998.',
              ' It is a restaurant chain specialized in making Original Italian Food: Pija, on which Italian and American pizza drew inspiration from.'],
             dtype=object)                                                                                                                               ,
       array([""Aurelio's Pizza is an Illinois restaurant chain which centers its business around the thin crust variety of Chicago-style pizza."",
              "" Aurelio's Pizza has three corporate owned stores and 37 franchised locations in 6 states."",
              "" Aurelio's Pizza is the oldest Chicago pizza franchise restaurant, franchising since 1974.""],
             dtype=object)                                                                                                                       ,
       array([""Cassano's Pizza King, currently operating under the brand Cassano's, is a pizzeria chain based in Kettering, Ohio, a suburb of Dayton."",
              ' Established on June 4, 1953, by the Kettering grocer Victor ""Vic"" J. Cassano, Sr. (June 4, 1922\u2009–\u2009January 1, 2002) and his mother-in-law Caroline ""Mom"" Donisi, the company currently (2005) operates 34 Cassano\'s Pizza King restaurants in the Dayton area, and has three other western Ohio franchises (in Russells Point, Fairfield and Sidney), plus a franchise in Quincy, Illinois, and another in Hannibal, Missouri.',
              "" The company also operates dozens of Cassano's Pizza Express kiosks in gas stations, convenience stores and hotels, and sells frozen pizza dough under the name Cassano's Fresh Frozen Dough Company.""],
             dtype=object)                                                                                                                                                                                                                                                                                                                                                                                                                                ,
       array(['MrJims.Pizza is a U.S. chain of pizza restaurants based in Farmers Branch, Texas.',
              ' Jim Johnson opened the first restaurant in Detroit, Michigan in 1975.',
              ' There are currently 42 locations in Louisiana, Texas, North Carolina, Nevada and Wyoming, with the majority located in northern Texas.',
              ' MrJims.Pizza is widely known for their crust.',
              ' Their hand stretched pizza dough is made fresh in the store daily from flour containing 100% spring wheat.',
              ' Every single MrJims.Pizza franchise has online ordering capabilities.',
              ' In 2006, MrJims.Pizza introduced a unique new item, Nacho Stix, to their menu.',
              ' It quickly became one of their bestsellers, and lead to a resurgence in the popularity of MrJims.'],
             dtype=object)                                                                                                                              ,
       array([""Fox's Pizza Den is a pizzeria chain based in Murrysville, Pennsylvania, United States."",
              ' It was founded in 1971 by Jim Fox in Pitcairn, Pennsylvania, and currently has more than 250 locations in 28 U.S. states, all franchise-owned.',
              "" Fox's Pizza Den has consistently ranked among the Top 25 pizza chains in the world."",
              "" The Small Business Administration named Jim Fox as one of the country's top entrepreneurs during National Small Business Week, May 5–11, 2002."",
              "" Since that time, many Fox's Franchises have closed due to a poor business model."",
              "" The alarming rate of failure lead to the SBA discontinuing the lending of money for Fox's Franchises."",
              ' Fox\'s Pizza was ranked ""Best Pizza Franchise"" in 2007.'],
             dtype=object)                                                                                                                                      ,
       array(['The Pizza Ranch, Inc., founded in 1981, is a ""fast casual"" restaurant chain.',
              ' Pizza Ranch offers pizza, chicken, a salad bar, and a pizza and chicken buffet.',
              ' Pizza Ranch has over 200 locations in Colorado, Illinois, Iowa, Kansas, Michigan, Minnesota, Missouri, Montana, Nebraska, North Dakota, South Dakota, Wisconsin, and Wyoming.',
              ' Pizza Ranch is the largest regional pizza franchise in Iowa, Minnesota, North Dakota, and South Dakota.'],
             dtype=object)                                                                                                                                                                     ,
       array(['Sir Pizza is an United States chain of pizza restaurants.',
              ' Wendell Swartz opened the original restaurant in Lafayette, Indiana in 1957 under the name of Pizza King.',
              ' Sir Pizza was incorporated in 1965.',
              ' In 1966, Robert Swartz, Wendell\'s brother, expanded Pizza King outside of Indiana under the name of ""Sir Pizza"".',
              ' In Indiana, they are franchised under the ""Pizza King"" name, one of two chains in Indiana using that name.'],
             dtype=object)                                                                                                         ],
      dtype=object)}"
5a75e37055429976ec32bc75,Which movie staring Isabel Lucas also starred Ethan Hawke as a hematologist?,Daybreakers,bridge,medium,"{'title': array(['Isabel Lucas', 'Daybreakers'], dtype=object), 'sent_id': array([1, 3], dtype=int32)}","{'title': array(['Isabel Lucas', 'Daybreakers', 'Before Midnight (film)',
       'Blaze (2018 film)', 'Staten Island (film)',
       'Born to Be Blue (film)', 'The Black Album (Beatles album)',
       'Rules for a Knight', 'Boyhood (film)', 'Evolver (film)'],
      dtype=object), 'sentences': array([array(['Isabel Lucas (born 29 January 1985) is an Australian actress, and model.',
              ' She is best known for her roles in ""Home and Away"" (2003–2006), """" (2009), ""Daybreakers"" (2009), ""The Pacific"" (2010), ""Immortals"" (2011), and ""Red Dawn"" (2012).',
              ' In 2014, she appeared alongside Karl Urban in ""The Loft"" (2014), and in the following year, she appeared alongside Nick Jonas in the thriller film ""Careful What You Wish For"" (2015).'],
             dtype=object)                                                                                                                                                                               ,
       array(['Daybreakers is a 2009 Australian-American science fiction horror film written and directed by Michael and Peter Spierig.',
              ' The film takes place in a futuristic world overrun by vampires.',
              ' A vampiric corporation sets out to capture and farm the remaining humans while researching a blood substitute.',
              ' Lead vampire hematologist Edward Dalton\'s (Ethan Hawke) work is interrupted by human survivors led by former vampire ""Elvis"" (Willem Dafoe), who has a cure that can save the human species.'],
             dtype=object)                                                                                                                                                                                      ,
       array(['Before Midnight is a 2013 American romantic drama film, the third in a trilogy featuring two characters, following ""Before Sunrise"" (1995) and ""Before Sunset"" (2004).',
              ' It was directed by Richard Linklater and stars Ethan Hawke and Julie Delpy.',
              ' Co-written by Linklater, Hawke and Delpy, the film picks up the story nine years after the events of ""Before Sunset""; Jesse (Hawke) and Céline (Delpy) spend a summer vacation together in Greece.'],
             dtype=object)                                                                                                                                                                                           ,
       array(['Blaze is an upcoming American biographical drama film directed by Ethan Hawke based on the life of country musician Blaze Foley.',
              ' The screenplay by Hawke was adapted from the novel ""Living in the Woods in a Tree: Remembering Blaze"" by Sybil Rosen, who co-wrote the film.',
              ' It stars musician Ben Dickey as Foley.'], dtype=object)                                                                                       ,
       array(['Staten Island (also titled Little New York ) is a 2009 crime film written and directed by James DeMonaco in his directorial debut.',
              "" It starred Ethan Hawke, Vincent D'Onofrio, and Seymour Cassel as three Staten Islanders whose lives intersected through a crime."",
              ' Following a very limited theatrical run in New York City, it was released on DVD and Blu-ray Disc in December 2009.'],
             dtype=object)                                                                                                                         ,
       array(['Born to Be Blue is a 2015 internationally co-produced drama film directed, produced and written by Robert Budreau.',
              ' The film stars Ethan Hawke and Carmen Ejogo.',
              ' It was shown in the Special Presentations section of the 2015 Toronto International Film Festival.',
              ' The film is about American jazz musician Chet Baker, portrayed by Hawke.'],
             dtype=object)                                                                                                         ,
       array(['The Black Album is an unofficial compilation album of solo material by members of the British rock group the Beatles.',
              ' It was created by the American actor Ethan Hawke, and became widely known as a result of its inclusion in the 2014 film ""Boyhood"".',
              ' Hawke compiled the record to give to his daughter Maya on her 13th birthday in 2011, including personalised liner notes; it was then incorporated into ""Boyhood"" in scenes shot later that year, with Hawke\'s character giving it to his son as a birthday present.',
              "" The compilation contains 51 tracks from Beatles members following the band's breakup in 1970."",
              ' Critical reaction to ""The Black Album"" was generally positive: ""The Desert Sun"" described it as ""a great listen"", while USA Today called it ""quite a compilation"".',
              ' In an analysis for the ""New York Daily News"", Jim Farber suggested that the record was ""a metaphor for divorce"".'],
             dtype=object)                                                                                                                                                                                                                                                            ,
       array(['Rules for a Knight is a novel written by Ethan Hawke and illustrated by Ryan Hawke.',
              "" The story takes place in the 15th century and is written in the form of a letter from the novel's protagonist, Sir Thomas Lemuel Hawke, to his four children."",
              "" The novel recounts episodes of Sir Hawke's life as a knight and offers advice to the reader on a variety of topics such as love and chivalry.""],
             dtype=object)                                                                                                                                                     ,
       array(['Boyhood is a 2014 American coming-of-age drama film written and directed by Richard Linklater, and starring Patricia Arquette, Ellar Coltrane, Lorelei Linklater, and Ethan Hawke.',
              ' Filmed from 2002 to 2013, ""Boyhood"" depicts the childhood and adolescence of Mason Evans Jr. (Coltrane) from ages six to eighteen as he grows up in Texas with divorced parents (Arquette and Hawke).',
              "" Richard Linklater's daughter Lorelei plays Mason's sister, Samantha.""],
             dtype=object)                                                                                                                                                                                             ,
       array(['Evolver is a 1995 Mark Rosman horror/science fiction B-movie.',
              ' It starred Ethan Embry, Cassidy Rae, Cindy Pickett and John de Lancie.',
              ' William H. Macy voiced Evolver (and was credited as W.H. Macy).',
              ' The movie was frequently aired in the early days of the Sci Fi Channel.'],
             dtype=object)                                                                ],
      dtype=object)}"
5adde4cb5542990dbb2f7eeb,What animal do both Cocky and cockfights have in common?,rooster,bridge,easy,"{'title': array(['Cocky (mascot)', 'Cocky (mascot)', 'Cockfight'], dtype=object), 'sent_id': array([0, 1, 0], dtype=int32)}","{'title': array(['Human–animal hybrid', 'Paraveterinary workers in Japan',
       'Animal tarot', 'Cocky (mascot)', 'Planchonia careya', 'Scienter',
       'Cockfight', 'List of English animal nouns', 'Cynophobia',
       'Talitrus saltator'], dtype=object), 'sentences': array([array(['The term human–animal hybrid or animal–human hybrid refers to an entity that incorporates elements from both humans and non-human animals.',
              ' For thousands of years, these hybrids have been one of the most common themes in storytelling about animals throughout the world.',
              ' The lack of a strong divide between humanity and animal nature in multiple traditional and ancient cultures has provided the underlying historical context for the popularity of tales where humans and animals have mingling relationships, such as in which one turns into the other or in which some mixed being goes through a journey.',
              ' Interspecies friendships within the animal kingdom, as well as between humans and their pets, additionally provides an underlying root for the popularity of such beings.'],
             dtype=object)                                                                                                                                                                                                                                                                                                                                   ,
       array(['Veterinary support personnel in Japan do not currently hold any official state recognition and are known under a variety of equivalent names.',
              ' Credentialing is carried out by various private organizations.',
              ' These organizations are the Japan Animal Health Technicians Association (JAHTA), the Japanese Animal Hospital Association (JAHA), the Japan Small Animal Veterinary Association (JSAVA), the All Japan Veterinary Co-operative (JVC), and the Japanese Society of Animal Nursing.',
              ' The Japanese Veterinary Nurses & Technicians Association (JVNTA), a non-certifying body which closed its doors in 2007, was one of the original member organizations of the IVNTA.',
              ' In 2009 the Japanese Veterinary Nursing Association (JVNA) was organized as an effort to unify and standardize the profession in Japan and to seek state recognition.',
              ' The JVNA, which has the support of the Japanese Veterinary Medical Association (JVMA—the national organization for veterinarians), may serve only as a temporary vehicle towards a single permanent national certifying body.',
              ' All of the organizations have been collaborating since 2010 as the Council for Veterinary Nursing Examination and have reached an agreement to share a common examination in February 2012.',
              ' In the meantime, a new organization, supported by the Ministry of Agriculture, Forestry, and Fisheries; the JVMA; and the JVNA has been tasked with developing a nationally sanctioned unified exam, the first of which was scheduled to be given in February 2013.',
              ' Education lacks uniformity but in most cases consists of two- to three-year programs.',
              ' A council of universities for animal nursing was also established and tasked with building a core curriculum for veterinary nursing.',
              ' The council is made up of: Yamazaki Gakuen University, Nippon Veterinary and Life Science University, Kurashiki University of Science and the Arts, Teikyo University of Science, and Rakuno Gakuen University.'],
             dtype=object)                                                                                                                                                                                                                                                                         ,
       array(['Animal tarots (German: ""Tiertarock"") are a subgenre of tarot decks.',
              ' The earliest examples are from 18th-century Germany, probably designed by A.B. Göbl of Munich.',
              ' A theme of animals, real and/or fantastic, replaces the traditional trump scenes of the Tarot of Besançon, a derivative of the Tarot of Marseilles.',
              ' They are the first known types of French-suited tarot patterns.',
              ' Patterns with full-figured courts, prominent during the 18th–20th centuries, included the Bavarian and the Belgium styles.',
              ' Later designs are the Upper Austria Animal Tarot and Adler Cego cards.',
              ' Animal tarots were most commonly found in northern Europe, from Belgium to Russia, until the decline of tarot card games during the mid-19th century.',
              ' In Austria-Hungary, they were replaced by the Industrie und Glück decks.',
              ' The Adler Cego used in Baden is the only animal tarot pattern still in common use.'],
             dtype=object)                                                                                                                                             ,
       array(['Cocky is the costumed mascot of the University of South Carolina athletics teams.',
              ' He represents a cartoon version of a gamecock (a fighting rooster).'],
             dtype=object)                                                                        ,
       array(['Planchonia careya is a tree species in the family Lecythidaceae.',
              ' Common names include cocky apple, cockatoo apple and billygoat plum.',
              ' It produces an edible fruit which tastes like quince.',
              ' Indigenous Australians use the bark and leaves in medications.',
              ' The bark and roots were also used as a fish poison.',
              ' It should not be confused with ""Terminalia ferdinandiana"", with which it shares some common names.'],
             dtype=object)                                                                                           ,
       array(['The scienter action is a category within [tort] law in some[common law] jurisdictions which deals with the damage done by an animal directly to a human.',
              ' It had a long history in English law, although it was abolished by the [Animals Act 1971].',
              ' An action in those common law jurisdictions where it has not been extinguished by statute, is in addition to the torts of negligence and nuisance, or more bespoke torts like cattle trespass.',
              ' Where an animal is known to behave in a certain way, and that is expressed on a person causing injury, an action can be taken in this tort.',
              ' This tort is not available in New South Wales, The Australian Capital Territory, South Australia or New Zealand.',
              ' In these jurisdictions the actions involving animals need to be in nuisance or negligence.',
              ' To be successful the plaintiff needs to take action against the person in control of the animal, and it is strict liability, requiring no more than proof of injury, that the animal had a problematic trait, and the person in control knew about the trait in the animal.',
              ' Being strict liability, there is no need to argue fault in the form of wilful intent or negligence on the part of the animal or its controller.',
              ' The only defence is if it can be proved the plaintiff voluntarily assumed the risk of injury by their actions, or if the plaintiff was the cause of the injury.',
              ' It is common to distinguish between harmless animals and wild animals.',
              ' No scienter is needed for wild animals.',
              ' Animals are classed as wild or harmless on the basis of species or kind, not on the basis of being a tame individual.',
              ' An elephant is considered wild irrespective of its use.',
              ' The scienter action is referred to in Rylands v. Fletcher in that one who keeps a wild thing “must keep it at his peril” to make reference to part of Justice Colin Blackburn’s comment.'],
             dtype=object)                                                                                                                                                                                                                                                                   ,
       array(['A cockfight is a blood sport between two cocks, or gamecocks, held in a ring called a cockpit.',
              ' The history of raising fowl for fighting goes back 6,000 years.',
              ' The first documented use of the ""word"" gamecock, denoting use of the cock as to a ""game"", a sport, pastime or entertainment, was recorded in 1634, after the term ""cock of the game"" used by George Wilson, in the earliest known book on the sport of cockfighting in ""The Commendation of Cocks and Cock Fighting"" in 1607.',
              "" But it was during Magellan's voyage of discovery of the Philippines in 1521 when modern cockfighting was first witnessed and documented by Antonio Pigafetta, Magellan's chronicler, in the kingdom of Taytay.""],
             dtype=object)                                                                                                                                                                                                                                                                                                                     ,
       array(['The following is a list of English animal nouns, (the common names of kinds of animals).',
              ' This list includes the common names used for the animal in general; names for the male animal and the female animal where such names exist; the name used for the young or juveniles of the animal; the common name given for the sound the animal makes, if any; the group noun where applicable; and the name of both the natural shelter and (if applicable) an artificial shelter for the animals.'],
             dtype=object)                                                                                                                                                                                                                                                                                                                                                                                               ,
       array(['Cynophobia (from the Greek: κύων ""kýōn"" ""dog"" and φόβος ""phóbos"" ""fear"") is the fear of dogs. Cynophobia is classified as a specific phobia, under the subtype ""animal phobias"".',
              ' According to Dr. Timothy O. Rentz of the Laboratory for the Study of Anxiety Disorders at the University of Texas, animal phobias are among the most common of the specific phobias and 36% of patients who seek treatment report being afraid of dogs or cats.',
              ' Although snakes and spiders are more common animal phobias, cynophobia is especially debilitating because of the high prevalence of dogs (for example, there are an estimated 25 million stray dogs in India, and an estimated 62 million pet dogs in the United States) and the general ignorance of dog owners to the phobia.',
              ' The ""Diagnostic and Statistical Manual of Mental Disorders"" (""DSM-IV-TR"") reports that only 12% to 30% of those suffering from a specific phobia will seek treatment.'],
             dtype=object)                                                                                                                                                                                                                                                                                                                       ,
       array(['Talitrus saltator, a species of sand hopper, is a common amphipod crustacean of sandy coasts around Europe.',
              ' The animal\'s typical ""hopping"" movement gives the animal its common name, and is produced by a flexion of the abdomen.',
              ' In order to do this, it must stand on its legs (amphipods usually rest on their sides) and suddenly extend its abdomen out from under its body.',
              ' It can thus leap several inches into the air, although without any control over its direction.',
              ' A great deal of scientific research has been carried out on the animal, to determine the environmental cues which it uses to control its behaviour.'],
             dtype=object)                                                                                                                                            ],
      dtype=object)}"
5abecb805542997719eab5c2,Peredur ap Gwynedd was a guitarist who was part of the band that was formed in what city in 1990?,Liverpool,bridge,medium,"{'title': array(['Peredur ap Gwynedd', 'Apollo 440'], dtype=object), 'sent_id': array([2, 0], dtype=int32)}","{'title': array(['Peredur ap Gwynedd', 'Electric Angels', 'David S. Goodman',
       'The Replacements (band)', 'The Offspring', 'Hold Your Colour',
       'Apollo 440', 'Pendulum (drum and bass band)', 'John Reis',
       'The David Lee Roth Band'], dtype=object), 'sentences': array([array(['Peredur Wyn ap Gwynedd is a Welsh guitarist.',
              ' He was born and raised in South Wales and currently resides in London.',
              ' His brother, Rheinallt ap Gwynedd, was the bassist for the band Apollo 440 and his sister, Llinor ap Gwynedd, is an actress.'],
             dtype=object)                                                                                                                     ,
       array(['Electric Angels was a Los Angeles-based band that formed from the defunct pop group Candy featuring new singer Shane (Tommy Riggins/Shane Mansfield), guitarist Ryan Roxie(Ryan Rosowicz), and original Candy members bassist/songwriter Jonathan Daniel, and drummer John Schubert.',
              ' After one year, the band relocated to New York City and were signed to Atlantic Records within five months.',
              "" One of their first New York shows was opening up for the British band Dogs D'Amour and Mother Love Bone (featuring Jeff Ament and Stone Gossard who would form Pearl Jam after the death of lead singer Andrew Wood)."",
              ' Their self-titled debut was recorded in London in the autumn of 1989 by David Bowie and T.Rex producer Tony Visconti and released in February 1990.',
              ' They were reviewed favorably as a cross between The Replacements and Hanoi Rocks.',
              ' The band cited their musical influences including KISS, The Ramones, The Replacements, Rick Springfield and George Jones and toured with New Jersey rockers Danger Danger, former Kiss guitarist Ace Frehley and Phoenix rockers Icon (band).',
              ' The band let their contract with Atlantic expire in 1991 due to poor promotion on the part of the label.'],
             dtype=object)                                                                                                                                                                                                                                                                           ,
       array(['David Simon Charles Goodman (born 25 February 1958 in England) is an International Master of chess, and a chess writer.',
              ' Awarded the IM title in 1983, he won the World Youth Chess Championship (Cadets) in 1975.',
              ' He played #10 on the English national team in Moscow in 1977.',
              ' The following year he was part of the five-man English team that won the World Under-26 Team Championship in Mexico City.',
              ' He was a reporter and editor for AP before becoming a full-time chess teacher in New York City in 2002.',
              ' He started his career as a stringer reporting on international chess tournaments for AP, before joining the company as a full-time newsman in 1990.'],
             dtype=object)                                                                                                                                            ,
       array(['The Replacements were an American rock band formed in Minneapolis, Minnesota, in 1979.',
              ' Initially a punk rock band, they are considered pioneers of alternative rock.',
              ' The band was composed of the guitarist and vocalist Paul Westerberg, guitarist Bob Stinson, bass guitarist Tommy Stinson and drummer Chris Mars for most of its career.',
              ' Following several acclaimed albums, including ""Let It Be"" and ""Tim"", Bob Stinson left the band in 1986, and Slim Dunlap joined as lead guitarist.',
              ' Steve Foley replaced Mars in 1990.',
              "" Towards the end of the band's career, Westerberg exerted more control over the creative output."",
              ' The group disbanded in 1991, with the members eventually pursuing various projects.',
              ' A reunion was announced on October 3, 2012.',
              ' The Replacements never had significant commercial success, except for ""I\'ll Be You"", which hit number 1 on the ""Billboard"" Alt Rock chart, but they influenced numerous alternative rock acts.'],
             dtype=object)                                                                                                                                                                                        ,
       array(['The Offspring is an American rock band from Garden Grove, California, formed in 1984.',
              ' Originally formed under the name Manic Subsidal, the band has consisted of lead vocalist and rhythm guitarist Dexter Holland, bassist Greg K., lead guitarist Kevin ""Noodles"" Wasserman and drummer Pete Parada since 2007.',
              ' While Holland, Greg K., and Noodles have been constant members since the band was formed, the Offspring has gone through a number of drummers.',
              ' Their longest-serving drummer was Ron Welty, who had been a member of The Offspring for 16 years; he was replaced by Atom Willard in 2003, and then four years later by Parada.',
              ' The band is often credited—alongside fellow California punk bands Green Day, Bad Religion, NOFX, Pennywise and Rancid—for reviving mainstream interest in punk rock in the 1990s.',
              ' They have sold over 40 million records worldwide, being considered one of the best-selling punk rock bands of all time.'],
             dtype=object)                                                                                                                                                                                                                   ,
       array(['Hold Your Colour is the debut studio album by the Australian drum and bass band Pendulum, released on 25 July 2005 and later reissued in 2007 by Breakbeat Kaos.',
              ' The album was mastered by Stuart Hawkes at Metropolis in London.',
              ' The album features collaborations with artists such as the DJs Fresh and TC, the MCs $pyda and Fats, vocalists from bands Freestylers and Halogen, and guitarists from bands Karnivool and Concord Dawn, together with Peredur ap Gwynedd.'],
             dtype=object)                                                                                                                                                                                                                                   ,
       array(['Apollo 440 (alternately known as Apollo Four Forty or @440) are an English electronic rock band formed in Liverpool in 1990.',
              ' Apollo 440 have written, recorded and produced five albums, collaborated with and produced other artists, remixed as Apollo 440 and as ambient cinematic alter-ego Stealth Sonic Orchestra, and created music for film, television, advertisements and multimedia.',
              ' During their eleven years at Sony, 1993–2004, they notched up 11 Top 40 UK singles with three Top 10s, and had a chart presence worldwide.'],
             dtype=object)                                                                                                                                                                                                                                                          ,
       array(['Pendulum is an Australian/British drum and bass and electronic rock band founded in 2002.',
              ' Pendulum originally formed in the city of Perth, Western Australia by Rob Swire, Gareth McGrillen, and Paul ""El Hornet"" Harding.',
              ' The band was later expanded to include members, Ben Mount, Peredur ap Gwynedd, and KJ Sawka.',
              ' Members Swire and McGrillen also formed the electro house duo Knife Party.',
              ' The group is notable for its distinctive sound, mixing hard rock with electronic music and covering a wide range of genres.'],
             dtype=object)                                                                                                                        ,
       array(['John Reis (born 1969) and also known by the pseudonyms Speedo, Slasher, and The Swami is an American musician, singer, guitarist, record label owner, and disc jockey.',
              ' He is best known as the singer and guitarist for the rock band Rocket from the Crypt, which he formed and fronted (as Speedo) for the entirety of its career from 1990 to 2005.',
              ' Prior to this he was the guitarist in the post-hardcore band Pitchfork, and also played in Drive Like Jehu during the early 1990s.',
              ' In 1999 he formed the Hot Snakes, and in 2000 also formed the Sultans, in which (as Slasher) he sang and originally played bass before switching to rhythm guitar.',
              ' He played in both these bands until their breakups in 2005 and 2007 respectively.',
              ' He also released a solo recording under the name Back Off Cupids, which was recorded in 1994 but not released until 1999.',
              ' Over the years he has performed in many other musical acts including Conservative Itch, Stacatto Reads, Custom Floor, and Beehive & the Barracudas.',
              ' He is the owner of Swami Records, a label he founded in 1999 (he uses the title The Swami in this capacity).',
              ' He frequently works with bands in a studio capacity and releases albums by many southern California groups through his label.',
              ' He also hosts the ""Swami Sound System"" program (previously on San Diego radio station 94.9 (KBZT), and now available on Slacker Radio).',
              ' Reis remains an influential figure in the San Diego underground music community and is currently performing with a new band named The Night Marchers.'],
             dtype=object)                                                                                                                                                                       ,
       array(['The David Lee Roth Band was an American rock and roll band, formed in Pasadena, California in 1985 by Van Halen frontman David Lee Roth.',
              ' Originally featuring a supergroup line-up of guitarist Steve Vai, bassist Billy Sheehan, and drummer Gregg Bissonette, the band released numerous popular songs and albums from the mid-1980s until the late 1990s.',
              ' Other well-known musicians in the David Lee Roth Band have include guitarist Jason Becker, guitarist Steve Hunter, guitarist John 5 (guitarist), bassist Matt Bissonette drummer Ray Luzier, and keyboardist Brett Tuggle.',
              ' The band\'s well-known songs include ""Yankee Rose"", ""Goin\' Crazy!""',
              ', ""Shy Boy"", ""Just Like Paradise"", ""Stand Up"", ""Damn Good"", ""A Little Ain\'t Enough"", ""She\'s My Machine"", and ""Slam Dunk!""'],
             dtype=object)                                                                                                                                                                                                                  ],
      dtype=object)}"
5ab1e8a55542993be8fa987a,"Who had more well-known films, Leos Carax or Gene Saks?",Gene Saks,comparison,medium,"{'title': array(['Leos Carax', 'Gene Saks', 'Gene Saks', 'Gene Saks'], dtype=object), 'sent_id': array([2, 0, 2, 3], dtype=int32)}","{'title': array(['Holy Motors', 'Leos Carax', 'Cinéma du look', 'Stéphane Fontaine',
       'Gene Saks', 'Mireille Perrier', 'Boy Meets Girl (1984 film)',
       'Denis Lavant', 'Mauvais Sang', 'Jean-Yves Escoffier'],
      dtype=object), 'sentences': array([array(['Holy Motors is a 2012 French-German fantasy drama film written and directed by Leos Carax, starring Denis Lavant and Édith Scob.',
              "" Lavant plays Mr. Oscar, a man not unlike an actor who inhabits several roles, but there are no apparent cameras filming the man's performances."",
              "" It is Carax's first feature film since 1999."",
              "" The film competed for the Palme d'Or at the 2012 Cannes Film Festival.""],
             dtype=object)                                                                                                                                       ,
       array(['Alex Christophe Dupont (born 22 November 1960), best known as Leos Carax (] ), is a French film director, critic, and writer.',
              ' Carax is noted for his poetic style and his tortured depictions of love.',
              ' His first major work was ""Boy Meets Girl"" (1984), and his notable works include ""Les Amants du Pont-Neuf"" (1991) and ""Holy Motors"" (2012).',
              "" His professional name is an anagram of his real name, 'Alex', and 'Oscar'.""],
             dtype=object)                                                                                                                                  ,
       array(['Cinéma du look (] ) was a French film movement of the 1980s, analysed, for the first time, by French critic Raphaël Bassan in ""La Revue du Cinéma"" issue n° 448, May 1989, in which he classified Luc Besson, Jean-Jacques Beineix and Leos Carax as directors of ""le look"".',
              ' These directors were said to favor style over substance, spectacle over narrative.',
              "" It referred to films that had a slick, gorgeous visual style and a focus on young, alienated characters who were said to represent the marginalized youth of François Mitterrand's France."",
              ' Themes that run through many of their films include doomed love affairs, young people more affiliated to peer groups rather than families, a cynical view of the police, and the use of scenes in the Paris Métro to symbolise an alternative, underground society.',
              ' The mixture of \'high\' culture, such as the opera music of ""Diva"" and ""Les Amants du Pont-Neuf,"" and pop culture, for example the references to Batman in ""Subway"", was another key feature.'],
             dtype=object)                                                                                                                                                                                                                                                                   ,
       array(['Stéphane Fontaine is a French cinematographer.',
              ' He graduated from the École nationale supérieure Louis-Lumière in 1985, and began his career as first assistant camera on films directed by Arnaud Desplechin, Jim Jarmusch, Leos Carax and Olivier Assayas, among others.',
              ' He won the César Award for Best Cinematography in 2006 for ""The Beat That My Heart Skipped"" and in 2010 for ""A Prophet"".'],
             dtype=object)                                                                                                                                                                                                                  ,
       array(['Gene Saks (November 8, 1921 – March 28, 2015) was an American stage, film director, and actor.',
              ' An inductee of the American Theater Hall of Fame, his acting career beginning with a debut on Broadway in 1949.',
              ' As a director, he was nominated for seven Tony Awards, winning three for his direction of ""I Love My Wife"", ""Brighton Beach Memoirs"" and ""Biloxi Blues"".',
              ' He also directed a number of films during his career.',
              ' He was married to Bea Arthur, who died in 2009, from 1950 until 1980, and subsequently to Keren Saks, from 1980 to his death in 2015.'],
             dtype=object)                                                                                                                                                ,
       array(['Mireille Perrier (born 14 November 1959) is a French actress.',
              ' Her first starring role was in Leos Carax\'s ""Boy Meets Girl"" in 1983.',
              ' Since then, Perrier has had major roles in other films such as ""Un monde sans pitié"", ""Netchaïev est de retour"", ""Toto le Héros"", ""À vendre"", ""Le Comptoir"", ""Un dérangement considérable"" and ""L\'entraînement du champion avant la course"".'],
             dtype=object)                                                                                                                                                                                                                                      ,
       array(['Boy Meets Girl is a 1984 French drama film written and directed by Leos Carax, starring Denis Lavant and Mireille Perrier.',
              "" It was Carax's first feature film."",
              ' The plot follows the relationship of an aspiring filmmaker (Denis Lavant), who has just been left by his lover and a suicidal young woman (Mireille Perrier), who is also reeling from a failed romance.'],
             dtype=object)                                                                                                                                                                                                 ,
       array(['Denis Lavant (born 17 June 1961) is a French actor known for his distinctive face and the physically demanding aspects of the roles he plays, which often involve slapstick, acrobatics or dance, as well as for his long-standing association with director Leos Carax.',
              "" Lavant has played the lead role in all but one of Carax's films."",
              ' Lavant is also known for his roles in Claire Denis\' ""Beau Travail"", and Harmony Korine\'s ""Mister Lonely"".'],
             dtype=object)                                                                                                                                                                                                                                                               ,
       array(['Mauvais Sang (] , ""Bad Blood""), also known as The Night Is Young, is Leos Carax\'s second film.',
              ' Released in 1986, the film played at the 37th Berlin International Film Festival before being nominated for 3 César Awards and winning the Prix Louis-Delluc.',
              ' The film had 504,803 admissions in France.',
              ' The title refers to the eponymous poem by Arthur Rimbaud in ""A Season in Hell"".'],
             dtype=object)                                                                                                                                                     ,
       array(['Jean-Yves Escoffier (July 12, 1950 – April 1, 2003), was a French cinematographer who worked with Mehdi Norowzian, Jeanne Moreau for Air France, David Lynch for Nissan Motors, and on music videos, ""Hurt"" (2002) for Johnny Cash and Mark Romanek.',
              ' He also worked as director of photography on a number of films of Leos Carax including ""Boy Meets Girl"", ""Mauvais sang"", and ""Les Amants du Pont-Neuf"".',
              ' Born in Lyon, France, he died of heart failure on April 1, 2003 in his home in Los Angeles, California.'],
             dtype=object)                                                                                                                                                                                                                                           ],
      dtype=object)}"
5a746e8955429929fddd8425,Which WWE signed wrestler was in the APA tag team?,Ronald Simmons,bridge,hard,"{'title': array(['The Acolytes Protection Agency', 'Ron Simmons', 'Ron Simmons',
       'Ron Simmons'], dtype=object), 'sent_id': array([0, 0, 1, 2], dtype=int32)}","{'title': array(['American Poolplayers Association', 'Ron Simmons', 'Ran Yu-Yu',
       'List of WWE Raw Tag Team Champions',
       'List of World Tag Team Champions (WWE)', 'Luke Gallows',
       'Smash (wrestler)', '&quot;Dr. Death&quot; Steve Williams',
       'René Duprée', 'The Acolytes Protection Agency'], dtype=object), 'sentences': array([array(['The American Poolplayers Association (APA) was founded in 1981 by professional pool players Terry Bell, Asher Green and Larry Hubbart, although with roots dating back to the National Pool League (NPL), founded in 1979.',
              ' The APA conducts a system of franchised-based local amateur leagues of pool (pocket billiards) competition, including both eight-ball and nine-ball, with a unified APA ruleset.',
              ' The organization, which has international affiliates in Canada, Japan, and China, hosts regional tournaments the winners of which qualify for APA tournaments played in Las Vegas, Nevada twice annually.',
              ' In the spring, the APA hosts the APA Poolplayers Championships (formerly known as the National Singles Championships) which features individual and doubles competition.',
              "" In August, the APA hosts the APA World Pool Championships which feature Team (5-8 members), Doubles and Master's (3-player non-handicapped) competition."",
              "" The organization is recognized as the world's largest pool league with a membership of nearly 250,000 players."",
              "" In 2010, the APA National Team Championships (known today as the APA World Pool Championships) were recognized by Guinness Records as the World's Largest Pool Tournament."",
              "" In addition, the APA conducts the U.S. Amateur Championship, intended for highest skilled players, that's open to APA and non-APA members.""],
             dtype=object)                                                                                                                                                                                                                 ,
       array(['Ronald Simmons (born May 15, 1958) is an American retired professional wrestler and football player.',
              ' He performed for World Championship Wrestling (WCW) and Extreme Championship Wrestling (ECW) under his real name, and in the World Wrestling Federation / World Wrestling Entertainment (WWF/E) under both his real name and the ring names Faarooq Asaad (sometimes spelled Asad) and Faarooq (sometimes spelled Farooq).',
              ' He is signed with WWE, working in their Legends program.'],
             dtype=object)                                                                                                                                                                                                                                                                                                                  ,
       array(['Tomoko Miyaguchi (宮口 知子 , Miyaguchi Tomoko , born August 17, 1975) is a Japanese retired professional wrestler, better known by the ring name Ran Yu-Yu (輝優優 , Ran Yū Yū ) .',
              "" Best known as a tag team wrestler, Yu-Yu held the JWP Tag Team Championship a record seven times, the Daily Sports Women's Tag Team Championship three times, the AAAW Tag Team Championship and the Oz Academy Tag Team Championship twice each and the International Ribbon Tag Team Championship and Wave Tag Team Championship once each, but also excelled in singles competition, most notably winning the JWP and Oz Academy Openweight Championships."",
              ' She finished her 18-year career on December 9, 2012.'],
             dtype=object)                                                                                                                                                                                                                                                                                                                                                                                                                                                     ,
       array(['The WWE Raw Tag Team Championship is a professional wrestling world tag team championship contested in WWE on the Raw brand.',
              "" Introduced in 2002 as the WWE Tag Team Championship, it was WWE's third world tag team title, and seventh tag team title overall."",
              ' After WWE bought the promotions of Extreme Championship Wrestling (ECW) and World Championship Wrestling (WCW), and unified the WCW Tag Team Championship into its own title at Survivor Series 2001, it split its roster into two brands, Raw and SmackDown, in a brand extension.',
              "" As a result of this, WWE's original World Tag Team Championship was designated exclusive to the Raw brand, leaving SmackDown without a tag team championship."",
              ' Soon afterward, the WWE Tag Team Championship was introduced onto the SmackDown brand.'],
             dtype=object)                                                                                                                                                                                                                                                                           ,
       array(['The World Tag Team Championship was a professional wrestling World Tag Team championship in World Wrestling Entertainment (WWE).',
              ' It was unified with the WWE Tag Team Championship, which WWE recognized as the ""Unified WWE Tag Team Championship"".',
              ' On August 16, 2010 the World Tag Team Championship was decommissioned in favor of continuing the lineage of the WWE Tag Team Championship.'],
             dtype=object)                                                                                                                                   ,
       array(['Andrew William Hankinson (born December 22, 1983) is an American professional wrestler and promoter, currently signed with WWE on the Raw brand under the ring name Luke Gallows.',
              ' During his first stint with the promotion, Hankinson also appeared briefly as an imposter of the wrestler Kane during 2006 and then returned as Festus, a seemingly mentally handicapped character who teamed with Jesse (Ray Gordy), but the team achieved little success.',
              ' After disappearing from television, Hankinson later became the enforcer and ""disciple"" of CM Punk, sporting a cleaner, militant look, with the Festus character\'s ""real identity"" revealed as Luke Gallows.',
              ' His first run in WWE ended in 2010.',
              ' He is perhaps best known for working for New Japan Pro Wrestling under the ring name Doc Gallows, and he also wrestled prominently under the TNA banner, where he was a member of the heel Aces & Eights stable under the ring name D.O.C. (Director of Chaos).',
              ' Along with Karl Anderson, Hankinson has won the WWE Raw Tag Team Championship once since returning to WWE, and he also held the IWGP Tag Team Championship three times with Anderson, making them one of only three tag teams (with The Steiner Brothers and The Dudley Boyz) to have held both titles between those promotions.'],
             dtype=object)                                                                                                                                                                                                                                                                                                                         ,
       array(['Barry Allen Darsow (born October 6, 1959) is an American semi-retired professional wrestler who performs as Smash, one half of the tag team Demolition.',
              ' He has also wrestled as Krusher Khruschev, Repo Man, The Blacktop Bully and ""Mr. Hole in One"" Barry Darsow.',
              ' Throughout his career he worked for Jim Crockett Promotions, the World Wrestling Federation (WWF), World Championship Wrestling (WCW), and several regional promotions in the 1980s and 1990s.',
              "" He is a four-time former world tag team champion, winning three WWF World Tag Team Championships as part of Demolition and one NWA World Tag Team Championship as part of a three-man team with Ivan and Nikita Koloff (although the NWA no longer recognizes any former tag team champions prior to 1992; Darsow's championship is considered part of the WCW World tag team championship lineage), and a one-time NWA United States Tag Team Champion.""],
             dtype=object)                                                                                                                                                                                                                                                                                                                                                                                                                                                 ,
       array(['Steven Williams (May 14, 1960 – December 29, 2009), better known by his ring name ""Dr. Death"" Steve Williams, was an American professional wrestler, author, former collegiate football player, and amateur wrestler at the University of Oklahoma.',
              ' Dr. Death was a three-time professional wrestling world heavyweight champion, having won the UWF World Heavyweight Championship twice and the Triple Crown Heavyweight Championship once.',
              ' In addition to his singles success, Dr. Death achieved notoriety in Japan in tag team competition, winning the World Tag Team Championship eight times with notable tag team partners Terry Gordy, Gary Albright, Vader, and Johnny Ace.',
              "" He also achieved great tag team success in North America, winning tag team titles in the Mid-South, World Championship Wrestling, UWF and NWA United States Tag Team Championship as well as winning the World's Strongest Tag Determination League twice with Gordy and Mike Rotunda.""],
             dtype=object)                                                                                                                                                                                                                                                                               ,
       array(['René Emile Goguen (born December 15, 1983) is a Canadian professional wrestler, better known by his ring name René Duprée.',
              ' Goguen is best known for his tenure in World Wrestling Entertainment, where he is a one-time World Tag Team Champion with Sylvain Grenier as the tag team La Résistance and a one-time WWE Tag Team Champion with Kenzo Suzuki.',
              ' By winning the World Tag Team Championship, Goguen became the youngest wrestler to win the tag team title at 19 years old.',
              ' He is also the youngest champion of any kind in WWE, and the first wrestler in WWE to win a title as a teenager.',
              ' He is the son of Canadian Maritimes wrestling promoter Emile Duprée.'],
             dtype=object)                                                                                                                                                                                                                       ,
       array(['The Acolytes Protection Agency (APA) was a professional wrestling tag team that consisted of Bradshaw (John Layfield) and Faarooq (Ron Simmons).',
              ' They wrestled for the American promotion World Wrestling Federation/Entertainment (WWF/E) between October 1998 and March 2004.'],
             dtype=object)                                                                                                                                       ],
      dtype=object)}"
5a764b715542992d0ec0608f,The granddaughter of the namesake of The Merchants of Bollywood Is known for what?,her choreographic work,bridge,hard,"{'title': array(['The Merchants of Bollywood', 'Vaibhavi Merchant',
       'Vaibhavi Merchant'], dtype=object), 'sent_id': array([1, 0, 1], dtype=int32)}","{'title': array(['The Merchants of Bollywood', 'Interchange Plus',
       'Tanners (company)', 'W. W. Orr Building', 'Vaibhavi Merchant',
       'Regions Bank Building (Mobile)', 'Jayna Tida',
       'Hyatt Regency Indianapolis', 'Viscount Bledisloe',
       'The Media Merchants'], dtype=object), 'sentences': array([array(['The Merchants of Bollywood is an Australian musical written and directed by Toby Gough.',
              ' The show is about the history of the Bollywood film industry, and it is named after Hiralalji Merchant and his grand daughter Vaibhavi Merchant, two notable Indian choreographers.',
              ' The set and lighting design was by Liz Berry and the costumes were designed by Falguni Thakore and Bipin.',
              ' The musical has been described as ""an Indian version of the Billy Elliot story"" and is choreographed by Vaibhavi Merchant.',
              ' It was the first ever Bollywood production to tour straight from Film City in Mumbai.',
              ' When the show reached Australia in February 2008, there had been 400 performances seen by 500,000 patrons.',
              ' The show toured the United Kingdom, various parts of Europe, the United States, Australia, Canada and various parts of Asia.'],
             dtype=object)                                                                                                                                                                           ,
       array(['Interchange Plus is the common name for a pricing structure for accepting credit card transactions by merchants.',
              ' The Interchange fee is an important factor in determining the actual cost of accepting credit cards.',
              ' Interchange pricing is what the Visa and MasterCard associations along with credit card issuing banks charge merchant account providers to process credit and debit card transactions.',
              ' Merchant Account providers then charge a markup on interchange known as interchange plus pricing to process the transaction and provide customer service to the merchant accepting the credit or debit card payment.',
              ' Interchange Plus pricing is known as the most honest and transparent form of pricing for merchants looking to accept credit cards.',
              ' There are a lot of credit card processing companies that only offer interchange plus pricing.'],
             dtype=object)                                                                                                                                                                                                            ,
       array(['Tanners Wines Ltd (also known as ""Tanners Wine Merchants"" or simply ""Tanners"") is a family-owned independent wine merchants company based in Shrewsbury, Shropshire, England.',
              ' In recent years Tanners has won many important national awards and accolades, acknowledging the firm as one of the most highly regarded wine merchants in the UK.'],
             dtype=object)                                                                                                                                                                    ,
       array([""The W. W. Orr Building (also known as W. W. Orr Medical Building and W. W. Orr Doctors' Building) is a landmark building at 478 Peachtree Street NE in SoNo, Atlanta."",
              ' The Art Deco style building was designed by architect Francis Palmer Smith of the firm of Pringle and Smith.',
              "" The building's namesake, W. W. (Wayman W.) Orr, was the president of the Atlanta Retail Merchants' Association for several years in the 1910s."",
              ' It is currently part of the Emory University Hospital Midtown complex.',
              ' The building is decorated with serpents and staffs, alluding to its function as a medical building (as which it still functions).'],
             dtype=object)                                                                                                                                                            ,
       array(['Vaibhavi Merchant is an Indian dance choreographer working in Bollywood films.',
              ' She is best known for her choreographic work in numerous Bollywood films.'],
             dtype=object)                                                                     ,
       array(['The Merchants National Bank Building, previously known as the ""First Alabama Bank Building"" and more recently the ""Regions Bank Building"" is a high-rise in the US City of Mobile, Alabama.',
              ' Completed in 1929, the building rises 236 ft and 18 stories.',
              ' Upon its completion, the Merchants National Bank Building became the tallest building in Mobile, the seventh-tallest building in the state of Alabama, and the tallest skyscraper in the state outside Birmingham.',
              ' The building remained the tallest in the city until the completion of the RSA–BankTrust Building in 1965.',
              ' The Merchants National Bank Building now stands as the 6th-tallest building in Mobile.'],
             dtype=object)                                                                                                                                                                                                          ,
       array(['Jayna Tida is a British Indian Actress.',
              ' She played the lead Ayesha Merchant in the west end Musical The Merchants of Bollywood directed by Toby Gough and Choreographed by Vaibhavi Merchant.',
              ' Based on the true story of two notable choreographers of the Indian film industry, Hiralal Merchant and his granddaughter, Vaibhavi Merchant.',
              ' In July 2015, she was cast as Rani Sulakshana in the period drama ""Ek Tha Raja Ek Thi Rani"".',
              ' She has featured in multiple commercials for companies such as Honda City, Ponds and Samsung.'],
             dtype=object)                                                                                                                                             ,
       array(['Hyatt Regency Indianapolis, also known as PNC Center, is a mixed use high-rise in Indianapolis, Indiana.',
              ' The building rises 22 floors and 268 ft in height, and is currently the 17th-tallest building in the city.',
              ' The structure was completed in 1977, and was designed by architectural firm Browning Day Pollak Associates.',
              ' It was originally named Merchants Plaza and was the headquarters of Merchants National Bank and Trust Company, which had previously been located in the Merchants National Bank Building.'],
             dtype=object)                                                                                                                                                                                  ,
       array(['Viscount Bledisloe, of Lydney in the County of Gloucestershire, is a title in the Peerage of the United Kingdom.',
              ' It was created in 1935 for the Conservative politician Charles Bathurst, 1st Baron Bledisloe, upon his retirement as Governor-General of New Zealand.',
              ' He had already been created Baron Bledisloe, of Lydney in the County of Gloucestershire, in 1918, also in the Peerage of the United Kingdom.',
              ' Bathurst was the great-grandson and namesake of the early-19th-century politician Charles Bathurst.',
              ' The latter was the son of Charles Bragge and Anne Bathurst, granddaughter of Sir Benjamin Bathurst, younger brother of Allen Bathurst, 1st Earl Bathurst.',
              ' In 1804, Charles Bathurst assumed the surname of Bathurst in lieu of Bragge.',
              "" The first Viscount's grandson, third Viscount, was one of the ninety elected hereditary peers that were allowed to remain in the House of Lords after the passing of the House of Lords Act 1999, and sat as a crossbencher until his death."",
              ' He was also a member of the Lords Constitution Committee.',
              ' s of 2017 the titles are held by his son, the fourth Viscount, who succeeded in 2009.'],
             dtype=object)                                                                                                                                                                                                                                    ,
       array([""The Media Merchants Television Company ltd. (also known as The Media Merchants Production or simply The Media Merchants) was an independent television production company specialising in children's programmes, run by Neil Buchanan and Tim Edmunds.""],
             dtype=object)                                                                                                                                                                                                                                              ],
      dtype=object)}"
5a8ec7b855429917b4a5bdc3,When John P. Buchanan was governor of Tennessee a labor uprising took place in which county ?,Anderson County,bridge,medium,"{'title': array(['John P. Buchanan', 'Coal Creek War'], dtype=object), 'sent_id': array([2, 0], dtype=int32)}","{'title': array(['Monument to the Ghetto Heroes', 'John P. Buchanan',
       'Rising of the Priests', 'Mapuche uprising of 1881',
       'Coal Creek War', 'Ruhr uprising', ""Leisler's Rebellion"",
       'Jameson Raid', 'Arena Massacre', 'Czortków uprising'],
      dtype=object), 'sentences': array([array(['The Ghetto Heroes Monument (Polish: ""pomnik Bohaterów Getta"" ) is a monument in Warsaw, Poland, commemorating the Warsaw Ghetto Uprising of 1943 during the Second World War.',
              ' It is located in the area which was formerly a part of the Warsaw Ghetto, at the spot where the first armed clash of the uprising took place.'],
             dtype=object)                                                                                                                                                                    ,
       array([""John Price Buchanan (October 24, 1847May 14, 1930) was an American politician and farmers' advocate."",
              "" He served as Governor of Tennessee from 1891 to 1893, and was president of the Tennessee Farmers' Alliance and Laborers' Union in the late 1880s."",
              "" Buchanan's lone term as governor was largely marred by the Coal Creek War, an armed uprising by coal miners aimed at ending the state's convict lease system.""],
             dtype=object)                                                                                                                                                      ,
       array(['The Rising of the Priests (Maltese: ""Ir-Rewwixta tal-Qassisin"" ), also known as the Maltese Rebellion of 1775 and the September 1775 Rebellion, was an uprising led by Maltese clergy against the Order of Saint John, who had sovereignty over Malta.',
              ' The uprising took place on 8 September 1775, but was suppressed by the Order within a few hours.',
              ' The rebels were then captured and some were executed, exiled or imprisoned.'],
             dtype=object)                                                                                                                                                                                                                                             ,
       array(['The Mapuche uprising of 1881 was the last major rebellion of the indigenous Mapuches of Araucanía.',
              ' The uprising took place during the last phase of the Occupation of Araucanía (1861–1883) by the Chilean state.',
              ' The uprising was planned by Mapuche chiefs in March 1881 to be launched in November of the same year.',
              ' Mapuche support for the uprising was not unanimous, some Mapuche factions sided with the Chileans and others declared themselves neutral.',
              ' The organizers of the uprising did however succeed in involving Mapuche factions that had not previously been at war with Chile.',
              ' The 1881 uprising can be considered the climax of the Chilean-Mapuche hostilities during the Occupation of Araucanía.'],
             dtype=object)                                                                                                                                 ,
       array(['The Coal Creek War was an early 1890s armed labor uprising in the southeastern United States that took place primarily in Anderson County, Tennessee.',
              ' This labor conflict ignited during 1891 when coal mine owners in the Coal Creek watershed began to remove and replace their company-employed, private coal miners then on the payroll with convict laborers leased out by the Tennessee state prison system.'],
             dtype=object)                                                                                                                                                                                                                                                     ,
       array(['The Ruhr uprising (German: ""Ruhraufstand"" ) or March uprising (""Märzaufstand"") was a left-wing workers\' revolt in the Ruhr region of Germany in March 1920.',
              ' The uprising took place initially in support of the call for a general strike issued by the Social Democrat members of the German government, the unions and other parties in response to the right-wing Kapp Putsch of 13 March 1920.'],
             dtype=object)                                                                                                                                                                                                                               ,
       array([""Leisler's Rebellion was an uprising in late 17th century colonial New York in which German American merchant and militia captain Jacob Leisler seized control of the colony's south and ruled it from 1689 to 1691."",
              "" The uprising took place in the aftermath of Britain's Glorious Revolution and the 1689 Boston revolt in the Dominion of New England, which had included New York."",
              ' The rebellion reflected colonial resentment against the policies of deposed King James II.'],
             dtype=object)                                                                                                                                                                                                          ,
       array(['The Jameson Raid (29 December 1895 – 2 January 1896) was a botched raid against the South African Republic (commonly known as the Transvaal) carried out by British colonial statesman Leander Starr Jameson and his Company troops (""police"" in the employ of Beit and Rhodes\' British South Africa Company) and Bechuanaland policemen over the New Year weekend of 1895–96.',
              ' Paul Kruger was president of the republic at the time.',
              ' The raid was intended to trigger an uprising by the primarily British expatriate workers (known as Uitlanders) in the Transvaal but failed to do so.',
              ' The workers were called the Johannesburg conspirators.',
              ' They were expected to recruit an army and prepare for an insurrection.',
              ' The raid was ineffective and no uprising took place, but it was an inciting factor in the Second Boer War and the Second Matabele War.'],
             dtype=object)                                                                                                                                                                                                                                                                                                                                                                      ,
       array(['The Arena Massacre or Arena Uprising took place on 1 December 1699 in Trinidad at the mission of San Francisco de los Arenales east Trinidad.',
              ' It resulted in the death of several hundred Amerindians, Roman Catholic priests connected with the mission of ""San Francisco de los Arenales"", the Spanish Governor José de León y Echales and all but one member of his party.'],
             dtype=object)                                                                                                                                                                                                                        ,
       array(['The Czortków uprising (Polish: ""Powstanie Czortkowskie"" ) was a failed attempt at resisting Soviet state repressions by the young anti-Soviet Poles most of whom were prewar students from the local high school.',
              ' The uprising took place in the Soviet-occupied Polish town of Czortków (now Chortkiv, Ukraine) during World War II.',
              ' The insurgents attempted to storm the local Red Army barracks and a prison in order to release Polish soldiers incarcerated there.',
              ' The attack occurred on the night of January 21–22, 1940.',
              ' It was the first Polish civilian uprising against the Nazi-Soviet occupation of Poland.'],
             dtype=object)                                                                                                                                                                                                        ],
      dtype=object)}"
5a762f595542994ccc918707,"When was the rapper who made '97 Bonnie & Clyde"" born?","October 17, 1972",bridge,hard,"{'title': array([""'97 Bonnie &amp; Clyde"", 'Eminem'], dtype=object), 'sent_id': array([0, 0], dtype=int32)}","{'title': array([""Beograd, uživo '97 – 1"", ""Beograd, uživo '97 – 2"",
       'Young American Primitive', 'Greco-Turkish War (1897)', ""AC'97"",
       ""NFL '97"", ""'97 Bonnie &amp; Clyde"", 'Kim (song)', 'Eminem',
       ""K-1 Grand Prix '97 Final""], dtype=object), 'sentences': array([array(['Beograd, uživo \'97 – 1 (trans. ""',
              'Belgrade, Live \'97 - 1"") is the first disc of the fourth live album by Serbian and former Yugoslav rock band Riblja Čorba, released in 1997.',
              ' ""Beograd, uživo \'97 - 1"" was followed by ""Beograd, uživo \'97 - 2"", as the band, instead of releasing a double live album, opted for two separate releases.',
              "" Album was recorded on Riblja Čorba concert held on June 1, 1997 on Belgrade's Tašmajdan Stadium.""],
             dtype=object)                                                                                                                                                    ,
       array(['Beograd, uživo \'97 – 2 (trans. ""',
              'Belgrade, Live \'97 – 2"") is the second disc of the fourth live album by Serbian and former Yugoslav rock band Riblja Čorba, released in 1997.',
              ' ""Beograd, uživo \'97 - 2"" was preceded by ""Beograd, uživo \'97 - 1"", as the band, instead of releasing a double live album, opted for two separate releases.',
              "" Album was recorded on Riblja Čorba concert held on June 1, 1997 on Belgrade's Tašmajdan Stadium.""],
             dtype=object)                                                                                                                                                    ,
       array([""Young American Primitive (real name Greg Scanavino) is a prominent American producer/remixer, and one of the more popular acts to originate from the Bay Area's early 90s house scene."",
              ' Released several 12""s and one full length CD on the San Francisco based label ZoëMagik, and made several compilation appearances, culminating with the sample heavy ""These Waves"" being included on Sasha and Digweed\'s Northern Exposure mix album.',
              ' Apparently impressed by his remixing skills on Geffen Records release The Stone Roses\' single ""Begging You"", Scanavino was signed by Geffen in \'96 and finished his second full length album in late \'97.',
              ' The track ""Beyond"" was slated for single release in November \'97 (complete with music video created by San Francisco based multimedia studio Mind\'s Eye Media), and the album, titled ""African Cosmopolitan"", was slated for a January \'98 release, however, neither saw the light of day, and YAP was apparently dropped from the label.',
              ' The ZoëMagik-released album was not re-released on Geffen due to unresolved sample clearance issues.'],
             dtype=object)                                                                                                                                                                                                                                                                                                                                    ,
       array(['The Greco-Turkish War of 1897, also called the Thirty Days\' War and known in Greece as the Black \'97 (Greek: Μαύρο \'97 , ""Mauro \'97"") or the Unfortunate War (Ατυχής πόλεμος, ""Atychis polemos""), was a war fought between the Kingdom of Greece and the Ottoman Empire.',
              ' Its immediate cause was the question over the status of the Ottoman province of Crete, whose Greek majority long desired union with Greece.',
              ' Despite the Ottoman victory at the field, an autonomous Cretan State under Ottoman suzerainty was established the following year (as a result of the intervention of the Great Powers after the war), with Prince George of Greece and Denmark as its first High Commissioner.'],
             dtype=object)                                                                                                                                                                                                                                                                       ,
       array([""AC'97 (Audio Codec '97; also MC'97 for Modem Codec '97) is an audio codec standard developed by Intel Architecture Labs in 1997."",
              ' The standard was used in motherboards, modems, and sound cards.'],
             dtype=object)                                                                                                                       ,
       array([""NFL '97 is a follow-up video game to Sega's classic Joe Montana series on the Sega Mega Drive/Genesis."",
              ' ""NFL \'97"" featured some sound effects directly from that series.',
              ' ""NFL 97"" was released exclusively for the Sega Saturn.'],
             dtype=object)                                                                                             ,
       array(['""\'97 Bonnie & Clyde"" is a song by American rapper Eminem.',
              ' The song appears on the ""Slim Shady EP"" (as ""Just the Two of Us"") & ""The Slim Shady LP"".',
              ' Eminem recorded a prequel for The Marshall Mathers LP, ""Kim"".',
              ' The song is covered by Tori Amos on her 2001 album of gender-swapped covers, ""Strange Little Girls"".'],
             dtype=object)                                                                                             ,
       array(['""Kim"" is a song by American rapper Eminem which appears on his 2000 album ""The Marshall Mathers LP"".',
              "" The song reflects intense anger and hatred toward Eminem's then-wife Kim Mathers and features Eminem imitating her voice, and ends with Eminem killing Kim and later burying her."",
              ' ""Kim"" was the first song the rapper recorded for the album, shortly after finishing work on ""The Slim Shady LP"" in late 1998.',
              ' Eminem wrote this song, along with ""\'97 Bonnie & Clyde"" (where Eminem and his daughter go to the lake to dispose of Kim\'s dead body), at a time when he and Kim were having marital problems and Kim was preventing him from seeing his daughter Hailie.',
              "" While the song has been cited as an example of misogyny in hip hop culture, it is often highlighted as one of Eminem's most memorable songs.""],
             dtype=object)                                                                                                                                                                                                                                                  ,
       array(['Marshall Bruce Mathers III (born October 17, 1972), known professionally as Eminem (often stylized as EMINƎM), is an American rapper, record producer, and actor.'],
             dtype=object)                                                                                                                                                         ,
       array([""K-1 Grand Prix '97 Final was a kickboxing event promoted by the K-1 organization."",
              "" It was the fifth K-1 World Grand Prix final involving eight of the world's best heavyweight fighters (+95\xa0kg/209\xa0lbs), with all bouts fought under K-1 Rules."",
              "" The eight finalists had all qualified via elimination fights at the K-1 Grand Prix '97 1st Round."",
              "" Also on the card was a four-man tournament for featherweight kickboxers (57\xa0kg/126\xa0lbs) based in Japan and a local 'Super Fight', with all bouts fought under K-1 Rules."",
              ' In total there were fourteen fighters at the event, representing seven countries.'],
             dtype=object)                                                                                                                                                                      ],
      dtype=object)}"
5a7f56b25542994857a766f4,What genre do The Gaslight Anthem and Seaweed share?,rock,comparison,hard,"{'title': array(['The Gaslight Anthem', 'Seaweed (band)'], dtype=object), 'sent_id': array([0, 1], dtype=int32)}","{'title': array(['Seaweed (band)', 'The Gaslight Anthem', 'Elsie (album)',
       'Hold You Up', '45 (The Gaslight Anthem song)',
       'Live at Park Ave.', 'Here Comes My Man', 'Brian Fallon',
       'Get Hurt (album)', ""The '59 Sound""], dtype=object), 'sentences': array([array(['Seaweed is an American band from Tacoma, Washington who were active throughout the 1990s.',
              ' Their style of music is a combination of punk rock and grunge, mostly due to its ""dirty"" sound.'],
             dtype=object)                                                                                        ,
       array(['The Gaslight Anthem is an American rock band from New Brunswick, New Jersey, formed in 2006.',
              ' The band consists of Brian Fallon (lead vocals, rhythm guitar), Alex Rosamilia (lead guitar, backing vocals), Alex Levine (bass guitar, backing vocals), and Benny Horowitz (drums, percussion, backing vocals).'],
             dtype=object)                                                                                                                                                                                                         ,
       array(['Elsie is the debut studio album by The Horrible Crowes, a Gaslight Anthem side-project made up of Ian Perkins and Gaslight Anthem founder Brian Fallon.',
              ' It was released on September 6, 2011, through SideOneDummy Records.'],
             dtype=object)                                                                                                                                              ,
       array(['Hold You Up is a vinyl only EP by The Gaslight Anthem released on 10"" red vinyl.',
              ' It was released on November 23, 2012 for Black Friday Record Store Day (limited to 3000 copies).',
              ' The EP features two original acoustic performances and one cover song.'],
             dtype=object)                                                                                        ,
       array(['""45"" is a song by American rock band The Gaslight Anthem, released on May 8, 2012 as the lead single from their fourth studio album, ""Handwritten"" (2012).'],
             dtype=object)                                                                                                                                                  ,
       array(['Live at Park Ave. is a live album by The Gaslight Anthem, released exclusively on vinyl on April 19, 2009.'],
             dtype=object)                                                                                                  ,
       array(['Here Comes My Man is an EP by The Gaslight Anthem.',
              ' The EP features performances of 3 original songs, and one cover.',
              ' It was released on November 28, 2012 exclusively in the UK.'],
             dtype=object)                                                        ,
       array(['Brian Fallon (born January 28, 1980) is an American singer, songwriter, and guitarist.',
              ' He is best known as the lead vocalist, guitarist, and songwriter of the rock band The Gaslight Anthem, with whom he has recorded five studio albums.',
              "" He is also a member of the duo The Horrible Crowes, alongside The Gaslight Anthem's guitar technician and touring guitarist Ian Perkins.""],
             dtype=object)                                                                                                                                            ,
       array(['Get Hurt is the fifth studio album by American rock band The Gaslight Anthem, released in the UK on August 11, 2014, through Virgin EMI, and in the United States on August 12, 2014, through Island Records.',
              ' It marks their first album on Island Records, which absorbed the band and its previous label, Mercury Records.'],
             dtype=object)                                                                                                                                                                                                    ,
       array([""The '59 Sound is the second studio album by American rock band The Gaslight Anthem, released on August 19, 2008 by record label SideOneDummy.""],
             dtype=object)                                                                                                                                     ],
      dtype=object)}"
5a7eb0595542994959419a51,"Which tennis player also became a coach, Sébastien Lareau or Martina Navratilova?",Martina Navratilova,comparison,medium,"{'title': array(['Sébastien Lareau', 'Martina Navratilova'], dtype=object), 'sent_id': array([0, 0], dtype=int32)}","{'title': array(['Unmatched', 'Sébastien Lareau', 'Martina Navratilova',
       'Gisela Dulko', 'Maria Fernanda Alves', 'Judy Nelson',
       '2001 Canada Masters – Doubles', 'Meredith McGrath',
       ""2000 du Maurier Open – Men's Doubles"", 'Roy Emerson'],
      dtype=object), 'sentences': array([array(['Unmatched is a documentary about tennis players Martina Navratilova and Chris Evert, their decades-long on-court rivalry and lifelong friendship, created for ESPN\'s ""30 for 30"" documentary series.',
              ' Evert and Navratilova met in 80 matches, 60 finals and 14 grand slam finals with Navratilova sporting a 43-37 advantage.'],
             dtype=object)                                                                                                                                                                                            ,
       array(['Sébastien Lareau (born April 27, 1973 in Montreal, Quebec) is a retired professional tennis player.',
              "" He became the first Canadian to win a Grand Slam title by winning the 1999 U.S. Open Men's Doubles with his American partner Alex O'Brien.""],
             dtype=object)                                                                                                                                   ,
       array(['Martina Navratilova (Czech: ""Martina Navrátilová"" ] ; born Martina Šubertová ] ; October 18, 1956) is a former Czechoslovak and later American tennis player and coach.',
              ' In 2005, ""Tennis"" magazine selected her as the greatest female tennis player for the years 1965 through 2005 and she is considered one of the best, if not the best, female tennis players of all time.'],
             dtype=object)                                                                                                                                                                                                ,
       array(['Gisela Dulko (] ; born 30 January 1985, in Tigre) is a retired professional tennis player from Argentina.',
              ' Although she enjoyed modest success in singles, reaching world no. 26 and winning four WTA Tour titles, her speciality was doubles, where she achieved a world no. 1 ranking.',
              ' Partnering with Flavia Pennetta, Dulko won the 2010 WTA Tour Championships and the 2011 Australian Open in doubles.',
              ' Dulko also reached the mixed doubles final at the 2011 US Open, with Edward Schwank.',
              ' She is remembered for her ability to upset the big names on the tour, such as Maria Sharapova in the second round of Wimbledon in 2009; and Samantha Stosur in the third round of Roland Garros in 2011.',
              "" She also beat Martina Navratilova in the second round of Wimbledon in 2004 in Navratilova's final Grand Slam singles match.""],
             dtype=object)                                                                                                                                                                                                ,
       array(['Maria Fernanda Barbato Alves (born 17 April 1983), also known as Nanda Alves, is a Brazilian tennis player.',
              ' She is currently coached by her father Carlos and former tennis player Thomaz Koch.',
              ' As of 1 March 2010, Alves is ranked World No. 262, and is the highest ranked Brazilian player.',
              ' She has enjoyed success at the ITF Circuit, winning 18 singles and 26 doubles titles so far.',
              ' Alves made her WTA Tour debut at Copa Colsanitas in 2004, and has played qualifications for all four Grand Slam events.',
              ' Partnering with Vanessa Henke, Alves took part in the 2005 Australian Open doubles event, but they lost to Daniela Hantuchová and Martina Navratilova in the first round.'],
             dtype=object)                                                                                                                                                                  ,
       array([""Judy Hill Nelson is an American author best known for her 1983–1991 romance (while married) with and eventual palimony suit against women's tennis star Martina Navratilova."",
              ' After their break-up, Nelson was the author of the books ""Love Match: Nelson vs. Navratilova"", chronicling her relationship with the tennis star, and ""Choices: My Journey After Leaving My Husband for Martina and a Lesbian Life"", chronicling her coming out as a lesbian in the mid-1980s.',
              ' She is the mother of two sons.'], dtype=object)                                                                                                                                                                                                                                                 ,
       array([""The 2001 Canada Masters – Doubles was the men's doubles event of the one hundred and twelfth edition of the Canada Masters; a WTA Tier I tournament and the most prestigious men's tennis tournament held in Canada."",
              ' Sébastien Lareau and Daniel Nestor were the defending champions but they competed with different partners that year, Lareau with Justin Gimelstob and Nestor with Sandon Stolle.',
              ' Gimelstob and Lareau lost in the first round to Mark Knowles and Brian MacPhie, as did Nestor and Stolle to Jan-Michael Gambill and Simon Larose.',
              ' Jiří Novák and David Rikl won in the final 6–4, 3–6, 6–3 against Donald Johnson and Jared Palmer.'],
             dtype=object)                                                                                                                                                                                                           ,
       array(['Meredith McGrath (born April 28, 1971) is a former professional tennis player.',
              "" She was born in Midland, Michigan, USA and made her debut on the Women's Tennis Association tour in 1988."",
              ' In her eight-year professional career Meredith achieved career-high world rankings of #18 in singles and #4 in doubles.',
              ' She notched victories over such players as Martina Navratilova, Martina Hingis, Anna Kournikova, Jana Novotna, Arantxa Sanchez Vicario, and Gigi Fernandez.',
              ' The pinnacle of her career came in reaching the singles semi-finals and doubles finals at the 1996 Wimbledon Championships.',
              ' In the singles she defeated Mana Endo, Amanda Coetzer, Nancy Feber, Katarína Studeníková and Mary Joe Fernandez before losing to Arantxa Sánchez Vicario.',
              ' An injury the week prior to the 1996 Wimbledon Championships eventually ended her career.',
              ' Meredith won the 1995 U.S. Open Mixed Doubles Championship (she was runner-up in 1989) and was the runner-up in the 1994 Australian Open Doubles Championship.',
              ' Meredith won three WTA singles titles: Oklahoma City and Eastbourne in 1994 and Birmingham in 1996, 25 doubles titles.',
              ' She retired with a 140–83 record in singles and a 189–40 record in doubles.',
              ' Meredith was recognized by Tennis Magazine as the WTA Comeback Player of the Year as she overcame near career-ending injuries to having her most successful competitive season in 1996.',
              ' In 1994 she received the WTA Tour Comeback Player of the Year.'],
             dtype=object)                                                                                                                                                                               ,
       array([""The 2000 du Maurier Open – Men's Doubles was the men's doubles event of the one hundred and eleventh edition of the Canadian Open; a WTA Tier I tournament and the most prestigious men's tennis tournament held in Canada."",
              ' Jonas Björkman and Patrick Rafter were the defending champions, but Rafter chose not to participate, and only Bjorkman competed that year.',
              ' Bjorkman partnered with Max Mirnyi, but lost in the semifinals to Joshua Eagle and Andrew Florent.',
              ' Sébastien Lareau and Daniel Nestor won in the final 6–3, 7–6(3), against Joshua Eagle and Andrew Florent.'],
             dtype=object)                                                                                                                                                                                                                  ,
       array([""Roy Stanley Emerson (born 3 November 1936) is an Australian former World number one tennis player who won 12 Major singles titles and 16 Grand Slam tournament men's doubles titles."",
              ' He is the only male player to have completed a Career Grand Slam (winning titles at all four Grand Slam events) in both singles and doubles.',
              ' His 28 major titles are an all-time record for a male amateur player.',
              ' Emerson is the first male player to win each amateur major title at least twice in his career.',
              ' He is one of only eight men to win all four majors in his career.',
              ' He was the first male player to win 12 majors.',
              ' Along with Novak Djokovic, he is one of only two male players to win six Australian Championships.',
              ' He won five of them consecutively (1963–67).',
              ' His 12 wins have since been surpassed.',
              ' Emerson is one of only five tennis players all-time to win multiple slam sets in two disciplines, only matched by Margaret Court, Martina Navratilova, Frank Sedgman and Serena Williams.'],
             dtype=object)                                                                                                                                                                                  ],
      dtype=object)}"
5ae126aa55429901ffe4adc8,What music does Adam Stemple play that evolved out of folk music traditions of Celtic people of Western Europe?,Celtic music,bridge,medium,"{'title': array(['Adam Stemple', 'Celtic music'], dtype=object), 'sent_id': array([0, 0], dtype=int32)}","{'title': array(['List of South American folk music traditions', 'Celtic music',
       'List of European folk music traditions',
       'Middle-Eastern and North African music traditions',
       'List of Central American folk music traditions', 'Antler Dance',
       'List of North American folk music traditions',
       'List of Asian folk music traditions', 'Adam Stemple',
       'List of Caribbean folk music traditions'], dtype=object), 'sentences': array([array(['This is a list of folk music traditions, with styles, dances, instruments and other related topics.',
              ' The term ""folk music"" can not be easily defined in a precise manner; it is used with widely varying definitions depending on the author, intended audience and context within a work.',
              ' Similarly, the term ""traditions"" in this context does not connote any strictly-defined criteria.',
              ' Music scholars, journalists, audiences, record industry individuals, politicians, nationalists and demagogues may often have occasion to address which fields of folk music are distinct traditions based along racial, geographic, linguistic, religious, tribal or ethnic lines, and all such peoples will likely use different criteria to decide what constitutes a ""folk music tradition"".',
              ' This list uses the same general categories used by mainstream, primarily English-language, scholarly sources, as determined by relevant statements of fact and the internal structure of works.'],
             dtype=object)                                                                                                                                                                                                                                                                                                                                                                                       ,
       array(['Celtic music is a broad grouping of music genres that evolved out of the folk music traditions of the Celtic people of Western Europe.',
              ' It refers to both orally-transmitted traditional music and recorded music and the styles vary considerably to include everything from ""trad"" (traditional) music to a wide range of hybrids.'],
             dtype=object)                                                                                                                                                                                     ,
       array(['This is a list of folk music traditions, with styles, dances, instruments and other related topics.',
              ' The term ""folk music"" can not be easily defined in a precise manner; it is used with widely varying definitions depending on the author, intended audience and context within a work.',
              ' Similarly, the term ""traditions"" in this context does not connote any strictly-defined criteria.',
              ' Music scholars, journalists, audiences, record industry individuals, politicians, nationalists and demagogues may often have occasion to address which fields of folk music areto a distinct group of people and with characteristics undiluted by contact with the music of other peoples; thus, the folk music traditions described herein overlap in varying degrees with each other.'],
             dtype=object)                                                                                                                                                                                                                                                                                                                                                                                 ,
       array(['This is a list of folk music traditions, with styles, dances, instruments, and other related topics.',
              ' The term ""folk music"" cannot be easily defined in a precise manner.',
              ' It is used with widely varying definitions depending on the author, intended audience and context within a work.',
              ' Similarly, the term ""traditions"" in this context does not connote any strictly-defined criteria.',
              ' Music scholars, journalists, audiences, record industry individuals, politicians, nationalists, and demagogues may often have occasion to address which fields of folk music are distinct traditions based along racial, geographic, linguistic, religious, tribal, or ethnic lines, and all such peoples will likely use different criteria to decide what constitutes a ""folk music tradition"".',
              ' This list uses the same general categories used by mainstream, primarily English-language, scholarly sources, as determined by relevant statements of fact and the internal structure of works.'],
             dtype=object)                                                                                                                                                                                                                                                                                                                                                                                         ,
       array(['This is a list of folk music traditions, with styles, dances, instruments and other related topics.',
              ' The term ""folk music"" can not be easily defined in a precise manner; it is used with widely varying definitions depending on the author, intended audience and context within a work.',
              ' Similarly, the term ""traditions"" in this context does not connote any strictly-defined criteria.',
              ' Music scholars, journalists, audiences, record industry individuals, politicians, nationalists and demagogues may often have occasion to address which fields of folk music are distinct traditions based along racial, geographic, linguistic, religious, tribal or ethnic lines, and all such peoples will likely use different criteria to decide what constitutes a ""folk music tradition"".',
              ' This list uses the same general categories used by mainstream, primarily English-language, scholarly sources, as determined by relevant statements of fact and the internal structure of works.'],
             dtype=object)                                                                                                                                                                                                                                                                                                                                                                                       ,
       array(['Antler Dance is the fourth album by Minneapolis Celtic rock band Boiled in Lead.',
              "" It was the band's first recording with vocalist/guitarist Adam Stemple, who replaced Todd Menton after his departure in 1992."",
              "" Founding bassist Drew Miller has called this personnel change the most significant shift in the band's history."",
              ' Fiddler Josef Kessler also replaced the departed David Stenshoel.',
              "" Stemple's addition to the band led to a heavier, more heavy metal-influenced sound, as well as a strengthening of the band's ties to the science fiction and fantasy community."",
              ' Two songs on ""Antler Dance"" were co-written by fantasy novelist and Stemple\'s Cats Laughing bandmate Steven Brust, and ""Robin\'s Complaint"" was written by Stemple\'s mother, novelist Jane Yolen.',
              ' The album also includes covers of Boney M.\'s ""Rasputin"" and Bruce Springsteen\'s ""State Trooper"", originally from his album ""Nebraska"".'],
             dtype=object)                                                                                                                                                                                           ,
       array(['This is a list of folk music traditions, with styles, dances, instruments and other related topics.',
              ' The term ""folk music"" can not be easily defined in a precise manner; it is used with widely varying definitions depending on the author, intended audience and context within a work.',
              ' Similarly, the term ""traditions"" in this context does not connote any strictly-defined criteria.',
              ' Music scholars, journalists, audiences, record industry individuals, politicians, nationalists and demagogues may often have occasion to address which fields of folk music are distinct traditions based along racial, geographic, linguistic, religious, tribal or ethnic lines, and all such peoples will likely use different criteria to decide what constitutes a ""folk music tradition"".',
              ' This list uses the same general categories used by mainstream, primarily English-language, scholarly sources, as determined by relevant statements of fact and the internal structure of works.'],
             dtype=object)                                                                                                                                                                                                                                                                                                                                                                                       ,
       array(['This is a list of folk music traditions, with styles, dances, instruments and other related topics.',
              ' The term ""folk music"" can not be easily defined in a precise manner; it is used with widely varying definitions depending on the author, intended audience and context within a work.',
              ' Similarly, the term ""traditions"" in this context does not connote any strictly-defined criteria.',
              ' Music scholars, journalists, audiences, record industry individuals, politicians, nationalists and demagogues may often have occasion to address which fields of folk music are distinct traditions based along racial, geographic, linguistic, religious, tribal or ethnic lines, and all such peoples will likely use different criteria to decide what constitutes a ""folk music tradition"".',
              ' This list uses the same general categories used by mainstream, primarily English-language, scholarly sources, as determined by relevant statements of fact and the internal structure of works.'],
             dtype=object)                                                                                                                                                                                                                                                                                                                                                                                       ,
       array(['Adam Stemple is a Celtic-influenced American folk rock musician, based in Minneapolis, Minnesota.',
              ' He is also the author of several fantasy short stories and novels, including two series of novels co-written with his mother, writer Jane Yolen.'],
             dtype=object)                                                                                                                                         ,
       array(['This is a list of folk music traditions, with styles, dances, instruments and other related topics.',
              ' The term ""folk music"" can not be easily defined in a precise manner; it is used with widely varying definitions depending on the author, intended audience and context within a work.',
              ' Similarly, the term ""traditions"" in this context does not connote any strictly-defined criteria.',
              ' Music scholars, journalists, audiences, record industry individuals, politicians, nationalists and demagogues may often have occasion to address which fields of folk music are distinct traditions based along racial, geographic, linguistic, religious, tribal or ethnic lines, and all such peoples will likely use different criteria to decide what constitutes a ""folk music tradition"".',
              ' This list uses the same general categories used by mainstream, primarily English-language, scholarly sources, as determined by relevant statements of fact and the internal structure of works.',
              ' It contains reggae sauce'], dtype=object)                                                                                                                                                                                                                                                                                                                                                        ],
      dtype=object)}"
5a8e39be5542995085b373f4,On what date was the Precision Medicine Initiative announced?,"January 20, 2015",bridge,hard,"{'title': array(['Precision Medicine Initiative', 'Precision Medicine Initiative',
       '2015 State of the Union Address'], dtype=object), 'sent_id': array([0, 2, 0], dtype=int32)}","{'title': array(['International Precision Medicine Center',
       '2015 State of the Union Address', 'Precision Medicine Initiative',
       'Rui L. Reis', 'BRAIN Initiative', 'Kathy Giusti',
       'Yves A. Lussier', 'Personalized medicine', 'Precision medicine',
       'PrecisionFDA'], dtype=object), 'sentences': array([array(['The International Precision Medicine Center (IPMC) - ) is the world’s first Precision Medicine Center focused on Cell Therapy that is situated in a global bio-service multi complex community in South Korea.',
              ' It is founded in March 2016 by Young Woo Jang, who is now a CEO of IPMC, and Dr. Robert Hriri, the world’s renowned pioneer of the use of human stem cells to treat a range of life-threatening diseases.'],
             dtype=object)                                                                                                                                                                                                     ,
       array(['The 2015 State of the Union Address was given by the 44th United States President, Barack Obama, on Tuesday, January 20, 2015, in the chamber of the United States House of Representatives.',
              "" Following recent tradition, Speaker of the House John Boehner sent a letter on December 19, 2014, formally inviting President Obama to speak (despite a proposal from some conservatives that House Republicans withhold the invitation in retaliation for Obama's executive actions on immigration reform)."",
              ' It was addressed to the 114th United States Congress.',
              ' The State of the Union Address was broadcast on various television and radio stations and webcast from the White House.',
              ' Webcasts were also provided by other sponsors, including a webcast from the U.S. Republican Party.'],
             dtype=object)                                                                                                                                                                                                                                                                                                    ,
       array(['The Precision Medicine Initiative is a research project created by Barack Obama in 2015 with $215 million in funding that aims to make advances in tailoring medical care to the individual.',
              ' The project aims to collect genetic and health data from one million subjects.',
              ' The initiative was announced during the 2015 State of the Union Address and is advised by Verily Life Sciences.'],
             dtype=object)                                                                                                                                                                                   ,
       array(['Rui Luís Reis is a Portuguese scientist known for his research in tissue engineering, regenerative medicine, biomaterials, biomimetics, stem cells, and biodegradable polymers.',
              ' Reis is Professor of tissue engineering, regenerative medicine and stem cells at the Department of Polymer Engineering, School of Engineering of the University of Minho.',
              "" He is the Director of the 3B's Research Group, which specializes in the areas of regenerative Medicine, tissue engineering, stem cells and biomaterials."",
              ' He is also the Director of the ICVS/3B´s Associate Laboratory of UMinho.',
              ' He is also the CEO of the European Institute of Excellence on Tissue Engineering and Regenerative Medicine.',
              ' Rui L. Reis is also, since 2013, the Vice-Rector (Vice-President) for research of UMinho.',
              ' Since 2007 he is also editor-in-chief of the ""Journal of Tissue Engineering and Regenerative Medicine"".',
              ' He is since 2016 and until 2018 the Global (World) President of the Tissue Engineering and Regenerative Medicine International Society (TERMIS).',
              ' He is the responsible and PI of the EU funded project for the creation of the new center of Excelence, with headquarters in AvePark in Caldas das Taipas - Guimarães, the Discoveries Center for Regenerative and Precision Medicine in a Teaming process between University of Minho, University College London, University of Porto, University of Aveiro, University of Lisbon, University NOVA Lisbon.'],
             dtype=object)                                                                                                                                                                                                                                                                                                                                                                                                   ,
       array(['The White House BRAIN Initiative (Brain Research through Advancing Innovative Neurotechnologies), is a collaborative, public-private research initiative announced by the Obama administration on April 2, 2013, with the goal of supporting the development and application of innovative technologies that can create a dynamic understanding of brain function.',
              ' This activity is a Grand Challenge focused on revolutionizing our understanding of the human brain, and was developed by the White House Office of Science and Technology Policy (OSTP) as part of a broader White House Neuroscience Initiative.',
              "" Inspired by the Human Genome Project, BRAIN aims to help researchers uncover the mysteries of brain disorders, such as Alzheimer's and Parkinson's diseases, depression, and traumatic brain injury (TBI).""],
             dtype=object)                                                                                                                                                                                                                                                                                                                                                         ,
       array(['Kathy Giusti (born 1958) is the Founder of the Multiple Myeloma Research Foundation; she now serves as a member of its Board of Directors.',
              ' Giusti is the Henry & Allison McCance Family Senior Fellow at Harvard Business School, where she serves as Faculty Co-Chair of HBS Kraft Precision Medicine Accelerator.',
              ' She is recognized as a pioneer of precision medicine, a champion of open-access data sharing, and a strong advocate for patient engagement in their treatment and care and as part of the research process.'],
             dtype=object)                                                                                                                                                                                                    ,
       array(['Yves A. Lussier, M.D., Professional Engineer, is a physician-scientist conducting research in Precision medicine, Translational bioinformatics and Personal Genomics.',
              ' As a co-founder of Purkinje, he pioneered the commercial use of controlled medical vocabulary organized as directed semantic networks in electronic medical records (1st clinical ontology available commercially), as well as Pen computing for clinicians.',
              ' He was invited to the White House Precision Medicine Initiative summit.'],
             dtype=object)                                                                                                                                                                                                                                                    ,
       array(['Personalized medicine, also termed precision medicine, is a medical procedure that separates patients into different groups—with medical decisions, practices, interventions and/or products being tailored to the individual patient based on their predicted response or risk of disease.',
              ' The terms personalized medicine, precision medicine, stratified medicine and P4 medicine are used interchangeably to describe this concept though some authors and organisations use these expressions separately to indicate particular nuances.'],
             dtype=object)                                                                                                                                                                                                                                                                                  ,
       array(['Precision medicine (PM) is a medical model that proposes the customization of healthcare, with medical decisions, practices, or products being tailored to the individual patient.',
              ' In this model, diagnostic testing is often employed for selecting appropriate and optimal therapies based on the context of a patient’s genetic content or other molecular or cellular analysis.',
              ' Tools employed in precision medicine can include molecular diagnostics, imaging, and analytics.'],
             dtype=object)                                                                                                                                                                                        ,
       array(['PrecisionFDA (stylized precisionFDA) is a cloud-based next-generation DNA sequencing (NGS) data platform developed by the United States Food and Drug Administration (FDA).',
              "" It was designed as part of President Barack Obama's Precision Medicine Initiative in 2015."",
              ' The platform allows researchers to upload and compare data against reference genomes, bioinformatics pipelines, and genomic data.',
              ' Users may also use the service to verify their genetic tests against reference genomes.',
              "" The platform's code is open source and available on GitHub.""],
             dtype=object)                                                                                                                                                                  ],
      dtype=object)}"
5ae57fb0554299546bf82ee9,What Indian musician is the father of Brij Narayan and popularised the bowed instrument sarangi as a solo concert instrument?,Ram Narayan,bridge,medium,"{'title': array(['Brij Narayan', 'Ram Narayan'], dtype=object), 'sent_id': array([1, 0], dtype=int32)}","{'title': array(['Ram Narayan', 'Sakharam Rao', 'Brij Narayan Chakbast', 'Cello',
       'Jap fiddle', 'Suroz', 'Daya Shankar Kaul Nasim',
       'Zia Mohiuddin Dagar', 'Dhantara', 'Brij Narayan'], dtype=object), 'sentences': array([array(['Ram Narayan (Hindi: राम नारायण ; IAST: Rām Nārāyaṇ , ] ; born 25 December 1927), often referred to with the title Pandit, is an Indian musician who popularised the bowed instrument sarangi as a solo concert instrument in Hindustani classical music and became the first internationally successful sarangi player.'],
             dtype=object)                                                                                                                                                                                                                                                                                                               ,
       array(['Sakha Rama Rao (Sakharam Rao) is an Indian musician credited with having re-introduced the south Indian chitravina (or ""gotuvadyam"") to the concert scene.',
              ' However, it was his father, Srinivasa Rao, who made the pioneering effort towards the reincarnation of the chitravina in modern times.',
              ' He was an ardent music lover and an amateur artiste himself.',
              ' He started experimenting with a slide on the tanpura (a four-stringed instrument, usually used as a reference drone in Indian music).',
              ' Sakha Rama Rao was drawn to this instrument since childhood.',
              ' He was able to perceive its tremendous potential to produce high-class music.',
              ' He re-designed this instrument as a fretless veena with its usual set of seven strings - four strings on the top and three in the side for drone and rhythm.',
              ' He put in arduous practice on this instrument and gave occasional performances.',
              ' Since he was not aware of the history of the instrument, he gave it a new name - gotuvadyam.',
              "" This is because, he used to casually refer to the slide as 'gotu'."",
              "" 'Vadyam', in Sanskrit and many other Indian languages, means instrument."",
              "" Thus, 'gotuvadyam' was a literal name for an instrument played with a slide."",
              ' Several decades later, Ravikiran, along with a few other scholars, studied about the origins of the instrument and eventually restored the more traditional name, chitravina.',
              ' Sakha Rama Rao was a ""musicians\' musician"" and trained many great artists like Gotuvadyam Narayana Iyengar and Semmangudi Srinivasa Iyer.',
              ' Soon there were several others who started performing on the chitravina (gotuvadyam).'],
             dtype=object)                                                                                                                                                                     ,
       array(['Brij Narayan Chakbast, also spelled, Brij Narain Chakbast, (Kashmiri: बृज नारायण चकबस्त , Urdu: برج نارائن چکبست\u200e ) was an Urdu poet.'],
             dtype=object)                                                                                                                                  ,
       array(['The cello ( ; plural cellos or celli) or violoncello ( ; ] ) is a bowed, and sometimes plucked, string instrument with four strings tuned in perfect fifths.',
              ' The strings from low to high are generally tuned to C, G, D and A, an octave lower than the viola.',
              ' It is the bass member of the violin family of musical instruments, which also includes the violin, viola and the double bass.',
              ' The cello is used as a solo musical instrument, as well as in chamber music ensembles (e.g., string quartet), string orchestras, as a member of the string section of symphony orchestras, and some types of rock bands.',
              ' It is the second-largest and second lowest (in pitch) bowed string instrument in the modern symphony orchestra, the double bass being the largest and having the lowest (deepest) pitch.'],
             dtype=object)                                                                                                                                                                                                                ,
       array(['The Jap fiddle or Japanese fiddle was a one-stringed bowed instrument used by street performers, music hall performers, and vaudevillians around the start of the 20th century, particularly in the United Kingdom and United States.',
              ' The instrument was particularly associated with Cockney blackface performer G. H. Chirgwin.',
              ' A variant was later produced with a vibrating membrane and horn for amplification, as a one-stringed phonofiddle.'],
             dtype=object)                                                                                                                                                                                                                            ,
       array(['The suroz is a bowed string instrument with a long neck, similar to a fiddle or sarangi and played vertically.',
              ' It is considered the national instrument of the Baloch people of Iran, Afghanistan, and Pakistan.'],
             dtype=object)                                                                                                     ,
       array(['Daya Shankar Kaul Nasim (Kashmiri: दया शंकर कौल नसीम , Urdu: دیا شنکر کول نسیم\u200e ) was a Urdu poet of the 19th century who is best known for his epic ""Gul Bakawali"".',
              ' He was defended by Brij Narayan Chakbast when it was suggested that he was not the author of this book.',
              ' The poet lived from 1811–1845.'], dtype=object)                                                                                                                           ,
       array(['Zia Mohiuddin Dagar (14 March 1929 – 28 September 1990), popularly known as Z. M. Dagar, was a North Indian (Hindustani) classical musician, one of the 19th generation of Dagar family dhrupad musicians.',
              ' He was largely responsible for the revival of the rudra vina as a solo concert instrument.'],
             dtype=object)                                                                                                                                                                                                 ,
       array(['The dhantara (or dhanotu) is a bowed string instrument found in Himachal Pradesh state of India.',
              ' The instrument is similar to the classical sarangi, but is more primitive, having only three melody strings and no ""tarab"" (sympathetic strings).',
              ' The instrument is popular among the Gaddi people of that state, and often decorated with flowers.'],
             dtype=object)                                                                                                                                         ,
       array(['Brij Narayan (Hindi: बृज नारायण ; IAST: Bṛj Nārāyaṇ ) (born 25 April 1952) is an Indian classical musician who plays the string instrument ""sarod"".',
              ' Narayan was born in the Indian state Rajasthan and began to study ""sarod"" from a young age under his father Ram Narayan and other teachers.',
              ' He won the All India Radio instrumentalist competition in 1967 and accompanied his father on a tour to Afghanistan in 1969.',
              ' Narayan graduated from the University of Mumbai in 1972 and has since worked on movies and toured Africa, Europe, and America.'],
             dtype=object)                                                                                                                                          ],
      dtype=object)}"
5abbcb1755429931dba14543,Castleberry Hill is located less than five miles from one of the University System of Georgia's four research universities that had a total student population of approximately how much in 2015?,"51,000",bridge,medium,"{'title': array(['Castleberry Hill', 'Georgia State University',
       'Georgia State University'], dtype=object), 'sent_id': array([4, 1, 2], dtype=int32)}","{'title': array(['University System of Georgia', 'Research university',
       'Castleberry Hill', 'Lackawanna Trail School District',
       'Tokyo International School',
       'List of Georgia State University people',
       'Georgia State University', ""Paschal's La Carousel"",
       'Liverpool John Moores University', 'Purdue Research Park'],
      dtype=object), 'sentences': array([array(['The University System of Georgia (USG) is the State of Georgia Government Agency that includes 28 public institutions of higher learning in the U.S. state of Georgia.',
              ' The System is governed by the Georgia Board of Regents.',
              ' It sets goals and dictates general policy to educational institutions as well as administering Public Library Service of the state which includes 58 public library systems.',
              "" The USG also dispenses public funds (allocated by the state's legislature) to the institutions but not the lottery-funded HOPE Scholarship."",
              ' The USG is the fifth largest university system in the United States by total student enrollment, with 318,027 students in 28 public institutions.',
              ' The four larger systems are the University System of Ohio, City University of New York, California State University, and the State University of New York.',
              ' USG institutions are divided into four categories depending on their mission statements.',
              ' The categories include research universities, state universities, state colleges and regional universities.'],
             dtype=object)                                                                                                                                                                    ,
       array(['A research university is a university that expects all its tenured and tenure-track faculty to continuously engage in research, as opposed to merely requiring it as a condition of an initial appointment or tenure.',
              ' Such universities can be recognized by their strong focus on innovative research and the prestige of their brand names.',
              ' On the one hand, research universities strive to recruit faculty who are the most brilliant minds in their disciplines in the world, and their students in theory enjoy the opportunity to learn from such experts.',
              ' On the other hand, new students are often disappointed to realize their undergraduate courses at research universities are overly academic and fail to provide vocational training with immediate ""real world"" applications; but many employers value degrees from research universities because they know that such coursework develops fundamental skills like critical thinking.'],
             dtype=object)                                                                                                                                                                                                                                                                                                                                                                            ,
       array(['Castleberry Hill is a neighborhood in Atlanta, Georgia, adjacent to and southwest of the Downtown Atlanta.',
              ' It is a federally recognized historic district since 1985 and became a City of Atlanta Landmark District in 2006.',
              ' Since 2000, the area has experienced an influx of residents and new businesses.',
              ' The area, which is made up predominantly of Walker, Nelson and Peters Streets is home to a growing number of small art galleries, restaurants, coffee shops, and loft residences.',
              ' Less than one mile from the Historically Black colleges and universities that make up the Atlanta University Center Consortium and less than five miles from the expansive downtown campus of Georgia State University, the area also offers pristine local shopping, grocery, such as Boxcar Grocer, and spa services, like iwi Fresh.',
              ' Other notable area eateries include No Mas!',
              ' Cantina, a spacious Mexican-themed restaurant, bar and fine home furnishings establishment, often used as a point of reference.',
              ' Castleberry Hill residents gather at local watering holes, such as Elliott Street Pub and Bottle Rocket.'],
             dtype=object)                                                                                                                                                                                                                                                                                                                               ,
       array(['The Lackawanna Trail School District is a public Pennsylvania school district.',
              ' It serves Nicholson Boro, Nicholson Township, Clinton Township and Factoryville borough in Wyoming County and Dalton borough, La Plume Township, Benton Township and West Abington Township in Lackawanna County.',
              ' The school district encompasses approximately 72.43 square miles and serves a resident population of 8,671.',
              ' The district has one (K-6) elementary school located on College Avenue, Factoryville and one (7-12) high school on Tunnel Hill Road, Factoryville.',
              ' As of the 2010 federal census, Lackawanna Trial School District has a total student population of 1,173.',
              ' Elementary school (623 with a student/teacher ratio of 13.26), high school (550 with a student/teacher ratio of 11.70).'],
             dtype=object)                                                                                                                                                                                                         ,
       array(['Tokyo International School was founded in 1997 in Tokyo, Japan by parents who wanted to provide an education for their children.',
              ' The school contains a pre-school, elementary and middle school with a total student population of approximately 350 students from 55 countries.',
              ' The 43 full-time faculty members come from 10 different countries.',
              ' Instruction is in English and the school follows the International Baccalaureate Organization curriculum guidelines.',
              ' It is accredited by New England Association of Schools and Colleges and the Council of International Schools.',
              "" TIS is also a Columbia University Readers and Writers 'Project' school."",
              ' This means it received regular visits on an annual basis from teacher trainers from Columbia University.',
              ' Admission guidelines are designed to ensure each class has no more than 16 students.',
              ' Located in the Minami Azabu area of central Tokyo, it is one of the few internationally accredited international schools in the center of the city.',
              "" The TIS Mission is to 'To nurture confident, open-minded, independently thinking, and well-balanced inquirers for global responsibility'.""],
             dtype=object)                                                                                                                                           ,
       array(['This is a list of Georgia State University people.',
              ' Georgia State University is an urban research university in downtown Atlanta, Georgia, United States.',
              "" Founded in 1913, it serves a diverse population of approximately 32,000 students, and is one of the University System of Georgia's four research universities."",
              ' The current university president is Mark P. Becker.'],
             dtype=object)                                                                                                                                                      ,
       array(['Georgia State University (commonly referred to as Georgia State, State, or GSU) is a public research university in downtown Atlanta, Georgia, United States.',
              "" Founded in 1913, it is one of the University System of Georgia's four research universities."",
              ' It is also the largest institution of higher education in the University System of Georgia, with a total student population of approximately 51,000, including 32,082 graduate and undergraduate students in the downtown campus as of 2015.'],
             dtype=object)                                                                                                                                                                                                                                     ,
       array([""Paschal's La Carousel was a jazz club in Atlanta, Georgia."",
              ' Opened in 1960, it became known as Atlanta\'s ""jazz mecca"" as it featured top-name artists such as Aretha Franklin, Dizzy Gillespie, Gladys Knight, and Jimmy Smith.',
              ' It was the only nightclub in Atlanta open to blacks in the then-segregated city.',
              ' At the same time, an estimated 60 percent of its clientele were white, and the club also showed tolerance toward homosexuals.',
              "" The club was owned by brothers Robert and James Paschal, who also ran the Paschal's Restaurant next door and, in 1967, a 125-room motor hotel which they added to the premises."",
              ' The restaurant, lounge, and motel closed in 1996 and were sold to Clark Atlanta University for use as a student dormitory and conference centre.',
              "" An event space resembling the original La Carousel lounge was installed at Paschal's at Castleberry Hill, which opened in 2002.""],
             dtype=object)                                                                                                                                                                       ,
       array(['Liverpool John Moores University (""brevis:"" LJMU) is a public research university in the city of Liverpool, England.',
              ' It has 21,875 students, of which 18,375 are undergraduate students and 3,500 are postgraduate, making it the 33rd largest university in the UK by total student population.'],
             dtype=object)                                                                                                                                                                    ,
       array(['The Purdue Research Parks are a network of four research parks located in Indiana, United States.',
              "" The 725 acre flagship West Lafayette park is located less than 2 mi north of Purdue University's West Lafayette campus, and is the largest university-affiliated research park in the United States."",
              ' The other facilities are located in Merrillville, Indianapolis, and New Albany.',
              ' The parks were developed by the Purdue Research Foundation.'],
             dtype=object)                                                                                                                                                                                            ],
      dtype=object)}"
5a74f9cd5542993748c8976e,Hans Albert Einstein had a close personal connection to what Serbian physicist born in 1875?,Mileva Marić,bridge,medium,"{'title': array(['Hans Albert Einstein', 'Mileva Marić'], dtype=object), 'sent_id': array([0, 0], dtype=int32)}","{'title': array(['Albert Einstein Square', 'Bernhard Caesar Einstein',
       'Helen Dukas', 'Hans Albert Einstein', 'Albert Einstein Award',
       'Albert Einstein Peace Prize', 'Albert Einstein ATV',
       'Mileva Marić', 'Ilse Rosenthal-Schneider', 'Evelyn Einstein'],
      dtype=object), 'sentences': array([array(['Albert Einstein Square (Kikar Albert Einstein) is a public square in Jerusalem, Israel, named for the physicist Albert Einstein.',
              ' It is located in the Kiryat Shmuel neighborhood, on the grounds of the Council for Higher Education in Israel, Israel Academy of Sciences and Humanities, and Van Leer Jerusalem Institute.'],
             dtype=object)                                                                                                                                                                                    ,
       array(['Bernard Caesar Einstein (10 July 1930 – 30 September 2008) was a German-born Swiss-American physicist, the son of Hans Albert Einstein.',
              ' Of the three known biological grandchildren of Albert Einstein, all sons of Hans, he was the only one to survive childhood.'],
             dtype=object)                                                                                                                              ,
       array([""Helen Dukas (17 October 1896 – 10 February 1982) was Albert Einstein's secretary."",
              ' She also co-authored """" and co-edited ""Albert Einstein: The Human Side"" with Dr. Banesh Hoffmann.',
              ' Dukas was one of two trustees chosen by Einstein, according to his Last Will and Testament, to hold the literary rights to all of his manuscripts, copyrights, publication rights, royalties, and royalty agreements.',
              ' The other trustee was the economist Dr. Otto Nathan.',
              ' In short, Dukas and Dr. Nathan were the ""executors of his literary heritage.""',
              ' They collaborated on the compilation of ""The Collected Papers of Albert Einstein,"" using documents that were subsequently donated to the Hebrew University of Jerusalem.'],
             dtype=object)                                                                                                                                                                                                             ,
       array(['Hans Albert Einstein ( ; May 14, 1904 – July 26, 1973) was a Swiss-American engineer and educator, the second child and first son of Albert Einstein and Mileva Marić.',
              ' Hans A. Einstein was a professor of Hydraulic Engineering at the University of California, Berkeley, and was recognized for his research on sediment transport.',
              ' His papers are held at the Water Resources Collections and Archives in the University of California, Riverside Libraries and in the University of Iowa Libraries Special Collections and Archives.'],
             dtype=object)                                                                                                                                                                                           ,
       array(['This award should not be confused with many others named after the famous physicist, such as the Albert Einstein World Award of Science given by the World Cultural Council (since 1984), the Albert Einstein Medal given by the Albert Einstein Society (since 1979), nor with the Hans Albert Einstein Award, named after his son and given by the American Society of Civil Engineers (since 1988).',
              ' It was established much earlier than these, when Einstein was still alive and was a professor at the Institute for Advanced Study.',
              ' It has been called ""the highest of its kind in the United States"" by ""The New York Times"".',
              ' Some considered it as ""the prestigious equivalent of a Nobel Prize"".'],
             dtype=object)                                                                                                                                                                                                                                                                                                                                                                                             ,
       array(['The Albert Einstein Peace Prize is/was a peace prize awarded annually since 1980 by the Albert Einstein Peace Prize Foundation.',
              ' The Foundation dates from 1979, the centenary of the birth of Albert Einstein, and evokes the Russell–Einstein Manifesto which urges nuclear disarmament.',
              "" It was established, with the sponsorship of the trustees of Einstein's estate, by William M. Swartz (1912–87) a wealthy businessman and the grandfather of activist Aaron Swartz."",
              ' William M. Swartz was involved in the Pugwash Conferences on Science and World Affairs and established the Foundation in part to support Pugwash.',
              ' Prize winners, mainly active in nuclear disarmament, receive(d) $50,000.'],
             dtype=object)                                                                                                                                                                         ,
       array(['The ""Albert Einstein"" ATV, or Automated Transfer Vehicle 004 (ATV-004), was a European unmanned cargo resupply spacecraft, named after the German-born physicist Albert Einstein.',
              "" It was built to supply the International Space Station (ISS) with propellant, water, air, and dry cargo, and also to reboost the station's altitude with its thrusters."",
              ' It was the fourth and penultimate ATV to be built, following the ""Edoardo Amaldi"", which was launched in March 2012.',
              ' ""Albert Einstein""<nowiki>\'</nowiki>s components were constructed in Turin, Italy, and Bremen, Germany, and underwent final assembly and testing in Bremen in 2012.',
              ' The spacecraft left Bremen for Kourou on 31 August 2012 to begin launch preparations.'],
             dtype=object)                                                                                                                                                                        ,
       array(['Mileva Marić (Serbian Cyrillic: Милева Марић; December 19, 1875 – August 4, 1948), sometimes called Mileva Marić-Einstein or Mileva Marić-Ajnštajn, was a Serbian physicist.',
              "" She was the only woman among Albert Einstein's fellow students at Zürich's Polytechnic and was the second woman to finish a full program of study at the Department of Mathematics and Physics."",
              ' Marić and Einstein were lovers and had a daughter Lieserl in 1902; she died in 1903 before their marriage later that year.',
              ' They later had two sons, Hans Albert and Eduard.'], dtype=object)                                                                                                                                ,
       array(['Ilse Rosenthal-Schneider (April 25, 1891 – February 6, 1990) was a German-Australian physicist and philosopher.',
              ' She is best known for her collaboration and correspondence with physicists Albert Einstein, Max von Laue, and Max Planck.',
              ' Rosenthal-Schneider earned a PhD in philosophy in 1920 at the University of Berlin, where she first met Albert Einstein.',
              ' After leaving Nazi Germany and emigrating to Australia in 1938, she became a tutor in the German department at the University of Sydney in 1945 and taught history and philosophy of science.',
              ' In the 1940s and 1950s, she exchanged a series of letters with Albert Einstein about philosophical aspects of physics, such as theory of relativity, fundamental constants and physical reality.',
              ' She remained in contact with Einstein through correspondence until the death of Einstein in 1955.'],
             dtype=object)                                                                                                                                                                                        ,
       array(['Evelyn Einstein (28 March 1941 – 13 April 2011) was the adopted daughter of Hans Albert Einstein, the son of Albert Einstein.'],
             dtype=object)                                                                                                                     ],
      dtype=object)}"
5a75e5845542992db9473708,Which British Independent local radio station hosted Foxy and Tom?,Viking FM,bridge,medium,"{'title': array(['Foxy and Tom', 'Viking FM'], dtype=object), 'sent_id': array([0, 0], dtype=int32)}","{'title': array(['Forth 1', 'Radio City (Liverpool)',
       'Heart Dorset &amp; New Forest', 'Wrexham and Chester Gold',
       'Clyde 1', 'Foxy and Tom', 'Tay 2', 'Radio Wave 96.5', 'Viking FM',
       'Tay FM'], dtype=object), 'sentences': array([array([""Forth 1 is a British independent local radio station, broadcasting to Lothian and Fife, and based in Forth Street in Edinburgh's city centre."",
              ' The station broadcasts on 97.3 FM with relays covering West Lothian on 97.6 FM and Penicuik on 102.2 FM, as well as on DAB and online.',
              ' The station plays a variety of music, mainly Top 40, but older tunes are also inserted into the playlist.',
              "" Forth 1 is owned by Bauer Radio and operated by Radio Forth and forms part of Bauer's City 1 network of stations.""],
             dtype=object)                                                                                                                                    ,
       array(['Radio City (previously known as 96.7 City FM and 194 Radio City) is a British Independent Local Radio station, based in Liverpool, and serving Merseyside, Cheshire and North Wales.',
              "" The station is owned & operated by Bauer Radio and forms part of Bauer's City 1 network of stations.""],
             dtype=object)                                                                                                                                                                           ,
       array(['Heart Dorset (formerly 2CR - Two Counties Radio) was a British Independent Local Radio station, broadcast from studios at a former branch of MFI on Southcote Road in Bournemouth.',
              ' Its original name was derived from the fact that its broadcast area included parts of the counties of Dorset and Hampshire.',
              ' The station was merged with Heart Hampshire in July 2010 to form the regional station Heart South Coast.'],
             dtype=object)                                                                                                                                                                         ,
       array(['Gold North Wales and Cheshire (originally Marcher Gold and later Classic Gold Marcher) was a British independent local radio station broadcasting to Wrexham, Chester, Flintshire and some of the Wirral, and was part of the Gold radio network.',
              ' It is the ""sister"" station to local FM station, Marcher Sound, launched by Marcher Radio Group in 1989.',
              ' After a period of sales and takeovers which led to Gold being operated by a separate company to its FM sister station, both are now owned by Global Radio.',
              ' It is broadcast from Mold Road, Gwersyllt, Wrexham, although most programming comes from London.',
              ' Gold North Wales and Cheshire was replaced by Smooth Radio in March 2014.'],
             dtype=object)                                                                                                                                                                                                                                        ,
       array(['Clyde 1 is a British independent local radio station serving Glasgow and West Central Scotland.',
              ' The station, operated by Radio Clyde (part of Bauer Radio), broadcasts on 102.5 FM with relays covering Rothesay on 102.3 FM, the Firth of Clyde on 103.3 FM and the Vale of Leven on 97 FM, as well as on DAB and online.',
              "" Clyde 1 forms part of Bauer's City 1 network of stations.""],
             dtype=object)                                                                                                                                                                                                                  ,
       array(['John Fox (born 13 November 1979 in Hull) and Tom Rhys (born Thomas Rhys Bellwood on 1 June 1979 in Wanstead, London, England), better known as Foxy and Tom, were a British radio duo who presented radio shows for Viking FM and 2-Ten FM.'],
             dtype=object)                                                                                                                                                                                                                                   ,
       array(['Tay 2 is an Independent Local Radio station commercial local radio station serving Dundee, Perth and the general Tayside area in Scotland.',
              ' The station provides adult contemporary music and classic hits, with chat, competitions, local, national and international news and sport including local weather.'],
             dtype=object)                                                                                                                                                           ,
       array(['Radio Wave 96.5 is a British Independent Local Radio station that serves the Blackpool and Fylde coast areas of Lancashire, owned and operated by Wireless Group.',
              ' The station broadcasts from a specially-constructed transmitter aerial atop Blackpool Tower.',
              ' It was originally called Radio Wave and has also been known as The Wave 96.5.'],
             dtype=object)                                                                                                                                                        ,
       array(['Viking FM is a British Independent Local Radio station which has broadcast music and local information to the East Riding of Yorkshire, North Lincolnshire and North East Lincolnshire since 1984.',
              ' It is based in Kingston upon Hull.',
              "" The station is owned & operated by Bauer Radio and forms part of Bauer's City 1 network of stations.""],
             dtype=object)                                                                                                                                                                                         ,
       array(['Tay FM is an Independent Local Radio station commercial local radio station serving Dundee, Perth and the general Tayside area in Scotland.',
              ' The station is owned & operated by Bauer Radio and forms part of the Bauer City 1 network.',
              "" Tay FM's playlist consists of current chart music and classic hits from the last 20 years.""],
             dtype=object)                                                                                                                                  ],
      dtype=object)}"
5adc77c255429947ff17398a,"Which director is also an actor, Hampton Del Ruth or Ryan Murphy?",Hampton Del Ruth,comparison,hard,"{'title': array(['Hampton Del Ruth', 'Ryan Murphy (writer)'], dtype=object), 'sent_id': array([0, 0], dtype=int32)}","{'title': array(['Why Must I Die?', 'Glee (season 4)', 'Glee (season 2)',
       'Scream Queens (2015 TV series)', 'Girl Crazy (1929 film)',
       'The Alligator People', 'Hampton Del Ruth', 'Ryan Murphy (writer)',
       'List of Scream Queens (2015 TV series) episodes',
       'Glee (season 3)'], dtype=object), 'sentences': array([array(['Why Must I Die?',
              ' is a 1960 neo noir film directed by Roy Del Ruth, and starring Terry Moore and Debra Paget.',
              ' It was released by American International Pictures as a double feature with ""The Jailbreakers"".',
              "" This was director Roy Del Ruth's final film.""], dtype=object)                                    ,
       array(['The fourth season of the Fox musical comedy-drama television series ""Glee"" was commissioned on April 9, 2012.',
              ' It premiered on September 13, 2012 and is produced by 20th Century Fox Television, Ryan Murphy Television and Brad Falchuk Teley-Vision with executive producers Dante Di Loreto and series co-creators Ryan Murphy, Brad Falchuk and Ian Brennan.'],
             dtype=object)                                                                                                                                                                                                                                           ,
       array(['The second season of the musical comedy-drama television series ""Glee"" originally aired between September 21, 2010 and May 24, 2011 on Fox in the United States.',
              ' The 22-episode season was produced by 20th Century Fox Television and Ryan Murphy Television, with executive producers Dante Di Loreto and series co-creators Ryan Murphy and Brad Falchuk, with the other series co-creator, Ian Brennan, as co-executive producer.'],
             dtype=object)                                                                                                                                                                                                                                                             ,
       array(['Scream Queens is an American comedy horror television series that aired on Fox from September 22, 2015 to December 20, 2016.',
              ' The series was created by Ryan Murphy, Brad Falchuk, and Ian Brennan and produced by Murphy, Falchuk, Brennan, and Alexis Martin Woodall.',
              ' ""Scream Queens"" is produced by 20th Century Fox Television, Ryan Murphy Productions, Brad Falchuck Teley-vision, and Prospect Films.',
              ' The first season takes place at the fictional Wallace University, being produced in New Orleans, Louisiana.',
              "" One of the sororities, Kappa Kappa Tau, becomes plagued by a serial killer, who uses the university's Red Devil mascot as a disguise.""],
             dtype=object)                                                                                                                                 ,
       array(['Girl Crazy was a 1929 comedy film directed by Mack Sennett and starring Andy Clyde as ""a girl-crazy sexagenarian"".',
              "" The film's story is credited to Hampton Del Ruth, Alfred J. Goulding, Harry McCoy, Earle Rodney, and Mack Sennett.""],
             dtype=object)                                                                                                           ,
       array(['The Alligator People is a 1959 CinemaScope science fiction horror film directed by Roy Del Ruth.',
              ' It stars Beverly Garland, Bruce Bennett and Lon Chaney Jr. This film was the penultimate feature directed by Del Ruth and quite different than those of his days at Warner Bros.'],
             dtype=object)                                                                                                                                                                         ,
       array(['Hampton Del Ruth (September 7, 1879 – May 15, 1958) was an American film actor, director, screenwriter, and film producer.',
              ' Among other work, he wrote the intertitles for the final American studio-made silent film """" (1935).'],
             dtype=object)                                                                                                                 ,
       array(['Ryan Patrick Murphy (born November 30, 1965) is an American screenwriter, director and producer.',
              ' Murphy is best known for creating/co-creating/producing a number of successful television series, including the FX medical drama ""Nip/Tuck"" (2003–10), the Fox musical comedy-drama ""Glee"" (2009–15), and the FX anthology series ""American Horror Story"" (2011–present), ""American Crime Story"" (2016–present) and ""Feud"" (2017–present).',
              ' He is also known for directing the 2010 film adaptation of Elizabeth Gilbert\'s bestselling memoir ""Eat, Pray, Love"" and the 2014 HBO film adaptation of Larry Kramer\'s ""The Normal Heart"", which earned a Primetime Emmy Award for Outstanding Television Movie.'],
             dtype=object)                                                                                                                                                                                                                                                                                                                                  ,
       array(['""Scream Queens"" is an American comedy horror television series created for Fox by Ryan Murphy, Brad Falchuk and Ian Brennan and produced by Murphy, Falchuk, Brennan and Alexis Martin Woodall.',
              ' The series is produced by 20th Century Fox Television, Ryan Murphy Productions, Brad Falchuck Teley-vision and Prospect Films.',
              ' The series premiered on September 22, 2015.',
              ' The second season premiered on September 20, 2016.'],
             dtype=object)                                                                                                                                                                                      ,
       array(['The third season of the musical comedy-drama television series ""Glee"" was commissioned on May 23, 2010 by Fox while the first season aired.',
              ' It aired between September 20, 2011 and May 22, 2012, and was produced by 20th Century Fox Television and Ryan Murphy Television, with executive producers Dante Di Loreto and series co-creators Ryan Murphy, Brad Falchuk and Ian Brennan.'],
             dtype=object)                                                                                                                                                                                                                                     ],
      dtype=object)}"
5a8439015542992ef85e23b2,"Who is beter known for her solo career, Nell Sigland or Kristin Hersh?",Kristin Hersh,comparison,medium,"{'title': array(['Nell Sigland', 'Kristin Hersh', 'Kristin Hersh'], dtype=object), 'sent_id': array([0, 0, 1], dtype=int32)}","{'title': array(['Limbo (album)', 'Sky Motel', 'The Grotto (album)', 'Red Heaven',
       'Murder, Misery and Then Goodnight', 'Kristin Hersh',
       'Nell Sigland', 'In Shock', 'Hips and Makers',
       'Strange Angels (Kristin Hersh album)'], dtype=object), 'sentences': array([array(['Limbo is a 1996 album by the American alternative rock band Throwing Muses, released on Rykodisc.',
              ' The album was recorded at the same New Orleans studio the band recorded ""University"".',
              "" Following a tour for the album, Throwing Muses were dissolved, with Kristin Hersh continuing her solo career and David Narcizo and Bernard Georges working on several personal and music projects including Hersh's."",
              ' The album, engineered by Trina Shoemaker, also features cellist Martin McCarrick and Robert Rust on piano.'],
             dtype=object)                                                                                                                                                                                                            ,
       array([""Sky Motel is Kristin Hersh's fourth studio album."",
              ' Vocals and most of the music are performed by Kristin Hersh.',
              ' Drums on tracks 1, 5 & 7 are played by Carlo Nuccio who also provides a drum loop for track 8.',
              ' Drum loops for tracks 3 & 11 are provided by David Narcizo.'],
             dtype=object)                                                                                      ,
       array(['The Grotto is the sixth solo album released by Kristin Hersh.',
              ' It was released on 17 March 2003 on 4AD records, simultaneously with the Throwing Muses (2003) record.',
              ' It features Howe Gelb on piano and Andrew Bird on violin.',
              ' Kristin Hersh produced the album as well as playing all other instruments.',
              "" The album peaked at #39 on the US's Billboard Top Independent Albums Chart.""],
             dtype=object)                                                                                              ,
       array(['Red Heaven is a 1992 album by the American alternative rock band Throwing Muses, released on Sire/Warner Bros.',
              ' Records.',
              ' Recorded at The Power Station and Fort Apache Studios following the departure of Tanya Donelly and Fred Abong, ""Red Heaven"" was recorded by Kristin Hersh and drummer David Narcizo with help from former bassist Leslie Langston.',
              ' Former Hüsker Dü vocalist/guitarist Bob Mould took time off from his new band Sugar to record vocals for ""Dio"".',
              ' Initial copies of the album came with the otherwise unavailable Kristin Hersh solo acoustic album ""Live at Maxwell\'s Hoboken"".'],
             dtype=object)                                                                                                                                                                                                                          ,
       array([""Murder, Misery and Then Goodnight is Kristin Hersh's third solo album and quite a departure from her other solo recordings, in that it contains solely Appalachian folk songs about murder and death arranged by Kristin Hersh, rather than songs written by Kristin herself."",
              "" Hersh's son, Ryder James O'Connell, plays piano and sings backing vocals.""],
             dtype=object)                                                                                                                                                                                                                                                                    ,
       array(['Kristin Hersh (born August 7, 1966) is an American singer, songwriter and author, known for her solo work and with her rock bands Throwing Muses and 50FootWave.',
              ' She has released ten solo albums.',
              ' Her guitar work and composition style ranges from jaggedly dissonant to traditional folk.',
              "" Hersh's lyrics have a stream-of-consciousness style, reflecting her personal experiences.""],
             dtype=object)                                                                                                                                                       ,
       array(['Ragnhild Westgaard Sigland (born November 13, 1976), mostly known by her stage name Nell Sigland, is a Norwegian singer from Hamar, best known as the lead vocalist of Norwegian gothic metal band Theatre of Tragedy as a replacement for Liv Kristine, from June 3, 2004 to October 2, 2010.',
              ' She was also the lead singer for Norwegian gothic rock band The Crest, founded by her husband Kristian Sigland and herself.'],
             dtype=object)                                                                                                                                                                                                                                                                                     ,
       array(['In Shock is the first single from Kristin Hersh\'s seventh solo album ""Learn to Sing Like a Star"".',
              ' It was released in several versions by 4AD and Yep Roc Records.',
              ' As well as the title track the single contains two new, previously unleashed Kristin Hersh tracks, ""Windowpane"" and ""Blackstone"" and the traditional song ""Poor Wayfaring Stranger"".'],
             dtype=object)                                                                                                                                                                             ,
       array(['Hips and Makers is the debut solo album by Kristin Hersh, best known as the primary singer and songwriter of the band Throwing Muses.',
              ' The album was released by 4AD in the UK on January 24, 1994, and by Sire Records in the US on February 1, 1994.',
              "" In contrast to Hersh's rock-oriented work with Throwing Muses, the album is primarily acoustic, with Hersh usually playing unaccompanied."",
              ' Other credited musicians include Jane Scarpantoni on cello and Michael Stipe of R.E.M., who sings backing vocals on the opening track, ""Your Ghost.""',
              ' In addition to Hersh\'s own material, the album features a cover of the traditional song ""The Cuckoo"".'],
             dtype=object)                                                                                                                                            ,
       array(['Strange Angels is Kristin Hersh\'s second studio album, produced by Kristin Hersh and co-produced by Joe Henry (except for ""Like You"" which was co-produced by Steve Rizzo).',
              ' The album peaked at #64 on the Official UK Albums Chart.',
              "" It also peaked at #40 on the US's Billboard Heatseekers Album Chart."",
              ' The album carried the dedication: ""for Billy, Dylan, Ryder, Wyatt and TM (1984-97)"".'],
             dtype=object)                                                                                                                                                                   ],
      dtype=object)}"
5a84d5c85542997b5ce3ff71,"Which retailer of Spring Ram Retail Park have more than 370 stores and 6,000 employees?",Pets at Home,bridge,medium,"{'title': array(['Birstall Shopping Park', 'Pets at Home'], dtype=object), 'sent_id': array([3, 0], dtype=int32)}","{'title': array(['Hindpool Retail Parks', 'Matthew Mahoney (New York)',
       'WestEnd Shopping Park', 'Castletown, Sunderland',
       'Airside Retail Park', 'Birstall Shopping Park',
       'Castlebawn (Newtownards)', 'Crescent Link Retail Park',
       'Pets at Home', 'Letterkenny Retail Parks'], dtype=object), 'sentences': array([array(['The Hindpool Retail Parks are a set of four conjoined retail parks in the Hindpool area of Barrow-in-Furness, England, United Kingdom (with the exception of one which straddles the border with Central Barrow).',
              "" Some thirty stores and leisure facilities contain a total of 43,000 m2 of retail space (around one quarter of the borough's 199000 m2 of retail floorspace)."",
              ' The four retail parks are Cornerhouse Retail Park, Cornmill Crossing, Hindpool Retail Park and Hollywood Park.',
              ' The largest and only other retail park in Barrow is Walney Road Retail Park - Pound Stretcher, Argos Extra, Asda, Home Bargains, Matalan and Stollers.'],
             dtype=object)                                                                                                                                                                                                        ,
       array(['Matthew Mahoney is the Associate Commissioner for Public Affairs, at the New York City Department of Environmental Protection (DEP).',
              "" DEP manages the City's water supply, providing more than 1 billion US gallons (3,800,000 m3) of water each day to more than 9 million residents, including 8 million in New York City."",
              "" New York City's water is delivered from a watershed that extends more than 125 miles (201 km) from the City, and comprises 19 reservoirs, and three controlled lakes."",
              ' Approximately 7,000 miles (11,000 km) of water mains, tunnels and aqueducts bring water to homes and businesses throughout the five boroughs, and 7,400 miles (11,900 km) of sewer lines take waste water to 14 in-City treatment plants. DEP is also one of the City’s largest agencies with 6,000 employees and over $11 billion in current construction projects.',
              ' As the head of DEP’s Public Affairs Division, Mahoney oversees all external relations from intergovernmental issues to marketing, education, communications, economic development and community affairs for its 6,000employees across New York State.'],
             dtype=object)                                                                                                                                                                                                                                                                                                                                                            ,
       array(['WestEnd Shopping Park is a retail park, located in Blanchardstown in Dublin.',
              ' It is beside the Blanchardstown Centre.',
              ' It is owned by Green REIT and is the sister to Gullivers Retail Park.',
              ' Tenants include Lidl, Next, Dealz, Heatons, Nike, Gap, Argos, Costa and more.',
              ' In 2015, the first Toys ""R"" Us store in Ireland, opened in the retail park but closed in 2016.'],
             dtype=object)                                                                                       ,
       array(['Castletown is a small village of Sunderland in Tyne and Wear commonly visited by tourists from around the world.',
              ' A former mining community, the Hylton Colliery was located at the east end of the village, it lies north of the River Wear, and is near to Hylton Castle and Washington.',
              ' At Hylton Riverside, on the eastern fringe of Castletown, there is a large retail park hosting stores such as Matalan, Costa Coffee, Aldi and Pets at Home, Premier Inn and a DW Sports Fitness gym.',
              ' There are currently on going talks and plans to transform this retail park into a more modern and high-end park hosting a range of designer stores such as Farfetch, Apple and Waitrose to project the vision of this luxurious community.',
              ' There is also plans to build a large 13-screen Odeon Cinema.',
              "" Along with the range of retail establishments there is also a wide range of restaurants in the village such as McDonald's, KFC and Solo Pizza (formerly known as Mario's Pizza).""],
             dtype=object)                                                                                                                                                                                                                                  ,
       array(['Airside Retail Park is a retail park which opened in 2001, and is located in Swords in County Dublin.',
              ' The retail park is located close to Dublin Airport.',
              ' An extension was built in 2005, doubling the size of the retail park.',
              ' There is a Premier Inn hotel located next to the retail park.'],
             dtype=object)                                                                                            ,
       array(['Birstall Shopping Park is a shopping park located in Birstall, Batley, West Yorkshire, England.',
              "" It contains a wide variety of retailers and includes the region's only IKEA store."",
              ' Adjacent is another retail park, Junction 27 Retail Park, specialising in bulky goods and electronics.',
              ' The section of the park containing retailers Pets at Home and Homesense is known as Spring Ram Retail Park, and was built slightly later than the rest of the complex, however it is considered as a part of Birstall Shopping Park and is under common ownership.'],
             dtype=object)                                                                                                                                                                                                                                                           ,
       array(['Castlebawn is a proposed £250 million, 75 acre shopping centre and retail park in Newtownards, County Down, Northern Ireland.',
              ' It is a joint venture between Eastwood Property and R&A Group.',
              ' The ambitious proposals, which promise to create up to 2,000 jobs, will extend the town centre and edge of centre southwards in a three-stage development, which was expected to be completed by 2012.',
              ' The development includes a retail park with 12 retail warehousing units, as well as a shopping centre.',
              ' It also includes a bypass from Portaferry Road to Comber Road, which will link to the roundabout at the beginning of the main road to Belfast.',
              ' This will allow traffic to bypass Newtownards town centre and will help ease traffic problems in the area.'],
             dtype=object)                                                                                                                                                                                              ,
       array(['Crescent Link Retail Park is an out-of-town retail park located in the south eastern periphery of Derry, Northern Ireland.',
              "" It is just off the A514, which itself is named Crescent Link; hence the retail park's name."",
              ' The development is located 3 mi from the centre of Derry City.'],
             dtype=object)                                                                                                                 ,
       array([""Pets at Home is the United Kingdom's largest pet supplies retailer, with more than 370 stores and 6,000 employees."",
              ' The company sells products including food, toys, bedding, medication and accessories and pets.'],
             dtype=object)                                                                                                         ,
       array(['Letterkenny Retail Park and Riverside Retail Park are retail parks on the Paddy Harte/Link Road in central Letterkenny, County Donegal.',
              ' The largest retail parks in the county, they have come out as the best nationwide in terms of rent versus footfall.'],
             dtype=object)                                                                                                                              ],
      dtype=object)}"
5adf92425542995ec70e9041,"World's Greatest Dad is a 2009 American satirical black comedy film, its stars include Daryl Sabara, an American actor, perhaps best known for playing who in the ""Spy Kids"" film series?",Juni Cortez,bridge,easy,"{'title': array([""World's Greatest Dad"", 'Daryl Sabara'], dtype=object), 'sent_id': array([1, 0], dtype=int32)}","{'title': array(['Juni Cortez', 'Spy Kids (franchise)', 'The Player (film)',
       ""World's Greatest Dad"", 'Daryl Sabara', 'Spy Kids',
       'Spy Kids: All the Time in the World', 'The King of Comedy (film)',
       'Spy Kids 2: The Island of Lost Dreams', 'Spy Kids 3-D: Game Over'],
      dtype=object), 'sentences': array([array(['Junito Rocket Racer Rebel ""Juni"" Cortez is a fictional character in the ""Spy Kids"" film series, portrayed by Daryl Sabara.'],
             dtype=object)                                                                                                                  ,
       array(['The Spy Kids series consists of four American/Mexican spy adventure comedy films in franchise comedy series produced by Troublemaker Studios and Dimension Films written and directed by Robert Rodriguez.',
              "" The main plot initially follows the adventures of two Cortez children (portrayed by Alexa Vega and Daryl Sabara) who become involved in their parents' espionage."",
              ' The rest of their family are also spies as well, including their estranged uncle Machete and maternal grandparents.',
              ' The films tend to have a strong Hispanic heritage theme, as Rodriguez is of Mexican descent.'],
             dtype=object)                                                                                                                                                                                                 ,
       array(['The Player is a 1992 American satirical black comedy film directed by Robert Altman and written by Michael Tolkin, based on his own 1988 novel of the same name.',
              ' The film stars Tim Robbins, Greta Scacchi, Fred Ward, Whoopi Goldberg, Peter Gallagher, Brion James, Cynthia Stevenson and is the story of a Hollywood film studio executive who murders an aspiring screenwriter he believes is sending him death threats.'],
             dtype=object)                                                                                                                                                                                                                                                    ,
       array([""World's Greatest Dad is a 2009 American satirical black comedy film, directed and written by Bobcat Goldthwait."",
              ' It stars Robin Williams, Daryl Sabara, and Alexie Gilmore.',
              ' The film was released on July 24, 2009 on video on demand providers before its limited theatrical release on August 21, 2009.'],
             dtype=object)                                                                                                                      ,
       array(['Daryl Christopher Sabara (born June 14, 1992) is an American actor, perhaps best known for playing Juni Cortez in the ""Spy Kids"" film series, as well as for a variety of television and film appearances, including ""Generator Rex"", ""Wizards of Waverly Place"", ""Father of the Pride"", ""The Polar Express"", ""Keeping Up with the Steins"", ""Halloween"", and ""America\'s Most Talented Kids"" (on which he was a judge).'],
             dtype=object)                                                                                                                                                                                                                                                                                                                                                                                                               ,
       array(['Spy Kids (stylized as SPY kids) is a 2001 American spy adventure comedy film written and directed by Robert Rodriguez, produced by Elizabeth Avellan and Rodriguez, and starring Antonio Banderas, Carla Gugino, Alan Cumming, Teri Hatcher, Cheech Marin, Danny Trejo, Robert Patrick, Tony Shalhoub, Alexa Vega, Daryl Sabara, and Mike Judge.',
              ' The first installment in the ""Spy Kids"" film series, the film was theatrically released in the United States on March 30, 2001, by Dimension Films.',
              ' It grossed over $147 million worldwide.',
              ' Three sequels were released: """" in 2002, """" in 2003, and """" in 2011.'],
             dtype=object)                                                                                                                                                                                                                                                                                                                                       ,
       array(['Spy Kids 4: All the Time in the World is a 2011 American 4D spy adventure comedy film directed by Robert Rodriguez and it is the fourth and latest installment in the ""Spy Kids"" film series.',
              ' It is the stand-alone sequel to 2003\'s """", while also serving as a soft reboot of the franchise.',
              ' The film stars Jessica Alba, Joel McHale, Alexa Vega, Daryl Sabara, Rowan Blanchard, Mason Cook, Ricky Gervais, and Jeremy Piven in a dual role.',
              ' It was released on August 19, 2011.',
              ' Filming began on October 27, 2010.',
              ' It is the first of the series that uses ""Aroma-scope"" that allows people to smell odors and aromas from the film via scratch & sniff cards (reminiscent of the 1981 film ""Polyester"") last used theatrically in the 2003 animated film ""Rugrats Go Wild"".',
              ' This is the first film without the participation of Antonio Banderas and Carla Gugino and without the distribution of Miramax Films.',
              ' The film received generally negative reviews upon release, with an approval rating of 22% and an average rating of 3.9 out of 10 on Rotten Tomatoes.'],
             dtype=object)                                                                                                                                                                                                                                                 ,
       array(['The King of Comedy is a 1982 American satirical black comedy film directed by Martin Scorsese and starring Robert De Niro, Jerry Lewis and Sandra Bernhard.',
              ' Written by Paul D. Zimmerman, the film focuses on themes including celebrity worship and American media culture.',
              ' 20th Century Fox released the film on February 18, 1983, in the United States, though the film was released two months earlier in Iceland.',
              "" The film began shooting in New York on June 1, 1981, to avoid clashing with a forthcoming writers' strike, and opened the Cannes Film Festival in 1983.""],
             dtype=object)                                                                                                                                                  ,
       array([""Spy Kids 2: The Island of Lost Dreams (known in-film as Spy Kids 2: Island of Lost Dreams) is a 2002 American spy adventure comedy film written, edited, and directed by Robert Rodriguez, produced by Troublemaker Studios, Elizabeth Avellan, and Rodriguez, and starring Antonio Banderas, Carla Gugino, Alexa Vega, Daryl Sabara, Mike Judge, Ricardo Montalbán, Holland Taylor, Christopher McDonald, Danny Trejo, Cheech Marin, Steve Buscemi, Taylor Momsen, Matt O'Leary, and introducing Emily Osment.""],
             dtype=object)                                                                                                                                                                                                                                                                                                                                                                                                                                                                                                       ,
       array(['Spy Kids 3-D: Game Over (also known as Spy Kids 3: Game Over) is a 2003 American spy adventure comedy film produced, written, shot, composed, edited, and directed by Robert Rodriguez, co-produced by Elizabeth Avellan, Dimension Films and Troublemaker Studios and the third installment in the ""Spy Kids"" series.',
              ' It was released in the United States on July 25, 2003 by Dimension Films.',
              ' The film stars Antonio Banderas, Carla Gugino, Alexa Vega, Daryl Sabara, Ricardo Montalbán, Holland Taylor, Mike Judge, Cheech Marin, and Sylvester Stallone.'],
             dtype=object)                                                                                                                                                                                                                                                                                                             ],
      dtype=object)}"
5abba5ec554299660624170f,"When did The Pacific, produced by HBO, Playtone, and Dreamworks premier in the United States that feature Joseph Francis Mazzello III, an American actor, director, and screenwriter?","March 14, 2010",bridge,easy,"{'title': array(['Joseph Mazzello', 'The Pacific (miniseries)'], dtype=object), 'sent_id': array([0, 0], dtype=int32)}","{'title': array(['Captains and the Kings',
       'Joseph F. Smith (Pennsylvania politician)',
       'Joseph Francis Scott', 'Joseph F. Finnegan', 'Eugene Sledge',
       'Joe Alaskey', 'Joseph Dunford', 'Joseph F. Enright',
       'The Pacific (miniseries)', 'Joseph Mazzello'], dtype=object), 'sentences': array([array(['Captains and the Kings is a 1972 historical novel by Taylor Caldwell chronicling the rise to wealth and power of an Irish immigrant, Joseph Francis Xavier Armagh, who emigrates as a penniless teenager to the United States, along with his younger brother and baby sister, only for their parents to die shortly afterwards.',
              ' Joseph Armagh befriends a Lebanese immigrant, and both are taken under the tutelage of an American plutocrat.',
              "" An inter-generational saga focusing on the themes of the American dream, discrimination and bigotry in American life, and of history as made by a cabal of the rich and powerful, through Armagh's attempt to make his eldest son, who eventually becomes a senator, the first Catholic President of the United States.""],
             dtype=object)                                                                                                                                                                                                                                                                                                                       ,
       array(['Joseph Francis Smith (January 24, 1920 – May 14, 1999), was a member of the United States House of Representatives from Pennsylvania during the Ninety-seventh United States Congress (1981–1983).'],
             dtype=object)                                                                                                                                                                                          ,
       array(['Joseph Francis Scott (June 4, 1864 – February 28, 1941) was a private serving in the United States Marine Corps during the Spanish–American War who received the Medal of Honor for bravery.'],
             dtype=object)                                                                                                                                                                                    ,
       array(['Joseph Francis Finnegan (September 12, 1904 – February 12, 1964) was an American labor mediator who was appointed by President of the United States Dwight D. Eisenhower to serve as the fourth Director of the Federal Mediation and Conciliation Service from 1955 to 1961, and served as the first director of the equivalent body in New York State.'],
             dtype=object)                                                                                                                                                                                                                                                                                                                                                ,
       array(['Eugene Bondurant Sledge (November 4, 1923 – March 3, 2001) was a United States Marine, university professor, and author.',
              ' His 1981 memoir ""With the Old Breed: At Peleliu and Okinawa"" chronicled his combat experiences during World War II and was subsequently used as source material for Ken Burns\' PBS documentary, ""The War"", as well as the HBO miniseries ""The Pacific"", in which he is portrayed by Joseph Mazzello.'],
             dtype=object)                                                                                                                                                                                                                                                                                              ,
       array(['Joseph Francis ""Joe"" Alaskey III (April 17, 1952 – February 3, 2016) was an American stand-up comedian, actor, voice artist, and impressionist.'],
             dtype=object)                                                                                                                                       ,
       array(['Joseph Francis Dunford Jr. (born December 8, 1955) is a United States Marine Corps General.',
              ' He is the 19th Chairman of the Joint Chiefs of Staff.',
              ' He was also the 36th Commandant of the Marine Corps.',
              ' Dunford is the first Marine Corps officer to serve in four different four-star positions; the others include commander of the International Security Assistance Force and United States Forces-Afghanistan from February 2013 until August 2014, and as the 32nd Assistant Commandant of the Marine Corps from October 23, 2010, to December 15, 2012.',
              ' He has also commanded several units, including the 5th Marine Regiment during the 2003 invasion of Iraq.',
              ' As Chairman, Dunford is the highest-ranking military officer in the United States Armed Forces.'],
             dtype=object)                                                                                                                                                                                                                                                                                                                                              ,
       array(['Joseph Francis Enright (September 18, 1910, Minot, North Dakota – July 20, 2000, Fairfax, Virginia) was a submarine captain in the United States Navy.',
              ' He is best known as the man who sank the Japanese aircraft carrier ""Shinano""–the ""most significant single submarine sinking of World War II.""'],
             dtype=object)                                                                                                                                             ,
       array(['The Pacific is a 2010 American television series produced by HBO, Playtone and DreamWorks that premiered in the United States on March 14, 2010.'],
             dtype=object)                                                                                                                                        ,
       array(['Joseph Francis Mazzello III, also known simply as Joe Mazzello (born September 21, 1983), is an American actor, director and screenwriter, known for his roles as Tim Murphy in ""Jurassic Park"", Eugene Sledge in the HBO miniseries ""The Pacific"", and Dustin Moskovitz in ""The Social Network"".'],
             dtype=object)                                                                                                                                                                                                                                                                                         ],
      dtype=object)}"
5abda02c5542992ac4f382e1,The MG EX-E is a concept car that was produced by a manufacturer  are best known for which type of car ?,two-seat open sports cars,bridge,medium,"{'title': array(['MG EX-E', 'MG Cars'], dtype=object), 'sent_id': array([0, 1], dtype=int32)}","{'title': array(['Concept car', 'MG Cars', 'MG M-type', 'MG EX-E',
       'Mako Shark (concept car)', 'MG SA', 'MG J-type', 'MG 5',
       'Citroën C-Métisse', 'Volkswagen Concept BlueSport'], dtype=object), 'sentences': array([array(['A concept car (also known as concept vehicle, show vehicle or prototype) is a car made to showcase new styling and/or new technology.',
              ' They are often shown at motor shows to gauge customer reaction to new and radical designs which may or may not be mass-produced.',
              ' General Motors designer Harley Earl is generally credited with inventing the concept car, and did much to popularize it through its traveling Motorama shows of the 1950s.'],
             dtype=object)                                                                                                                                                                   ,
       array([""MG, the initials of Morris Garages, is an English automotive marque registered by the now defunct MG Car Company Limited, a British sports car manufacturer begun in the 1920s as a sales promotion sideline within W R Morris's Oxford city retail sales and service business by the business's manager, Cecil Kimber."",
              ' Best known for its two-seat open sports cars, MG also produced saloons and coupés. Kimber was an employee of William Morris.'],
             dtype=object)                                                                                                                                                                                                                                                                                                              ,
       array(['The MG M-type (also known as the MG Midget) is a sports car that was produced by the MG Cars from April 1929 to 1932.',
              ' It was sometimes referred to as the 8/33.',
              ' Launched at the 1928 London Motor Show when the sales of the larger MG saloons was faltering because of the economic climate, the small car brought MG ownership to a new sector of the market and probably saved the company.',
              ' Early cars were made in the Cowley factory, but from 1930 production had transferred to Abingdon.'],
             dtype=object)                                                                                                                                                                                                                      ,
       array(['The MG EX-E is a concept car that was produced by MG and presented at the Frankfurt Motor Show in 1985.',
              ' The EX-E was a mid-engined sportscar inspired by the Ferrari 308 and designed by Roy Axe and Gerry McGovern.',
              "" The car's drivetrain and chassis were derived from the mid-engined MG Metro 6R4 rally car."",
              ' The EX-E concept car did not lead to a production version, although Gerry McGovern did go on to style the later, smaller MG F sportscar.'],
             dtype=object)                                                                                                                                 ,
       array(['The XP-755 concept car, also known as the Mako Shark, was designed by Larry Shinoda under the direction of General Motors Styling and Design head Bill Mitchell in 1961, as a concept for future Chevrolet Corvette production cars.',
              ' In keeping with the name, the streamlining, pointed snout, and other detailing was partly inspired by the sleek, fast-moving shortfin mako shark.',
              "" The '61 Corvette tail was given two additional tail lights (six total) for the concept car."",
              "" The concept was inspired by Bill Mitchell's 1959 Stingray racer XP87 which also inspired the 1963 Corvette Sting Ray.""],
             dtype=object)                                                                                                                                                                                                                           ,
       array(['The MG SA or MG 2-litre is a sporting saloon that was produced by MG from 1936 to 1939.',
              ' Launched as the 2 litre, it only later became known as the SA, the car had been originally planned as an advanced performance saloon to rival the likes of SS Cars (later to be known as Jaguar) and even Bentley with all independent suspension and was given the factory code of EX150 and designated the S-type.',
              ' A prototype was made but with the amalgamation of MG with Morris Motors in 1935 development stopped.',
              ' The Cowley drawing office picked up the project again but a much more conservative car appeared with conventional live rear and beam front axles.'],
             dtype=object)                                                                                                                                                                                                                                                                                                            ,
       array(['The MG J-type is a sports car that was produced by MG from 1932 to 1934.',
              ' This 2-door sports car used an updated version of the overhead camshaft, crossflow engine, used in the 1928 Morris Minor and Wolseley 10 and previously fitted in the MG M-type Midget of 1929 to 1932, driving the rear wheels through a four-speed non-synchromesh gearbox.',
              ' The chassis was from the D-Type with suspension by half-elliptic springs and Hartford friction shock absorbers all round with rigid front and rear axles.',
              ' The car had a wheelbase of 86 inches (2184\xa0mm) and a track of 42 inches (1067\xa0mm).',
              ' Most cars were open two-seaters, but a closed salonette version of the J1 was also made, and some chassis were supplied to external coachbuilders.',
              ' The open cars can be distinguished from the M type by having cut-away tops to the doors.'],
             dtype=object)                                                                                                                                                                                                                                                                     ,
       array(['The MG 5 is a compact car that has been produced by the British company MG Motor from 2012 onwards.',
              ' It was launched on 28 March 2012 in China, and shares the same automotive platform with the Roewe 350 saloon car.',
              ' The MG 5 debuted in concept car form at the 2011 Shanghai Auto Show as the MG Concept5.'],
             dtype=object)                                                                                                         ,
       array(['The Citroën C-Métisse is a concept car produced by the French car manufacturer Citroën.',
              ' It was first introduced in 2006 at the Paris autoshow.',
              ' It has been stated that the reason for creating such a car was to show that a hybrid car can have the same performance as a gasoline- or diesel-powered car.',
              ' The car is a 5-door 2+2 shooting-brake.'], dtype=object)                                                                                                      ,
       array(['The Volkswagen Concept BlueSport is a mid-engined roadster concept car produced by Volkswagen.',
              ' It was introduced at the 2009 North American International Auto Show in Detroit.',
              ' The Concept BlueSport follows on from a previous roadster concept car, the Volkswagen Concept R, shown at the 2003 Frankfurt Motor Show.'],
             dtype=object)                                                                                                                                 ],
      dtype=object)}"
5add04275542994d58a2f73d,"Cleve Bryant, is a former American football player and coach, and worked for which former American college football coach, at the University of North Carolina at Chapel Hill?",Mack Brown,bridge,easy,"{'title': array(['Cleve Bryant', 'Mack Brown'], dtype=object), 'sent_id': array([4, 0], dtype=int32)}","{'title': array(['Edward L. Greene', 'Steve Belichick', 'John Gutekunst',
       'Mack Brown', 'Dick Bestwick', 'Bob Fetzer', 'Ron Rusnak',
       'Hector Cowan', 'Cleve Bryant',
       'North Carolina–NC State football rivalry'], dtype=object), 'sentences': array([array(['Edward Lawrence ""Eddie"" Greene, sometimes spelled Green (c. 1884 – September 27, 1952), was an American football player and coach of football and baseball.',
              ' He served as the head football coach at the University of North Carolina at Chapel Hill in 1908 and at North Carolina College of Agriculture and Mechanic Arts, now North Carolina State University, from 1909 to 1913, compiling a career college football record of 28–11–5.',
              ' Greene was also the head baseball coach at North Carolina A&M for one season in 1912, tallying a mark of 13–6–1.',
              ' He played college football at the University of Pennsylvania, where he was named an All-American in 1906.',
              ' He later served as the general manager of the National Better Business Bureau until his death from a heart attack in 1952.'],
             dtype=object)                                                                                                                                                                                                                                                                      ,
       array(['Stephen Nickolas ""Steve"" Belichick (Biličić) (January 7, 1919 – November 19, 2005) was an American football player, coach, and scout.',
              ' He played college football at Western Reserve University, now known as Case Western Reserve University, from 1938 to 1940 and then in the National Football League (NFL) with the Detroit Lions in 1941.',
              ' After serving in World War II, Belichick began his coaching career.',
              ' From 1946 to 1949, he was the head football coach and the head basketball coach at Hiram College.',
              ' He continued on as an assistant coach in college football with stints at Vanderbilt University (1949–1952), the University of North Carolina at Chapel Hill (1953–1955), and then for 34 years at the United States Naval Academy (1956–89).'],
             dtype=object)                                                                                                                                                                                                                                     ,
       array(['John Gutekunst (born April 13, 1944) is an American football coach and former player.',
              ' He is currently the inside linebackers coach for North Carolina A&T State University.',
              ' He served as the head football coach at the University of Minnesota from 1985 to 1991, compiling a record of 29–37–2.',
              ' Gutekunst came to Minnesota in 1984 as an assistant coach and took over as interim head coach in 1985 for the Independence Bowl after Lou Holtz left the team to become the head coach at Notre Dame.',
              ' Gutekunst was promoted to head coach before the next season.',
              ' He has also served as an assistant coach at Duke University, Virginia Polytechnic Institute and State University, Wake Forest University, Rutgers University, the University of Rhode Island, the University of South Carolina, the University of North Carolina at Chapel Hill, and East Carolina University.',
              ' He joined the East Carolina staff in October 2009, taking over for Rock Roggeman, who left on indefinite medical leave.',
              ' Gutekunst is an alumnus of Duke University, where he played football and baseball.'],
             dtype=object)                                                                                                                                                                                                                                                                                                      ,
       array(['William Mack Brown (born August 27, 1951) is a former American college football coach.',
              ' He was most recently head football coach of the Texas Longhorns football team of the University of Texas at Austin.',
              ' He is currently a college football commentator for ESPN.'],
             dtype=object)                                                                                                           ,
       array(['Dick Bestwick (born August 18, 1930) is a former American football player, coach, and college athletics administrator.',
              ' He served as the head football coach of the University of Virginia from 1976 to 1981, compiling a record of 16–49–1.',
              ' A native of Grove City, Pennsylvania, he played college football at the University of North Carolina at Chapel Hill, graduating from the school in 1952.',
              ' Bestwick received his Masters in Education from Pennsylvania State University.',
              ' Prior to his tenure at Virginia, Bestwick spent 1954 to 1962 as a high school football coach at three different schools including his alma mater, Grove City High School, and 1967 to 1975 as an assistant coach at Georgia Institute of Technology.',
              "" Bestwick was hired as the head football coach at Marshall University in 1971 after the 1970 plane crash that took the lives of most of the university's football team and coaching staff."",
              ' He left the position after two days on the job and returned to Georgia Tech.'],
             dtype=object)                                                                                                                                                                                                                                            ,
       array(['Robert Allison ""Bob"" Fetzer (September 9, 1887 – May 19, 1968) was an American football coach, track and field coach, and college athletics administrator.',
              ' He served as the head football coach at Davidson College in 1914 and as co-head football coach at the University of North Carolina at Chapel Hill with his brother, Bill, from 1921 to 1925, compiling a career college football record of 35–13–5.',
              "" Fetzer was also the head track coach at North Carolina from 1921 to 1952 and the school's athletic director from 1923 to 1952.""],
             dtype=object)                                                                                                                                                                                                                                           ,
       array(['Ronald Rusnak (born September 8, 1951) is a former American football player.',
              ' He grew up in Prince George, Virginia, and played college football at the offensive guard position for the University of North Carolina at Chapel Hill.',
              ' He played for the 1971 North Carolina Tar Heels football team that compiled an 11-1 record.',
              ' He was six feet, two inches tall and weighed 220 pounds while playing at North Carolina.',
              ' He was twice selected as an All-Atlantic Coast Conference (ACC) player and was a unanimous first-team selection to the 1972 College Football All-America Team.',
              ' He also won the 1972 Jacobs Blocking Trophy as the best blocker in the ACC.'],
             dtype=object)                                                                                                                                                      ,
       array(['Hector William ""Hec"" Cowan (July 12, 1863 – October 19, 1941) was an American football player and coach, and an ordained Presbyterian minister.',
              ' He played college football at Princeton University from 1885 to 1889.',
              ' He was team captain for Princeton and selected to the first College Football All-America Team in 1889.',
              ' Cowan served as the head football coach at the University of North Carolina at Chapel Hill for two games during the 1888 season and at the University of Kansas from 1894 to 1896, compiling a career coaching record of 18–8–1.',
              ' He was inducted into the College Football Hall of Fame as a player in 1951.'],
             dtype=object)                                                                                                                                                                                                                        ,
       array(['Cleve Bryant (born March 27, 1947) is a former American football player and coach.',
              ' He served as the head football coach at Ohio University from 1985 to 1989.',
              ' Bryant was later the Associate Athletics Director for Football Operations for the Texas Longhorns football team.',
              ' His responsibilities ranged from administrative operations to scheduling, as well as day-to-day operations of the football team and its facilities.',
              ' Bryant worked for Mack Brown at the University of North Carolina at Chapel Hill and followed Brown to the University of Texas at Austin in 1998.',
              "" Bryant was the wide receiver coach at Texas under John Mackovic from 1992 to 1994, before he joined Brown's staff at North Carolina.""],
             dtype=object)                                                                                                                                           ,
       array(['The North Carolina–NC State football rivalry is an American college football rivalry between the North Carolina Tar Heels football team of the University of North Carolina at Chapel Hill and NC State Wolfpack football team of North Carolina State University.',
              ' Both universities are members of the Atlantic Coast Conference (ACC) and are permanent cross-division opponents.',
              ' North Carolina leads the all-time series 66–34–6, though the rivalry has been very competitive in the ACC era.',
              ' North Carolina State won the most recent contest, 28-21, on November 25, 2016.',
              ' The Wolfpack has also won two of the last three, and seven of the last ten games between the schools.',
              ' It is annually anticipated as the biggest college football game in the state of North Carolina.'],
             dtype=object)                                                                                                                                                                                                                                                         ],
      dtype=object)}"
5adc35b155429944faac2464,"The Eastern District of Taipei, refers to the newly developed area in eastern Taipei, Taipei City Hall, Taipei City Council and Taipei 101 are all located in this district, TAIPEI 101 , formerly known as the Taipei World Financial Center – is a landmark supertall skyscraper in Xinyi District, Taipei, in which country?",Taiwan,bridge,easy,"{'title': array(['Eastern District of Taipei', 'Taipei 101'], dtype=object), 'sent_id': array([0, 0], dtype=int32)}","{'title': array(['Taipei City Hall Bus Station', 'Taipei 101',
       'Eastern District of Taipei', 'Gate of Taipei',
       'Xinyi District, Taipei', 'Taipei', 'Taipei City Government',
       'Wuzhi Mountain Military Cemetery', 'Taipei Joint Bus System',
       'Grand Hyatt Taipei'], dtype=object), 'sentences': array([array(['The Taipei City Hall Bus Station () is a multi-use transportation complex located in Xinyi District, Taipei, Taiwan.',
              "" It serves as a transportation hub for bus and metro, with the metro's Taipei City Hall Station incorporated into the basement.""],
             dtype=object)                                                                                                                       ,
       array(['The Taipei 101 / TAIPEI 101 , formerly known as the Taipei World Financial Center – is a landmark supertall skyscraper in Xinyi District, Taipei, Taiwan.',
              "" The building was officially classified as the world's tallest in 2004, and remained such until the completion of the Burj Khalifa in Dubai in 2010."",
              ' In 2011, the building was awarded the LEED platinum certification, the highest award according to the Leadership in Energy and Environmental Design (LEED) rating system, and became the tallest and largest green building in the world.',
              ' It used to have the fastest elevator in the world, traveling at 60.6 km/h and transporting passengers from the 5th to 89th floor in 37 seconds.',
              ' In 2016, the title for the fastest elevator was given to the Shanghai Tower in Shanghai, China.'],
             dtype=object)                                                                                                                                                                                                                                 ,
       array(['The Eastern District of Taipei () refers to the newly developed area in eastern Taipei, Taiwan.',
              ' In its broadest sense, the Eastern District of Taipei is the whole region east of Fuxing South Road.',
              ' In general, however, the Eastern District refers to the area between Civic Boulevard and Xinyi Road, including most part of Daan District, Xinyi District and Songshan District, the administrative districts in eastern Taipei.',
              ' With a plethora of business buildings, department stores and shopping districts, the Eastern District has now become one of the most cosmopolitan parts of Taipei.',
              ' Taipei City Hall, Taipei City Council and Taipei 101 are all located in this district.'],
             dtype=object)                                                                                                                                                                                                                        ,
       array(['The Gate of Taipei () is a supertall skyscraper development in Taipei, Taiwan.',
              ' It includes two skyscrapers, the taller is 322.2 m with 76 floors and the shorter is 243.0 m with 56 floors.',
              "" It's near Taipei Station, Shin Kong Life Tower and Taipei Bus Station."",
              "" When the complex is complete, it will be the 2nd tallest building in Taipei and 3rd tallest in Taiwan after Taipei 101 and Kaohsiung's Tuntex Sky Tower."",
              ' It is estimated to cost NT$12 billion (US$414 million).',
              ' The two buildings (C1 and D1) were initially expected to open in 2016 and 2017, respectively;however, the project was delayed in 2015 due to a series of complication in the bidding process, which is slated to restart at some point in 2017.'],
             dtype=object)                                                                                                                                                                                                                                        ,
       array(['Xinyi District is the seat of the Taipei City Government and Taipei City Council.',
              ' The district includes Taipei 101, Taipei International Convention Center, Taipei World Trade Center, National Sun Yat-sen Memorial Hall and various shopping malls and entertainment venues, making it the most cosmopolitan district of Taipei.',
              ' Xinyi District is also considered the financial district of Taipei.'],
             dtype=object)                                                                                                                                                                                                                                        ,
       array(['Taipei ( ), officially known as Taipei City, is the capital and a special municipality of Taiwan (officially known as the Republic of China, ""ROC"").',
              ' Sitting at the northern tip of the island, Taipei City is an enclave of the municipality of New Taipei City.',
              ' It is about 25 km southwest of the northern port city Keelung.',
              "" Most of the city is located on the Taipei Basin, an ancient lakebed bounded by the two relatively narrow valleys of the Keelung and Xindian rivers, which join to form the Tamsui River along the city's western border."",
              ' Formerly known as Taipeh-fu during the Qing era and Taihoku under Japanese rule, Taipei became the capital of Taiwan Province as part of the Republic of China in 1945 and has been the capital of the ROC since 1949, when the Kuomintang lost the mainland to the Communists in the Chinese Civil War.'],
             dtype=object)                                                                                                                                                                                                                                                                                                 ,
       array(['The Taipei City Government (TCG; ) is the government that governs Taipei City of Taiwan.',
              ' The government building is located at Taipei City Hall in Xinyi District, Taipei.'],
             dtype=object)                                                                               ,
       array(['The Wuzhi Mountain Military Cemetery (, sometimes romanized as ""Wuchih"") is Taiwan\'s most prominent military cemetery.',
              "" The cemetery is located on Wuzhi Mountain () at an elevation of 699 m in Xizhi, New Taipei City and borders Taipei City's Neihu District and Yangmingshan National Park."",
              "" The cemetery has a wide open view ranging from the Taipei 101 over at Taipei's Xinyi District to the Keelung Harbor.""],
             dtype=object)                                                                                                                                                                ,
       array(['The Taipei Joint Bus System () is a bus system that serves the greater metropolitan area of Taipei, Taiwan.',
              ' It is administered by the Taipei Joint Bus Service Management Center, the Taipei City Traffic Bureau, and the New Taipei City Traffic Bureau (formerly Taipei County Traffic Bureau), and is operated by 15 private agencies.',
              ' It includes the bus systems of Taipei City and New Taipei City, and has a coordinated numbering and fare system.'],
             dtype=object)                                                                                                                                                                                                                     ,
       array(['Grand Hyatt Taipei () is a 5-star luxury hotel in Taipei, Taiwan.',
              ' Located in the Xinyi District, the 27-story hotel is adjacent to Taipei 101, Taipei World Trade Center complex, Taipei City Council, Taipei International Convention Center, and various shopping malls and entertainment venues.',
              ' Opened in 1990 as ""the first, true international luxury hotel in the capital.""',
              ' The hotel is owned by Hong Leong Group and operated by Hyatt Hotels Corporation.'],
             dtype=object)                                                                                                                                                                                                                         ],
      dtype=object)}"
5a74b14555429929fddd84b0,What other australian actress stared with Louis Hunter in The War Of the Roses?,Catherine Elise Blanchett,bridge,hard,"{'title': array(['Louis Hunter', 'Cate Blanchett'], dtype=object), 'sent_id': array([2, 0], dtype=int32)}","{'title': array(['Clarissa House', 'Indiana Evans', 'Cate Blanchett', 'Viva Bianca',
       'Cassandra Magrath', 'Kaarin Fairfax', 'Jack Goes Home',
       'Olive Fitzhardinge', 'Louis Hunter', 'Amy Mizzi'], dtype=object), 'sentences': array([array(['Clarissa House (born 6 September 1963 in Melbourne) is an Australian actress who played Beth Hunter Sutherland, from 2003 until 2007 in the soap opera ""Home and Away"".'],
             dtype=object)                                                                                                                                                               ,
       array(['Indiana Rose Evans (born 27 July 1990) is an Australian actress and singer-songwriter, best known for her roles in ""Home and Away"" as Matilda Hunter, """" as Bella Hartley, and """" as Emmaline Robinson.'],
             dtype=object)                                                                                                                                                                                               ,
       array(['Catherine Elise Blanchett, {\'1\': "", \'2\': "", \'3\': "", \'4\': ""} ( ; born 14 May 1969) is an Australian actress and theatre director.',
              ' She has received international acclaim and many accolades, including two Academy Awards, three Golden Globe Awards, three BAFTA Awards, six AACTA Awards, and three Screen Actors Guild Awards. Blanchett came to international attention for her role as Elizabeth I of England in Shekhar Kapur\'s 1998 film ""Elizabeth"", for which she won the BAFTA Award for Best Actress, the Golden Globe Award, and earned her first Academy Award for Best Actress nomination.',
              ' Her portrayal of Katharine Hepburn in Martin Scorsese\'s 2004 film ""The Aviator"" brought her critical acclaim and many accolades, including the Academy Award for Best Actress in a Supporting Role, making her the only actor to win an Oscar for portraying another Oscar-winning actor.',
              ' In 2013, she starred as Jasmine Francis in Woody Allen\'s ""Blue Jasmine"", for which she won numerous accolades including the Academy Award for Best Actress.'],
             dtype=object)                                                                                                                                                                                                                                                                                                                                                                                                                                                               ,
       array(['Viva Bianca (born Viva Skubiszewski, ; ] ) is an Australian actress best known for her role as Ilithyia on the Starz network series """" and """".',
              ' Bianca graduated from the Western Australian Academy of Performing Arts where she received a best actress award.',
              ' She is the daughter of Cezary Skubiszewski, a Polish Australian composer for film, television and orchestra.',
              ' Bianca cites Cate Blanchett and Heath Ledger as Australian actors who have influenced her.'],
             dtype=object)                                                                                                                                     ,
       array(['Cassandra Magrath (born 8 January 1981 in Melbourne) is an Australian actress.',
              ' She played Miranda Gibson in the Australian ABC 1998–2000 television series ""SeaChange"" and Liz Hunter in the 2005 Australian horror film ""Wolf Creek"".'],
             dtype=object)                                                                                                                                                ,
       array(['Kaarin Louise Fairfax (born 30 September 1959) is an Australian actress, director and musician who played the role of \'Dolour Darcy\' in two TV miniseries ""The Harp in the South"" (1986) and its sequel ""Poor Man\'s Orange"" (1987) based on books of the same names by Ruth Park.',
              ' She has also acted in other Australian television series throughout the 1980s, 1990s and 2000s, and recorded music under the name of Mary-Jo Starr.',
              ' Fairfax had the role of \'Deb Mathieson\' on Australian Broadcasting Corporation TV series, ""Bed of Roses"" (2008, 2010).'],
             dtype=object)                                                                                                                                                                                                                                                                           ,
       array(['Jack Goes Home is a 2016 American independent horror film written and directed by Thomas Dekker and starring Rory Culkin, Nikki Reed, Britt Robertson, Daveigh Chase, Lin Shaye, Natasha Lyonne, Louis Hunter, and Serge Levin.',
              ' The film premiered at the South by Southwest international film festival and was theatrically released on October 14, 2016.'],
             dtype=object)                                                                                                                                                                                                                      ,
       array(['Olive Fitzhardinge (1881–1956) was an Australian rose breeder, the first to patent her work.',
              ' Her four surviving roses are held in Australian collections.',
              ' Her roses were well received in the 1930s but after the Second World War favoured styles of roses changed significantly.'],
             dtype=object)                                                                                                                 ,
       array(['Louis Hunter (born 17 March 1992) is an Australian actor and writer.',
              ' Although born and raised in Australia, Hunter has publicly stated he identifies and relates more with the culture and philosophy of America where he currently resides.',
              ' After training in numerous theatre programs, Hunter began his professional career in 2009 with a lead role on the Australian TV show ""Out Of The Blue"", quickly followed by a stage production of ""The War Of the Roses"" at the Sydney Theatre Company alongside Cate Blanchett.',
              ' Hunter made his American debut in the TV show ""The Secret Circle"".',
              ' He currently appears as Nick Stratos in ""The Fosters"".'],
             dtype=object)                                                                                                                                                                                                                                                                        ,
       array(['Amy Mizzi (born 21 July 1983) is an Australian actress.',
              ' She starred as Kit Hunter in the Australian soap opera ""Home and Away"" in 2003 and early 2004.',
              ' Mizzi\'s departure from ""Home and Away"" was announced on 13 February 2004 but she continued to appear on a recurring basis throughout 2004 and returned in August 2005.',
              ' She also made appearances in 2006, most recently in the last episode of ""Home and Away"" for 2006, when she returned pregnant with the baby of Kim Hyde (played by actor Chris Hemsworth).',
              ' She was nominated for Most Popular New Female Talent in the Logie Awards of 2004, but the award was won by her ""Home and Away"" co-star Isabel Lucas.'],
             dtype=object)                                                                                                                                                                                 ],
      dtype=object)}"
5a7dc0285542990b8f503a70,"The actor known as Chandler in ""North Shore"" also stars in the legal drama television series Reckless directed by who?",Catherine Hardwicke,bridge,medium,"{'title': array(['Reckless (TV series)', 'Reckless (TV series)', 'Gregory Harrison',
       'Gregory Harrison'], dtype=object), 'sent_id': array([0, 1, 0, 1], dtype=int32)}","{'title': array([""The Lyon's Den"", 'Bang (The Good Wife)', 'Gregory Harrison',
       'Cam Gigandet', 'Supreme Court of the United States in fiction',
       'Chicago Justice', 'Reckless (TV series)', 'Judge John Deed',
       'Michael Badalucco', 'Barry Kivel'], dtype=object), 'sentences': array([array([""The Lyon's Den is a 2003 American legal drama television series set in Washington, D.C.."",
              ' The legal drama starred Dennis ""The Menace"" Lyons as himself, newly appointed as partner of a long-established law firm that, as the plot revealed, harbored some dark secrets; the series\' title and firm\'s name are allusions to the surname of Lowe, who also served as executive producer.',
              "" Much of the plot centered on the firm's internal politics and on Turner's attempts to uncover information on some of the firm's conspiracies while acting as the defense for some of the firm's higher-profile clients in a different case each episode.""],
             dtype=object)                                                                                                                                                                                                                                                                                        ,
       array(['""Bang"" is the fifteenth episode of the first season of the American legal drama television series ""The Good Wife"".',
              ' It aired on CBS in the United States on March 2, 2010.',
              ' In the episode, ex States Attorney Peter Florrick (Chris Noth) is released from prison to his home.',
              ' He is confined by house arrest and starts working on restarting his legal career.',
              "" His wife Alicia Florrick (Julianna Margulies) has conflicted emotions about his return and distracts herself with a legal case, in which she defends a man of killing a mutual fund manager who assisted in Bernard Madoff's investment scandal.""],
             dtype=object)                                                                                                                                                                                                                                         ,
       array(['Gregory Neale Harrison (born May 31, 1950) is an American actor.',
              ' He is known for his role as Chandler in the 1987 cult favorite ""North Shore"" and as Dr. George Alonzo ""Gonzo"" Gates, the young surgeon assistant of Dr. Trapper John MacIntyre (played by Pernell Roberts) on the CBS series ""Trapper John, M.D."" (1979–86).',
              ' Since 2015, he has played Joe O\'Toole, father of Oliver, in the Hallmark Channel expansion films of ""Signed, Sealed and Delivered"".'],
             dtype=object)                                                                                                                                                                                                                                                    ,
       array(['Cam Joslin Gigandet ( ; born August 16, 1982) is an American actor whose credits include a recurring role on ""The O.C."" and appearances in feature films ""Twilight"", ""Pandorum"", ""Never Back Down"", ""Burlesque"", ""Easy A"", ""The Roommate"" and ""Priest"".',
              ' He also starred in the short-lived CBS legal drama series ""Reckless"".',
              ' Gigandet currently stars in the Audience Network drama series ""Ice"".'],
             dtype=object)                                                                                                                                                                                                                                              ,
       array(['Like many institutions that draw public interest, the Supreme Court of the United States has frequently been depicted in fiction, often in the form of legal drama.',
              ' In some instances, real decisions rendered by real courts are dramatized, as in ""Gideon\'s Trumpet"" and the seminal trial in ""The People vs. Larry Flynt"".',
              ' Other depictions are purely fictional, but center on realistic issues that come before the court.',
              ' Television series centered on dramatizing the happenings of the court have proven to be short-lived, and have tended to receive overall negative critical reaction.',
              ' One reason that has been suggested is that the Supreme Count is a court of appeals, whereas most legal drama portrays trial courts. Appeals may appear ""bookish"" in contrast to the theatrical storytelling of trials, especially juries.',
              ' Furthermore, American audiences are not very knowledgeable about or interested in the Supreme Court.'],
             dtype=object)                                                                                                                                                                                                                                 ,
       array(['Chicago Justice is an American legal drama television series that aired on NBC from March 1, to May 14, 2017.',
              ' The series was created by Dick Wolf and is the fourth installment of Dick Wolf\'s ""Chicago"" franchise.',
              "" The show follows the prosecutors and investigators at the Cook County State's Attorney's Office as they navigate their way through Chicago area politics, the legal arena, and media coverage while pursuing justice.""],
             dtype=object)                                                                                                                                                                                                              ,
       array(['Reckless is an American legal drama television series directed by Catherine Hardwicke and written by Dana Stevens.',
              ' The series stars Anna Wood, Cam Gigandet, Adam Rodríguez, Shawn Hatosy, Kim Wayans, Gregory Harrison, Michael Gladis, and Georgina Haig.',
              ' It premiered on CBS on June 29, 2014.'], dtype=object)                                                                                    ,
       array(['Judge John Deed is a British legal drama television series produced by the BBC in association with One-Eyed Dog for BBC One.',
              ' It was created by G.F. Newman and stars Martin Shaw as Mr Justice Deed, a High Court judge who tries to seek real justice in the cases before him.',
              "" It also stars Jenny Seagrove as the barrister Jo Mills QC, frequently the object of Deed's desire."",
              ' A pilot episode was broadcast on 9 January 2001, followed by the first full series on 26 November 2001.',
              ' The sixth and last series concluded on 18 January 2007.',
              ' The programme then went on an indefinite break after Shaw became involved in another television programme, and he and Seagrove expressed a wish for the format of the series to change before they filmed new episodes.',
              ' By 2009, the series had officially been cancelled.'],
             dtype=object)                                                                                                                                                                                                               ,
       array(['Michael Badalucco (born December 20, 1954) is an American actor, best known for his role as lawyer Jimmy Berlutti on the ABC legal drama television series ""The Practice"".',
              ' In 1999, he won the Primetime Emmy Award for Outstanding Supporting Actor in a Drama Series for performance in the role.',
              "" He also starred as Matilda's father in the 1994 movie""],
             dtype=object)                                                                                                                                                                 ,
       array(['Barry Kivel is an actor, director, editor, and producer who appeared in ""Crocodile Dundee"" (1984), ""Memoirs of an Invisible Man"" (1992), ""Coneheads"" (1993), ""Bound"" (1996), ""One Fine Day"" (1996), ""Body and Soul"" (2000), ""Turn of Faith"" (2001), and ""Q-4: Dream Corporation"" (2016), a futuristic thriller which is in post-production.',
              ' To his credits, he has produced ""Three Sides (2011)"", a short film.',
              ' As an editor, he also has edited ""Three Sides"" (2011).',
              ' He also directed Three Sides.',
              ' He received a special thanks for the 2016 documentary film ""The Natural: The Best There Ever Was"", which is completed, and he has a role in there as Pat McGee and himself.',
              ' In television he has acted on serial police drama ""Hill Street Blues"", sitcom ""Full House"", sitcom ""Who\'s the Boss?',
              '"", sitcom ""Empty Nest"", legal drama ""Civil Wars"", sitcom ""Murphy Brown"", legal drama ""Brooklyn South"", television drama ""Judging Amy"", and sitcom ""Scrubs"".'],
             dtype=object)                                                                                                                                                                                                                                                                                                                                  ],
      dtype=object)}"
