id,title,context,question,answers
builtin_0,builtin,,To whom did the Virgin Mary allegedly appear in 1858 in Lourdes France?,Saint Bernadette Soubirous
builtin_1,builtin,,The granting of Doctorate degrees first occurred in what year at Notre Dame?,1924
builtin_2,builtin,,When did the first art gallery open in Washington state?,1927
builtin_3,builtin,,What can cause your memory to deterioriate or not work as well?,Stress
builtin_4,builtin,,What has excessive hunting contributed heavily to?,"the endangerment, extirpation and extinction of many animals"
builtin_5,builtin,,What is the name of the AFL team based in Tampa Bay?,Storm
builtin_6,builtin,,Which conjugation has about 3500 verbs?,first conjugation
builtin_7,builtin,,Which university library is larger than Nanjing University Library?,Peking University Library
builtin_8,builtin,,Which canton is Berne the capital?,Canton of Bern
builtin_9,builtin,,Why is it difficult to measure corruption?,imprecise definitions of corruption
builtin_10,builtin,,Why is Yiddish not a dialect of German?,a Yiddish speaker would not consult a German dictionary
builtin_11,builtin,,Who is the patron saint of the university where the Scholastic Magazine began publishing in 1876?,The Virgin Mary
builtin_12,builtin,,"What hormones damage the brain region associated with memory loss, and what daily activity helps stabilize those memories?","Glucocorticoids damage the hippocampal region, and sleep helps stabilize memories."
builtin_13,builtin,,How many years after the Scholastic Magazine began publishing did Notre Dame first formally offer Doctorate degrees?,48 years
builtin_14,builtin,,"When regals recruited low-ranking local tribes for expeditions in British India, what specific global consequence did this type of activity heavily contribute to?","The endangerment, extirpation and extinction of many animals."
builtin_15,builtin,,"In the city where the Henry Art Gallery opened as a public art museum, what type of transportation system did they later begin to focus on?",Mass transit.
5731e2a6e99e3014001e63b4,Bras%C3%ADlia,"The Palácio da Alvorada is the official residence of the President of Brazil. The palace was designed, along with the rest of the city of Brasília, by Oscar Niemeyer and inaugurated in 1958. One of the first structures built in the republic's new capital city, the ""Alvorada"" lies on a peninsula at the margins of Lake Paranoá. The principles of simplicity and modernity, that in the past characterized the great works of architecture, motivated Niemeyer. The viewer has an impression of looking at a glass box, softly landed on the ground with the support of thin external columns. The building has an area of 7,000 m2 with three floors consisting of the basement, landing, and second floor. The auditorium, kitchen, laundry, medical center, and administration offices are at basement level. The rooms used by the presidency for official receptions are on the landing. The second floor has four suites, two apartments, and various private rooms which make up the residential part of the palace. The building also has a library, a heated Olympic-sized swimming pool, a music room, two dining rooms and various meeting rooms. A chapel and heliport are in adjacent buildings.",Where does Brazil's president live?,Palácio da Alvorada
56dff2277aa994140058e29c,Pub,"The Red Lion in Parliament Square is close to the Palace of Westminster and is consequently used by political journalists and members of parliament. The pub is equipped with a Division bell that summons MPs back to the chamber when they are required to take part in a vote. The Punch Bowl, Mayfair was at one time jointly owned by Madonna and Guy Ritchie. The Coleherne public house in Earls Court was a well-known gay pub from the 1950s. It attracted many well-known patrons, such as Freddie Mercury, Kenny Everett and Rudolph Nureyev. It was used by the serial-killer Colin Ireland to pick up victims.",What notable feature of the Red Lion reflects its parliamentary connection?,a Division bell
57277f03708984140094df2e,Textual_criticism,"Eclectic readings also normally give an impression of the number of witnesses to each available reading. Although a reading supported by the majority of witnesses is frequently preferred, this does not follow automatically. For example, a second edition of a Shakespeare play may include an addition alluding to an event known to have happened between the two editions. Although nearly all subsequent manuscripts may have included the addition, textual critics may reconstruct the original without the addition.",Why would someone prefer a second edition to a first edition?,a second edition of a Shakespeare play may include an addition alluding to an event known to have happened between the two editions
56d9e644dc89441400fdb8d3,Dog,"Dogs have lived and worked with humans in so many roles that they have earned the unique nickname, ""man's best friend"", a phrase used in other languages as well. They have been bred for herding livestock, hunting (e.g. pointers and hounds), rodent control, guarding, helping fishermen with nets, detection dogs, and pulling loads, in addition to their roles as companions. In 1957, a husky-terrier mix named Laika became the first animal to orbit the Earth.","What dog types, in the text, are used for hunting?",pointers and hounds
57306f658ab72b1400f9c4e8,Translation,"Mark Twain provided humorously telling evidence for the frequent unreliability of back-translation when he issued his own back-translation of a French translation of his short story, ""The Celebrated Jumping Frog of Calaveras County"". He published his back-translation in a 1903 volume together with his English-language original, the French translation, and a ""Private History of the 'Jumping Frog' Story"". The latter included a synopsized adaptation of his story that Twain stated had appeared, unattributed to Twain, in a Professor Sidgwick’s Greek Prose Composition (p. 116) under the title, ""The Athenian and the Frog""; the adaptation had for a time been taken for an independent ancient Greek precursor to Twain's ""Jumping Frog"" story.",What had been thought for a while to be an independent ancient Greek precursor to Twain's story?,"""The Athenian and the Frog"""
57323c0ce99e3014001e65bc,Pacific_War,"On 20 October 1944 the U.S. Sixth Army, supported by naval and air bombardment, landed on the favorable eastern shore of Leyte, north of Mindanao. The U.S. Sixth Army continued its advance from the east, as the Japanese rushed reinforcements to the Ormoc Bay area on the western side of the island. While the Sixth Army was reinforced successfully, the U.S. Fifth Air Force was able to devastate the Japanese attempts to resupply. In torrential rains and over difficult terrain, the advance continued across Leyte and the neighboring island of Samar to the north. On 7 December U.S. Army units landed at Ormoc Bay and, after a major land and air battle, cut off the Japanese ability to reinforce and supply Leyte. Although fierce fighting continued on Leyte for months, the U.S. Army was in control.",When did the U.S. Sixth Army land on the eastern shore of Leyte?,20 October 1944
5727c1064b864d1900163c87,On_the_Origin_of_Species,"Darwin discusses morphology, including the importance of homologous structures. He says, ""What can be more curious than that the hand of a man, formed for grasping, that of a mole for digging, the leg of the horse, the paddle of the porpoise, and the wing of the bat, should all be constructed on the same pattern, and should include the same bones, in the same relative positions?"" He notes that animals of the same class often have extremely similar embryos. Darwin discusses rudimentary organs, such as the wings of flightless birds and the rudiments of pelvis and leg bones found in some snakes. He remarks that some rudimentary organs, such as teeth in baleen whales, are found only in embryonic stages.",What are some examples of rudimentary organs that Darwin discusses in the chapter?,e wings of flightless birds and the rudiments of pelvis and leg bones found in some snakes
5706a1ad75f01819005e7c7e,New_Delhi,"The India Gate built in 1931 was inspired by the Arc de Triomphe in Paris. It is the national monument of India commemorating the 90,000 soldiers of the Indian Army who lost their lives while fighting for the British Raj in World War I and the Third Anglo-Afghan War.",The India Gate commemorates the lost soldiers of what army?,Indian Army
57284c3d4b864d19001648ec,History_of_India,"Many smaller clans mentioned within early literature seem to have been present across the rest of the subcontinent. Some of these kings were hereditary; other states elected their rulers. Early ""republics"" such as the Vajji (or Vriji) confederation centered in the city of Vaishali, existed as early as the 6th century BCE and persisted in some areas until the 4th century CE. The educated speech at that time was Sanskrit, while the languages of the general population of northern India are referred to as Prakrits. Many of the sixteen kingdoms had coalesced to four major ones by 500/400 BCE, by the time of Gautama Buddha. These four were Vatsa, Avanti, Kosala, and Magadha. The Life of Gautam Budhha was mainly associated with these four kingdoms.",Where was the Vajji confederation located?,Vaishali
572b3577f75d5e190021fd11,Empiricism,"A generation later, the Irish Anglican bishop, George Berkeley (1685–1753), determined that Locke's view immediately opened a door that would lead to eventual atheism. In response to Locke, he put forth in his Treatise Concerning the Principles of Human Knowledge (1710) an important challenge to empiricism in which things only exist either as a result of their being perceived, or by virtue of the fact that they are an entity doing the perceiving. (For Berkeley, God fills in for humans by doing the perceiving whenever humans are not around to do it.) In his text Alciphron, Berkeley maintained that any order humans may see in nature is the language or handwriting of God. Berkeley's approach to empiricism would later come to be called subjective idealism.",When was 'Treatise Concerning the Principles of Human Knowledge' published?,1710
57321a39e99e3014001e651c,Bird,"Birds have featured in culture and art since prehistoric times, when they were represented in early cave paintings. Some birds have been perceived as monsters, including the mythological Roc and the Māori's legendary Pouākai, a giant bird capable of snatching humans. Birds were later used as symbols of power, as in the magnificent Peacock Throne of the Mughal and Persian emperors. With the advent of scientific interest in birds, many paintings of birds were commissioned for books. Among the most famous of these bird artists was John James Audubon, whose paintings of North American birds were a great commercial success in Europe and who later lent his name to the National Audubon Society. Birds are also important figures in poetry; for example, Homer incorporated nightingales into his Odyssey, and Catullus used a sparrow as an erotic symbol in his Catullus 2. The relationship between an albatross and a sailor is the central theme of Samuel Taylor Coleridge's The Rime of the Ancient Mariner, which led to the use of the term as a metaphor for a 'burden'. Other English metaphors derive from birds; vulture funds and vulture investors, for instance, take their name from the scavenging vulture.",When were birds represented in early cave paintings?,since prehistoric times
572845efff5b5019007da098,History_of_India,"The Kuru kingdom was the first state-level society of the Vedic period, corresponding to the beginning of the Iron Age in northwestern India, around 1200 – 800 BCE, as well as with the composition of the Atharvaveda (the first Indian text to mention iron, as śyāma ayas, literally ""black metal""). The Kuru state organized the Vedic hymns into collections, and developed the orthodox srauta ritual to uphold the social order. When the Kuru kingdom declined, the center of Vedic culture shifted to their eastern neighbours, the Panchala kingdom. The archaeological Painted Grey Ware culture, which flourished in the Haryana and western Uttar Pradesh regions of northern India from about 1100 to 600 BCE, is believed to correspond to the Kuru and Panchala kingdoms.","When the Kuru kingdom declined, to what kingdom did Vedic culture go?",Panchala
572ac63e34ae481900deacd0,John_Kerry,"In the State Department, Kerry quickly earned a reputation ""for being aloof, keeping to himself, and not bothering to read staff memos."" Career State Department officials have complained that power has become too centralized under Kerry's leadership, which slows department operations when Kerry is on one of his frequent overseas trips. Others in State describe Kerry as having ""a kind of diplomatic attention deficit disorder"" as he shifts from topic to topic instead of focusing on long-term strategy. When asked whether he was traveling too much, he responded, ""Hell no. I'm not slowing down."" Despite Kerry's early achievements, morale at State is lower than under Hillary Clinton according to department employees. However, after Kerry's first six months in the State Department, a Gallup poll found he had high approval ratings among Americans as Secretary of State. After a year, another poll showed Kerry's favorability continued to rise. Less than two years into Kerry's term, the Foreign Policy Magazine's 2014 Ivory Tower survey of international relations scholars asked, ""Who was the most effective U.S. Secretary of State in the past 50 years?""; John Kerry and Lawrence Eagleburger tied for 11th place out of the 15 confirmed Secretaries of State in that period.",Who published the Ivory Tower Survey?,Foreign Policy Magazine
5727eaf0ff5b5019007d987d,Cork_(city),"There are a variety of watersports in Cork, including rowing and sailing. There are five rowing clubs training on the river Lee, including Shandon BC, UCC RC, Pres RC, Lee RC, and Cork BC. Naomhóga Chorcaí is a rowing club whose members row traditional naomhóga on the Lee in occasional competitions. The ""Ocean to City"" race has been held annually since 2005, and attracts teams and boats from local and visiting clubs who row the 24 kilometres (15 mi) from Crosshaven into Cork city centre. The decision to move the National Rowing Center to Inniscarra has boosted numbers involved in the sport.[citation needed] Cork's maritime sailing heritage is maintained through its sailing clubs. The Royal Cork Yacht Club located in Crosshaven (outside the city) is the world's oldest yacht club, and ""Cork Week"" is a notable sailing event.",How many rowing clubs are in Cork?,five
56e1a498e3433e1400423078,Hydrogen,"Hydrogen is not an energy resource, except in the hypothetical context of commercial nuclear fusion power plants using deuterium or tritium, a technology presently far from development. The Sun's energy comes from nuclear fusion of hydrogen, but this process is difficult to achieve controllably on Earth. Elemental hydrogen from solar, biological, or electrical sources require more energy to make it than is obtained by burning it, so in these cases hydrogen functions as an energy carrier, like a battery. Hydrogen may be obtained from fossil sources (such as methane), but these sources are unsustainable.",How does hydrogen function when it s burned?,energy carrier
57267902dd62a815002e864b,Data_compression,"The Lempel–Ziv (LZ) compression methods are among the most popular algorithms for lossless storage. DEFLATE is a variation on LZ optimized for decompression speed and compression ratio, but compression can be slow. DEFLATE is used in PKZIP, Gzip and PNG. LZW (Lempel–Ziv–Welch) is used in GIF images. Also noteworthy is the LZR (Lempel-Ziv–Renau) algorithm, which serves as the basis for the Zip method.[citation needed] LZ methods use a table-based compression model where table entries are substituted for repeated strings of data. For most LZ methods, this table is generated dynamically from earlier data in the input. The table itself is often Huffman encoded (e.g. SHRI, LZX). Current LZ-based coding schemes that perform well are Brotli and LZX. LZX is used in Microsoft's CAB format.",What is a current LZ based coding scheme that does well?,Brotli
56de5ef44396321400ee2862,Institute_of_technology,"Institutes of technology in Venezuela were developed in the 1950s as an option for post-secondary education in technical and scientific courses, after the polytechnic French concepts. At that time, technical education was considered essential for the development of a sound middle class economy.",When did Venezuela begin to create institutes of technology?,1950s
572f958ca23a5019007fc7b8,Transistor,"The bipolar junction transistor (BJT) was the most commonly used transistor in the 1960s and 70s. Even after MOSFETs became widely available, the BJT remained the transistor of choice for many analog circuits such as amplifiers because of their greater linearity and ease of manufacture. In integrated circuits, the desirable properties of MOSFETs allowed them to capture nearly all market share for digital circuits. Discrete MOSFETs can be applied in transistor applications, including analog circuits, voltage regulators, amplifiers, power transmitters and motor drivers.",Why were BJTs so popular?,their greater linearity and ease of manufacture
570a58a06d058f1900182d74,Imperial_College_London,"The Great Exhibition was organised by Prince Albert, Henry Cole, Francis Fuller and other members of the Royal Society for the Encouragement of Arts, Manufactures and Commerce. The Great Exhibition made a surplus of £186,000 used in creating an area in the South of Kensington celebrating the encouragement of the arts, industry, and science. Albert insisted the Great Exhibition surplus should be used as a home for culture and education for everyone. His commitment was to find practical solutions to today's social challenges. Prince Albert's vision built the Victoria and Albert Museum, Science Museum, Natural History Museum, Geological Museum, Royal College of Science, Royal College of Art, Royal School of Mines, Royal School of Music, Royal College of Organists, Royal School of Needlework, Royal Geographical Society, Institute of Recorded Sound, Royal Horticultural Gardens, Royal Albert Hall and the Imperial Institute. Royal colleges and the Imperial Institute merged to form what is now Imperial College London.",What did the Royal colleges and Imperial Institute form when they merged?,Imperial College London
572996166aef051400154ff2,Serbo-Croatian,"Comparative and historical linguistics offers some clues for memorising the accent position: If one compares many standard Serbo-Croatian words to e.g. cognate Russian words, the accent in the Serbo-Croatian word will be one syllable before the one in the Russian word, with the rising tone. Historically, the rising tone appeared when the place of the accent shifted to the preceding syllable (the so-called ""Neoshtokavian retraction""), but the quality of this new accent was different – its melody still ""gravitated"" towards the original syllable. Most Shtokavian dialects (Neoshtokavian) dialects underwent this shift, but Chakavian, Kajkavian and the Old Shtokavian dialects did not.",What is the term used when shifing the acent to the next preceding syllable?,"""Neoshtokavian retraction"""
57294ab76aef051400154c71,Bermuda,"The war had removed Bermuda's primary trading partners, the American colonies, from the empire, and dealt a harsh blow to Bermuda's merchant shipping trade. This also suffered due to the deforestation of Bermuda, as well as the advent of metal ships and steam propulsion, for which it did not have raw materials. During the course of the following War of 1812, the primary market for Bermuda's salt disappeared as the Americans developed their own sources. Control of the Turks had passed to the Bahamas in 1819.",What is a factor that hurt Bermuda's merchant shipping?,deforestation
5727816ddd62a815002e9ef3,Switzerland,"Thus, while the rest of Europe saw revolutionary uprisings, the Swiss drew up a constitution which provided for a federal layout, much of it inspired by the American example. This constitution provided for a central authority while leaving the cantons the right to self-government on local issues. Giving credit to those who favoured the power of the cantons (the Sonderbund Kantone), the national assembly was divided between an upper house (the Council of States, two representatives per canton) and a lower house (the National Council, with representatives elected from across the country). Referenda were made mandatory for any amendment of this constitution.","Under the new Swiss constitution, what did the cantons have the right to self-govern?",local issues
5728f2282ca10214002dab00,Samurai,"Emperor Meiji abolished the samurai's right to be the only armed force in favor of a more modern, western-style, conscripted army in 1873. Samurai became Shizoku (士族) who retained some of their salaries, but the right to wear a katana in public was eventually abolished along with the right to execute commoners who paid them disrespect. The samurai finally came to an end after hundreds of years of enjoyment of their status, their powers, and their ability to shape the government of Japan. However, the rule of the state by the military class was not yet over. In defining how a modern Japan should be, members of the Meiji government decided to follow the footsteps of the United Kingdom and Germany, basing the country on the concept of noblesse oblige. Samurai were not a political force under the new order. With the Meiji reforms in the late 19th century, the samurai class was abolished, and a western-style national army was established. The Imperial Japanese Armies were conscripted, but many samurai volunteered as soldiers, and many advanced to be trained as officers. Much of the Imperial Army officer class was of samurai origin, and were highly motivated, disciplined, and exceptionally trained.",Who established a western-style army in Japan?,Emperor Meiji
5725b89c89a1e219009abd70,Israel,"On 15 May 1947, the General Assembly of the newly formed United Nations resolved that a committee, United Nations Special Committee on Palestine (UNSCOP), be created ""to prepare for consideration at the next regular session of the Assembly a report on the question of Palestine"". In the Report of the Committee dated 3 September 1947 to the UN General Assembly, the majority of the Committee in Chapter VI proposed a plan to replace the British Mandate with ""an independent Arab State, an independent Jewish State, and the City of Jerusalem ... the last to be under an International Trusteeship System"". On 29 November 1947, the General Assembly adopted a resolution recommending the adoption and implementation of the Plan of Partition with Economic Union as Resolution 181 (II). The Plan attached to the resolution was essentially that proposed by the majority of the Committee in the Report of 3 September 1947.",What is the UNSCOP?,United Nations Special Committee on Palestine
572cb2d3750c471900ed4cd6,Law_of_the_United_States,"As federal judge Alex Kozinski has pointed out, binding precedent as we know it today simply did not exist at the time the Constitution was framed. Judicial decisions were not consistently, accurately, and faithfully reported on both sides of the Atlantic (reporters often simply rewrote or failed to publish decisions which they disliked), and the United Kingdom lacked a coherent court hierarchy prior to the end of the 19th century. Furthermore, English judges in the eighteenth century subscribed to now-obsolete natural law theories of law, by which law was believed to have an existence independent of what individual judges said. Judges saw themselves as merely declaring the law which had always theoretically existed, and not as making the law. Therefore, a judge could reject another judge's opinion as simply an incorrect statement of the law, in the way that scientists regularly reject each other's conclusions as incorrect statements of the laws of science.",Who has noted that binding precedent did not exist when the Constitution was written?,federal judge Alex Kozinski
5727f4f83acd2414000df0c3,Pope_John_XXIII,"Roncalli was elected pope on 28 October 1958 at age 76 after 11 ballots. His selection was unexpected, and Roncalli himself had come to Rome with a return train ticket to Venice. He was the first pope to take the pontifical name of ""John"" upon election in more than 500 years, and his choice settled the complicated question of official numbering attached to this papal name due to the antipope of this name. Pope John XXIII surprised those who expected him to be a caretaker pope by calling the historic Second Vatican Council (1962–65), the first session opening on 11 October 1962. His passionate views on equality were summed up in his famous statement, ""We were all made in God's image, and thus, we are all Godly alike."" John XXIII made many passionate speeches during his pontificate, one of which was on the day that he opened the Second Vatican Council in the middle of the night to the crowd gathered in St. Peter's Square: ""Dear children, returning home, you will find children: give your children a hug and say: This is a hug from the Pope!""",How old was Roncalli when elected pope?,76
572bdd2e2babe914003c2961,Tennessee,"Stretching west from the Blue Ridge for approximately 55 miles (89 km) is the Ridge and Valley region, in which numerous tributaries join to form the Tennessee River in the Tennessee Valley. This area of Tennessee is covered by fertile valleys separated by wooded ridges, such as Bays Mountain and Clinch Mountain. The western section of the Tennessee Valley, where the depressions become broader and the ridges become lower, is called the Great Valley. In this valley are numerous towns and two of the region's three urban areas, Knoxville, the 3rd largest city in the state, and Chattanooga, the 4th largest city in the state. The third urban area, the Tri-Cities, comprising Bristol, Johnson City, and Kingsport and their environs, is located to the northeast of Knoxville.","Together, Bristol, Johnson City, and Kingsport are known by what name?",the Tri-Cities
56fa84e7f34c681400b0c0de,High-definition_television,"Despite delays in some countries, the number of European HD channels and viewers has risen steadily since the first HDTV broadcasts, with SES's annual Satellite Monitor market survey for 2010 reporting more than 200 commercial channels broadcasting in HD from Astra satellites, 185 million HD capable TVs sold in Europe (£60 million in 2010 alone), and 20 million households (27% of all European digital satellite TV homes) watching HD satellite broadcasts (16 million via Astra satellites).","According to the 2010 Satellite Monitor market survey, how many European households were watching HD broadcasts? ",20 million
572a5da0fed8de19000d5bac,Diarrhea,"Poverty is a good indicator of the rate of infectious diarrhea in a population. This association does not stem from poverty itself, but rather from the conditions under which impoverished people live. The absence of certain resources compromises the ability of the poor to defend themselves against infectious diarrhea. ""Poverty is associated with poor housing, crowding, dirt floors, lack of access to clean water or to sanitary disposal of fecal waste (sanitation), cohabitation with domestic animals that may carry human pathogens, and a lack of refrigerated storage for food, all of which increase the frequency of diarrhea... Poverty also restricts the ability to provide age-appropriate, nutritionally balanced diets or to modify diets when diarrhea develops so as to mitigate and repair nutrient losses. The impact is exacerbated by the lack of adequate, available, and affordable medical care.""",Why does living in poverty raise your risk of diarrhea?,from the conditions under which impoverished people live
57267c335951b619008f7457,Chicago_Cubs,"On November 2, 2014, the Cubs announced that Joe Maddon had signed a five-year contract to be the 54th manager in team history. On December 10, 2014, Maddon announced that the team had signed free agent Jon Lester to a 6-year, $155 million contract. Many other trades and acquisitions occurred during the off season. The opening day lineup for the Cubs contained five new players including rookie right fielder Jorge Soler. Rookies Kris Bryant and Addison Russell were in the starting lineup by mid-April, and rookie Kyle Schwarber was added in mid-June. The Cubs finished the 2015 season with a record of 97–65, third best in the majors. On October 7, in the 2015 National League Wild Card Game, Jake Arrieta pitched a complete game shutout and the Cubs defeated the Pittsburgh Pirates 4–0.",When did the Cubs announce that Joe Maddon had signed a five-year contract to be the 54th manager?,"November 2, 2014"
572fc024a23a5019007fc955,Premier_League,"The managing director of London Weekend Television (LWT), Greg Dyke, met with the representatives of the ""big five"" football clubs in England in 1990. The meeting was to pave the way for a break away from The Football League. Dyke believed that it would be more lucrative for LWT if only the larger clubs in the country were featured on national television and wanted to establish whether the clubs would be interested in a larger share of television rights money. The five clubs decided it was a good idea and decided to press ahead with it; however, the league would have no credibility without the backing of The Football Association and so David Dein of Arsenal held talks to see whether the FA were receptive to the idea. The FA did not enjoy an amicable relationship with the Football League at the time and considered it as a way to weaken the Football League's position.",Why did Greg Dyke of London Weekend Television meet with representatives of the biggest five English football clubs in 1990?,The meeting was to pave the way for a break away from The Football League.
56fae2a48f12f31900630239,Somalis,The exact number of speakers of Somali is unknown. One source estimates that there are 7.78 million speakers of Somali in Somalia itself and 12.65 million speakers globally. The Somali language is spoken by ethnic Somalis in Greater Somalia and the Somali diaspora.,"Along with Greater Somalia ethnic Somalis, who speaks Somali?",the Somali diaspora
56df644096943c1400a5d4ce,Oklahoma_City,"The American Banjo Museum located in the Bricktown Entertainment district is dedicated to preserving and promoting the music and heritage of America's native musical instrument – the banjo. With a collection valued at $3.5 million it is truly a national treasure. An interpretive exhibits tells the evolution of the banjo from its humble roots in American slavery, to bluegrass, to folk and world music.",How much is the collection worth in the museum?,$3.5 million
570d67b0fed7b91900d46003,Valencia,"Valencia stands on the banks of the Turia River, located on the eastern coast of the Iberian Peninsula and the western part of the Mediterranean Sea, fronting the Gulf of Valencia. At its founding by the Romans, it stood on a river island in the Turia, 6.4 km (4 mi) from the sea. The Albufera, a freshwater lagoon and estuary about 11 km (7 mi) south of the city, is one of the largest lakes in Spain. The City Council bought the lake from the Crown of Spain for 1,072,980 pesetas in 1911, and today it forms the main portion of the Parc Natural de l'Albufera (Albufera Nature Reserve), with a surface area of 21,120 hectares (52,200 acres). In 1986, because of its cultural, historical, and ecological value, the Generalitat Valenciana declared it a natural park.",How far from the sea was Valencia when it was founded?,6.4 km
5725bbb1ec44d21400f3d48f,Hellenistic_period,"Philip II was a strong and expansionist king and he took every opportunity to expand Macedonian territory. In 352 BC he annexed Thessaly and Magnesia. In 338 BC, Philip defeated a combined Theban and Athenian army at the Battle of Chaeronea after a decade of desultory conflict. In the aftermath, Philip formed the League of Corinth, effectively bringing the majority of Greece under his direct sway. He was elected Hegemon of the league, and a campaign against the Achaemenid Empire of Persia was planned. However, while this campaign was in its early stages, he was assassinated.",When did King Philip the II annex Thessaly and Magnesia?,352 BC
572e8ce903f9891900756775,Canadian_football,"Penalties never result in a score for the offence. For example, a point-of-foul infraction committed by the defence in their end zone is not ruled a touchdown, but instead advances the ball to the one-yard line with an automatic first down. For a distance penalty, if the yardage is greater than half the distance to the goal line, then the ball is advanced half the distance to the goal line, though only up to the one-yard line (unlike American football, in Canadian football no scrimmage may start inside either one-yard line). If the original penalty yardage would have resulted in a first down or moving the ball past the goal line, a first down is awarded.",Where is the ball placed when a defensive penalty is committed in their own end zone?,one-yard line
5726ebefdd62a815002e9551,History_of_science,"The English word scientist is relatively recent—first coined by William Whewell in the 19th century. Previously, people investigating nature called themselves natural philosophers. While empirical investigations of the natural world have been described since classical antiquity (for example, by Thales, Aristotle, and others), and scientific methods have been employed since the Middle Ages (for example, by Ibn al-Haytham, and Roger Bacon), the dawn of modern science is often traced back to the early modern period and in particular to the scientific revolution that took place in 16th- and 17th-century Europe. Scientific methods are considered to be so fundamental to modern science that some consider earlier inquiries into nature to be pre-scientific. Traditionally, historians of science have defined science sufficiently broadly to include those inquiries.","When was the word ""scientist"" created?",19th century
5727cc384b864d1900163d52,Oklahoma,"The name Oklahoma comes from the Choctaw phrase okla humma, literally meaning red people. Choctaw Chief Allen Wright suggested the name in 1866 during treaty negotiations with the federal government regarding the use of Indian Territory, in which he envisioned an all-Indian state controlled by the United States Superintendent of Indian Affairs. Equivalent to the English word Indian, okla humma was a phrase in the Choctaw language used to describe Native American people as a whole. Oklahoma later became the de facto name for Oklahoma Territory, and it was officially approved in 1890, two years after the area was opened to white settlers.",When was the name Oklahoma made official?,1890
570ffb75b654c5140001f714,Capital_punishment_in_the_United_States,"Traditionally, Section 1983 was of limited use for a state prisoner under sentence of death because the Supreme Court has held that habeas corpus, not Section 1983, is the only vehicle by which a state prisoner can challenge his judgment of death. In the 2006 Hill v. McDonough case, however, the United States Supreme Court approved the use of Section 1983 as a vehicle for challenging a state's method of execution as cruel and unusual punishment in violation of the Eighth Amendment. The theory is that a prisoner bringing such a challenge is not attacking directly his judgment of death, but rather the means by which that the judgment will be carried out. Therefore, the Supreme Court held in the Hill case that a prisoner can use Section 1983 rather than habeas corpus to bring the lawsuit. Yet, as Clarence Hill's own case shows, lower federal courts have often refused to hear suits challenging methods of execution on the ground that the prisoner brought the claim too late and only for the purposes of delay. Further, the Court's decision in Baze v. Rees, upholding a lethal injection method used by many states, has drastically narrowed the opportunity for relief through Section 1983.",What case notably upheld the use of a method of lethal injection?,Baze v. Rees
573409114776f4190066175f,"Tucson,_Arizona","Tucson was probably first visited by Paleo-Indians, known to have been in southern Arizona about 12,000 years ago. Recent archaeological excavations near the Santa Cruz River have located a village site dating from 2100 BC.[citation needed] The floodplain of the Santa Cruz River was extensively farmed during the Early Agricultural period, circa 1200 BC to AD 150. These people constructed irrigation canals and grew corn, beans, and other crops while gathering wild plants and hunting. The Early Ceramic period occupation of Tucson saw the first extensive use of pottery vessels for cooking and storage. The groups designated as the Hohokam lived in the area from AD 600 to 1450 and are known for their vast irrigation canal systems and their red-on-brown pottery.[citation needed]",How long ago were Paleo-Indians known to be in the Tucson area?,"about 12,000 years ago"
572f9b7f947a6a140053cac0,Washington_University_in_St._Louis,"The process of desegregation at Washington University began in 1947 with the School of Medicine and the School of Social Work. During the mid and late 1940s, the University was the target of critical editorials in the local African American press, letter-writing campaigns by churches and the local Urban League, and legal briefs by the NAACP intended to strip its tax-exempt status. In spring 1949, a Washington University student group, the Student Committee for the Admission of Negroes (SCAN), began campaigning for full racial integration. In May 1952, the Board of Trustees passed a resolution desegregating the school's undergraduate divisions.",When did Washington University begin desegregation?,1947
5731514505b4da19006bd03f,Mosaic,"After 539 Ravenna was reconquered by the Romans in the form of the Eastern Roman Empire (Byzantine Empire) and became the seat of the Exarchate of Ravenna. The greatest development of Christian mosaics unfolded in the second half of the 6th century. Outstanding examples of Byzantine mosaic art are the later phase mosaics in the Basilica of San Vitale and Basilica of Sant'Apollinare Nuovo. The mosaic depicting Emperor Saint Justinian I and Empress Theodora in the Basilica of San Vitale were executed shortly after the Byzantine conquest. The mosaics of the Basilica of Sant'Apollinare in Classe were made around 549. The anti-Arian theme is obvious in the apse mosaic of San Michele in Affricisco, executed in 545–547 (largely destroyed; the remains in Berlin).",When did the biggest achievement in Christian mosaics take place?,the second half of the 6th century
5727bfec2ca10214002d955e,On_the_Origin_of_Species,"Chapter XI deals with evidence from biogeography, starting with the observation that differences in flora and fauna from separate regions cannot be explained by environmental differences alone; South America, Africa, and Australia all have regions with similar climates at similar latitudes, but those regions have very different plants and animals. The species found in one area of a continent are more closely allied with species found in other regions of that same continent than to species found on other continents. Darwin noted that barriers to migration played an important role in the differences between the species of different regions. The coastal sea life of the Atlantic and Pacific sides of Central America had almost no species in common even though the Isthmus of Panama was only a few miles wide. His explanation was a combination of migration and descent with modification. He went on to say: ""On this principle of inheritance with modification, we can understand how it is that sections of genera, whole genera, and even families are confined to the same areas, as is so commonly and notoriously the case."" Darwin explained how a volcanic island formed a few hundred miles from a continent might be colonised by a few species from that continent. These species would become modified over time, but would still be related to species found on the continent, and Darwin observed that this was a common pattern. Darwin discussed ways that species could be dispersed across oceans to colonise islands, many of which he had investigated experimentally.",Why couldn't differences in flora and fauna be explained by differences in regions alone?,"South America, Africa, and Australia all have regions with similar climates at similar latitudes, but those regions have very different plants and animals"
5723f5dc0dadf01500fa1fc5,Queen_Victoria,"At birth, Victoria was fifth in the line of succession after her father and his three older brothers: the Prince Regent, the Duke of York, and the Duke of Clarence (later William IV). The Prince Regent and the Duke of York were estranged from their wives, who were both past child-bearing age, so the two eldest brothers were unlikely to have any further children. The Dukes of Kent and Clarence married on the same day 12 months before Victoria's birth, but both of Clarence's daughters (born in 1819 and 1820 respectively) died as infants. Victoria's grandfather and father died in 1820, within a week of each other, and the Duke of York died in 1827. On the death of her uncle George IV in 1830, Victoria became heiress presumptive to her next surviving uncle, William IV. The Regency Act 1830 made special provision for the Duchess of Kent to act as regent in case William died while Victoria was still a minor. King William distrusted the Duchess's capacity to be regent, and in 1836 declared in her presence that he wanted to live until Victoria's 18th birthday, so that a regency could be avoided.",What was th elength of time between the deaths of Victoria's father and grandfather?,within a week of each other
56f9e38a9e9bad19000a0b3a,High-definition_television,"In 1979, the Japanese state broadcaster NHK first developed consumer high-definition television with a 5:3 display aspect ratio. The system, known as Hi-Vision or MUSE after its Multiple sub-Nyquist sampling encoding for encoding the signal, required about twice the bandwidth of the existing NTSC system but provided about four times the resolution (1080i/1125 lines). Satellite test broadcasts started in 1989, with regular testing starting in 1991 and regular broadcasting of BS-9ch commencing on November 25, 1994, which featured commercial and NHK programming.",When did regular broadcasting of BS-9ch start?,"November 25, 1994"
57278080708984140094df4a,Nonprofit_organization,"In Australia, nonprofit organisations include trade unions, charitable entities, co-operatives, universities and hospitals, mutual societies, grass-root and support groups, political parties, religious groups, incorporated associations, not-for-profit companies, trusts and more. Furthermore, they operate across a multitude of domains and industries, from health, employment, disability and other human services to local sporting clubs, credit unions and research institutes. A nonprofit organisation in Australia can choose from a number of legal forms depending on the needs and activities of the organisation: co-operative, company limited by guarantee, unincorporated association, incorporated association (by the Associations Incorporation Act 1985) or incorporated association or council (by the Commonwealth Aboriginal Councils and Associations Act 1976). From an academic perspective, social enterprise is for the most part considered a sub-set of the nonprofit sector as typically they too are concerned with a purpose relating to a public good, however these are not bound to adhere to a nonprofit legal structure and many incorporate and operate as for-profit entities.",When was the Commonwealth Aboriginal Councils and Associations Act adopted?,1976
572e9584dfa6aa1500f8d196,Elevator,"Historically, AC motors were used for single or double speed elevator machines on the grounds of cost and lower usage applications where car speed and passenger comfort were less of an issue, but for higher speed, larger capacity elevators, the need for infinitely variable speed control over the traction machine becomes an issue. Therefore, DC machines powered by an AC/DC motor generator were the preferred solution. The MG set also typically powered the relay controller of the elevator, which has the added advantage of electrically isolating the elevators from the rest of a building's electrical system, thus eliminating the transient power spikes in the building's electrical supply caused by the motors starting and stopping (causing lighting to dim every time the elevators are used for example), as well as interference to other electrical equipment caused by the arcing of the relay contactors in the control system.",Why were AC motors used?,cost and lower usage applications where car speed and passenger comfort were less of an issue
57310f4ae6313a140071cbcb,Great_power,"The victorious great powers also gained an acknowledgement of their status through permanent seats at the League of Nations Council, where they acted as a type of executive body directing the Assembly of the League. However, the Council began with only four permanent members—the United Kingdom, France, Italy, and Japan—because the United States, meant to be the fifth permanent member, left because the US Senate voted on 19 March 1920 against the ratification of the Treaty of Versailles, thus preventing American participation in the League.",Why was United Stated excluded from League of Nations Council?,"against the ratification of the Treaty of Versailles, thus preventing American participation in the League"
5726128a89a1e219009ac1ea,Clothing,"In some societies, clothing may be used to indicate rank or status. In ancient Rome, for example, only senators could wear garments dyed with Tyrian purple. In traditional Hawaiian society, only high-ranking chiefs could wear feather cloaks and palaoa, or carved whale teeth. Under the Travancore Kingdom of Kerala, (India), lower caste women had to pay a tax for the right to cover their upper body. In China, before establishment of the republic, only the emperor could wear yellow. History provides many examples of elaborate sumptuary laws that regulated what people could wear. In societies without such laws, which includes most modern societies, social status is instead signaled by the purchase of rare or luxury items that are limited by cost to those with wealth or status. In addition, peer pressure influences clothing choice.",Who was allowed to wear gamrents dyed with Tyrian purple in ancient Rome?,senators
5727cc4f2ca10214002d9695,Gramophone_record,"The mid-1970s saw the introduction of dbx-encoded records, again for the audiophile niche market. These were completely incompatible with standard record playback preamplifiers, relying on the dbx compandor encoding/decoding scheme to greatly increase dynamic range (dbx encoded disks were recorded with the dynamic range compressed by a factor of two in dB: quiet sounds were meant to be played back at low gain and loud sounds were meant to be played back at high gain, via automatic gain control in the playback equipment; this reduced the effect of surface noise on quiet passages). A similar and very short-lived scheme involved using the CBS-developed ""CX"" noise reduction encoding/decoding scheme.",When were DBX recordings released?,mid-1970s
57296a8baf94a219006aa3d0,Palermo,"The cathedral has a heliometer (solar ""observatory"") of 1690, one of a number built in Italy in the 17th and 18th centuries. The device itself is quite simple: a tiny hole in one of the minor domes acts as pinhole camera, projecting an image of the sun onto the floor at solar noon (12:00 in winter, 13:00 in summer). There is a bronze line, la Meridiana on the floor, running precisely N/S. The ends of the line mark the positions as at the summer and winter solstices; signs of the zodiac show the various other dates throughout the year.",What image is projected on the floor of the heliometer?,the sun
572f42c2947a6a140053c821,Railway_electrification_system,"The key advantage of the four-rail system is that neither running rail carries any current. This scheme was introduced because of the problems of return currents, intended to be carried by the earthed (grounded) running rail, flowing through the iron tunnel linings instead. This can cause electrolytic damage and even arcing if the tunnel segments are not electrically bonded together. The problem was exacerbated because the return current also had a tendency to flow through nearby iron pipes forming the water and gas mains. Some of these, particularly Victorian mains that predated London's underground railways, were not constructed to carry currents and had no adequate electrical bonding between pipe segments. The four-rail system solves the problem. Although the supply has an artificially created earth point, this connection is derived by using resistors which ensures that stray earth currents are kept to manageable levels. Power-only rails can be mounted on strongly insulating ceramic chairs to minimise current leak, but this is not possible for running rails which have to be seated on stronger metal chairs to carry the weight of trains. However, elastomeric rubber pads placed between the rails and chairs can now solve part of the problem by insulating the running rails from the current return should there be a leakage through the running rails.",How are stray earth currents kept to a manageable levels? ,by using resistors
56e79e5c37bdd419002c425f,Arena_Football_League,"Because of the sudden loss of the New Orleans franchise, the league announced in October that the beginning of the free agency period would be delayed in order to accommodate a dispersal draft. Dates were eventually announced as December 2 for the dispersal draft and December 4 for free agency, but shortly before the draft the league issued a press release announcing the draft had been postponed one day to December 3. Shortly thereafter, another press release announced that the draft would be held on December 9 and free agency would commence on December 11. However, the draft still never took place, and instead another press release was issued stating that both the draft and free agency had been postponed indefinitely. Rumors began circulating that the league was in trouble and on the verge of folding, but owners denied those claims. It was soon revealed the players' union had agreed to cut the salary cap for the 2009 season to prevent a total cessation of operations. However, the announced Platinum Equity investment never materialized.","After the second delay, when was the dispersal draft schedule to occur?",December 9
56f993459e9bad19000a0afd,Zhejiang,"Since ancient times, north Zhejiang and neighbouring south Jiangsu have been famed for their prosperity and opulence[citation needed], and simply inserting north Zhejiang place names (Hangzhou, Jiaxing, etc.) into poetry gave an effect of dreaminess, a practice followed by many noted poets. In particular, the fame of Hangzhou (as well as Suzhou in neighbouring Jiangsu province) has led to the popular saying: ""Above there is heaven; below there is Suzhou and Hangzhou"" (上有天堂，下有苏杭), a saying that continues to be a source of pride for the people of these two still prosperous cities.",North Zhejiang and south Jiangsu are famed for their opulence and what else?,prosperity
5709806e200fba14003680a7,Orthodox_Judaism,"Modern Orthodoxy comprises a fairly broad spectrum of movements, each drawing on several distinct though related philosophies, which in some combination have provided the basis for all variations of the movement today. In general, Modern Orthodoxy holds that Jewish law is normative and binding, while simultaneously attaching a positive value to interaction with contemporary society. In this view, Orthodox Judaism can ""be enriched"" by its intersection with modernity; further, ""modern society creates opportunities to be productive citizens engaged in the Divine work of transforming the world to benefit humanity"". At the same time, in order to preserve the integrity of halakha, any area of ""powerful inconsistency and conflict"" between Torah and modern culture must be avoided. Modern Orthodoxy, additionally, assigns a central role to the ""People of Israel"".",Who does Modern Orthodoxy assign a central role to?,People of Israel
57270a67dd62a815002e9849,Comcast,"In 1963, Ralph J. Roberts in conjunction with his two business partners, Daniel Aaron and Julian A. Brodsky, purchased American Cable Systems as a corporate spin-off from its parent, Jerrold Electronics, for US $500,000. At the time, American Cable was a small cable operator in Tupelo, Mississippi, with five channels and 12,000 customers. Storecast Corporation of America, a product placement supermarket specialist marketing firm, was purchased by American Cable in 1965. With Storecast being a Muzak client, American Cable purchased its first Muzak franchise of many in Orlando, Florida.",What city did American Cable Systems do business in?,"Tupelo, Mississippi"
57267adbf1498d1400e8e139,Carnival,"Traditionally a carnival feast was the last opportunity to eat well before the time of food shortage at the end of the winter during which one was limited to the minimum necessary. On what nowadays is called vastenavond (the days before fasting) all the remaining winter stores of lard, butter and meat which were left would be eaten, for it would soon start to rot and decay. The selected livestock had in fact already been slaughtered in November and the meat would be no longer preservable. All the food that had survived the winter had to be eaten to assure that everyone was fed enough to survive until the coming spring would provide new food sources.",Why were the winter stores of lard and meat eaten before fasting?,it would soon start to rot and decay
57304603b2c2fd1400568b53,Windows_8,"Retail distribution of Windows 8 has since been discontinued in favor of Windows 8.1. Unlike 8, 8.1 is available as ""full version software"" at both retail and online for download that does not require a previous version of Windows in order to be installed. Pricing for these new copies remain identical. With the retail release returning to full version software for Windows 8.1, the ""Personal Use License"" exemption was removed from the OEM SKU, meaning that end users building their own PCs for personal use must use the full retail version in order to satisfy the Windows 8.1 licensing requirements. Windows 8.1 with Bing is a special OEM-specific SKU of Windows 8.1 subsidized by Microsoft's Bing search engine.",What replaced Windows 8?,Windows 8.1
57277e3cf1498d1400e8f9b4,Crucifixion_of_Jesus,"In Mark 15:25 crucifixion takes place at the third hour (9 a.m.) and Jesus' death at the ninth hour (3 p.m.). However, in John 19:14 Jesus is still before Pilate at the sixth hour. Scholars have presented a number of arguments to deal with the issue, some suggesting a reconciliation, e.g., based on the use of Roman timekeeping in John but not in Mark, yet others have rejected the arguments. Several notable scholars have argued that the modern precision of marking the time of day should not be read back into the gospel accounts, written at a time when no standardization of timepieces, or exact recording of hours and minutes was available, and time was often approximated to the closest three-hour period.",Why do scholars say the times are different depending on the gospel it's written in?,based on the use of Roman timekeeping in John but not in Mark
573422a84776f4190066191d,Infection,"Microbiological culture is a principal tool used to diagnose infectious disease. In a microbial culture, a growth medium is provided for a specific agent. A sample taken from potentially diseased tissue or fluid is then tested for the presence of an infectious agent able to grow within that medium. Most pathogenic bacteria are easily grown on nutrient agar, a form of solid medium that supplies carbohydrates and proteins necessary for growth of a bacterium, along with copious amounts of water. A single bacterium will grow into a visible mound on the surface of the plate called a colony, which may be separated from other colonies or melded together into a ""lawn"". The size, color, shape and form of a colony is characteristic of the bacterial species, its specific genetic makeup (its strain), and the environment that supports its growth. Other ingredients are often added to the plate to aid in identification. Plates may contain substances that permit the growth of some bacteria and not others, or that change color in response to certain bacteria and not others. Bacteriological plates such as these are commonly used in the clinical identification of infectious bacterium. Microbial culture may also be used in the identification of viruses: the medium in this case being cells grown in culture that the virus can infect, and then alter or kill. In the case of viral identification, a region of dead cells results from viral growth, and is called a ""plaque"". Eukaryotic parasites may also be grown in culture as a means of identifying a particular agent.",What type of culture is a principal tool used to diagnose infectious disease?,Microbiological
56ce6aabaab44d1400b88775,To_Kill_a_Mockingbird,"The origin of Tom Robinson is less clear, although many have speculated that his character was inspired by several models. When Lee was 10 years old, a white woman near Monroeville accused a black man named Walter Lett of raping her. The story and the trial were covered by her father's newspaper which reported that Lett was convicted and sentenced to death. After a series of letters appeared claiming Lett had been falsely accused, his sentence was commuted to life in prison. He died there of tuberculosis in 1937. Scholars believe that Robinson's difficulties reflect the notorious case of the Scottsboro Boys, in which nine black men were convicted of raping two white women on negligible evidence. However, in 2005, Lee stated that she had in mind something less sensational, although the Scottsboro case served ""the same purpose"" to display Southern prejudices. Emmett Till, a black teenager who was murdered for flirting with a white woman in Mississippi in 1955, and whose death is credited as a catalyst for the Civil Rights Movement, is also considered a model for Tom Robinson.",At what age was Lee when a white woman accused a black guy of rape?,10
570aff9fec8fbc190045b7c6,Lancashire,"Lancashire has a long and highly productive tradition of music making. In the early modern era the county shared in the national tradition of balladry, including perhaps the finest border ballad, ""The Ballad of Chevy Chase"", thought to have been composed by the Lancashire-born minstrel Richard Sheale. The county was also a common location for folk songs, including ""The Lancashire Miller"", ""Warrington Ale"" and ""The soldier's farewell to Manchester"", while Liverpool, as a major seaport, was the subject of many sea shanties, including ""The Leaving of Liverpool"" and ""Maggie May"", beside several local Wassailing songs. In the Industrial Revolution changing social and economic patterns helped create new traditions and styles of folk song, often linked to migration and patterns of work. These included processional dances, often associated with rushbearing or the Wakes Week festivities, and types of step dance, most famously clog dancing.",What is Lancashire's long and productive tradition?,music making
56e8df710b45c0140094cd34,Westminster_Abbey,"The abbey was restored to the Benedictines under the Catholic Mary I of England, but they were again ejected under Elizabeth I in 1559. In 1560, Elizabeth re-established Westminster as a ""Royal Peculiar"" – a church of the Church of England responsible directly to the Sovereign, rather than to a diocesan bishop – and made it the Collegiate Church of St Peter (that is, a non-cathedral church with an attached chapter of canons, headed by a dean.) The last of Mary's abbots was made the first dean.",What was the new name of the abbey when Elizabeth I reestablished it?,Collegiate Church of St Peter
56d1179117492d1400aab90e,New_York_City,"New York City's public bus fleet is the largest in North America, and the Port Authority Bus Terminal, the main intercity bus terminal of the city, serves 7,000 buses and 200,000 commuters daily, making it the busiest bus station in the world.",What is New York's primary bus terminal?,Port Authority Bus Terminal
572b7d1b111d821400f38eb3,Zinc,"Roughly one quarter of all zinc output in the United States (2009), is consumed in the form of zinc compounds; a variety of which are used industrially. Zinc oxide is widely used as a white pigment in paints, and as a catalyst in the manufacture of rubber. It is also used as a heat disperser for the rubber and acts to protect its polymers from ultraviolet radiation (the same UV protection is conferred to plastics containing zinc oxide). The semiconductor properties of zinc oxide make it useful in varistors and photocopying products. The zinc zinc-oxide cycle is a two step thermochemical process based on zinc and zinc oxide for hydrogen production.",Why is zinc oxide useful in photocopying products?,semiconductor
56e1c607e3433e1400423162,Catalan_language,"Literary Catalan allows the use of words from different dialects, except those of very restricted use. However, from the 19th century onwards, there is a tendency of favoring words of Northern dialects in detriment of others, even though nowadays there is a greater freedom of choice.",When did the preference of use of words from northern dialects begin?,19th century
573365f4d058e614000b5a16,Financial_crisis_of_2007%E2%80%9308,"One of the first victims was Northern Rock, a medium-sized British bank. The highly leveraged nature of its business led the bank to request security from the Bank of England. This in turn led to investor panic and a bank run in mid-September 2007. Calls by Liberal Democrat Treasury Spokesman Vince Cable to nationalise the institution were initially ignored; in February 2008, however, the British government (having failed to find a private sector buyer) relented, and the bank was taken into public hands. Northern Rock's problems proved to be an early indication of the troubles that would soon befall other banks and financial institutions.",When did Northern Rock investors panic and a bank run begin?,September 2007
57324f89e99e3014001e66a2,The_Bronx,"The Bronx is named after Jonas Bronck who created the first settlement as part of the New Netherland colony in 1639. The native Lenape were displaced after 1643 by settlers. In the 19th and 20th centuries, the Bronx received many immigrant groups as it was transformed into an urban community, first from various European countries (particularly Ireland, Germany and Italy) and later from the Caribbean region (particularly Puerto Rico, Jamaica and the Dominican Republic), as well as African American migrants from the American South. This cultural mix has made the Bronx a wellspring of both Latin music and hip hop.",When did Bronck settle in the New York area?,1639
572fab9fb2c2fd14005682fd,Transistor,"Manufacturers of devices may have their own proprietary numbering system, for example CK722. Since devices are second-sourced, a manufacturer's prefix (like ""MPF"" in MPF102, which originally would denote a Motorola FET) now is an unreliable indicator of who made the device. Some proprietary naming schemes adopt parts of other naming schemes, for example a PN2222A is a (possibly Fairchild Semiconductor) 2N2222A in a plastic case (but a PN108 is a plastic version of a BC108, not a 2N108, while the PN100 is unrelated to other xx100 devices).",What is the marking for a 2N2222A in a plastic case?,PN2222A
5730d389b7151e1900c01550,United_States_Air_Force,"Defensive Counterair (DCA) is defined as ""all the defensive measures designed to detect, identify, intercept, and destroy or negate enemy forces attempting to penetrate or attack through friendly airspace"" (JP 1-02). A major goal of DCA operations, in concert with OCA operations, is to provide an area from which forces can operate, secure from air and missile threats. The DCA mission comprises both active and passive defense measures. Active defense is ""the employment of limited offensive action and counterattacks to deny a contested area or position to the enemy"" (JP 1-02). It includes both ballistic missile defense and air breathing threat defense, and encompasses point defense, area defense, and high value airborne asset defense. Passive defense is ""measures taken to reduce the probability of and to minimize the effects of damage caused by hostile action without the intention of taking the initiative"" (JP 1-02). It includes detection and warning; chemical, biological, radiological, and nuclear defense; camouflage, concealment, and deception; hardening; reconstitution; dispersion; redundancy; and mobility, counter-measures, and stealth.",What does the abbreviation DCA stand for? ,Defensive Counterair
5727d383ff5b5019007d962f,History_of_science,"Astronomy: Astronomical observations from China constitute the longest continuous sequence from any civilisation and include records of sunspots (112 records from 364 BC), supernovas (1054), lunar and solar eclipses. By the 12th century, they could reasonably accurately make predictions of eclipses, but the knowledge of this was lost during the Ming dynasty, so that the Jesuit Matteo Ricci gained much favour in 1601 by his predictions. By 635 Chinese astronomers had observed that the tails of comets always point away from the sun.",What year did Chinese astronomers start to observe comets?,635
572947c3af94a219006aa248,Glass,"From the 19th century, there was a revival in many ancient glass-making techniques including cameo glass, achieved for the first time since the Roman Empire and initially mostly used for pieces in a neo-classical style. The Art Nouveau movement made great use of glass, with René Lalique, Émile Gallé, and Daum of Nancy producing colored vases and similar pieces, often in cameo glass, and also using luster techniques. Louis Comfort Tiffany in America specialized in stained glass, both secular and religious, and his famous lamps. The early 20th-century saw the large-scale factory production of glass art by firms such as Waterford and Lalique. From about 1960 onwards there have been an increasing number of small studios hand-producing glass artworks, and glass artists began to class themselves as in effect sculptors working in glass, and their works as part fine arts.",When did glassworkers begin to consider their products fine art?,1960
573218f2e17f3d1400422685,Armenians,"In 885 AD the Armenians reestablished themselves as a sovereign kingdom under the leadership of Ashot I of the Bagratid Dynasty. A considerable portion of the Armenian nobility and peasantry fled the Byzantine occupation of Bagratid Armenia in 1045, and the subsequent invasion of the region by Seljuk Turks in 1064. They settled in large numbers in Cilicia, an Anatolian region where Armenians were already established as a minority since Roman times. In 1080, they founded an independent Armenian Principality then Kingdom of Cilicia, which became the focus of Armenian nationalism. The Armenians developed close social, cultural, military, and religious ties with nearby Crusader States, but eventually succumbed to Mamluk invasions. In the next few centuries, Djenghis Khan, Timurids, and the tribal Turkic federations of the Ak Koyunlu and the Kara Koyunlu ruled over the Armenians.",When did Armenia become a sovereign kingdom?,885 AD
5726c1a65951b619008f7d61,Hokkien,"The pronounced divergence between literary and colloquial pronunciations found in Hokkien dialects is attributed to the presence of several strata in the Min lexicon. The earliest, colloquial stratum is traced to the Han dynasty (206 BCE - 220 CE); the second colloquial one comes from the period of the Southern and Northern Dynasties (420 - 589 CE); the third stratum of pronunciations (typically literary ones) comes from the Tang Dynasty (618–907 CE) and is based on the prestige dialect of Chang'an (modern day Xi'an), its capital.",Colloquial stratum can be traced to several strata in what lexicon?,Min
572f0356dfa6aa1500f8d564,Elevator,"There are several technologies aimed to provide better experience to passengers suffering from claustrophobia, anthropophobia or social anxiety. Israeli startup DigiGage uses motion sensors to scroll the pre-rendered images, building and floor-specific content on a screen embedded into the wall as the cab moves up and down. British company LiftEye provides a virtual window technology to turn common elevator into panoramic. It creates 3d video panorama using live feed from cameras placed vertically along the facade and synchronizes it with cab movement. The video is projected on a wall-sized screens making it look like the walls are made of glass.",What Israeli company uses motion sensors to display information on a screen embedded in the wall of the cabs?,DigiGage
5730b7f28ab72b1400f9c6f2,Namibia,"The dry lands of Namibia were inhabited since early times by San, Damara, and Namaqua, and since about the 14th century AD by immigrating Bantu who came with the Bantu expansion. Most of the territory became a German Imperial protectorate in 1884 and remained a German colony until the end of World War I. In 1920, the League of Nations mandated the country to South Africa, which imposed its laws and, from 1948, its apartheid policy. The port of Walvis Bay and the offshore Penguin Islands had been annexed by the Cape Colony under the British crown by 1878 and had become an integral part of the new Union of South Africa at its creation in 1910.",When did Namibia stop being a German colony?,end of World War I
57278d70708984140094e0a3,Supreme_court,"Final interpretation of and amendments to the German Constitution, the Grundgesetz, is the task of the Bundesverfassungsgericht (Federal Constitutional Court), which is the de facto highest German court, as it can declare both federal and state legislation ineffective, and has the power to overrule decisions of all other federal courts, despite not being a regular court of appeals on itself in the German court system. It is also the only court possessing the power and authority to outlaw political parties, if it is deemed that these parties have repeatedly violated articles of the Constitution.",What is Germany's constitution called?,the Grundgesetz
56de7016cffd8e1900b4b8c8,Heresy,"According to Titus 3:10 a divisive person should be warned two times before separating from him. The Greek for the phrase ""divisive person"" became a technical term in the early Church for a type of ""heretic"" who promoted dissension. In contrast correct teaching is called sound not only because it builds up in the faith, but because it protects against the corrupting influence of false teachers.",What word is used when speaking of correct teachings in contrast to a false teacher?,sound
5734338bd058e614000b6b0b,"Tucson,_Arizona","The monsoon can begin any time from mid-June to late July, with an average start date around July 3. It typically continues through August and sometimes into September. During the monsoon, the humidity is much higher than the rest of the year. It begins with clouds building up from the south in the early afternoon followed by intense thunderstorms and rainfall, which can cause flash floods. The evening sky at this time of year is often pierced with dramatic lightning strikes. Large areas of the city do not have storm sewers, so monsoon rains flood the main thoroughfares, usually for no longer than a few hours. A few underpasses in Tucson have ""feet of water"" scales painted on their supports to discourage fording by automobiles during a rainstorm. Arizona traffic code Title 28-910, the so-called ""Stupid Motorist Law"", was instituted in 1995 to discourage people from entering flooded roadways. If the road is flooded and a barricade is in place, motorists who drive around the barricade can be charged up to $2000 for costs involved in rescuing them. Despite all warnings and precautions, however, three Tucson drivers have drowned between 2004 and 2010.",When does Tucson's monsoon usually start?,around July 3
572849043acd2414000df88f,Labour_Party_(UK),"Support for the LRC was boosted by the 1901 Taff Vale Case, a dispute between strikers and a railway company that ended with the union being ordered to pay £23,000 damages for a strike. The judgement effectively made strikes illegal since employers could recoup the cost of lost business from the unions. The apparent acquiescence of the Conservative Government of Arthur Balfour to industrial and business interests (traditionally the allies of the Liberal Party in opposition to the Conservative's landed interests) intensified support for the LRC against a government that appeared to have little concern for the industrial proletariat and its problems.",What boosted support in 1901?,Taff Vale Case
56e8f9f90b45c0140094cdae,Westminster_Abbey,"The chapter house has an original mid-13th-century tiled pavement. A door within the vestibule dates from around 1050 and is believed to be the oldest in England.[citation needed] The exterior includes flying buttresses added in the 14th century and a leaded tent-lantern roof on an iron frame designed by Scott. The Chapter house was originally used in the 13th century by Benedictine monks for daily meetings. It later became a meeting place of the King's Great Council and the Commons, predecessors of Parliament.",A door in the vestible dates back to when?,1050
57264d1a5951b619008f6f5f,Incandescent_light_bulb,"The relationships above are valid for only a few percent change of voltage around rated conditions, but they do indicate that a lamp operated at much lower than rated voltage could last for hundreds of times longer than at rated conditions, albeit with greatly reduced light output. The ""Centennial Light"" is a light bulb that is accepted by the Guinness Book of World Records as having been burning almost continuously at a fire station in Livermore, California, since 1901. However, the bulb emits the equivalent light of a four watt bulb. A similar story can be told of a 40-watt bulb in Texas that has been illuminated since 21 September 1908. It once resided in an opera house where notable celebrities stopped to take in its glow, and was moved to an area museum in 1977.",When did the long-lasting bulb in Texas begin continuing illumination?,21 September 1908
570fe33980d9841400ab3700,Dell,"In March 2013, the Blackstone Group and Carl Icahn expressed interest in purchasing Dell. In April 2013, Blackstone withdrew their offer, citing deteriorating business. Other private equity firms such as KKR & Co. and TPG Capital declined to submit alternative bids for Dell, citing the uncertain market for personal computers and competitive pressures, so the ""wide-open bidding war"" never materialized. Analysts said that the biggest challenge facing Silver Lake would be to find an “exit strategy” to profit from its investment, which would be when the company would hold an IPO to go public again, and one warned “But even if you can get a $25bn enterprise value for Dell, it will take years to get out.”",How much was the potential enterprise value of Dell?,$25bn
57268864f1498d1400e8e2fe,British_Empire,"In December 1941, Japan launched, in quick succession, attacks on British Malaya, the United States naval base at Pearl Harbor, and Hong Kong. Churchill's reaction to the entry of the United States into the war was that Britain was now assured of victory and the future of the empire was safe, but the manner in which British forces were rapidly defeated in the Far East irreversibly harmed Britain's standing and prestige as an imperial power. Most damaging of all was the fall of Singapore, which had previously been hailed as an impregnable fortress and the eastern equivalent of Gibraltar. The realisation that Britain could not defend its entire empire pushed Australia and New Zealand, which now appeared threatened by Japanese forces, into closer ties with the United States. This resulted in the 1951 ANZUS Pact between Australia, New Zealand and the United States of America.",When was the ANZUS Pact formed?,1951
56d374c959d6e41400146448,American_Idol,"Chris Daughtry's performance of Fuel's ""Hemorrhage (In My Hands)"" on the show was widely praised and led to an invitation to join the band as Fuel's new lead singer, an invitation he declined. His performance of Live's version of ""I Walk the Line"" was well received by the judges but later criticized in some quarters for not crediting the arrangement to Live. He was eliminated at the top four in a shocking result.",Which season five contestant caused controversy with their performance of I Walk the Line?,Chris Daughtry
573076172461fd1900a9ce2d,51st_state,"In Article 3 of the Treaty of San Francisco between the Allied Powers and Japan, which came into force in April 1952, the U.S. put the outlying islands of the Ryukyus, including the island of Okinawa—home to over 1 million Okinawans related to the Japanese—and the Bonin Islands, the Volcano Islands, and Iwo Jima into U.S. trusteeship. All these trusteeships were slowly returned to Japanese rule. Okinawa was returned on May 15, 1972, but the U.S. stations troops in the island's bases as a defense for Japan.",When did Artcle 3 of the Treaty of San Francisco come into effect?,April 1952
5728b4cd2ca10214002da623,Estonia,"The U.S., UK, France, Italy and the majority of other Western countries considered the annexation of Estonia by the USSR illegal. They retained diplomatic relations with the representatives of the independent Republic of Estonia, never de jure recognised the existence of the Estonian SSR, and never recognised Estonia as a legal constituent part of the Soviet Union. Estonia's return to independence became possible as the Soviet Union faced internal regime challenges, loosening its hold on the outer empire. As the 1980s progressed, a movement for Estonian autonomy started. In the initial period of 1987–1989, this was partially for more economic independence, but as the Soviet Union weakened and it became increasingly obvious that nothing short of full independence would do, Estonia began a course towards self-determination.",What decade started the push for Estonian independence?,1980s
56db229de7c41114004b4dea,American_Idol,"The two finalists were Kris Allen and Adam Lambert, both of whom had previously landed in the bottom three at the top five. Allen won the contest in the most controversial voting result since season two. It was claimed, later retracted, that 38 million of the 100 million votes cast on the night came from Allen's home state of Arkansas alone, and that AT&T employees unfairly influenced the votes by giving lessons on power-texting at viewing parties in Arkansas.",Who won the season?,Kris Allen
572774545951b619008f8a44,Nonprofit_organization,"During 2009, the federal government enacted new legislation repealing the Canada Corporations Act, Part II - the Canada Not-for-Profit Corporations Act. This Act was last amended on 10 October 2011 and the act was current till 4 March 2013. It allows for incorporation as of right, by Articles of Incorporation; does away with the ultra vires doctrine for nonprofits; establishes them as legal persons; and substantially updates the governance provisions for nonprofits. Ontario also overhauled its legislation, adopting the Ontario Not-for-Profit Corporations Act during 2010; pending the outcome of an anticipated election during October 2011,[dated info] the new Act is expected to be in effect as of 1 July 2013.",When does Ontario expect the Canada Not-for-Profits Corpaoations Act to go into effect?,1 July 2013
56fad8e28f12f319006301f7,Somalis,"Somali society is traditionally ethnically endogamous. So to extend ties of alliance, marriage is often to another ethnic Somali from a different clan. Thus, for example, a recent study observed that in 89 marriages contracted by men of the Dhulbahante clan, 55 (62%) were with women of Dhulbahante sub-clans other than those of their husbands; 30 (33.7%) were with women of surrounding clans of other clan families (Isaaq, 28; Hawiye, 3); and 3 (4.3%) were with women of other clans of the Darod clan family (Majerteen 2, Ogaden 1).","According to a recent study, how many Dhulbahante men married women of a different Dhulbahante sub-clan?",55
57325556e99e3014001e66d0,Jehovah%27s_Witnesses,"Sociologist James A. Beckford, in his 1975 study of Jehovah's Witnesses, classified the religion's organizational structure as Totalizing, characterized by an assertive leadership, specific and narrow objectives, control over competing demands on members' time and energy, and control over the quality of new members. Other characteristics of the classification include likelihood of friction with secular authorities, reluctance to co-operate with other religious organizations, a high rate of membership turnover, a low rate of doctrinal change, and strict uniformity of beliefs among members. Beckford identified the religion's chief characteristics as historicism (identifying historical events as relating to the outworking of God's purpose), absolutism (conviction that Jehovah's Witness leaders dispense absolute truth), activism (capacity to motivate members to perform missionary tasks), rationalism (conviction that Witness doctrines have a rational basis devoid of mystery), authoritarianism (rigid presentation of regulations without the opportunity for criticism) and world indifference (rejection of certain secular requirements and medical treatments).",What did Beckford classify the Jehovah's Witnesses organizational structure as being?,Totalizing
56ce5125aab44d1400b886b0,Sino-Tibetan_relations_during_the_Ming_dynasty,"When the Dzungar Mongols attempted to spread their territory from what is now Xinjiang into Tibet, the Kangxi Emperor (r. 1661–1722) responded to Tibetan pleas for aid with his own expedition to Tibet, occupying Lhasa in 1720. By 1751, during the reign of the Qianlong Emperor (r. 1735–1796), a protectorate and permanent Qing dynasty garrison was established in Tibet. As of 1751, Albert Kolb writes that ""Chinese claims to suzerainty over Tibet date from this time.""",When did the Qianlong Emperor reign? ,1735–1796
572655495951b619008f6ff2,East_India_Company,"The company, which benefited from the imperial patronage, soon expanded its commercial trading operations, eclipsing the Portuguese Estado da Índia, which had established bases in Goa, Chittagong, and Bombay, which Portugal later ceded to England as part of the dowry of Catherine de Braganza. The East India Company also launched a joint attack with the Dutch United East India Company on Portuguese and Spanish ships off the coast of China, which helped secure their ports in China. The company established trading posts in Surat (1619), Madras (1639), Bombay (1668), and Calcutta (1690). By 1647, the company had 23 factories, each under the command of a factor or master merchant and governor if so chosen, and 90 employees in India. The major factories became the walled forts of Fort William in Bengal, Fort St George in Madras, and Bombay Castle.",when the east india company move to commercial  trading what  company did they surpass?,Portuguese Estado da Índia
570d40f5fed7b91900d45dab,Valencia,"On 9 July 2006, during Mass at Valencia's Cathedral, Our Lady of the Forsaken Basilica, Pope Benedict XVI used, at the World Day of Families, the Santo Caliz, a 1st-century Middle-Eastern artifact that some Catholics believe is the Holy Grail. It was supposedly brought to that church by Emperor Valerian in the 3rd century, after having been brought by St. Peter to Rome from Jerusalem. The Santo Caliz (Holy Chalice) is a simple, small stone cup. Its base was added in Medieval Times and consists of fine gold, alabaster and gem stones.",What century is the Santo Caliz from?,1st
570e3a8a0dc6ce1900204eba,Uranium,"In nature, uranium is found as uranium-238 (99.2742%) and uranium-235 (0.7204%). Isotope separation concentrates (enriches) the fissionable uranium-235 for nuclear weapons and most nuclear power plants, except for gas cooled reactors and pressurised heavy water reactors. Most neutrons released by a fissioning atom of uranium-235 must impact other uranium-235 atoms to sustain the nuclear chain reaction. The concentration and amount of uranium-235 needed to achieve this is called a 'critical mass'.",What is the most prevalent natural isotope of uranium?,uranium-238
570c5a9bfed7b91900d45911,"John,_King_of_England","In the late 12th and early 13th centuries the border and political relationship between England and Scotland was disputed, with the kings of Scotland claiming parts of what is now northern England. John's father, Henry II, had forced William the Lion to swear fealty to him at the Treaty of Falaise in 1174. This had been rescinded by Richard I in exchange for financial compensation in 1189, but the relationship remained uneasy. John began his reign by reasserting his sovereignty over the disputed northern counties. He refused William's request for the earldom of Northumbria, but did not intervene in Scotland itself and focused on his continental problems. The two kings maintained a friendly relationship, meeting in 1206 and 1207, until it was rumoured in 1209 that William was intending to ally himself with Philip II of France. John invaded Scotland and forced William to sign the Treaty of Norham, which gave John control of William's daughters and required a payment of £10,000. This effectively crippled William's power north of the border, and by 1212 John had to intervene militarily to support the Scottish king against his internal rivals.[nb 16] John made no efforts to reinvigorate the Treaty of Falaise, though, and both William and Alexander remained independent kings, supported by, but not owing fealty to, John.",What did John force William to sign?,Treaty of Norham
56db290be7c41114004b4e62,American_Idol,"One of the more prominent contestants this year was Chris Medina, whose story of caring for his brain-damaged fiancée received widespread coverage. Medina was cut in the Top 40 round. Casey Abrams, who suffers from ulcerative colitis, was hospitalized twice and missed the Top 13 result show. The judges used their one save on Abrams on the Top 11, and as a result this was the first season that 11 finalists went on tour instead of 10. In the following week, Naima Adedapo and Thia Megia were both eliminated the following week.",When was Medina eliminated from the competition?,Top 40 round
5727428ff1498d1400e8f549,Cotton,"Cotton remained a key crop in the Southern economy after emancipation and the end of the Civil War in 1865. Across the South, sharecropping evolved, in which landless black and white farmers worked land owned by others in return for a share of the profits. Some farmers rented the land and bore the production costs themselves. Until mechanical cotton pickers were developed, cotton farmers needed additional labor to hand-pick cotton. Picking cotton was a source of income for families across the South. Rural and small town school systems had split vacations so children could work in the fields during ""cotton-picking.""",What function of southern schools was created for children to pick cotton?,split vacations
570964d4ed30961900e8407d,Identity_(social_science),"At a general level, self-psychology is compelled to investigate the question of how the personal self relates to the social environment. To the extent that these theories place themselves in the tradition of ""psychological"" social psychology, they focus on explaining an individual's actions within a group in terms of mental events and states. However, some ""sociological"" social psychology theories go further by attempting to deal with the issue of identity at both the levels of individual cognition and of collective behavior.",What two factors are focused on when explaining an individual's actions within a group?,mental events and states
572e8b9edfa6aa1500f8d103,Richard_Feynman,"Feynman was elected a Foreign Member of the Royal Society (ForMemRS) in 1965. At this time in the early 1960s, Feynman exhausted himself by working on multiple major projects at the same time, including a request, while at Caltech, to ""spruce up"" the teaching of undergraduates. After three years devoted to the task, he produced a series of lectures that eventually became The Feynman Lectures on Physics. He wanted a picture of a drumhead sprinkled with powder to show the modes of vibration at the beginning of the book. Concerned over the connections to drugs and rock and roll that could be made from the image, the publishers changed the cover to plain red, though they included a picture of him playing drums in the foreword. The Feynman Lectures on Physics occupied two physicists, Robert B. Leighton and Matthew Sands, as part-time co-authors for several years. Even though the books were not adopted by most universities as textbooks, they continue to sell well because they provide a deep understanding of physics. Many of his lectures and miscellaneous talks were turned into other books, including The Character of Physical Law, QED: The Strange Theory of Light and Matter, Statistical Mechanics, Lectures on Gravitation, and the Feynman Lectures on Computation.",Why did publisher change the cover picture on Feynman's book?,connections to drugs and rock and roll
5731c52de17f3d14004223bf,Steven_Spielberg,"Spielberg served as an uncredited executive producer on The Haunting, The Prince of Egypt, Just Like Heaven, Shrek, Road to Perdition, and Evolution. He served as an executive producer for the 1997 film Men in Black, and its sequels, Men in Black II and Men in Black III. In 2005, he served as a producer of Memoirs of a Geisha, an adaptation of the novel by Arthur Golden, a film to which he was previously attached as director. In 2006, Spielberg co-executive produced with famed filmmaker Robert Zemeckis a CGI children's film called Monster House, marking their eighth collaboration since 1990's Back to the Future Part III. He also teamed with Clint Eastwood for the first time in their careers, co-producing Eastwood's Flags of Our Fathers and Letters from Iwo Jima with Robert Lorenz and Eastwood himself. He earned his twelfth Academy Award nomination for the latter film as it was nominated for Best Picture. Spielberg served as executive producer for Disturbia and the Transformers live action film with Brian Goldner, an employee of Hasbro. The film was directed by Michael Bay and written by Roberto Orci and Alex Kurtzman, and Spielberg continued to collaborate on the sequels, Transformers: Revenge of the Fallen and Transformers: Dark of the Moon. In 2011, he produced the J. J. Abrams science fiction thriller film Super 8 for Paramount Pictures.",Which studio produced 'Super 8'?,Paramount Pictures
5731ac2fe17f3d14004222e4,Indigenous_peoples_of_the_Americas,"Genetic studies of mitochondrial DNA (mtDNA) of Amerindians and some Siberian and Central Asian peoples also revealed that the gene pool of the Turkic-speaking peoples of Siberia such as Altaians, Khakas, Shors and Soyots, living between the Altai and Lake Baikal along the Sayan mountains, are genetically closest to Amerindians.[citation needed] This view is shared by other researchers who argue that ""the ancestors of the American Indians were the first to separate from the great Asian population in the Middle Paleolithic. 2012 research found evidence for a recent common ancestry between Native Americans and indigenous Altaians based on mitochondrial DNA and Y-Chromosome analysis. The paternal lineages of Altaians mostly belong to the subclades of haplogroup P-M45 (xR1a 38-93%; xQ1a 4-32%).",When did research find evidence for a common ancestry between Native Americans and Altaians?,2012
572e9cadc246551400ce43ef,Seven_Years%27_War,"Frederick saw Saxony and Polish west Prussia as potential fields for expansion but could not expect French support if he started an aggressive war for them. If he joined the French against the British in the hope of annexing Hanover, he might fall victim to an Austro-Russian attack. The hereditary elector of Saxony, Augustus III, was also elective King of Poland as Augustus III, but the two territories were physically separated by Brandenburg and Silesia. Neither state could pose as a great power. Saxony was merely a buffer between Prussia and Austrian Bohemia, whereas Poland, despite its union with the ancient lands of Lithuania, was prey to pro-French and pro-Russian factions. A Prussian scheme for compensating Frederick Augustus with Bohemia in exchange for Saxony obviously presupposed further spoliation of Austria.",What kept Augustus III from consolidating Saxony and Poland?,the two territories were physically separated by Brandenburg and Silesia
56d45f882ccc5a1400d830ef,Kanye_West,"Kanye West began his early production career in the mid-1990s, making beats primarily for burgeoning local artists, eventually developing a style that involved speeding up vocal samples from classic soul records. His first official production credits came at the age of nineteen when he produced eight tracks on Down to Earth, the 1996 debut album of a Chicago rapper named Grav. For a time, West acted as a ghost producer for Deric ""D-Dot"" Angelettie. Because of his association with D-Dot, West wasn't able to release a solo album, so he formed and became a member and producer of the Go-Getters, a late-1990s Chicago rap group composed of him, GLC, Timmy G, Really Doe, and Arrowstar. His group was managed by John ""Monopoly"" Johnson, Don Crowley, and Happy Lewis under the management firm Hustle Period. After attending a series of promotional photo shoots and making some radio appearances, The Go-Getters released their first and only studio album World Record Holders in 1999. The album featured other Chicago-based rappers such as Rhymefest, Mikkey Halsted, Miss Criss, and Shayla G. Meanwhile, the production was handled by West, Arrowstar, Boogz, and Brian ""All Day"" Miller.",When did Kanye West start his production career?,mid-1990s
570e6b020b85d914000d7eb9,Sanskrit,"In order to explain the common features shared by Sanskrit and other Indo-European languages, many scholars have proposed the Indo-Aryan migration theory, asserting that the original speakers of what became Sanskrit arrived in what is now India and Pakistan from the north-west some time during the early second millennium BCE. Evidence for such a theory includes the close relationship between the Indo-Iranian tongues and the Baltic and Slavic languages, vocabulary exchange with the non-Indo-European Uralic languages, and the nature of the attested Indo-European words for flora and fauna.",What is the theory called dealing with the transfer of Sanskrit to India?,Indo-Aryan migration theory
572f96dd04bcaa1900d76ab5,Hyderabad,"Hyderabad's role in the pearl trade has given it the name ""City of Pearls"" and up until the 18th century, the city was also the only global trading centre for large diamonds. Industrialisation began under the Nizams in the late 19th century, helped by railway expansion that connected the city with major ports. From the 1950s to the 1970s, Indian enterprises, such as Bharat Heavy Electricals Limited (BHEL), Nuclear Fuel Complex (NFC), National Mineral Development Corporation (NMDC), Bharat Electronics (BEL), Electronics Corporation of India Limited (ECIL), Defence Research and Development Organisation (DRDO), Hindustan Aeronautics Limited (HAL), Centre for Cellular and Molecular Biology (CCMB), Centre for DNA Fingerprinting and Diagnostics (CDFD), State Bank of Hyderabad (SBH) and Andhra Bank (AB) were established in the city. The city is home to Hyderabad Securities formerly known as Hyderabad Stock Exchange (HSE), and houses the regional office of the Securities and Exchange Board of India (SEBI). In 2013, the Bombay Stock Exchange (BSE) facility in Hyderabad was forecast to provide operations and transactions services to BSE-Mumbai by the end of 2014. The growth of the financial services sector has helped Hyderabad evolve from a traditional manufacturing city to a cosmopolitan industrial service centre. Since the 1990s, the growth of information technology (IT), IT-enabled services (ITES), insurance and financial institutions has expanded the service sector, and these primary economic activities have boosted the ancillary sectors of trade and commerce, transport, storage, communication, real estate and retail.","In the 18th century there was one global trading hub for large diamonds, what was it?",Hyderabad
572409ef0ba9f01400d97b41,Queen_Victoria,"Following a custom she maintained throughout her widowhood, Victoria spent the Christmas of 1900 at Osborne House on the Isle of Wight. Rheumatism in her legs had rendered her lame, and her eyesight was clouded by cataracts. Through early January, she felt ""weak and unwell"", and by mid-January she was ""drowsy ... dazed, [and] confused"". She died on Tuesday, 22 January 1901, at half past six in the evening, at the age of 81. Her son and successor King Edward VII, and her eldest grandson, Emperor Wilhelm II of Germany, were at her deathbed. Her favourite pet Pomeranian, Turri, was laid upon her deathbed as a last request.",Where did Victoria spend the Christmas of 1900?,Osborne House
56e0a41f7aa994140058e68b,Russian_Soviet_Federative_Socialist_Republic,"On April 17, 1946, the Kaliningrad Oblast — the northern portion of the former German province of East Prussia—was annexed by the Soviet Union and made part of the Russian SFSR.",On what date was Kaliningrad Oblast annexed?,"April 17, 1946"
56f722b5711bf01900a449cd,Treaty,"In international law and international relations, a protocol is generally a treaty or international agreement that supplements a previous treaty or international agreement. A protocol can amend the previous treaty, or add additional provisions. Parties to the earlier agreement are not required to adopt the protocol. Sometimes this is made clearer by calling it an ""optional protocol"", especially where many parties to the first agreement do not support the protocol.",A protocol may either amend a previous treaty or do what?,add additional provisions
572830622ca10214002da036,Annelid,"Charles Darwin's book The Formation of Vegetable Mould through the Action of Worms (1881) presented the first scientific analysis of earthworms' contributions to soil fertility. Some burrow while others live entirely on the surface, generally in moist leaf litter. The burrowers loosen the soil so that oxygen and water can penetrate it, and both surface and burrowing worms help to produce soil by mixing organic and mineral matter, by accelerating the decomposition of organic matter and thus making it more quickly available to other organisms, and by concentrating minerals and converting them to forms that plants can use more easily. Earthworms are also important prey for birds ranging in size from robins to storks, and for mammals ranging from shrews to badgers, and in some cases conserving earthworms may be essential for conserving endangered birds.",What is the largest bird that eats earthworms?,storks
57261d85ec44d21400f3d8fd,Hellenistic_period,"Hellenistic art saw a turn from the idealistic, perfected, calm and composed figures of classical Greek art to a style dominated by realism and the depiction of emotion (pathos) and character (ethos). The motif of deceptively realistic naturalism in art (aletheia) is reflected in stories such as that of the painter Zeuxis, who was said to have painted grapes that seemed so real that birds came and pecked at them. The female nude also became more popular as epitomized by the Aphrodite of Cnidos of Praxiteles and art in general became more erotic (e.g. Leda and the Swan and Scopa's Pothos). The dominant ideals of Hellenistic art were those of sensuality and passion.","Who is the artist that drew grapes so lifelike, birds flew up and pecked at them?",Zeuxis
56de6ac44396321400ee28b8,Plymouth,"During the 16th century locally produced wool was the major export commodity. Plymouth was the home port for successful maritime traders, among them Sir John Hawkins, who led England's first foray into the Atlantic slave trade, as well as Sir Francis Drake, Mayor of Plymouth in 1581 and 1593. According to legend, Drake insisted on completing his game of bowls on the Hoe before engaging the Spanish Armada in 1588. In 1620 the Pilgrim Fathers set sail for the New World from Plymouth, establishing Plymouth Colony – the second English colony in what is now the United States of America.",When did the Pilgrim Fathers depart Plymouth?,1620
5709744f200fba1400368018,Computer_security,"However, relatively few organisations maintain computer systems with effective detection systems, and fewer still have organised response mechanisms in place. As result, as Reuters points out: ""Companies for the first time report they are losing more through electronic theft of data than physical stealing of assets"". The primary obstacle to effective eradication of cyber crime could be traced to excessive reliance on firewalls and other automated ""detection"" systems. Yet it is basic evidence gathering by using packet capture appliances that puts criminals behind bars.",What is the source of the quote?,Reuters
5731da10e17f3d140042249f,Separation_of_church_and_state_in_the_United_States,"Relaxed zoning rules and special parking privileges for churches, the tax-free status of church property, the fact that Christmas is a federal holiday, etc., have also been questioned, but have been considered examples of the governmental prerogative in deciding practical and beneficial arrangements for the society. The national motto ""In God We Trust"" has been challenged as a violation, but the Supreme Court has ruled that ceremonial deism is not religious in nature. A circuit court ruling affirmed Ohio's right to use as its motto a passage from the Bible, ""With God, all things are possible"", because it displayed no preference for a particular religion.",Why have perks like relaxed zoning rules and special parking privileges been allowed for churches?,beneficial arrangements for the society
57272b9d708984140094da9a,Late_Middle_Ages,"The Bulgarian Empire was in decline by the 14th century, and the ascendancy of Serbia was marked by the Serbian victory over the Bulgarians in the Battle of Velbazhd in 1330. By 1346, the Serbian king Stefan Dušan had been proclaimed emperor. Yet Serbian dominance was short-lived; the Serbian army led by the Lazar Hrebljevanovic was defeated by the Ottomans at the Battle of Kosovo in 1389, where most of the Serbian nobility was killed and the south of the country came under Ottoman occupation, as much of southern Bulgaria had become Ottoman territory in 1371. Northern remnants of Bulgaria were finally conquered by 1396, Serbia fell in 1459, Bosnia in 1463, and Albania was finally subordinated in 1479 only a few years after the death of Skanderbeg. Belgrade, an Hungarian domain at the time, was the last large Balkan city to fall under Ottoman rule, in 1521. By the end of the medieval period, the entire Balkan peninsula was annexed by, or became vassal to, the Ottomans.",What event resulted in the triumph of Serbia over Bulgaria in 1330?,Battle of Velbazhd
56d118a217492d1400aab91a,Kanye_West,"In September 2005, West announced that he would release his Pastelle Clothing line in spring 2006, claiming ""Now that I have a Grammy under my belt and Late Registration is finished, I am ready to launch my clothing line next spring."" The line was developed over the following four years – with multiple pieces teased by West himself – before the line was ultimately cancelled in 2009. In 2009, West collaborated with Nike to release his own shoe, the Air Yeezys, with a second version released in 2012. In January 2009, West introduced his first shoe line designed for Louis Vuitton during Paris Fashion Week. The line was released in summer 2009. West has additionally designed shoewear for Bape and Italian shoemaker Giuseppe Zanotti.",When did Kanye West annouce his Pastelle Clothing line?,September 2005
571ae11032177014007e9f7b,Athanasius_of_Alexandria,"Frances A. M. Forbes writes that when the Patriarch Alexander was on his death-bed he called Athanasius, who fled fearing he would be constrained to be made Bishop. ""When the Bishops of the Church assembled to elect their new Patriarch, the whole Catholic population surrounded the church, holding up their hands to Heaven and crying; ""Give us Athanasius!"" The Bishops had nothing better. Athanasius was thus elected, as Gregory tells us..."" (Pope Gregory I, would have full access to the Vatican Archives).",Who did Alexander ask for when he was dieing?,called Athanasius
57302da4a23a5019007fcf11,San_Diego,"San Diego's first television station was KFMB, which began broadcasting on May 16, 1949. Since the Federal Communications Commission (FCC) licensed seven television stations in Los Angeles, two VHF channels were available for San Diego because of its relative proximity to the larger city. In 1952, however, the FCC began licensing UHF channels, making it possible for cities such as San Diego to acquire more stations. Stations based in Mexico (with ITU prefixes of XE and XH) also serve the San Diego market. Television stations today include XHTJB 3 (Once TV), XETV 6 (CW), KFMB 8 (CBS), KGTV 10 (ABC), XEWT 12 (Televisa Regional), KPBS 15 (PBS), KBNT-CD 17 (Univision), XHTIT-TDT 21 (Azteca 7), XHJK-TDT 27 (Azteca 13), XHAS 33 (Telemundo), K35DG-D 35 (UCSD-TV), KDTF-LD 51 (Telefutura), KNSD 39 (NBC), KZSD-LP 41 (Azteca America), KSEX-CD 42 (Infomercials), XHBJ-TDT 45 (Gala TV), XHDTV 49 (MNTV), KUSI 51 (Independent), XHUAA-TDT 57 (Canal de las Estrellas), and KSWB-TV 69 (Fox). San Diego has an 80.6 percent cable penetration rate.",Why was San Diego eligible for two VHF channels?,because of its relative proximity to the larger city
56d4647c2ccc5a1400d83130,Kanye_West,"West, alongside his mother, founded the ""Kanye West Foundation"" in Chicago in 2003, tasked with a mission to battle dropout and illiteracy rates, while partnering with community organizations to provide underprivileged youth access to music education. In 2007, the West and the Foundation partnered with Strong American Schools as part of their ""Ed in '08"" campaign. As spokesman for the campaign, West appeared in a series of PSAs for the organization, and hosted an inaugural benefit concert in August of that year.",In What year did the Kanye West Foundation Partner with Strong American Schools? ,2007
572a5371d562191400bc8662,Ottoman_Empire,"Economic and political migrations made an impact across the empire. For example, the Russian and Austria-Habsburg annexation of the Crimean and Balkan regions respectively saw large influxes of Muslim refugees – 200,000 Crimean Tartars fleeing to Dobruja. Between 1783 and 1913, approximately 5–7 million refugees flooded into the Ottoman Empire, at least 3.8 million of whom were from Russia. Some migrations left indelible marks such as political tension between parts of the empire (e.g. Turkey and Bulgaria) whereas centrifugal effects were noticed in other territories, simpler demographics emerging from diverse populations. Economies were also impacted with the loss of artisans, merchants, manufacturers and agriculturists. Since the 19th century, a large proportion of Muslim peoples from the Balkans emigrated to present-day Turkey. These people are called Muhacir. By the time the Ottoman Empire came to an end in 1922, half of the urban population of Turkey was descended from Muslim refugees from Russia.",What are the people from the Balkans who emigrated to Turkey called?,Muhacir
5731cc840fdd8d15006c6541,Protestantism,"The success of the Counter-Reformation on the Continent and the growth of a Puritan party dedicated to further Protestant reform polarised the Elizabethan Age. The early Puritan movement was a movement for reform in the Church of England. The desire was for the Church of England to resemble more closely the Protestant churches of Europe, especially Geneva. The later Puritan movement, often referred to as dissenters and nonconformists, eventually led to the formation of various Reformed denominations.",The growth of Puritanism happened during what age?,the Elizabethan Age
573035d7b2c2fd1400568a86,Roman_Republic,"The extraordinary demands of the Punic Wars, in addition to a shortage of manpower, exposed the tactical weaknesses of the manipular legion, at least in the short term. In 217 BC, near the beginning of the Second Punic War, Rome was forced to effectively ignore its long-standing principle that its soldiers must be both citizens and property owners. During the 2nd century BC, Roman territory saw an overall decline in population, partially due to the huge losses incurred during various wars. This was accompanied by severe social stresses and the greater collapse of the middle classes. As a result, the Roman state was forced to arm its soldiers at the expense of the state, which it had not had to do in the past.",What caused the Roman state to provide armaments to their army?,greater collapse of the middle classes
56e7851100c9c71400d77217,Daylight_saving_time,"DST inherits and can magnify the disadvantages of standard time. For example, when reading a sundial, one must compensate for it along with time zone and natural discrepancies. Also, sun-exposure guidelines such as avoiding the sun within two hours of noon become less accurate when DST is in effect.","When using a sundial, we must adjust the reading to reflect natural discrepancies and the effect of what other influence?",time zone
5733496fd058e614000b582e,Portugal,"In 1348 and 1349 Portugal, like the rest of Europe, was devastated by the Black Death. In 1373, Portugal made an alliance with England, which is the longest-standing alliance in the world. This alliance served both nations' interests throughout history and is regarded by many as the predecessor to NATO. Over time this went way beyond geo-political and military cooperation (protecting both nations' interests in Africa, the Americas and Asia against French, Spanish and Dutch rivals) and maintained strong trade and cultural ties between the two old European allies. Particularly in the Oporto region, there is visible English influence to this day.",What is the longest standing alliance in the world?,Portugal made an alliance with England
5724b70a0ba9f01400d97b7d,Freemasonry,"At the dawn of the Grand Lodge era, during the 1720s, James Anderson composed the first printed constitutions for Freemasons, the basis for most subsequent constitutions, which specifically excluded women from Freemasonry. As Freemasonry spread, continental masons began to include their ladies in Lodges of Adoption, which worked three degrees with the same names as the men's but different content. The French officially abandoned the experiment in the early 19th century. Later organisations with a similar aim emerged in the United States, but distinguished the names of the degrees from those of male masonry.",When were the first constitutions for Freemasonry printed?,during the 1720s
5727cbac4b864d1900163d3d,Cork_(city),"The city is also home to the Heineken Brewery that brews Murphy's Irish Stout and the nearby Beamish and Crawford brewery (taken over by Heineken in 2008) which have been in the city for generations. 45% of the world's Tic Tac sweets are manufactured at the city's Ferrero factory. For many years, Cork was the home to Ford Motor Company, which manufactured cars in the docklands area before the plant was closed in 1984. Henry Ford's grandfather was from West Cork, which was one of the main reasons for opening up the manufacturing facility in Cork. But technology has replaced the old manufacturing businesses of the 1970s and 1980s, with people now working in the many I.T. centres of the city – such as Amazon.com, the online retailer, which has set up in Cork Airport Business Park.",What online retail giant has operations at the Cork Airport Business Park?,Amazon.com
5731ce3ab9d445190005e575,Protestantism,"In the course of this religious upheaval, the German Peasants' War of 1524–25 swept through the Bavarian, Thuringian and Swabian principalities. After the Eighty Years' War in the Low Countries and the French Wars of Religion, the confessional division of the states of the Holy Roman Empire eventually erupted in the Thirty Years' War between 1618 and 1648. It devastated much of Germany, killing between 25% and 40% of its population. The main tenets of the Peace of Westphalia, which ended the Thirty Years' War, were:",When was the German Peasants' War?,1524–25
571a441a10f8ca1400304f97,Multiracial_American,"Anti-miscegenation laws were passed in most states during the 18th, 19th and early 20th centuries, but this did not prevent white slaveholders, their sons, or other powerful white men from taking slave women as concubines and having multiracial children with them. In California and the western US, there were greater numbers of Latino and Asian residents. These were prohibited from official relationships with whites. White legislators passed laws prohibiting marriage between European and Asian Americans until the 1950s.",When were the laws against marriage between Asians and Europeans lifted?,1950s
5728b6383acd2414000dfd33,Mandolin,"The instrument was primarily used in an ensemble setting well into the 1930s, and although the fad died out at the beginning of the 1930s, the instruments that were developed for the orchestra found a new home in bluegrass. The famous Lloyd Loar Master Model from Gibson (1923) was designed to boost the flagging interest in mandolin ensembles, with little success. However, The ""Loar"" became the defining instrument of bluegrass music when Bill Monroe purchased F-5 S/N 73987 in a Florida barbershop in 1943 and popularized it as his main instrument.",What instrument did artist Bill Monroe use? ,F-5 S/N 73987
572a8d2834ae481900deab7c,Philadelphia,"In 1682, William Penn founded the city to serve as capital of the Pennsylvania Colony. Philadelphia played an instrumental role in the American Revolution as a meeting place for the Founding Fathers of the United States, who signed the Declaration of Independence in 1776 and the Constitution in 1787. Philadelphia was one of the nation's capitals in the Revolutionary War, and served as temporary U.S. capital while Washington, D.C., was under construction. In the 19th century, Philadelphia became a major industrial center and railroad hub that grew from an influx of European immigrants. It became a prime destination for African-Americans in the Great Migration and surpassed two million occupants by 1950.",When did it reach 2 million occupants>,1950
5728d0f4ff5b5019007da72f,Paris,"The security of Paris is mainly the responsibility of the Prefecture of Police of Paris, a subdivision of the Ministry of the Interior of France. It supervises the units of the National Police who patrol the city and the three neighbouring departments. It is also responsible for providing emergency services, including the Paris Fire Brigade. Its headquarters is on Place Louis Lépine on the Île de la Cité. There are 30,200 officers under the prefecture, and a fleet of more than 6,000 vehicles, including police cars, motorcycles, fire trucks, boats and helicopters. In addition to traditional police duties, the local police monitors the number of discount sales held by large stores (no more than two a year are allowed) and verify that, during summer holidays, at least one bakery is open in every neighbourhood. The national police has its own special unit for riot control and crowd control and security of public buildings, called the Compagnies Républicaines de Sécurité (CRS), a unit formed in 1944 right after the liberation of France. Vans of CRS agents are frequently seen in the centre of the city when there are demonstrations and public events.",Where is the headquarters for the Prefecture of Police of Paris?,Place Louis Lépine on the Île de la Cité
572e833acb0c0d14000f1216,Cyprus,"The Greek Cypriot population, meanwhile, had become hopeful that the British administration would lead to enosis. The idea of enosis was historically part of the Megali Idea, a greater political ambition of a Greek state encompassing the territories with Greek inhabitants in the former Ottoman Empire, including Cyprus and Asia Minor with a capital in Constantinople, and was actively pursued by the Cypriot Orthodox Church, which had its members educated in Greece. These religious officials, together with Greek military officers and professionals, some of whom still pursued the Megali Idea, would later found the guerrilla organisation Ethniki Organosis Kyprion Agoniston or National Organisation of Cypriot Fighters (EOKA). The Greek Cypriots viewed the island as historically Greek and believed that union with Greece was a natural right. In the 1950s, the pursuit of enosis became a part of the Greek national policy,","Historically, the idea of enosis was part of which other idea?",Megali Idea
570a91fd6d058f1900182fbb,Everton_F.C.,"Everton have had many other nicknames over the years. When the black kit was worn Everton were nicknamed ""The Black Watch"", after the famous army regiment. Since going blue in 1901, Everton have been given the simple nickname ""The Blues"". Everton's attractive style of play led to Steve Bloomer calling the team ""scientific"" in 1928, which is thought to have inspired the nickname ""The School of Science"". The battling 1995 FA Cup winning side were known as ""The Dogs of War"". When David Moyes arrived as manager he proclaimed Everton as ""The People's Club"", which has been adopted as a semi-official club nickname.",What was Everton's nickname when they wore black before 1901?,The Black Watch
56df090bc65bf219000b3ef1,Cardinal_(Catholicism),"In Latin, on the other hand, the [First name] Cardinal [Surname] order is used in the proclamation of the election of a new pope by the cardinal protodeacon: ""Annuntio vobis gaudium magnum; habemus Papam: Eminentissimum ac Reverendissimum Dominum, Dominum (first name) Sanctae Romanae Ecclesiae Cardinalem (last name), ..."" (Meaning: ""I announce to you a great joy; we have a Pope: The Most Eminent and Most Reverend Lord, Lord (first name) Cardinal of the Holy Roman Church (last name), ..."") This assumes that the new pope had been a cardinal just before becoming pope; the most recent election of a non-cardinal as pope was in 1378.",When is the last time a non cardinal was elected as pope?,1378
56f82cb7aef2371900625eab,Szlachta,"About that time the ""executionist movement"" (Polish: ""egzekucja praw""--""execution of the laws"") began to take form. Its members would seek to curb the power of the magnates at the Sejm and to strengthen the power of king and country. In 1562 at the Sejm in Piotrków they would force the magnates to return many leased crown lands to the king, and the king to create a standing army (wojsko kwarciane). One of the most famous members of this movement was Jan Zamoyski. After his death in 1605, the movement lost its political force.",What happened when Jan Zamoyski died?,movement lost its political force.
56cdac5e62d2951400fa67f8,Sino-Tibetan_relations_during_the_Ming_dynasty,"The Association for Asian Studies states that there is no known written evidence to suggest that later leaders of the Gelug—Gendün Drup (1391–1474) and Gendün Gyatso (1475–1571)—had any contacts with Ming China. These two religious leaders were preoccupied with an overriding concern for dealing with the powerful secular Rinpungpa princes, who were patrons and protectors of the Karma Kargyu lamas. The Rinpungpa leaders were relatives of the Phagmodrupa, yet their authority shifted over time from simple governors to rulers in their own right over large areas of Ü-Tsang. The prince of Rinbung occupied Lhasa in 1498 and excluded the Gelug from attending New Years ceremonies and prayers, the most important event in the Gelug. While the task of New Years prayers in Lhasa was granted to the Karmapa and others, Gendün Gyatso traveled in exile looking for allies. However, it was not until 1518 that the secular Phagmodru ruler captured Lhasa from the Rinbung, and thereafter the Gelug was given rights to conduct the New Years prayer. When the Drikung Kagyu abbot of Drigung Monastery threatened Lhasa in 1537, Gendün Gyatso was forced to abandon the Drepung Monastery, although he eventually returned.",When was Gelug was given the right to conduct the New Years prayer?,1518
572847faff5b5019007da0c4,Serbo-Croatian,"South Slavic dialects historically formed a continuum. The turbulent history of the area, particularly due to expansion of the Ottoman Empire, resulted in a patchwork of dialectal and religious differences. Due to population migrations, Shtokavian became the most widespread in the western Balkans, intruding westwards into the area previously occupied by Chakavian and Kajkavian (which further blend into Slovenian in the northwest). Bosniaks, Croats and Serbs differ in religion and were historically often part of different cultural circles, although a large part of the nations have lived side by side under foreign overlords. During that period, the language was referred to under a variety of names, such as ""Slavic"", ""Illyrian"", or according to region, ""Bosnian"", ""Serbian"" and ""Croatian"", the latter often in combination with ""Slavonian"" or ""Dalmatian"".",What is one of the main causes of the turbulent history?,expansion of the Ottoman Empire
572fe534a23a5019007fcaf6,Premier_League,"The BBC's highlights package on Saturday and Sunday nights, as well as other evenings when fixtures justify, will run until 2016. Television rights alone for the period 2010 to 2013 have been purchased for £1.782 billion. On 22 June 2009, due to troubles encountered by Setanta Sports after it failed to meet a final deadline over a £30 million payment to the Premier League, ESPN was awarded two packages of UK rights containing a total of 46 matches that were available for the 2009–10 season as well as a package of 23 matches per season from 2010–11 to 2012–13. On 13 June 2012, the Premier League announced that BT had been awarded 38 games a season for the 2013–14 through 2015–16 seasons at £246 million-a-year. The remaining 116 games were retained by Sky who paid £760 million-a-year. The total domestic rights have raised £3.018 billion, an increase of 70.2% over the 2010–11 to 2012–13 rights. The value of the licensing deal rose by another 70.2% in 2015, when Sky and BT paid a total of £5.136 billion to renew their contracts with the Premier League for another three years up to the 2018–19 season.",How much have the domestic televsion rights increased from 2010-12 to 2012-13?,"The total domestic rights have raised £3.018 billion, an increase of 70.2% over the 2010–11 to 2012–13 rights."
56cf609aaab44d1400b89187,Frédéric_Chopin,"Fryderyk may have had some piano instruction from his mother, but his first professional music tutor, from 1816 to 1821, was the Czech pianist Wojciech Żywny. His elder sister Ludwika also took lessons from Żywny, and occasionally played duets with her brother. It quickly became apparent that he was a child prodigy. By the age of seven Fryderyk had begun giving public concerts, and in 1817 he composed two polonaises, in G minor and B-flat major. His next work, a polonaise in A-flat major of 1821, dedicated to Żywny, is his earliest surviving musical manuscript.",At what age did Chopin start playing publicly?,7
572f5f7a947a6a140053c8d4,Modern_history,"However, the crisis did not exist in a void; it came after a long series of diplomatic clashes between the Great Powers over European and colonial issues in the decade prior to 1914 which had left tensions high. The diplomatic clashes can be traced to changes in the balance of power in Europe since 1870. An example is the Baghdad Railway which was planned to connect the Ottoman Empire cities of Konya and Baghdad with a line through modern-day Turkey, Syria and Iraq. The railway became a source of international disputes during the years immediately preceding World War I. Although it has been argued that they were resolved in 1914 before the war began, it has also been argued that the railroad was a cause of the First World War. Fundamentally the war was sparked by tensions over territory in the Balkans. Austria-Hungary competed with Serbia and Russia for territory and influence in the region and they pulled the rest of the great powers into the conflict through their various alliances and treaties. The Balkan Wars were two wars in South-eastern Europe in 1912–1913 in the course of which the Balkan League (Bulgaria, Montenegro, Greece, and Serbia) first captured Ottoman-held remaining part of Thessaly, Macedonia, Epirus, Albania and most of Thrace and then fell out over the division of the spoils, with incorporation of Romania this time.","Why did Albania fall out with Thessaly, Macedonia and Epirus?",over the division of the spoils
5725eaa6ec44d21400f3d74f,Montevideo,"Hospital Maciel is one of the oldest hospitals in Uruguay and stands on the block bounded by the streets Maciel, 25 de Mayo, Guaraní and Washington, with the main entrance at 25 de Mayo, 172. The land was originally donated in Spanish colonial times by philanthropist Francisco Antonio Maciel, who teamed up with Mateo Vidal to establish a hospital and charity. The first building was constructed between 1781 and 1788 and later expanded upon. The present building stems from the 1825 plans of José Toribio (son of Tomás Toribio) and later Bernardo Poncini (wing on the Guaraní street, 1859), Eduardo Canstatt (corner of Guaraní and 25 de Mayo) and Julián Masquelez (1889). The hospital has a chapel built in Greek style by Miguel Estévez in 1798.",When was the first building of the Hospital Maciel established?,between 1781 and 1788
56e799f200c9c71400d77365,University_of_Kansas,"KU football dates from 1890, and has played in the Orange Bowl three times: 1948, 1968, and 2008. They are currently coached by David Beaty, who was hired in 2014. In 2008, under the leadership of Mark Mangino, the #7 Jayhawks emerged victorious in their first BCS bowl game, the FedEx Orange Bowl, with a 24–21 victory over the #3 Virginia Tech Hokies. This capstone victory marked the end of the most successful season in school history, in which the Jayhawks went 12–1 (.923). The team plays at Memorial Stadium, which recently underwent a $31 million renovation to add the Anderson Family Football Complex, adding a football practice facility adjacent to the stadium complete with indoor partial practice field, weight room, and new locker room.",When did KU start fielding a football team?,1890
572a9d6134ae481900deabd1,Philadelphia,"The state government left Philadelphia in 1799, and the federal government was moved to Washington, DC in 1800 with completion of the White House and Capitol. The city remained the young nation's largest with a population of nearly 50,000 at the turn of the 19th century; it was a financial and cultural center. Before 1800, its free black community founded the African Methodist Episcopal Church (AME), the first independent black denomination in the country, and the first black Episcopal Church. The free black community also established many schools for its children, with the help of Quakers. New York City soon surpassed Philadelphia in population, but with the construction of roads, canals, and railroads, Philadelphia became the first major industrial city in the United States.",When did the US government leave Philadelphia for D.C.?,1799
5726419e38643c19005ad39a,Incandescent_light_bulb,"A variation of the incandescent lamp did not use a hot wire filament, but instead used an arc struck on a spherical bead electrode to produce heat. The electrode then became incandescent, with the arc contributing little to the light produced. Such lamps were used for projection or illumination for scientific instruments such as microscopes. These arc lamps ran on relatively low voltages and incorporated tungsten filaments to start ionization within the envelope. They provided the intense concentrated light of an arc lamp but were easier to operate. Developed around 1915, these lamps were displaced by mercury and xenon arc lamps.",What displaced this style of lamp?,mercury and xenon arc lamps
56fb80728ddada1400cd649f,Middle_Ages,"Legal studies advanced during the 12th century. Both secular law and canon law, or ecclesiastical law, were studied in the High Middle Ages. Secular law, or Roman law, was advanced greatly by the discovery of the Corpus Juris Civilis in the 11th century, and by 1100 Roman law was being taught at Bologna. This led to the recording and standardisation of legal codes throughout Western Europe. Canon law was also studied, and around 1140 a monk named Gratian (fl. 12th century), a teacher at Bologna, wrote what became the standard text of canon law—the Decretum.",Where could one study Roman law in 1100?,Bologna
572f588204bcaa1900d7687a,Modern_history,"Four years into the 20th century saw the Russo-Japanese War with the Battle of Port Arthur establishing the Empire of Japan as a world power. The Russians were in constant pursuit of a warm water port on the Pacific Ocean, for their navy as well as for maritime trade. The Manchurian Campaign of the Russian Empire was fought against the Japanese over Manchuria and Korea. The major theatres of operations were Southern Manchuria, specifically the area around the Liaodong Peninsula and Mukden, and the seas around Korea, Japan, and the Yellow Sea. The resulting campaigns, in which the fledgling Japanese military consistently attained victory over the Russian forces arrayed against them, were unexpected by world observers. These victories, as time transpired, would dramatically transform the distribution of power in East Asia, resulting in a reassessment of Japan's recent entry onto the world stage. The embarrassing string of defeats increased Russian popular dissatisfaction with the inefficient and corrupt Tsarist government.",Why did the Manchurian Campaign fight the Russians. ,over Manchuria and Korea.
57351714879d6814001cab19,Hunting,"However, excessive hunting and poachers have also contributed heavily to the endangerment, extirpation and extinction of many animals, such as the quagga, the great auk, Steller's sea cow, the thylacine, the bluebuck, the Arabian oryx, the Caspian and Javan tigers, the markhor, the Sumatran rhinoceros, the bison, the North American cougar, the Altai argali sheep, the Asian elephant and many more, primarily for commercial sale or sport. All these animals have been hunted to endangerment or extinction.",Why have poachers killed endangered animals?,primarily for commercial sale or sport.
57270b235951b619008f8521,Tuberculosis,"One-third of the world's population is thought to be infected with TB. New infections occur in about 1% of the population each year. In 2014, there were 9.6 million cases of active TB which resulted in 1.5 million deaths. More than 95% of deaths occurred in developing countries. The number of new cases each year has decreased since 2000. About 80% of people in many Asian and African countries test positive while 5–10% of people in the United States population tests positive by the tuberculin test. Tuberculosis has been present in humans since ancient times.",How much of the entire population of the planet is estimated to be carrying tuberculosis?,One-third
56e0733b231d4119001ac170,Hydrogen,"The universal emergence of atomic hydrogen first occurred during the recombination epoch. At standard temperature and pressure, hydrogen is a colorless, odorless, tasteless, non-toxic, nonmetallic, highly combustible diatomic gas with the molecular formula H2. Since hydrogen readily forms covalent compounds with most non-metallic elements, most of the hydrogen on Earth exists in molecular forms such as in the form of water or organic compounds. Hydrogen plays a particularly important role in acid–base reactions as many acid-base reactions involve the exchange of protons between soluble molecules. In ionic compounds, hydrogen can take the form of a negative charge (i.e., anion) when it is known as a hydride, or as a positively charged (i.e., cation) species denoted by the symbol H+. The hydrogen cation is written as though composed of a bare proton, but in reality, hydrogen cations in ionic compounds are always more complex species than that would suggest. As the only neutral atom for which the Schrödinger equation can be solved analytically, study of the energetics and bonding of the hydrogen atom has played a key role in the development of quantum mechanics.",What charge does hydrogen display in ionic compounds when it is called a hydride?,negative
57340043d058e614000b6769,"Punjab,_Pakistan","The onset of the southwest monsoon is anticipated to reach Punjab by May, but since the early 1970s the weather pattern has been irregular. The spring monsoon has either skipped over the area or has caused it to rain so hard that floods have resulted. June and July are oppressively hot. Although official estimates rarely place the temperature above 46 °C, newspaper sources claim that it reaches 51 °C and regularly carry reports about people who have succumbed to the heat. Heat records were broken in Multan in June 1993, when the mercury was reported to have risen to 54 °C. In August the oppressive heat is punctuated by the rainy season, referred to as barsat, which brings relief in its wake. The hardest part of the summer is then over, but cooler weather does not come until late October.",When do monsoons traditionally happen in Punjab?,by May
5727d9892ca10214002d9805,Eton_College,"In October 2004, Sarah Forsyth claimed that she had been dismissed unfairly by Eton College and had been bullied by senior staff. She also claimed she was instructed to do some of Prince Harry's coursework to enable him to pass AS Art. As evidence, Forsyth provided secretly recorded conversations with both Prince Harry and her Head of Department, Ian Burke. An employment tribunal in July 2005 found that she had been unfairly dismissed and criticised Burke for bullying her and for repeatedly changing his story. It also criticised the school for failing to produce its capability procedures and criticised the Head Master for not reviewing the case independently.",Who was criticized for not handling the Forsyth case independently?,the Head Master
572fe9d104bcaa1900d76ea1,Premier_League,"There has been an increasing gulf between the Premier League and the Football League. Since its split with the Football League, many established clubs in the Premier League have managed to distance themselves from their counterparts in lower leagues. Owing in large part to the disparity in revenue from television rights between the leagues, many newly promoted teams have found it difficult to avoid relegation in their first season in the Premier League. In every season except 2001–02 and 2011–12, at least one Premier League newcomer has been relegated back to the Football League. In 1997–98 all three promoted clubs were relegated at the end of the season.",Was it unusual for a new team to go back to the Football League after their first season in the Premier League?,"In every season except 2001–02 and 2011–12, at least one Premier League newcomer has been relegated back to the Football League."
5731600fe6313a140071ceaa,Qing_dynasty,"Losing the First Sino-Japanese War of 1894–1895 was a watershed. Japan, a country long regarded by the Chinese as little more than an upstart nation of pirates, annihilated the Qing government's modernized Beiyang Fleet, then deemed to be the strongest naval force in Asia. The Japanese victory occurred a mere three decades after the Meiji Restoration set a feudal Japan on course to emulate the Western nations in their economic and technological achievements. Finally, in December 1894, the Qing government took concrete steps to reform military institutions and to re-train selected units in westernized drills, tactics and weaponry. These units were collectively called the New Army. The most successful of these was the Beiyang Army under the overall supervision and control of a former Huai Army commander, General Yuan Shikai, who used his position to build networks of loyal officers and eventually become President of the Republic of China.",When did the Qing decide to modernize their military?,1894
570c2999ec8fbc190045bcde,Federal_Bureau_of_Investigation,"On July 8, 2007 The Washington Post published excerpts from UCLA Professor Amy Zegart's book Spying Blind: The CIA, the FBI, and the Origins of 9/11. The Post reported from Zegart's book that government documents show the CIA and FBI missed 23 potential chances to disrupt the terrorist attacks of September 11, 2001. The primary reasons for the failures included: agency cultures resistant to change and new ideas; inappropriate incentives for promotion; and a lack of cooperation between the FBI, CIA and the rest of the United States Intelligence Community. The book blamed the FBI's decentralized structure, which prevented effective communication and cooperation among different FBI offices. The book suggested that the FBI has not evolved into an effective counter-terrorism or counter-intelligence agency, due in large part to deeply ingrained agency cultural resistance to change. For example, FBI personnel practices continue to treat all staff other than special agents as support staff, classifying intelligence analysts alongside the FBI's auto mechanics and janitors.",When did the Washington Post publish excerpts from the book Spying Blind?,"July 8, 2007"
572e937adfa6aa1500f8d179,Endangered_Species_Act,"The Endangered Species Conservation Act (P. L. 91-135), passed in December, 1969, amended the original law to provide additional protection to species in danger of ""worldwide extinction"" by prohibiting their importation and subsequent sale in the United States. It expanded the Lacey Act's ban on interstate commerce to include mammals, reptiles, amphibians, mollusks and crustaceans. Reptiles were added mainly to reduce the rampant poaching of alligators and crocodiles. This law was the first time that invertebrates were included for protection.",When was the Endangered Species Conservation Act passed?,"December, 1969"
570ab0116d058f190018307c,FC_Barcelona,"The 1973–74 season saw the arrival of Johan Cruyff, who was bought for a world record £920,000 from Ajax. Already an established player with Ajax, Cruyff quickly won over the Barcelona fans when he told the European press that he chose Barcelona over Real Madrid because he could not play for a club associated with Francisco Franco. He further endeared himself when he named his son Jordi, after the local Catalan Saint George. Next to champions like Juan Manuel Asensi, Carles Rexach and Hugo Sotil, he helped the club win the 1973–74 season for the first time since 1960, defeating Real Madrid 5–0 at the Bernabéu along the way. He was crowned European Footballer of the Year in 1973 during his first season with Barcelona (his second Ballon d'Or win; he won his first while playing for Ajax in 1971). Cruyff received this prestigious award a third time (the first player to do so) in 1974, while he was still with Barcelona.",When did Johan Cruyff join Barcelona?,The 1973–74 season
5726ce13dd62a815002e90d3,Copyright_infringement,"Copyright infringement is the use of works protected by copyright law without permission, infringing certain exclusive rights granted to the copyright holder, such as the right to reproduce, distribute, display or perform the protected work, or to make derivative works. The copyright holder is typically the work's creator, or a publisher or other business to whom copyright has been assigned. Copyright holders routinely invoke legal and technological measures to prevent and penalize copyright infringement.",What is it called when someone uploads a video to YouTube without the creators permission?,copyright infringement
572854802ca10214002da29c,LaserDisc,"Although the LaserDisc format was supplanted by DVD by the late 1990s, many LD titles are still highly coveted by movie enthusiasts (for example, Disney's Song of the South which is unavailable in the US in any format, but was issued in Japan on LD). This is largely because there are many films that are still only available on LD and many other LD releases contain supplemental material not available on subsequent DVD versions of those films. Until the end of 2001, many titles were released on VHS, LD, and DVD in Japan.",By what year had DVD taken over the LaserDisc market?,late 1990s
56df59a996943c1400a5d3eb,Oklahoma_City,"Oklahoma City has experienced significant population increases since the late 1990s. In May 2014, the U.S. Census announced Oklahoma City had an estimated population of 620,602 in 2014 and that it had grown 5.3 percent between April 2010 and June 2013. Since the official Census in 2000, Oklahoma City had grown 21 percent (a 114,470 raw increase) according to the Bureau estimates. The 2014 estimate of 620,602 is the largest population Oklahoma City has ever recorded. It is the first city in the state to record a population greater than 600,000 residents and the largest municipal population of the Great Plains region (OK, KS, NE, SD, ND).",When did the population increases begin in Oklahoma city?,late 1990s
5727acb32ca10214002d9364,Switzerland,"On 25 May 2011 the Swiss government announced that it plans to end its use of nuclear energy in the next 2 or 3 decades. ""The government has voted for a phaseout because we want to ensure a secure and autonomous supply of energy"", Energy Minister Doris Leuthard said that day at a press conference in Bern. ""Fukushima showed that the risk of nuclear power is too high, which in turn has also increased the costs of this energy form."" The first reactor would reportedly be taken offline in 2019 and the last one in 2034. Parliament will discuss the plan in June 2011, and there could be a referendum as well.",When is Switzerland's first nuclear reactor scheduled to be taken offline?,2019
571a908010f8ca1400305151,Ashkenazi_Jews,"Speculation that the Ashkenazi arose from Khazar stock surfaced in the later 19th century and has met with mixed fortunes in the scholarly literature. In late 2012 Eran Elhaik, a research associate studying genetics at the Johns Hopkins University School of Public Health, argued for Khazar descent in his paper The Missing Link of Jewish European Ancestry: Contrasting the Rhineland and the Khazarian Hypotheses. A 2013 study of Ashkenazi mitochondrial DNA found no significant evidence of Khazar contribution to the Ashkenazi Jewish DNA, as would be predicted by the Khazar hypothesis.",When did the idea that the Ashkenazi may have come from Khazar stock come about?,in the later 19th century
5729d8b71d04691400779632,IBM,"The birthplace of IBM, Endicott, suffered pollution for decades, however. IBM used liquid cleaning agents in circuit board assembly operation for more than two decades, and six spills and leaks were recorded, including one leak in 1979 of 4,100 gallons from an underground tank. These left behind volatile organic compounds in the town's soil and aquifer. Traces of volatile organic compounds have been identified in Endicott’s drinking water, but the levels are within regulatory limits. Also, from 1980, IBM has pumped out 78,000 gallons of chemicals, including trichloroethane, freon, benzene and perchloroethene to the air and allegedly caused several cancer cases among the townspeople. IBM Endicott has been identified by the Department of Environmental Conservation as the major source of pollution, though traces of contaminants from a local dry cleaner and other polluters were also found. Remediation and testing are ongoing, however according to city officials, tests show that the water is safe to drink.",Starting in 1980 how many gallons of chemicals did IBM pump into the air?,"78,000 gallons"
5728aaa24b864d1900164be7,Mandolin,"Phil Skinner played a key role in 20th century development of the mandolin movement in Australia, and was awarded an MBE in 1979 for services to music and the community. He was born Harry Skinner in Sydney in 1903 and started learning music at age 10 when his uncle tutored him on the banjo. Skinner began teaching part-time at age 18, until the Great Depression forced him to begin teaching full-time and learn a broader range of instruments. Skinner founded the Sydney Mandolin Orchestra, the oldest surviving mandolin orchestra in Australia.",When did the Australian mandolin movement begin?,20th century
56d660e91c850414009470d6,2008_Sichuan_earthquake,"Because of the magnitude of the quake, and the media attention on China, foreign nations and organizations immediately responded to the disaster by offering condolences and assistance. On May 14, UNICEF reported that China formally requested the support of the international community to respond to the needs of affected families.",Why did the world community notice the need for help?,magnitude of the quake
56de719c4396321400ee2909,Arnold_Schwarzenegger,"Schwarzenegger served in the Austrian Army in 1965 to fulfill the one year of service required at the time of all 18-year-old Austrian males. During his army service, he won the Junior Mr. Europe contest. He went AWOL during basic training so he could take part in the competition and spent a week in military prison: ""Participating in the competition meant so much to me that I didn't carefully think through the consequences."" He won another bodybuilding contest in Graz, at Steirer Hof Hotel (where he had placed second). He was voted best built man of Europe, which made him famous. ""The Mr. Universe title was my ticket to America – the land of opportunity, where I could become a star and get rich."" Schwarzenegger made his first plane trip in 1966, attending the NABBA Mr. Universe competition in London. He would come in second in the Mr. Universe competition, not having the muscle definition of American winner Chester Yorton.","Which bodybuilding title did Schwarzenegger call his ""ticket to America""?",Mr. Universe
570a88dd6d058f1900182f6b,Old_English,"The form of the verb varies with person (first, second and third), number (singular and plural), tense (present and past), and mood (indicative, subjunctive and imperative). Old English also sometimes uses compound constructions to express other verbal aspects, the future and the passive voice; in these we see the beginnings of the compound tenses of Modern English. Old English verbs include strong verbs, which form the past tense by altering the root vowel, and weak verbs, which use a suffix such as -de. As in Modern English, and peculiar to the Germanic languages, the verbs formed two great classes: weak (regular), and strong (irregular). Like today, Old English had fewer strong verbs, and many of these have over time decayed into weak forms. Then, as now, dental suffixes indicated the past tense of the weak verbs, as in work and worked.",What were the three moods that caused verb variation in Old English?,"indicative, subjunctive and imperative"
5729340aaf94a219006aa187,Bermuda,"The only indigenous mammals of Bermuda are five species of bats, all of which are also found in the eastern United States: Lasionycteris noctivagans, Lasiurus borealis, Lasiurus cinereus, Lasiurus seminolus and Perimyotis subflavus. Other commonly known fauna of Bermuda include its national bird, the Bermuda petrel or cahow. It was rediscovered in 1951 after having been thought extinct since the 1620s. It is important as an example of a Lazarus species. The government has a programme to protect it, including restoration of a habitat area. The Bermuda rock skink was long thought to have been the only indigenous land vertebrate of Bermuda, discounting the marine turtles that lay their eggs on its beaches. Recently through genetic DNA studies, scientists have discovered that a species of turtle, the diamondback terrapin, previously thought to have been introduced, pre-dated the arrival of humans in the archipelago. As this species spends most of its time in brackish ponds, some question whether it should be classified as a land vertebrate to compete with the skink's unique status.",Why is the National bird of importance?,example of a Lazarus species
570d1b93fed7b91900d45c1f,Valencia,"Starting in the mid-1990s, Valencia, formerly an industrial centre, saw rapid development that expanded its cultural and touristic possibilities, and transformed it into a newly vibrant city. Many local landmarks were restored, including the ancient Towers of the medieval city (Serrano Towers and Quart Towers), and the San Miguel de los Reyes monastery, which now holds a conservation library. Whole sections of the old city, for example the Carmen Quarter, have been extensively renovated. The Paseo Marítimo, a 4 km (2 mi) long palm tree-lined promenade was constructed along the beaches of the north side of the port (Playa Las Arenas, Playa Cabañal and Playa de la Malvarrosa).",What promenade was built north of Valencia's port?,The Paseo Marítimo
57280ac93acd2414000df301,PlayStation_3,"The console was originally planned for a global release through November, but at the start of September the release in Europe and the rest of the world was delayed until March. With it being a somewhat last-minute delay, some companies had taken deposits for pre-orders, at which Sony informed customers that they were eligible for full refunds or could continue the pre-order. On January 24, 2007, Sony announced that PlayStation 3 would go on sale on March 23, 2007, in Europe, Australia, the Middle East, Africa and New Zealand. The system sold about 600,000 units in its first two days. On March 7, 2007, the 60 GB PlayStation 3 launched in Singapore with a price of S$799. The console was launched in South Korea on June 16, 2007, as a single version equipped with an 80 GB hard drive and IPTV.",On what date did the PlayStation 3 go on sale in Africa?,"March 23, 2007"
57266715dd62a815002e83c0,British_Empire,"The Caribbean initially provided England's most important and lucrative colonies, but not before several attempts at colonisation failed. An attempt to establish a colony in Guiana in 1604 lasted only two years, and failed in its main objective to find gold deposits. Colonies in St Lucia (1605) and Grenada (1609) also rapidly folded, but settlements were successfully established in St. Kitts (1624), Barbados (1627) and Nevis (1628). The colonies soon adopted the system of sugar plantations successfully used by the Portuguese in Brazil, which depended on slave labour, and—at first—Dutch ships, to sell the slaves and buy the sugar. To ensure that the increasingly healthy profits of this trade remained in English hands, Parliament decreed in 1651 that only English ships would be able to ply their trade in English colonies. This led to hostilities with the United Dutch Provinces—a series of Anglo-Dutch Wars—which would eventually strengthen England's position in the Americas at the expense of the Dutch. In 1655, England annexed the island of Jamaica from the Spanish, and in 1666 succeeded in colonising the Bahamas.",When did England annex the island of Jamaica from the Spanish?,1655
5731c45ae17f3d14004223ac,Egypt,"Although one of the main obstacles still facing the Egyptian economy is the limited trickle down of wealth to the average population, many Egyptians criticise their government for higher prices of basic goods while their standards of living or purchasing power remains relatively stagnant. Corruption is often cited by Egyptians as the main impediment to further economic growth. The government promised major reconstruction of the country's infrastructure, using money paid for the newly acquired third mobile license ($3 billion) by Etisalat in 2006. In the Corruption Perceptions Index 2013, Egypt was ranked 114 out of 177.",Where did Egypt rank in Corruption perceptions Index in 2013?,114 out of 177
56fb6507b28b3419009f1d0c,Middle_Ages,"Religious beliefs in the Eastern Empire and Persia were in flux during the late 6th and early 7th centuries. Judaism was an active proselytising faith, and at least one Arab political leader converted to it.[J] Christianity had active missions competing with the Persians' Zoroastrianism in seeking converts, especially among residents of the Arabian Peninsula. All these strands came together with the emergence of Islam in Arabia during the lifetime of Muhammad (d. 632). After his death, Islamic forces conquered much of the Eastern Empire and Persia, starting with Syria in 634–635 and reaching Egypt in 640–641, Persia between 637 and 642, North Africa in the later 7th century, and the Iberian Peninsula in 711. By 714, Islamic forces controlled much of the peninsula in a region they called Al-Andalus.",In what century did Muslims conquer North Africa?,7th
56d37eb059d6e41400146541,American_Idol,"Jessica Sanchez received the fewest number of votes during the Top 7 week, and the judges decided to use their ""save"" option on her, making her the first female recipient of the save. The following week, unlike previous seasons, Colton Dixon was the only contestant sent home. Sanchez later made the final two, the first season where a recipient of the save reached the finale.",Which contestant was saved by the judges on season 11 of American Idol?,Jessica Sanchez
572676edf1498d1400e8e092,Cotton,"The earliest evidence of cotton use in South Asia has been found at the site of Mehrgarh, Pakistan, where cotton threads have been found preserved in copper beads; these finds have been dated to Neolithic (between 6000 and 5000 BCE). Cotton cultivation in the region is dated to the Indus Valley Civilization, which covered parts of modern eastern Pakistan and northwestern India between 3300 and 1300 BCE The Indus cotton industry was well-developed and some methods used in cotton spinning and fabrication continued to be used until the industrialization of India. Between 2000 and 1000 BC cotton became widespread across much of India. For example, it has been found at the site of Hallus in Karnataka dating from around 1000 BC.",When did the Indus Valley Civilization cover parts of India and Pakistan?,3300 and 1300 BCE
5730396404bcaa1900d773be,"Tucson,_Arizona","Tucson has a desert climate (Köppen BWh), with two major seasons, summer and winter; plus three minor seasons: fall, spring, and the monsoon. Tucson averages 11.8 inches (299.7 mm) of precipitation per year, more than most other locations with desert climates, but it still qualifies due to its high evapotranspiration; in other words, it experiences a high net loss of water. A similar scenario is seen in Alice Springs, Australia, which averages 11 inches (279.4 mm) a year, but has a desert climate.",What does Tuscon have more than most desert climates?,precipitation
5733b195d058e614000b6086,Tajikistan,"In 2010, there were concerns among Tajik officials that Islamic militarism in the east of the country was on the rise following the escape of 25 militants from a Tajik prison in August, an ambush that killed 28 Tajik soldiers in the Rasht Valley in September, and another ambush in the valley in October that killed 30 soldiers, followed by fighting outside Gharm that left 3 militants dead. To date the country's Interior Ministry asserts that the central government maintains full control over the country's east, and the military operation in the Rasht Valley was concluded in November 2010. However, fighting erupted again in July 2012. In 2015 Russia will send more troops to Tajikistan, as confirmed by a report of STRATFOR (magazine online)",When did Russia say they will be sending more troops to Tajikistan?,2015
5728d807ff5b5019007da7fe,Apollo,"A lot of temples dedicated to Apollo were built in Greece and in the Greek colonies, and they show the spread of the cult of Apollo, and the evolution of the Greek architecture, which was mostly based on the rightness of form, and on mathematical relations. Some of the earliest temples, especially in Crete, don't belong to any Greek order. It seems that the first peripteral temples were rectangle wooden structures. The different wooden elements were considered divine, and their forms were preserved in the marble or stone elements of the temples of Doric order. The Greeks used standard types, because they believed that the world of objects was a series of typical forms which could be represented in several instances. The temples should be canonic, and the architects were trying to achieve the esthetic perfection. From the earliest times there were certain rules strictly observed in rectangular peripteral and prostyle buildings. The first buildings were narrow to hold the roof, and when the dimensions changed, some mathematical relations became necessary, in order to keep the original forms. This probably influenced the theory of numbers of Pythagoras, who believed that behind the appearance of things, there was the permanent principle of mathematics.",Why were the first buildings narrow?,to hold the roof
5731dc25b9d445190005e5cb,Protestantism,"In Europe, there has been a general move away from religious observance and belief in Christian teachings and a move towards secularism. The Enlightenment is largely responsible for the spread of secularism. Several scholars have argued for a link between the rise of secularism and Protestantism, attributing it to the wide-ranging freedom in the Protestant countries. In North America, South America and Australia Christian religious observance is much higher than in Europe. United States remains particularly religious in comparison to other developed countries. South America, historically Roman Catholic, has experienced a large Evangelical and Pentecostal infusion in the 20th and 21st centuries.",When did South America show an increase in Evangelicals?,the 20th and 21st centuries
5726dee0f1498d1400e8ee2e,Molotov%E2%80%93Ribbentrop_Pact,"The treaty was published in the United States for the first time by the St. Louis Post-Dispatch on May 22, 1946, in Britain by the Manchester Guardian. It was also part of an official State Department publication, Nazi–Soviet Relations 1939–1941, edited by Raymond J. Sontag and James S. Beddie in January 1948. The decision to publish the key documents on German–Soviet relations, including the treaty and protocol, had been taken already in spring 1947. Sontag and Beddie prepared the collection throughout the summer of 1947. In November 1947, President Truman personally approved the publication but it was held back in view of the Foreign Ministers Conference in London scheduled for December. Since negotiations at that conference did not prove constructive from an American point of view, the document edition was sent to press. The documents made headlines worldwide. State Department officials counted it as a success: ""The Soviet Government was caught flat-footed in what was the first effective blow from our side in a clear-cut propaganda war.""",Who put the Nazi-Soviet Relations publication together?,Raymond J. Sontag and James S. Beddie
570c625dfed7b91900d4596a,"John,_King_of_England","Royal power in Wales was unevenly applied, with the country divided between the marcher lords along the borders, royal territories in Pembrokeshire and the more independent native Welsh lords of North Wales. John took a close interest in Wales and knew the country well, visiting every year between 1204 and 1211 and marrying his illegitimate daughter, Joan, to the Welsh prince Llywelyn the Great. The king used the marcher lords and the native Welsh to increase his own territory and power, striking a sequence of increasingly precise deals backed by royal military power with the Welsh rulers. A major royal expedition to enforce these agreements occurred in 1211, after Llywelyn attempted to exploit the instability caused by the removal of William de Braose, through the Welsh uprising of 1211. John's invasion, striking into the Welsh heartlands, was a military success. Llywelyn came to terms that included an expansion of John's power across much of Wales, albeit only temporarily.",When did a royal expedition to enforce agreements occur?,1211
5730f42ea5e9cc1400cdbb3f,Namibia,"The Kalahari Desert, an arid region shared with South Africa and Botswana, is one of Namibia's well-known geographical features. The Kalahari, while popularly known as a desert, has a variety of localised environments, including some verdant and technically non-desert areas. One of these, known as the Succulent Karoo, is home to over 5,000 species of plants, nearly half of them endemic; Approximately 10 percent of the world's succulents are found in the Karoo. The reason behind this high productivity and endemism may be the relatively stable nature of precipitation.",What is probably the reason there are so many unique plants in Karoo?,stable nature of precipitation
572f21aea23a5019007fc4ab,Modern_history,"The European Revolutions of 1848, known in some countries as the Spring of Nations or the Year of Revolution, were a series of political upheavals throughout the European continent. Described as a revolutionary wave, the period of unrest began in France and then, further propelled by the French Revolution of 1848, soon spread to the rest of Europe. Although most of the revolutions were quickly put down, there was a significant amount of violence in many areas, with tens of thousands of people tortured and killed. While the immediate political effects of the revolutions were reversed, the long-term reverberations of the events were far-reaching.",When did the European revolutions occur?,1848
572fdbc3947a6a140053cd60,Armenia,"Yerevan Vernissage (arts and crafts market), close to Republic Square, bustles with hundreds of vendors selling a variety of crafts on weekends and Wednesdays (though the selection is much reduced mid-week). The market offers woodcarving, antiques, fine lace, and the hand-knotted wool carpets and kilims that are a Caucasus specialty. Obsidian, which is found locally, is crafted into assortment of jewellery and ornamental objects. Armenian gold smithery enjoys a long tradition, populating one corner of the market with a selection of gold items. Soviet relics and souvenirs of recent Russian manufacture – nesting dolls, watches, enamel boxes and so on – are also available at the Vernisage.",What is Obsidian used for?,jewellery and ornamental objects
5724f76c0ba9f01400d97bee,Queen_Victoria,"Victoria was the daughter of Prince Edward, Duke of Kent and Strathearn, the fourth son of King George III. Both the Duke of Kent and King George III died in 1820, and Victoria was raised under close supervision by her German-born mother Princess Victoria of Saxe-Coburg-Saalfeld. She inherited the throne aged 18, after her father's three elder brothers had all died, leaving no surviving legitimate children. The United Kingdom was already an established constitutional monarchy, in which the sovereign held relatively little direct political power. Privately, Victoria attempted to influence government policy and ministerial appointments; publicly, she became a national icon who was identified with strict standards of personal morality.",When did the Duke of Kent die? ,1820
57266600f1498d1400e8de56,Thuringia,"The Thuringian population has a significant sex ratio gap, caused by the emigration of young women, especially in rural areas. Overall, there are 115 to 120 men per 100 women in the 25–40 age group (""family founders"") which has negative consequences for the birth ratio. Furthermore, the population is getting older and older with some rural municipalities recording more than 30% of over-65s (pensioners). This is a problem for the regional labour market, as there are twice as many people leaving as entering the job market annually.",What is the sex ratio gap in Thuringia?,115 to 120 men per 100 women
56e6b94d6fe0821900b8eb58,Adult_contemporary_music,"AC radio stations may play mainstream music, but they will exclude hip hop, dance tracks, hard rock, and some forms of teen pop, as they are less popular amongst the target demographic of these radio stations, which is intended for an adult audience. AC radio often targets the 25–44 age group, the demographic that has received the most attention from advertisers since the 1960s. A common practice in recent years is that many adult contemporary stations play less newer music because they also give ample airtime to hits of the past, so the de-emphasis on new songs slows the progression of the AC chart.",When did advertisers begin to focus on the adult contemporary age demographic?,1960s
572f90e2a23a5019007fc768,Washington_University_in_St._Louis,"Washington University spent its first half century in downtown St. Louis bounded by Washington Ave., Lucas Place, and Locust Street. By the 1890s, owing to the dramatic expansion of the Manual School and a new benefactor in Robert Brookings, the University began to move west. The University Board of Directors began a process to find suitable ground and hired the landscape architecture firm Olmsted, Olmsted & Eliot of Boston. A committee of Robert S. Brookings, Henry Ware Eliot, and William Huse found a site of 103 acres (41.7 ha) just beyond Forest Park, located west of the city limits in St. Louis County. The elevation of the land was thought to resemble the Acropolis and inspired the nickname of ""Hilltop"" campus, renamed the Danforth campus in 2006 to honor former chancellor William H. Danforth.",When did Washington University begin to expand west?,the 1890s
572ed315cb0c0d14000f15e9,Seven_Years%27_War,"On the eastern front, progress was very slow. The Russian army was heavily dependent upon its main magazines in Poland, and the Prussian army launched several successful raids against them. One of them, led by general Platen in September resulted in the loss of 2,000 Russians, mostly captured, and the destruction of 5,000 wagons. Deprived of men, the Prussians had to resort to this new sort of warfare, raiding, to delay the advance of their enemies. Nonetheless, at the end of the year, they suffered two critical setbacks. The Russians under Zakhar Chernyshev and Pyotr Rumyantsev stormed Kolberg in Pomerania, while the Austrians captured Schweidnitz. The loss of Kolberg cost Prussia its last port on the Baltic Sea. In Britain, it was speculated that a total Prussian collapse was now imminent.",identify a major Prussian loss to the Austrians.,the Austrians captured Schweidnitz.
57278a24708984140094e051,FA_Cup,"The trophy comes in three parts - the cup itself, plus a lid and a base. There have been two designs of trophy in use, but five physical trophies have been presented. The original trophy, known as the ""little tin idol"", was 18 inches high and made by Martin, Hall & Co. It was stolen in 1895 and never recovered, and so was replaced by an exact replica, used until 1910. The FA decided to change the design after the 1909 winners, Manchester United, made their own replica, leading the FA to realise they did not own the copyright. This new, larger design was by Messers Fattorini and Sons, and was used from 1911. In order to preserve this original, from 1992 it was replaced by an exact replica, although this had to be replaced after just over two decades, after showing wear and tear from being handled more than in previous eras. This third replica, first used in 2014, was built heavier to withstand the increased handling. Of the four surviving trophies, only the 1895 replica has entered private ownership.",When was the first design changed? ,". The FA decided to change the design after the 1909 winners, Manchester United, made their own replica,"
572fb2fb947a6a140053cbae,Armenia,"Fears decreased when Stalin died in 1953 and Nikita Khruschev emerged as the Soviet Union's new leader. Soon, life in Soviet Armenia began to see rapid improvement. The church, which suffered greatly under Stalin, was revived when Catholicos Vazgen I assumed the duties of his office in 1955. In 1967, a memorial to the victims of the Armenian Genocide was built at the Tsitsernakaberd hill above the Hrazdan gorge in Yerevan. This occurred after mass demonstrations took place on the tragic event's fiftieth anniversary in 1965.",When was the Armenian Genocide Memorial constructed?,1967
5734161dd058e614000b6911,Montana,"The Montana Territory was formed on April 26, 1864, when the U.S. passed the Organic Act. Schools started forming in the area before it was officially a territory as families started settling into the area. The first schools were subscription schools that typically held in the teacher's home. The first formal school on record was at Fort Owen in Bitterroot valley in 1862. The students were Indian children and the children of Fort Owen employees. The first school term started in early winter and only lasted until February 28. Classes were taught by Mr. Robinson. Another early subscription school was started by Thomas Dimsdale in Virginia City in 1863. In this school students were charged $1.75 per week. The Montana Territorial Legislative Assembly had its inaugural meeting in 1864. The first legislature authorized counties to levy taxes for schools, which set the foundations for public schooling. Madison County was the first to take advantage of the newly authorized taxes and it formed fhe first public school in Virginia City in 1886. The first school year was scheduled to begin in January 1866, but severe weather postponed its opening until March. The first school year ran through the summer and didn't end until August 17. One of the first teachers at the school was Sarah Raymond. She was a 25-year-old woman who had traveled to Virginia City via wagon train in 1865. To become a certified teacher, Raymond took a test in her home and paid a $6 fee in gold dust to obtain a teaching certificate. With the help of an assistant teacher, Mrs. Farley, Raymond was responsible for teaching 50 to 60 students each day out of the 81 students enrolled at the school. Sarah Raymond was paid at a rate of $125 per month, and Mrs. Farley was paid $75 per month. There were no textbooks used in the school. In their place was an assortment of books brought in by various emigrants. Sarah quit teaching the following year, but would later become the Madison County superintendent of schools.",When did the first public school in Virginia City formed?,1886
5731b919e17f3d1400422333,Protestantism,"Protestantism spread in Europe during the 16th century. Lutheranism spread from Germany into its surrounding areas,[c] Denmark,[d] Norway,[e] Sweden,[f] Finland,[g] Prussia,[h] Latvia,[i], Estonia,[j] and Iceland,[k] as well as other smaller territories. Reformed churches were founded primarily in Germany and its adjacent regions,[l] Hungary,[m] the Netherlands,[n] Scotland,[o] Switzerland,[p] and France[q] by such reformers as John Calvin, Huldrych Zwingli, and John Knox. Arminianism[r] gained supporters in the Netherlands and parts of Germany. In 1534, King Henry VIII put an end to all papal jurisdiction in England[s] after the Pope failed to annul his marriage to Catherine of Aragon; this opened the door to reformational ideas, notably during the following reign of Edward VI, through Thomas Cranmer, Richard Hooker, Matthew Parker and other theologians. There were also reformational efforts throughout continental Europe known as the Radical Reformation—a response to perceived corruption in both the Roman Catholic Church and the expanding Magisterial Reformation led by Luther and various other reformers—which gave rise to Anabaptist, Moravian, and other Pietistic movements. In later centuries, Protestants developed their own culture, which made major contributions in education, the humanities and sciences, the political and social order, the economy and the arts, and other fields.",Who made large contributions in the sciences in latter centuries?,Protestants
56e6f47d6fe0821900b8ec72,Adult_contemporary_music,"Anita Baker, Sade, Regina Belle, and Luther Vandross are other examples of artists who appeal to mainstream AC, urban AC and smooth jazz listeners. Some soft AC and urban AC stations like to play smooth jazz on the weekends. In recent years, the Smooth Jazz format has been renamed to Smooth AC, as an attempt to lure younger listeners.",What was the smooth jazz format renamed?,to lure younger listeners
5725d86e89a1e219009abfa1,Montevideo,"In Montevideo, as throughout the Rio de Plata region, the most popular forms of music are tango, milonga and vals criollo. Many notable songs originated in Montevideo including ""El Tango supremo"", La Cumparsita"", La Milonga"", ""La Puñalada"" and ""Desde el Alma"", composed by notable Montevideo musicians such as Gerardo Matos Rodríguez, Pintín Castellanos and Rosita Melo. Tango is deeply ingrained in the cultural life of the city and is the theme for many of the bars and restaurants in the city. Fun Fun' Bar, established in 1935, is one of the most important places for tango in Uruguay as is El Farolito, located in the old part of the city and Joventango, Café Las Musas, Garufa and Vieja Viola. The city is also home to the Montevideo Jazz Festival and has the Bancaria Jazz Club bar catering for jazz enthusiasts.",When was Fun Fun Bar established?,1935
56cbedde6d243a140015edf5,Frédéric_Chopin,"Back in Warsaw that year, Chopin heard Niccolò Paganini play the violin, and composed a set of variations, Souvenir de Paganini. It may have been this experience which encouraged him to commence writing his first Études, (1829–32), exploring the capacities of his own instrument. On 11 August, three weeks after completing his studies at the Warsaw Conservatory, he made his debut in Vienna. He gave two piano concerts and received many favourable reviews—in addition to some commenting (in Chopin's own words) that he was ""too delicate for those accustomed to the piano-bashing of local artists"". In one of these concerts, he premiered his Variations on Là ci darem la mano, Op. 2 (variations on an aria from Mozart's opera Don Giovanni) for piano and orchestra. He returned to Warsaw in September 1829, where he premiered his Piano Concerto No. 2 in F minor, Op. 21 on 17 March 1830.",How many piano concerts did Frédéric perform in Vienna during this time?,two
572fe97ca23a5019007fcb25,Antenna_(radio),"The radio signal's electrical component induces a voltage in the conductor. This causes an electrical current to begin flowing in the direction of the signal's instantaneous field. When the resulting current reaches the end of the conductor, it reflects, which is equivalent to a 180 degree change in phase. If the conductor is 1⁄4 of a wavelength long, current from the feed point will undergo 90 degree phase change by the time it reaches the end of the conductor, reflect through 180 degrees, and then another 90 degrees as it travels back. That means it has undergone a total 360 degree phase change, returning it to the original signal. The current in the element thus adds to the current being created from the source at that instant. This process creates a standing wave in the conductor, with the maximum current at the feed.",What is the outcome when a curren is reflected>,180 degree change in phase
57329c9cd6dcfa19001e8a2a,Police,"This office was first held by Gabriel Nicolas de la Reynie, who had 44 commissaires de police (police commissioners) under his authority. In 1709, these commissioners were assisted by inspecteurs de police (police inspectors). The city of Paris was divided into 16 districts policed by the commissaires, each assigned to a particular district and assisted by a growing bureaucracy. The scheme of the Paris police force was extended to the rest of France by a royal edict of October 1699, resulting in the creation of lieutenants general of police in all large French cities and towns.",When were police inspectors added to Paris's police?,1709
570c73d8b3d812140066d1f5,FC_Barcelona,"In 1918 Espanyol started a counter-petition against autonomy, which at that time had become a pertinent issue. Later on, an Espanyol supporter group would join the Falangists in the Spanish Civil War, siding with the fascists. Despite these differences in ideology, the derbi has always been more relevant to Espanyol supporters than Barcelona ones due to the difference in objectives. In recent years the rivalry has become less political, as Espanyol translated its official name and anthem from Spanish to Catalan.",When did Espanyol  offer a counter-petition against autonomy?,1918
57328db8b9988014000c7678,Geological_history_of_Earth,"The Ordovician Period started at a major extinction event called the Cambrian-Ordovician extinction events some time about 485.4 ± 1.9 Ma. During the Ordovician the southern continents were collected into a single continent called Gondwana. Gondwana started the period in the equatorial latitudes and, as the period progressed, drifted toward the South Pole. Early in the Ordovician the continents Laurentia, Siberia and Baltica were still independent continents (since the break-up of the supercontinent Pannotia earlier), but Baltica began to move toward Laurentia later in the period, causing the Iapetus Ocean to shrink between them. Also, Avalonia broke free from Gondwana and began to head north toward Laurentia. The Rheic Ocean was formed as a result of this. By the end of the period, Gondwana had neared or approached the pole and was largely glaciated.",How long ago did the Ordovician period begin?,485.4 ± 1.9 Ma.
56e765dc37bdd419002c3f39,Paper,"Paper made from mechanical pulp contains significant amounts of lignin, a major component in wood. In the presence of light and oxygen, lignin reacts to give yellow materials, which is why newsprint and other mechanical paper yellows with age. Paper made from bleached kraft or sulfite pulps does not contain significant amounts of lignin and is therefore better suited for books, documents and other applications where whiteness of the paper is essential.",What does lignin react to to produce the yellowing you see in newspapers?,light and oxygen
56de2db3cffd8e1900b4b62e,Architecture,"On the difference between the ideals of architecture and mere construction, the renowned 20th-century architect Le Corbusier wrote: ""You employ stone, wood, and concrete, and with these materials you build houses and palaces: that is construction. Ingenuity is at work. But suddenly you touch my heart, you do me good. I am happy and I say: This is beautiful. That is Architecture"".",What century was the architect Le Corbusier in?,20th-century
57265dc9dd62a815002e82d4,Poultry,"In many countries, national and regional poultry shows are held where enthusiasts exhibit their birds which are judged on certain phenotypical breed traits as specified by their respective breed standards. The idea of poultry exhibition may have originated after cockfighting was made illegal, as a way of maintaining a competitive element in poultry husbandry. Breed standards were drawn up for egg-laying, meat-type, and purely ornamental birds, aiming for uniformity. Sometimes, poultry shows are part of general livestock shows, and sometimes they are separate events such as the annual ""National Championship Show"" in the United Kingdom organised by the Poultry Club of Great Britain.",Are there breed standards used for the competitions?,"Breed standards were drawn up for egg-laying, meat-type, and purely ornamental birds, aiming for uniformity"
570abc016d058f19001830b6,Aircraft_carrier,"The constraints of constructing a flight deck affect the role of a given carrier strongly, as they influence the weight, type, and configuration of the aircraft that may be launched. For example, assisted launch mechanisms are used primarily for heavy aircraft, especially those loaded with air-to-ground weapons. CATOBAR is most commonly used on USN supercarriers as it allows the deployment of heavy jets with full loadouts, especially on ground-attack missions. STOVL is used by other navies because it is cheaper to operate and still provides good deployment capability for fighter aircraft.",Why do the constraints of constructing a flight deck affect the role of a carrier?,"they influence the weight, type, and configuration of the aircraft that may be launched"
57318ae9e6313a140071d07e,Muammar_Gaddafi,"On 27 June, the ICC issued arrest warrants for Gaddafi, his son Saif al-Islam, and his brother-in-law Abdullah Senussi, head of state security, for charges concerning crimes against humanity. Libyan officials rejected the ICC, claiming that it had ""no legitimacy whatsoever"" and highlighting that ""all of its activities are directed at African leaders"". That month, Amnesty International published their findings, in which they asserted that many of the accusations of mass human rights abuses made against Gaddafist forces lacked credible evidence, and were instead fabrications of the rebel forces which had been readily adopted by the western media. Amnesty International did however still accuse Gaddafi forces of numerous war crimes. On 15 July 2011, at a meeting in Istanbul, over 30 governments recognised the NTC as the legitimate government of Libya. Gaddafi responded to the announcement with a speech on Libyan national television, in which he called on supporters to ""Trample on those recognitions, trample on them under your feet ... They are worthless"".",What position was held by Gaddafi's brother-in-law?,head of state security
5726a499f1498d1400e8e5cc,Edmund_Burke,"Burke was not merely presenting a peace agreement to Parliament; rather, he stepped forward with four reasons against using force, carefully reasoned. He laid out his objections in an orderly manner, focusing on one before moving to the next. His first concern was that the use of force would have to be temporary, and that the uprisings and objections to British governance in America would not be. Second, Burke worried about the uncertainty surrounding whether Britain would win a conflict in America. ""An armament"", Burke said, ""is not a victory"". Third, Burke brought up the issue of impairment; it would do the British Government no good to engage in a scorched earth war and have the object they desired (America) become damaged or even useless. The American colonists could always retreat into the mountains, but the land they left behind would most likely be unusable, whether by accident or design. The fourth and final reason to avoid the use of force was experience; the British had never attempted to rein in an unruly colony by force, and they did not know if it could be done, let alone accomplished thousands of miles away from home. Not only were all of these concerns reasonable, but some turned out to be prophetic – the American colonists did not surrender, even when things looked extremely bleak, and the British were ultimately unsuccessful in their attempts to win a war fought on American soil.",Where was Burke worried Britain might not win a war?,America
5727bd992ca10214002d9526,Sichuan,"Garzê Tibetan Autonomous Prefecture and Ngawa Tibetan and Qiang Autonomous Prefecture in western Sichuan are populated by Tibetans and Qiang people. Tibetans speak the Khams and Amdo Tibetan, which are Tibetic languages, as well as various Qiangic languages. The Qiang speak Qiangic languages and often Tibetic languages as well. The Yi people of Liangshan Yi Autonomous Prefecture in southern Sichuan speak the Nuosu language, which is one of the Lolo-Burmese languages; Yi is written using the Yi script, a syllabary standardized in 1974. The Southwest University for Nationalities has one of China's most prominent Tibetology departments, and the Southwest Minorities Publishing House prints literature in minority languages. In the minority inhabited regions of Sichuan, there is bi-lingual signage and public school instruction in non-Mandarin minority languages.",What are the largest minorities of western Sichuan?,Tibetans and Qiang
57314fe6497a881900248db8,United_States_Air_Force,"Cultural and career issues in the U.S. Air Force have been cited as one of the reasons for the shortfall in needed UAV operators. In spite of an urgent need for UAVs or drones to provide round the clock coverage for American troops during the Iraq War, the USAF did not establish a new career field for piloting them until the last year of that war and in 2014 changed its RPA training syllabus again, in the face of large aircraft losses in training, and in response to a GAO report critical of handling of drone programs. Paul Scharre has reported that the cultural divide between the USAF and US Army has kept both services from adopting each other's drone handing innovations.",During what war the the USAF establish a new career field for piloting UAVs and drones?,Iraq War
5731e92f0fdd8d15006c6645,Economy_of_Greece,"Greece is classified as an advanced, high-income economy, and was a founding member of the Organisation for Economic Co-operation and Development (OECD) and of the Organization of the Black Sea Economic Cooperation (BSEC). The country joined what is now the European Union in 1981. In 2001 Greece adopted the euro as its currency, replacing the Greek drachma at an exchange rate of 340.75 drachmae per euro. Greece is a member of the International Monetary Fund and of the World Trade Organization, and ranked 34th on Ernst & Young's Globalization Index 2011.",When did Greece adopt the Euro as its currency?,2001
56bf9f6aa10cfb14005511d3,Beyoncé,"Her fourth studio album 4 was released on June 28, 2011 in the US. 4 sold 310,000 copies in its first week and debuted atop the Billboard 200 chart, giving Beyoncé her fourth consecutive number-one album in the US. The album was preceded by two of its singles ""Run the World (Girls)"" and ""Best Thing I Never Had"", which both attained moderate success. The fourth single ""Love on Top"" was a commercial success in the US. 4 also produced four other singles; ""Party"", ""Countdown"", ""I Care"" and ""End of Time"". ""Eat, Play, Love"", a cover story written by Beyoncé for Essence that detailed her 2010 career break, won her a writing award from the New York Association of Black Journalists. In late 2011, she took the stage at New York's Roseland Ballroom for four nights of special performances: the 4 Intimate Nights with Beyoncé concerts saw the performance of her 4 album to a standing room only.",When did she perform at the Roseland ballroom?,2011
5725d14aec44d21400f3d616,Israel,"Israeli literature is primarily poetry and prose written in Hebrew, as part of the renaissance of Hebrew as a spoken language since the mid-19th century, although a small body of literature is published in other languages, such as English. By law, two copies of all printed matter published in Israel must be deposited in the National Library of Israel at the Hebrew University of Jerusalem. In 2001, the law was amended to include audio and video recordings, and other non-print media. In 2013, 91 percent of the 7,863 books transferred to the library were in Hebrew. The Hebrew Book Week is held each June and features book fairs, public readings, and appearances by Israeli authors around the country. During the week, Israel's top literary award, the Sapir Prize, is presented.[citation needed]",When is the Hebrew Book Week held?,June
570a09306d058f1900182c7c,Houston,"The Houston Theater District, located downtown, is home to nine major performing arts organizations and six performance halls. It is the second-largest concentration of theater seats in a downtown area in the United States. Houston is one of few United States cities with permanent, professional, resident companies in all major performing arts disciplines: opera (Houston Grand Opera), ballet (Houston Ballet), music (Houston Symphony Orchestra), and theater (The Alley Theatre). Houston is also home to folk artists, art groups and various small progressive arts organizations. Houston attracts many touring Broadway acts, concerts, shows, and exhibitions for a variety of interests. Facilities in the Theater District include the Jones Hall—home of the Houston Symphony Orchestra and Society for the Performing Arts—and the Hobby Center for the Performing Arts.",What area of Houston hosts performing arts?,Houston Theater District
57292506af94a219006aa0f1,Race_(human_categorization),"Many social scientists have replaced the word race with the word ""ethnicity"" to refer to self-identifying groups based on beliefs concerning shared culture, ancestry and history. Alongside empirical and conceptual problems with ""race"", following the Second World War, evolutionary and social scientists were acutely aware of how beliefs about race had been used to justify discrimination, apartheid, slavery, and genocide. This questioning gained momentum in the 1960s during the U.S. civil rights movement and the emergence of numerous anti-colonial movements worldwide. They thus came to believe that race itself is a social construct, a concept that was believed to correspond to an objective reality but which was believed in because of its social functions.",When did the civil rights movement take place?,the 1960s
570d9dfadf2f5219002ed059,Adolescence,"Adolescence marks a time of sexual maturation, which manifests in social interactions as well. While adolescents may engage in casual sexual encounters (often referred to as hookups), most sexual experience during this period of development takes place within romantic relationships. Adolescents can use technologies and social media to seek out romantic relationships as they feel it is a safe place to try out dating and identity exploration. From these social media encounters, a further relationship may begin. Kissing, hand holding, and hugging signify satisfaction and commitment. Among young adolescents, ""heavy"" sexual activity, marked by genital stimulation, is often associated with violence, depression, and poor relationship quality. This effect does not hold true for sexual activity in late adolescence that takes place within a romantic relationship. Some research suggest that there are genetic causes of early sexual activity that are also risk factors for delinquency, suggesting that there is a group who are at risk for both early sexual activity and emotional distress. For old adolescents, though, sexual activity in the context of romantic relationships was actually correlated with lower levels of deviant behavior after controlling for genetic risks, as opposed to sex outside of a relationship (hook-ups)",Do most sexual experiences during adolescence take place within or seperate from romantic relationships?,within
570debd40dc6ce1900204d04,Adolescence,"Research has generally shown striking uniformity across different cultures in the motives behind teen alcohol use. Social engagement and personal enjoyment appear to play a fairly universal role in adolescents' decision to drink throughout separate cultural contexts. Surveys conducted in Argentina, Hong Kong, and Canada have each indicated the most common reason for drinking among adolescents to relate to pleasure and recreation; 80% of Argentinian teens reported drinking for enjoyment, while only 7% drank to improve a bad mood. The most prevalent answers among Canadian adolescents were to ""get in a party mood,"" 18%; ""because I enjoy it,"" 16%; and ""to get drunk,"" 10%. In Hong Kong, female participants most frequently reported drinking for social enjoyment, while males most frequently reported drinking to feel the effects of alcohol.",What percentage of Argentenian teens reported drinking to improve a bad mood?,7%
570c9341fed7b91900d459fb,FC_Barcelona,"With the new stadium, Barcelona participated in the inaugural version of the Pyrenees Cup, which, at the time, consisted of the best teams of Languedoc, Midi and Aquitaine (Southern France), the Basque Country and Catalonia; all were former members of the Marca Hispanica region. The contest was the most prestigious in that era. From the inaugural year in 1910 to 1913, Barcelona won the competition four consecutive times. Carles Comamala played an integral part of the four-time champion, managing the side along with Amechazurra and Jack Greenwell. The latter became the club's first full-time coach in 1917. The last edition was held in 1914 in the city of Barcelona, which local rivals Espanyol won.",When was the Pyrenees Cup play begun?,1910
56e8d28e0b45c0140094ccf8,Westminster_Abbey,"Since 1066, when Harold Godwinson and William the Conqueror were crowned, the coronations of English and British monarchs have been held there. There have been at least 16 royal weddings at the abbey since 1100. Two were of reigning monarchs (Henry I and Richard II), although, before 1919, there had been none for some 500 years.",Since when have coronations been held at Westminster Abbey?,1066
572e7b91dfa6aa1500f8d01a,Canadian_football,"Canadian football is also played at the high school, junior, collegiate, and semi-professional levels: the Canadian Junior Football League, formed May 8, 1974, and Quebec Junior Football League are leagues for players aged 18–22, many post-secondary institutions compete in Canadian Interuniversity Sport for the Vanier Cup, and senior leagues such as the Alberta Football League have grown in popularity in recent years. Great achievements in Canadian football are enshrined in the Canadian Football Hall of Fame.",What institution memorializes great Canadian football achievements?,Canadian Football Hall of Fame
56e161bfcd28a01900c67849,Boston,"The Boston Red Sox, a founding member of the American League of Major League Baseball in 1901, play their home games at Fenway Park, near Kenmore Square in the city's Fenway section. Built in 1912, it is the oldest sports arena or stadium in active use in the United States among the four major professional American sports leagues, encompassing Major League Baseball, the National Football League, National Basketball Association, and the National Hockey League. Boston was the site of the first game of the first modern World Series, in 1903. The series was played between the AL Champion Boston Americans and the NL champion Pittsburgh Pirates. Persistent reports that the team was known in 1903 as the ""Boston Pilgrims"" appear to be unfounded. Boston's first professional baseball team was the Red Stockings, one of the charter members of the National Association in 1871, and of the National League in 1876. The team played under that name until 1883, under the name Beaneaters until 1911, and under the name Braves from 1912 until they moved to Milwaukee after the 1952 season. Since 1966 they have played in Atlanta as the Atlanta Braves.",What was the name of Bostons first baseball team?,Red Stockings
57315767a5e9cc1400cdbec3,Egypt,"Muhammad Ali Pasha evolved the military from one that convened under the tradition of the corvée to a great modernised army. He introduced conscription of the male peasantry in 19th century Egypt, and took a novel approach to create his great army, strengthening it with numbers and in skill. Education and training of the new soldiers was not an option; the new concepts were furthermore enforced by isolation. The men were held in barracks to avoid distraction of their growth as a military unit to be reckoned with. The resentment for the military way of life eventually faded from the men and a new ideology took hold, one of nationalism and pride. It was with the help of this newly reborn martial unit that Muhammad Ali imposed his rule over Egypt.",Why did military use barracks?,to avoid distraction of their growth
5731639ce6313a140071cec1,Red,"The Communist Party of China, founded in 1920, adopted the red flag and hammer and sickle emblem of the Soviet Union, which became the national symbols when the Party took power in China in 1949. Under Party leader Mao Zedong, the Party anthem became ""The East Is Red"", and Mao Zedong himself was sometimes referred to as a ""red sun"". During the Cultural Revolution in China, Party ideology was enforced by the Red Guards, and the sayings of Mao Zedong were published as a small red book in hundreds of millions of copies. Today the Communist Party of China claims to be the largest political party in the world, with eighty million members.","The Community Party of China gained power in China, what year did it happen?",1949
570ceb3bfed7b91900d45ae0,Gymnastics,"Gymnastics is a sport involving the performance of exercises requiring strength, flexibility, balance and control. Internationally, all events are governed by the Fédération Internationale de Gymnastique (FIG). Each country has its own national governing body (BIW) affiliated to FIG. Competitive artistic gymnastics is the best known of the gymnastic events. It typically involves the women's events of vault, uneven bars, balance beam, and floor exercise. Men's events are floor exercise, pommel horse, still rings, vault, parallel bars, and the high bar. Gymnastics evolved from exercises used by the ancient Greeks that included skills for mounting and dismounting a horse, and from circus performance skills.",Who governs all events in gymnastics?,Fédération Internationale de Gymnastique (FIG)
5731822f05b4da19006bd207,Mosaic,"The mosaics of the Church of St Stephen in ancient Kastron Mefaa (now Umm ar-Rasas) were made in 785 (discovered after 1986). The perfectly preserved mosaic floor is the largest one in Jordan. On the central panel hunting and fishing scenes are depicted while another panel illustrates the most important cities of the region. The frame of the mosaic is especially decorative. Six mosaic masters signed the work: Staurachios from Esbus, Euremios, Elias, Constantinus, Germanus and Abdela. It overlays another, damaged, mosaic floor of the earlier (587) ""Church of Bishop Sergius."" Another four churches were excavated nearby with traces of mosaic decoration.",When were the mosaics in the Church of St Stephen created?,in 785
57302226947a6a140053d16e,Swaziland,"In 1903, after British victory in the Anglo-Boer war, Swaziland became a British protectorate. Much of its early administration (for example, postal services) being carried out from South Africa until 1906 when the Transvaal colony was granted self-government. Following this, Swaziland was partitioned into European and non-European (or native reserves) areas with the former being two-thirds of the total land. Sobhuza's official coronation was in December 1921 after the regency of Labotsibeni after which he led an unsuccessful deputation to the Privy council in London in 1922 regarding the issue of the land.",When was Sobhuza coronated?,December 1921
56dcfc7b66d3e219004dab7d,Republic_of_the_Congo,"Many Pygmies belong from birth to Bantus in a relationship many refer to as slavery. The Congolese Human Rights Observatory says that the Pygmies are treated as property the same way ""pets"" are. On December 30, 2010, the Congolese parliament adopted a law for the promotion and protection of the rights of indigenous peoples. This law is the first of its kind in Africa, and its adoption is a historic development for indigenous peoples on the continent.",When did the government of the Congo pass a law to assist indigenous people?,"December 30, 2010"
5727b338ff5b5019007d92f3,Detroit,"Detroit (/dᵻˈtrɔɪt/) is the most populous city in the U.S. state of Michigan, the fourth-largest city in the Midwest and the largest city on the United States–Canada border. It is the seat of Wayne County, the most populous county in the state. Detroit's metropolitan area, known as Metro Detroit, is home to 5.3 million people, making it the fourteenth-most populous metropolitan area in the United States and the second-largest in the Midwestern United States (behind Chicago). It is a major port on the Detroit River, a strait that connects the Great Lakes system to the Saint Lawrence Seaway. The City of Detroit anchors the second-largest economic region in the Midwest, behind Chicago, and the thirteenth-largest in the United States.",What is the name of the river that runs through Detroit?,Detroit River
56e0ca827aa994140058e6f5,Web_browser,"In 1993, browser software was further innovated by Marc Andreessen with the release of Mosaic, ""the world's first popular browser"", which made the World Wide Web system easy to use and more accessible to the average person. Andreesen's browser sparked the internet boom of the 1990s. The introduction of Mosaic in 1993 – one of the first graphical web browsers – led to an explosion in web use. Andreessen, the leader of the Mosaic team at National Center for Supercomputing Applications (NCSA), soon started his own company, named Netscape, and released the Mosaic-influenced Netscape Navigator in 1994, which quickly became the world's most popular browser, accounting for 90% of all web use at its peak (see usage share of web browsers).","When Andreessen left the company he worked for, what new company did he start?",Netscape
56e06e4a7aa994140058e4ad,Saint_Helena,"One commentator has observed that, notwithstanding the high unemployment resulting from the loss of full passports during 1981–2002, the level of loyalty to the British monarchy by the St Helena population is probably not exceeded in any other part of the world. King George VI is the only reigning monarch to have visited the island. This was in 1947 when the King, accompanied by Queen Elizabeth (later the Queen Mother), Princess Elizabeth (later Queen Elizabeth II) and Princess Margaret were travelling to South Africa. Prince Philip arrived at St Helena in 1957 and then his son Prince Andrew visited as a member of the armed forces in 1984 and his sister the Princess Royal arrived in 2002.","Prince Andrews, son of Prince Phillip visited in what year?",1984
5706c2a60eeca41400aa0e0d,Black_people,"As African states became independent in the 1960s, the Soviet Union offered many of their citizens the chance to study in Russia. Over a period of 40 years, about 400,000 African students from various countries moved to Russia to pursue higher studies, including many Black Africans. This extended beyond the Soviet Union to many countries of the Eastern bloc.",When did African states become independent?,1960s
572e8900dfa6aa1500f8d0e9,Cyprus,"International pressure led to a ceasefire, and by then 37% of the island had been taken over by the Turks and 180,000 Greek Cypriots had been evicted from their homes in the north. At the same time, around 50,000 Turkish Cypriots moved to the areas under the control of the Turkish Forces and settled in the properties of the displaced Greek Cypriots. Among a variety of sanctions against Turkey, in mid-1975 the US Congress imposed an arms embargo on Turkey for using American-supplied equipment during the Turkish invasion of Cyprus in 1974. There are 1,534 Greek Cypriots and 502 Turkish Cypriots missing as a result of the fighting.",How many Turkish Cypriots moved into areas that were under Turkish control?,"50,000"
573403a24776f419006616f0,"Punjab,_Pakistan","The fairs held at the shrines of Sufi saints are called urs. They generally mark the death anniversary of the saint. On these occasions devotees assemble in large numbers and pay homage to the memory of the saint. Soul inspiring music is played and devotees dance in ecstasy. The music on these occasions is essentially folk and appealing. It forms a part of the folk music through mystic messages. The most important urs are: urs of Data Ganj Buksh at Lahore, urs of Hazrat Sultan Bahu at Jhang, urs of Hazrat Shah Jewna at Jhang, urs of Hazrat Mian Mir at Lahore, urs of Baba Farid Ganj Shakar at Pakpattan, urs of Hazrat Bahaudin Zakria at Multan, urs of Sakhi Sarwar Sultan at Dera Ghazi Khan, urs of Shah Hussain at Lahore, urs of Hazrat Bulleh Shah at Kasur, urs of Hazrat Imam Bari (Bari Shah Latif) at Rawalpindi-Islamabad and urs of Shah Inayar Qadri (the murrshad of Bulleh Shah) in Lahore.",When are urs held?,the death anniversary of the saint
56db2d28e7c41114004b4ec7,American_Idol,"Season 12 premiered on January 16, 2013. Judges Jennifer Lopez and Steven Tyler left the show after two seasons. This season's judging panel consisted of Randy Jackson, along with Mariah Carey, Keith Urban and Nicki Minaj. This was the first season since season nine to have four judges on the panel. The pre-season buzz and the early episodes of the show were dominated by the feud between the judges Minaj and Carey after a video of their dispute was leaked to TMZ.",When did season 12 premiere?,"January 16, 2013"
570b3f0fec8fbc190045b910,Military_history_of_the_United_States,"In January 2002, the U.S. sent more than 1,200 troops (later raised to 2,000) to assist the Armed Forces of the Philippines in combating terrorist groups linked to al-Qaida, such as Abu Sayyaf, under Operation Enduring Freedom - Philippines. Operations have taken place mostly in the Sulu Archipelago, where terrorists and other groups are active. The majority of troops provide logistics. However, there are special forces troops that are training and assisting in combat operations against the terrorist groups.",When did the US send troops to the Philippines to battle terrorists?,January 2002
5733541ed058e614000b5866,Alfred_North_Whitehead,"In fact, Whitehead describes any entity as in some sense nothing more and nothing less than the sum of its relations to other entities – its synthesis of and reaction to the world around it. A real thing is just that which forces the rest of the universe to in some way conform to it; that is to say, if theoretically a thing made strictly no difference to any other entity (i.e. it was not related to any other entity), it could not be said to really exist. Relations are not secondary to what a thing is, they are what the thing is.",How does Whitehead characterize anything that exists?,in some sense nothing more and nothing less than the sum of its relations to other entities – its synthesis of and reaction to the world around it
56f73c54aef2371900625a35,Classical_music,"The Renaissance era was from 1400 to 1600. It was characterized by greater use of instrumentation, multiple interweaving melodic lines, and the use of the first bass instruments. Social dancing became more widespread, so musical forms appropriate to accompanying dance began to standardize.",When was the Renaissance era?,from 1400 to 1600
56f97c189b226e1400dd149f,Zhejiang,"Kuaiji Commandery was the initial power base for Xiang Liang and Xiang Yu's rebellion against the Qin Empire which initially succeeded in restoring the kingdom of Chu but eventually fell to the Han. Under the Later Han, control of the area returned to the settlement below Mount Kuaiji but authority over the Minyue hinterland was nominal at best and its Yue inhabitants largely retained their own political and social structures.",Which empire did Xiang Liang and Xiang Yu rebel against?,the Qin Empire
56bf8fc1a10cfb1400551177,Beyoncé,"Beyoncé's first solo recording was a feature on Jay Z's ""'03 Bonnie & Clyde"" that was released in October 2002, peaking at number four on the U.S. Billboard Hot 100 chart. Her first solo album Dangerously in Love was released on June 24, 2003, after Michelle Williams and Kelly Rowland had released their solo efforts. The album sold 317,000 copies in its first week, debuted atop the Billboard 200, and has since sold 11 million copies worldwide. The album's lead single, ""Crazy in Love"", featuring Jay Z, became Beyoncé's first number-one single as a solo artist in the US. The single ""Baby Boy"" also reached number one, and singles, ""Me, Myself and I"" and ""Naughty Girl"", both reached the top-five. The album earned Beyoncé a then record-tying five awards at the 46th Annual Grammy Awards; Best Contemporary R&B Album, Best Female R&B Vocal Performance for ""Dangerously in Love 2"", Best R&B Song and Best Rap/Sung Collaboration for ""Crazy in Love"", and Best R&B Performance by a Duo or Group with Vocals for ""The Closer I Get to You"" with Luther Vandross."," The album, Dangerously in Love  achieved what spot on the Billboard Top 100 chart?",number four
56d3a74159d6e414001468a4,Frédéric_Chopin,"Chopin's qualities as a pianist and composer were recognized by many of his fellow musicians. Schumann named a piece for him in his suite Carnaval, and Chopin later dedicated his Ballade No. 2 in F major to Schumann. Elements of Chopin's music can be traced in many of Liszt's later works. Liszt later transcribed for piano six of Chopin's Polish songs. A less fraught friendship was with Alkan, with whom he discussed elements of folk music, and who was deeply affected by Chopin's death.",What other musician shows to have elements of Chopin in his work?,Liszt
56d62acb1c85041400946f56,Dog,"""The most widespread form of interspecies bonding occurs between humans and dogs"" and the keeping of dogs as companions, particularly by elites, has a long history. (As a possible example, at the Natufian culture site of Ain Mallaha in Israel, dated to 12,000 BC, the remains of an elderly human and a four-to-five-month-old puppy were found buried together). However, pet dog populations grew significantly after World War II as suburbanization increased. In the 1950s and 1960s, dogs were kept outside more often than they tend to be today (using the expression ""in the doghouse"" to describe exclusion from the group signifies the distance between the doghouse and the home) and were still primarily functional, acting as a guard, children's playmate, or walking companion. From the 1980s, there have been changes in the role of the pet dog, such as the increased role of dogs in the emotional support of their human guardians. People and dogs have become increasingly integrated and implicated in each other's lives, to the point where pet dogs actively shape the way a family and home are experienced.",When did more people begin to keep dogs as pets?,after World War II
56d62e521c85041400946f9e,Dog,"The latest study using magnetic resonance imaging (MRI) to humans and dogs together proved that dogs have same response to voices and use the same parts of the brain as humans to do so. This gives dogs the ability to recognize emotional human sounds, making them friendly social pets to humans.",An MRI study on dogs proved that dogs use the same parts of what as humans?,the brain
56ce72ecaab44d1400b8879b,IPod,"Like other digital music players, iPods can serve as external data storage devices. Storage capacity varies by model, ranging from 2 GB for the iPod Shuffle to 128 GB for the iPod Touch (previously 160 GB for the iPod Classic, which is now discontinued).",What's the storage capacity of the iPod Shuffle?,2 GB
56f8bfd99e9bad19000a0411,Southampton,"Commercial radio stations broadcasting to the city include The Breeze, previously The Saint and currently broadcasting Hot adult contemporary music, Capital, previously Power FM and Galaxy and broadcasting popular music, Wave 105 and Heart Hampshire, the latter previously Ocean FM and both broadcasting adult contemporary music, and 106 Jack FM (www.jackradio.com), previously The Coast 106. In addition, Southampton University has a radio station called SURGE, broadcasting on AM band as well as through the web.",What genre of music is played on The Breeze?,Hot adult contemporary
57100ee5a58dae1900cd6839,Capital_punishment_in_the_United_States,"In the 2010s, American jurisdictions have experienced a shortage of lethal injection drugs, due to anti-death penalty advocacy and low production volume. Hospira, the only U.S. manufacturer of sodium thiopental, stopped making the drug in 2011. The European Union has outlawed the export of any product that could be used in an execution; this has prevented executioners from using EU-manufactured anesthetics like propofol which are needed for general medical purposes. Another alternative, pentobarbital, is also only manufactured in the European Union, which has caused the Danish producer to restrict distribution to U.S. government customers.","Along with anti-death penalty advocacy, why has there been a shortage in drugs for lethal injections in the United States?",low production volume
571aa6aa4faf5e1900b8abb9,Athanasius_of_Alexandria,"Pope Julius had died in April, 352, and was succeeded by Liberius. For two years Liberius had been favourable to the cause of Athanasius; but driven at last into exile, he was induced to sign an ambiguous formula, from which the great Nicene text, the ""homoousion"", had been studiously omitted. In 355 a council was held at Milan, where in spite of the vigorous opposition of a handful of loyal prelates among the Western bishops, a fourth condemnation of Athanasius was announced to the world. With his friends scattered, the saintly Hosius in exile, and Pope Liberius denounced as acquiescing in Arian formularies, Athanasius could hardly hope to escape. On the night of 8 February, 356, while engaged in services in the Church of St. Thomas, a band of armed men burst in to secure his arrest. It was the beginning of his third exile.",What was  Athanasius doing when he was arrested?,engaged in services
56e798c700c9c71400d77348,Daylight_saving_time,"The IANA time zone database maps a name to the named location's historical and predicted clock shifts. This database is used by many computer software systems, including most Unix-like operating systems, Java, and the Oracle RDBMS; HP's ""tztab"" database is similar but incompatible. When temporal authorities change DST rules, zoneinfo updates are installed as part of ordinary system maintenance. In Unix-like systems the TZ environment variable specifies the location name, as in TZ=':America/New_York'. In many of those systems there is also a system-wide setting that is applied if the TZ environment variable isn't set: this setting is controlled by the contents of the /etc/localtime file, which is usually a symbolic link or hard link to one of the zoneinfo files. Internal time is stored in timezone-independent epoch time; the TZ is used by each of potentially many simultaneous users and processes to independently localize time display.","IANA, or zoneinfo, updates are installed as a part of what ordinary function when changes to DST policy are made?",system maintenance
5728418f2ca10214002da1b6,Federalism,"Usually, a federation is formed at two levels: the central government and the regions (states, provinces, territories), and little to nothing is said about second or third level administrative political entities. Brazil is an exception, because the 1988 Constitution included the municipalities as autonomous political entities making the federation tripartite, encompassing the Union, the States, and the municipalities. Each state is divided into municipalities (municípios) with their own legislative council (câmara de vereadores) and a mayor (prefeito), which are partly autonomous from both Federal and State Government. Each municipality has a ""little constitution"", called ""organic law"" (lei orgânica). Mexico is an intermediate case, in that municipalities are granted full-autonomy by the federal constitution and their existence as autonomous entities (municipio libre, ""free municipality"") is established by the federal government and cannot be revoked by the states' constitutions. Moreover, the federal constitution determines which powers and competencies belong exclusively to the municipalities and not to the constituent states. However, municipalities do not have an elected legislative assembly.",Why is Brazil an exception?,because the 1988 Constitution included the municipalities as autonomous political entities making the federation tripartite
5719c4c310f8ca1400304e5c,Seattle,"Seattle (i/siˈætəl/) is a West Coast seaport city and the seat of King County. With an estimated 662,400 residents as of 2015[update], Seattle is the largest city in both the state of Washington and the Pacific Northwest region of North America. In July 2013 it was the fastest-growing major city in the United States, and remained in the top five in May 2015 with an annual growth rate of 2.1%. The Seattle metropolitan area of around 3.6 million inhabitants is the 15th largest metropolitan area in the United States. The city is situated on an isthmus between Puget Sound (an inlet of the Pacific Ocean) and Lake Washington, about 100 miles (160 km) south of the Canada–United States border. A major gateway for trade with Asia, Seattle is the third largest port in North America in terms of container handling as of 2015.",By 2015 what was Seattle's population?,"662,400"
572f4dbdb2c2fd1400567ff9,Modern_history,"Starting one-hundred years before the 20th century, the enlightenment spiritual philosophy was challenged in various quarters around the 1900s. Developed from earlier secular traditions, modern Humanist ethical philosophies affirmed the dignity and worth of all people, based on the ability to determine right and wrong by appealing to universal human qualities, particularly rationality, without resorting to the supernatural or alleged divine authority from religious texts. For liberal humanists such as Rousseau and Kant, the universal law of reason guided the way toward total emancipation from any kind of tyranny. These ideas were challenged, for example by the young Karl Marx, who criticized the project of political emancipation (embodied in the form of human rights), asserting it to be symptomatic of the very dehumanization it was supposed to oppose. For Friedrich Nietzsche, humanism was nothing more than a secular version of theism. In his Genealogy of Morals, he argues that human rights exist as a means for the weak to collectively constrain the strong. On this view, such rights do not facilitate emancipation of life, but rather deny it. In the 20th century, the notion that human beings are rationally autonomous was challenged by the concept that humans were driven by unconscious irrational desires.",Why did Kari Marx criticize Humanist Philosophy's? ,it to be symptomatic of the very dehumanization it was supposed to oppose
5727aec04b864d1900163a4d,"New_Haven,_Connecticut","New Haven's greatest culinary claim to fame may be its pizza, which has been claimed to be among the best in the country, or even in the world. New Haven-style pizza, called ""apizza"" (pronounced ah-BEETS, [aˈpitts] in the original Italian dialect), made its debut at the iconic Frank Pepe Pizzeria Napoletana (known as Pepe's) in 1925. Apizza is baked in coal- or wood-fired brick ovens, and is notable for its thin crust. Apizza may be red (with a tomato-based sauce) or white (with a sauce of garlic and olive oil), and pies ordered ""plain"" are made without the otherwise customary mozzarella cheese (originally smoked mozzarella, known as ""scamorza"" in Italian). A white clam pie is a well-known specialty of the restaurants on Wooster Street in the Little Italy section of New Haven, including Pepe's and Sally's Apizza (which opened in 1938). Modern Apizza on State Street, which opened in 1934, is also well-known.",What ingredient is notably absent from a New Haven-style pizza when ordered plain?,mozzarella cheese
56e01379231d4119001abf20,Comics,"The history of comics has followed different paths in different cultures. Scholars have posited a pre-history as far back as the Lascaux cave paintings. By the mid-20th century, comics flourished particularly in the United States, western Europe (especially in France and Belgium), and Japan. The history of European comics is often traced to Rodolphe Töpffer's cartoon strips of the 1830s, and became popular following the success in the 1930s of strips and books such as The Adventures of Tintin. American comics emerged as a mass medium in the early 20th century with the advent of newspaper comic strips; magazine-style comic books followed in the 1930s, in which the superhero genre became prominent after Superman appeared in 1938. Histories of Japanese comics and cartooning (manga) propose origins as early as the 12th century. Modern comic strips emerged in Japan in the early 20th century, and the output of comics magazines and books rapidly expanded in the post-World War II era with the popularity of cartoonists such as Osamu Tezuka. Comics has had a lowbrow reputation for much of its history, but towards the end of the 20th century began to find greater acceptance with the public and in academia.",When did Rodolphe Töpffer create cartoons?,1830s
5726ecae708984140094d63e,Literature,"Law offers more ambiguity. Some writings of Plato and Aristotle, the law tables of Hammurabi of Babylon, or even the early parts of the Bible could be seen as legal literature. Roman civil law as codified in the Corpus Juris Civilis during the reign of Justinian I of the Byzantine Empire has a reputation as significant literature. The founding documents of many countries, including Constitutions and Law Codes, can count as literature; however, most legal writings rarely exhibit much literary merit, as they tend to be rather Written by Samuel Dean.",Under what Emperor did this group sit?,Justinian I
572b41aabe1ee31400cb82c0,Empiricism,"The neopositivists subscribed to a notion of philosophy as the conceptual clarification of the methods, insights and discoveries of the sciences. They saw in the logical symbolism elaborated by Frege (1848–1925) and Bertrand Russell (1872–1970) a powerful instrument that could rationally reconstruct all scientific discourse into an ideal, logically perfect, language that would be free of the ambiguities and deformations of natural language. This gave rise to what they saw as metaphysical pseudoproblems and other conceptual confusions. By combining Frege's thesis that all mathematical truths are logical with the early Wittgenstein's idea that all logical truths are mere linguistic tautologies, they arrived at a twofold classification of all propositions: the analytic (a priori) and the synthetic (a posteriori). On this basis, they formulated a strong principle of demarcation between sentences that have sense and those that do not: the so-called verification principle. Any sentence that is not purely logical, or is unverifiable is devoid of meaning. As a result, most metaphysical, ethical, aesthetic and other traditional philosophical problems came to be considered pseudoproblems.",When did Bertrand Russell die?,1970
572679afdd62a815002e866a,Napoleon,"In the spring of 1800, Napoleon and his troops crossed the Swiss Alps into Italy, aiming to surprise the Austrian armies that had reoccupied the peninsula when Napoleon was still in Egypt.[note 5] After a difficult crossing over the Alps, the French army entered the plains of Northern Italy virtually unopposed. While one French army approached from the north, the Austrians were busy with another stationed in Genoa, which was besieged by a substantial force. The fierce resistance of this French army, under André Masséna, gave the northern striking force precious time to carry out their operations with little interference. After spending several days looking for each other, the two armies finally collided at the Battle of Marengo on June 14. General Melas had a numerical advantage, fielding about 30,000 Austrian soldiers while Napoleon commanded 24,000 French troops. The battle began favorably for the Austrians as their initial attack surprised the French and gradually drove them back. Melas concluded that he'd won the battle and retired to his headquarters around 3 pm, leaving his subordinates in charge of pursuing the French. However, the French lines never broke during their tactical retreat; Napoleon constantly rode out among the troops urging them to stand and fight. Late in the afternoon, a full division under Desaix arrived on the field and dramatically reversed the tide of the battle. A series of artillery barrages and fortunate cavalry charges managed to decimate the Austrian army, which fled chaotically over the Bormida River back to Alessandria, leaving behind 14,000 casualties. The following day, the Austrian army agreed to abandon Northern Italy once more with the Convention of Alessandria, which granted them safe passage to friendly soil in exchange for their fortresses throughout the region.",How many troops did Napoleon field at the Battle of Marengo?,"24,000"
56cee1e4aab44d1400b88be0,2008_Sichuan_earthquake,"In January 2010, Hong Kong-based English newspaper The Standard reported that writer Tan Zuoren attempted to document shoddy construction that may have led to massive casualties in schools, was sentenced to in prison ostensibly for his writing an article in 2007 in support of the pro-democracy movement in 1989.",When did the sentencing occur?,in 2007
571b08d99499d21900609beb,Asphalt,"Asphalt/bitumen is typically stored and transported at temperatures around 150 °C (302 °F). Sometimes diesel oil or kerosene are mixed in before shipping to retain liquidity; upon delivery, these lighter materials are separated out of the mixture. This mixture is often called ""bitumen feedstock"", or BFS. Some dump trucks route the hot engine exhaust through pipes in the dump body to keep the material warm. The backs of tippers carrying asphalt/bitumen, as well as some handling equipment, are also commonly sprayed with a releasing agent before filling to aid release. Diesel oil is no longer used as a release agent due to environmental concerns.",About what temperature is asphalt shipped?,150 °C
56e7adfc37bdd419002c4324,Nanjing,"In the 1960s, the first Nanjing Yangtze River Bridge was completed, and served as the only bridge crossing over the Lower Yangtze in eastern China at that time. The bridge was a source of pride and an important symbol of modern China, having been built and designed by the Chinese themselves following failed surveys by other nations and the reliance on and then rejection of Soviet expertise. Begun in 1960 and opened to traffic in 1968, the bridge is a two-tiered road and rail design spanning 4,600 metres on the upper deck, with approximately 1,580 metres spanning the river itself. Since then four more bridges and two tunnels have been built. Going in the downstream direction, the Yangtze crossings in Nanjing are: Dashengguan Bridge, Line 10 Metro Tunnel, Third Bridge, Nanjing Yangtze River Tunnel, First Bridge, Second Bridge and Fourth Bridge.",When did the Nanjing Yangtze River Bridge first open for traffic?,1968
56e70b3d6fe0821900b8eca4,Royal_Institute_of_British_Architects,"After the grant of the royal charter it had become known as the Royal Institute of British Architects in London, eventually dropping the reference to London in 1892. In 1934, it moved to its current headquarters on Portland Place, with the building being opened by King George V and Queen Mary.",When was the mention of London removed from the Royal Institute's name?,1892
5705e90375f01819005e7748,Bird_migration,"Historically, migration has been recorded as much as 3,000 years ago by Ancient Greek authors including Homer and Aristotle, and in the Book of Job, for species such as storks, turtle doves, and swallows. More recently, Johannes Leche began recording dates of arrivals of spring migrants in Finland in 1749, and scientific studies have used techniques including bird ringing and satellite tracking. Threats to migratory birds have grown with habitat destruction especially of stopover and wintering sites, as well as structures such as power lines and wind farms.",When was migration first recorded?,"3,000 years ago"
5730374704bcaa1900d77391,Windows_8,"The developers of both Chrome and Firefox committed to developing Metro-style versions of their browsers; while Chrome's ""Windows 8 mode"" uses a full-screen version of the existing desktop interface, Firefox's version (which was first made available on the ""Aurora"" release channel in September 2013) uses a touch-optimized interface inspired by the Android version of Firefox. In October 2013, Chrome's app was changed to mimic the desktop environment used by Chrome OS. Development of the Firefox app for Windows 8 has since been cancelled, citing a lack of user adoption for the beta versions.",What does Firefox's version for Windows 8 do?,uses a touch-optimized interface
5730b7f28ab72b1400f9c6f4,Namibia,"The dry lands of Namibia were inhabited since early times by San, Damara, and Namaqua, and since about the 14th century AD by immigrating Bantu who came with the Bantu expansion. Most of the territory became a German Imperial protectorate in 1884 and remained a German colony until the end of World War I. In 1920, the League of Nations mandated the country to South Africa, which imposed its laws and, from 1948, its apartheid policy. The port of Walvis Bay and the offshore Penguin Islands had been annexed by the Cape Colony under the British crown by 1878 and had become an integral part of the new Union of South Africa at its creation in 1910.",When did South Africa impose the apartheid policy on Namibia?,1948
572995f63f37b319004784ad,Neoclassical_architecture,The earliest examples of neoclassical architecture in Hungary may be found in Vác. In this town the triumphal arch and the neoclassical façade of the baroque Cathedral were designed by the French architect Isidor Marcellus Amandus Ganneval (Isidore Canevale) in the 1760s. Also the work of a French architect Charles Moreau is the garden façade of the Esterházy Palace (1797–1805) in Kismarton (today Eisenstadt in Austria). The two principal architect of Neoclassicism in Hungary was Mihály Pollack and József Hild. Pollack's major work is the Hungarian National Museum (1837–1844). Hild is famous for his designs for the Cathedral of Eger and Esztergom.,Who designed the Esterhazy Palace?,Charles Moreau
56e70fe037bdd419002c3d0f,Royal_Institute_of_British_Architects,"The design of the Institute's Mycenean lions medal and the motto ‘Usui civium, decori urbium' has been attributed to Thomas Leverton Donaldson, who had been honorary secretary until 1839. The RIBA Guide to its Archive and History (Angela Mace,1986) records that the first official version of this badge was used as a bookplate for the Institute's library and publications from 1835 to 1891, when it was redesigned by J.H.Metcalfe. It was again redesigned in 1931 by Eric Gill and in 1960 by Joan Hassall. The description in the 1837 by-laws was: ""gules, two lions rampant guardant or, supporting a column marked with lines chevron, proper, all standing on a base of the same; a garter surrounding the whole with the inscription Institute of British Architects, anno salutis MDCCCXXXIV; above a mural crown proper, and beneath the motto Usui civium decori urbium "".",When did Joan Hassall redesign the Royal Institute's medal?,1960
570d4d9efed7b91900d45e4f,Valencia,"In the 15th century the dome was added and the naves extended back of the choir, uniting the building to the tower and forming a main entrance. Archbishop Luis Alfonso de los Cameros began the building of the main chapel in 1674; the walls were decorated with marbles and bronzes in the Baroque style of that period. At the beginning of the 18th century the German Conrad Rudolphus built the façade of the main entrance. The other two doors lead into the transept; one, that of the Apostles in pure pointed Gothic, dates from the 14th century, the other is that of the Paláu. The additions made to the back of the cathedral detract from its height. The 18th-century restoration rounded the pointed arches, covered the Gothic columns with Corinthian pillars, and redecorated the walls. The dome has no lantern, its plain ceiling being pierced by two large side windows. There are four chapels on either side, besides that at the end and those that open into the choir, the transept, and the sanctuary. It contains many paintings by eminent artists. A silver reredos, which was behind the altar, was carried away in the war of 1808, and converted into coin to meet the expenses of the campaign. There are two paintings by Francisco Goya in the San Francesco chapel. Behind the Chapel of the Blessed Sacrament is a small Renaissance chapel built by Calixtus III. Beside the cathedral is the chapel dedicated to the Our Lady of the Forsaken (Virgen de los desamparados or Mare de Déu dels Desamparats).",When was the main entrance constructed?,beginning of the 18th century
57268c1b708984140094c9b3,Dutch_language,"In Dutch, the diminutive is not merely restricted to nouns and exist in numerals (met z'n tweetjes, ""the two of us""), pronouns (onderonsje, ""tête-à-tête""), verbal particles (moetje, ""shotgun marriage""), and even prepositions (toetje, ""dessert""). Most notable however, are the diminutive forms of adjectives and adverbs. The former take an diminutive ending and thus functions as a noun, the latter remain adverbs and have always the diminutive with the -s appended, e.g. adjective: groen (""green"") → noun: groentje (""rookie""); adverb: even (""just"") → adverb: eventjes (""just a minute"").","When the diminutive ending ""-tjes"" is added to the adverb ""even,"" as what part of speech does it function?",adverb
5726e0f7708984140094d487,Napoleon,"Napoleon maintained strict, efficient work habits, prioritizing what needed to be done. He cheated at cards, but repaid the losses; he had to win at everything he attempted. He kept relays of staff and secretaries at work. Unlike many generals, Napoleon did not examine history to ask what Hannibal or Alexander or anyone else did in a similar situation. Critics said he won many battles simply because of luck; Napoleon responded, ""Give me lucky generals,"" aware that ""luck"" comes to leaders who recognize opportunity, and seize it. Dwyer argues that Napoleon's victories at Austerlitz and Jena in 1805-06 heightened his sense of self-grandiosity, leaving him even more certain of his destiny and invincibility. By the Russian campaign in 1812, however, Napoleon seems to have lost his verve. With crisis after crisis at hand, he rarely rose to the occasion. Some historians have suggested a physical deterioration, but others note that an impaired Napoleon was still a brilliant general.","According to critics, what was the reason Napoleon won many battles?",luck
56d119ec17492d1400aab947,New_York_City,"New York City also has an extensive web of expressways and parkways, which link the city's boroughs to each other as well as to northern New Jersey, Westchester County, Long Island, and southwestern Connecticut through various bridges and tunnels. Because these highways serve millions of outer borough and suburban residents who commute into Manhattan, it is quite common for motorists to be stranded for hours in traffic jams that are a daily occurrence, particularly during rush hour.",At what time are drivers in New York most likely to experience traffic jams?,rush hour
5728b1163acd2414000dfcd3,Mandolin,"Noteworthy Irish mandolinists include Andy Irvine (who, like Johnny Moynihan, almost always tunes the top E down to D, to achieve an open tuning of GDAD), Paul Brady, Mick Moloney, Paul Kelly and Claudine Langille. John Sheahan and the late Barney McKenna, respectively fiddle player and tenor banjo player with The Dubliners, are also accomplished Irish mandolin players. The instruments used are either flat-backed, oval hole examples as described above (made by UK luthier Roger Bucknall of Fylde Guitars), or carved-top, oval hole instruments with arched back (made by Stefan Sobell in Northumberland). The Irish guitarist Rory Gallagher often played the mandolin on stage, and he most famously used it in the song ""Going To My Hometown.""",What was John Sheahan and Barney Mckenna's band called?,"The Dubliners,"
56f6f981711bf01900a448ad,Classical_music,"Vocal music in the Renaissance is noted for the flourishing of an increasingly elaborate polyphonic style. The principal liturgical forms which endured throughout the entire Renaissance period were masses and motets, with some other developments towards the end, especially as composers of sacred music began to adopt secular forms (such as the madrigal) for their own designs. Towards the end of the period, the early dramatic precursors of opera such as monody, the madrigal comedy, and the intermedio are seen.",What liturgical form besides motets endured throughout the entire Renaissance period?,masses
572827c73acd2414000df5b5,Group_(mathematics),"For any prime number p, there is also the multiplicative group of integers modulo p. Its elements are the integers 1 to p − 1. The group operation is multiplication modulo p. That is, the usual product is divided by p and the remainder of this division is the result of modular multiplication. For example, if p = 5, there are four group elements 1, 2, 3, 4. In this group, 4 · 4 = 1, because the usual product 16 is equivalent to 1, which divided by 5 yields a remainder of 1. for 5 divides 16 − 1 = 15, denoted",What term describes the group of integers related to a prime number?,modulo p
572923981d046914007790b2,Glass,"Following the glass batch preparation and mixing, the raw materials are transported to the furnace. Soda-lime glass for mass production is melted in gas fired units. Smaller scale furnaces for specialty glasses include electric melters, pot furnaces, and day tanks. After melting, homogenization and refining (removal of bubbles), the glass is formed. Flat glass for windows and similar applications is formed by the float glass process, developed between 1953 and 1957 by Sir Alastair Pilkington and Kenneth Bickerstaff of the UK's Pilkington Brothers, who created a continuous ribbon of glass using a molten tin bath on which the molten glass flows unhindered under the influence of gravity. The top surface of the glass is subjected to nitrogen under pressure to obtain a polished finish. Container glass for common bottles and jars is formed by blowing and pressing methods. This glass is often slightly modified chemically (with more alumina and calcium oxide) for greater water resistance. Further glass forming techniques are summarized in the table Glass forming techniques.",What is added to the glass of jars to improve water resistance?,alumina and calcium oxide
56f95d2a9b226e1400dd13bb,Marshall_Islands,"Following capture and occupation by the United States during World War II, the Marshall Islands, along with several other island groups located in Micronesia, passed formally to the United States under United Nations auspices in 1947 as part of the Trust Territory of the Pacific Islands established pursuant to Security Council Resolution 21.",What resolution of the UN Security Council gave the United States control over the Marshalls?,Security Council Resolution 21
57325d630fdd8d15006c6a38,The_Bronx,"Until March 1, 2009, the Borough President of the Bronx was Adolfo Carrión Jr., elected as a Democrat in 2001 and 2005 before retiring early to direct the White House Office of Urban Affairs Policy. His successor, Democratic New York State Assembly member Rubén Díaz, Jr., who won a special election on April 21, 2009 by a vote of 86.3% (29,420) on the ""Bronx Unity"" line to 13.3% (4,646) for the Republican district leader Anthony Ribustello on the ""People First"" line, became Borough President on May 1.",When was Carrion Jr. first elected Borough President?,2001
57277fdcf1498d1400e8f9fa,Glacier,"Some rock formations in the path of a glacier are sculpted into small hills called roche moutonnée, or ""sheepback"" rock. Roche moutonnée are elongated, rounded, and asymmetrical bedrock knobs that can be produced by glacier erosion. They range in length from less than a meter to several hundred meters long. Roche moutonnée have a gentle slope on their up-glacier sides and a steep to vertical face on their down-glacier sides. The glacier abrades the smooth slope on the upstream side as it flows along, but tears loose and carries away rock from the downstream side via plucking.",How large are roche moutonnee?,less than a meter to several hundred meters long
5731bb10b9d445190005e4d3,Separation_of_church_and_state_in_the_United_States,"The original charter of the Province of East Jersey had restricted membership in the Assembly to Christians; the Duke of York was fervently Catholic, and the proprietors of Perth Amboy, New Jersey were Scottish Catholic peers. The Province of West Jersey had declared, in 1681, that there should be no religious test for office. An oath had also been imposed on the militia during the French and Indian War requiring them to abjure the pretensions of the Pope, which may or may not have been applied during the Revolution. That law was replaced by 1799.",When was an oath requiring militia to abjure the pretensions of the pope replaced?,1799
56d267f859d6e41400145f7c,Buddhism,"According to most scholars, at some period after the Second Council the Sangha began to break into separate factions.[note 37] The various accounts differ as to when the actual schisms occurred. According to the Dipavamsa of the Pāli tradition, they started immediately after the Second Council, the Puggalavada tradition places it in 137 AN, the Sarvastivada tradition of Vasumitra says it was in the time of Ashoka and the Mahasanghika tradition places it much later, nearly 100 BCE.",The Sangha began to break into separte factions after what council?,the Second
5731388f497a881900248c7d,Qing_dynasty,"Faced with the stripping of their powers, Wu Sangui, later joined by Geng Zhongming and by Shang Kexi's son Shang Zhixin, felt they had no choice but to revolt. The ensuing Revolt of the Three Feudatories lasted for eight years. Wu attempted, ultimately in vain, to fire the embers of south China Ming loyalty by restoring Ming customs, ordering that the resented queues be cut, and declaring himself emperor of a new dynasty. At the peak of the rebels' fortunes, they extended their control as far north as the Yangtze River, nearly establishing a divided China. Wu then hesitated to go further north, not being able to coordinate strategy with his allies, and Kangxi was able to unify his forces for a counterattack led by a new generation of Manchu generals. By 1681, the Qing government had established control over a ravaged southern China which took several decades to recover. Manchu Generals and Bannermen were initially put to shame by the better performance of the Han Chinese Green Standard Army, who fought better than them against the rebels and this was noted by Kangxi, leading him to task Generals Sun Sike, Wang Jinbao, and Zhao Liangdong to lead Green Standard Soldiers to crush the rebels. The Qing thought that Han Chinese were superior at battling other Han people and so used the Green Standard Army as the dominant and majority army in crushing the rebels instead of Bannermen. Similarly, in northwestern China against Wang Fuchen, the Qing used Han Chinese Green Standard Army soldiers and Han Chinese Generals such as Zhang Liangdong, Wang Jinbao, and Zhang Yong as the primary military forces. This choice was due to the rocky terrain, which favoured infantry troops over cavalry, to the desire to keep Bannermen in the reserves, and, again, to the belief that Han troops were better at fighting other Han people. These Han generals achieved victory over the rebels. Also due to the mountainous terrain, Sichuan and southern Shaanxi were also retaken by the Han Chinese Green Standard Army under Wang Jinbao and Zhao Liangdong in 1680, with Manchus only participating in dealing with logistics and provisions. 400,000 Green Standard Army soldiers and 150,000 Bannermen served on the Qing side during the war. 213 Han Chinese Banner companies, and 527 companies of Mongol and Manchu Banners were mobilized by the Qing during the revolt. 400,000 Green Standard Army soldiers were used against the Three Feudatories besides 200,000 Bannermen.",When did the Qing regain power over southern China?,1681
572948b7af94a219006aa25c,Bermuda,"In the 17th century, the Somers Isles Company suppressed shipbuilding, as it needed Bermudians to farm to generate income from the land. Agricultural production met with limited success, however. The Bermuda cedar boxes used to ship tobacco to England were reportedly worth more than their contents.[citation needed] The colony of Virginia far surpassed Bermuda in both quality and quantity of tobacco produced. Bermudians began to turn to maritime trades relatively early in the 17th century, but the Somers Isles Company used all its authority to suppress turning away from agriculture. This interference led to the islanders demanding, and receiving, the revocation of the Company's charter in 1684, and the Company was dissolved.",Why wasn't agriculture successful?,colony of Virginia far surpassed Bermuda in both quality and quantity of tobacco produced
5723b1ae0dadf01500fa1f32,Queen_Victoria,"Victoria later described her childhood as ""rather melancholy"". Her mother was extremely protective, and Victoria was raised largely isolated from other children under the so-called ""Kensington System"", an elaborate set of rules and protocols devised by the Duchess and her ambitious and domineering comptroller, Sir John Conroy, who was rumoured to be the Duchess's lover. The system prevented the princess from meeting people whom her mother and Conroy deemed undesirable (including most of her father's family), and was designed to render her weak and dependent upon them. The Duchess avoided the court because she was scandalised by the presence of King William's bastard children, and perhaps prompted the emergence of Victorian morality by insisting that her daughter avoid any appearance of sexual impropriety. Victoria shared a bedroom with her mother every night, studied with private tutors to a regular timetable, and spent her play-hours with her dolls and her King Charles spaniel, Dash. Her lessons included French, German, Italian, and Latin, but she spoke only English at home.",What languages did Victoria take lessons in?,"French, German, Italian, and Latin"
572f7d6f04bcaa1900d76a19,Hyderabad,"Hyderabad has a tropical wet and dry climate (Köppen Aw) bordering on a hot semi-arid climate (Köppen BSh). The annual mean temperature is 26.6 °C (79.9 °F); monthly mean temperatures are 21–33 °C (70–91 °F). Summers (March–June) are hot and humid, with average highs in the mid-to-high 30s Celsius; maximum temperatures often exceed 40 °C (104 °F) between April and June. The coolest temperatures occur in December and January, when the lowest temperature occasionally dips to 10 °C (50 °F). May is the hottest month, when daily temperatures range from 26 to 39 °C (79–102 °F); December, the coldest, has temperatures varying from 14.5 to 28 °C (57–82 °F).",What is the mean yearly temperature in Hyderabad in Celsius?,26.6 °C
56dfdbee7aa994140058e1cb,Pub,"In March 2006, a law was introduced to forbid smoking in all enclosed public places in Scotland. Wales followed suit in April 2007, with England introducing the ban in July 2007. Pub landlords had raised concerns prior to the implementation of the law that a smoking ban would have a negative impact on sales. After two years, the impact of the ban was mixed; some pubs suffered declining sales, while others developed their food sales. The Wetherspoon pub chain reported in June 2009 that profits were at the top end of expectations; however, Scottish & Newcastle's takeover by Carlsberg and Heineken was reported in January 2008 as partly the result of its weakness following falling sales due to the ban. Similar bans are applied in Australian pubs with smoking only allowed in designated areas.",What chain of pubs reported favorable profits in June 2009?,Wetherspoon
5728f36f2ca10214002dab22,Paris,"The Louvre was the world's most visited art museum in 2014, with 9.3 million visitors. Its treasures include the Mona Lisa (La Joconde) and the Venus de Milo statue. Starkly apparent with its service-pipe exterior, the Centre Georges Pompidou, the second-most visited art museum in Paris, also known as Beaubourg, houses the Musée National d'Art Moderne. The Musée d'Orsay, in the former Orsay railway station, was the third-most visited museum in the city in 2014; it displays French art of the 19th century, including major collections of the Impressionists and Post-Impressionists. The original building - a railway station - was constructed for the Universal Exhibition of 1900. The Musée du quai Branly was the fourth-most visited national museum in Paris in 2014; it displays art objects from Africa, Asia, Oceania, and the Americas. The Musée national du Moyen Âge, or Cluny Museum, presents Medieval art, including the famous tapestry cycle of The Lady and the Unicorn. The Guimet Museum, or Musée national des arts asiatiques, has one of the largest collections of Asian art in Europe. There are also notable museums devoted to individual artists, including the Picasso Museum the Rodin Museum, and the Musée national Eugène Delacroix.",What is Musee national des arts asiatiques famous for housing?,collections of Asian art
5706a3fc75f01819005e7ca2,House_music,"Club play from pioneering Chicago DJs such as Hardy and Lil Louis, local dance music record shops such as Importes, State Street Records, Loop Records, Gramaphone Records and the popular Hot Mix 5 shows on radio station WBMX-FM helped popularize house music in Chicago. Later, visiting DJs & producers from Detroit fell into the genre. Trax Records and DJ International Records, Chicago labels with wider distribution, helped popularize house music inside and outside of Chicago. One 1986 house tune called ""Move Your Body"" by Marshall Jefferson, taken from the appropriately titled ""The House Music Anthem"" EP, became a big hit in Chicago and eventually worldwide. By 1986, UK labels were releasing house music by Chicago acts, and by 1987 house tracks by Chicago DJs and producers were appearing on and topping the UK music chart. By this time, house music released by Chicago-based labels was considered a must-play in clubs.",what radio station aired the Hot Mix 5 show?,WBMX-FM
570e0da70dc6ce1900204da3,Antarctica,"This large collection of meteorites allows a better understanding of the abundance of meteorite types in the solar system and how meteorites relate to asteroids and comets. New types of meteorites and rare meteorites have been found. Among these are pieces blasted off the Moon, and probably Mars, by impacts. These specimens, particularly ALH84001 discovered by ANSMET, are at the center of the controversy about possible evidence of microbial life on Mars. Because meteorites in space absorb and record cosmic radiation, the time elapsed since the meteorite hit the Earth can be determined from laboratory studies. The elapsed time since fall, or terrestrial residence age, of a meteorite represents more information that might be useful in environmental studies of Antarctic ice sheets.",From where in the solar system could the meteorites have come?,Moon
5728fbf83f37b31900477f09,Samurai,"As far back as the seventh century Japanese warriors wore a form of lamellar armor, this armor eventually evolved into the armor worn by the samurai. The first types of Japanese armors identified as samurai armor were known as yoroi. These early samurai armors were made from small individual scales known as kozane. The kozane were made from either iron or leather and were bound together into small strips, the strips were coated with lacquer to protect the kozane from water. A series of strips of kozane were then laced together with silk or leather lace and formed into a complete chest armor (dou or dō).",What was a full chest armor called?,dou
5727507f5951b619008f8828,Botany,"Agrobacterium tumefaciens, a soil rhizosphere bacterium, can attach to plant cells and infect them with a callus-inducing Ti plasmid by horizontal gene transfer, causing a callus infection called crown gall disease. Schell and Van Montagu (1977) hypothesised that the Ti plasmid could be a natural vector for introducing the Nif gene responsible for nitrogen fixation in the root nodules of legumes and other plant species. Today, genetic modification of the Ti plasmid is one of the main techniques for introduction of transgenes to plants and the creation of genetically modified crops.",What is this kind of introduction and transfer used for?,creation of genetically modified crops
571aaa854faf5e1900b8abe2,Athanasius_of_Alexandria,"Constantius, renewing his previous policies favoring the Arians, banished Athanasius from Alexandria once again. This was followed, in 356, by an attempt to arrest Athanasius during a vigil service. Athanasius fled to Upper Egypt, where he stayed in several monasteries and other houses. During this period, Athanasius completed his work Four Orations against the Arians and defended his own recent conduct in the Apology to Constantius and Apology for His Flight. Constantius's persistence in his opposition to Athanasius, combined with reports Athanasius received about the persecution of non-Arians by the new Arian bishop George of Laodicea, prompted Athanasius to write his more emotional History of the Arians, in which he described Constantius as a precursor of the Antichrist.",In which work did he refer to Constantius as a precursor of the Antichrist?,History of the Arians
5725f1dc271a42140099d356,Buckingham_Palace,"Adjacent to the palace is the Royal Mews, also designed by Nash, where the royal carriages, including the Gold State Coach, are housed. This rococo gilt coach, designed by Sir William Chambers in 1760, has painted panels by G. B. Cipriani. It was first used for the State Opening of Parliament by George III in 1762 and has been used by the monarch for every coronation since George IV. It was last used for the Golden Jubilee of Elizabeth II. Also housed in the mews are the coach horses used at royal ceremonial processions.",When was the Gold State Coach first used?,1762
572ed67403f9891900756a73,Vacuum,"To continue evacuating a chamber indefinitely without requiring infinite growth, a compartment of the vacuum can be repeatedly closed off, exhausted, and expanded again. This is the principle behind positive displacement pumps, like the manual water pump for example. Inside the pump, a mechanism expands a small sealed cavity to create a vacuum. Because of the pressure differential, some fluid from the chamber (or the well, in our example) is pushed into the pump's small cavity. The pump's cavity is then sealed from the chamber, opened to the atmosphere, and squeezed back to a minute size.",Why is fluid in a manual pump pushed into the pumps cavity when a small sealed cavity is expanded?,Because of the pressure differential
5731db10e99e3014001e634d,Protestantism,"In the United States and elsewhere in the world, there has been a marked rise in the evangelical wing of Protestant denominations, especially those that are more exclusively evangelical, and a corresponding decline in the mainstream liberal churches. In the post–World War I era, Liberal Christianity was on the rise, and a considerable number of seminaries held and taught from a liberal perspective as well. In the post–World War II era, the trend began to swing back towards the conservative camp in America's seminaries and church structures.",What type of churches have declined?,mainstream liberal churches
5726e6bcdd62a815002e9478,Yale_University,"Yale's Office of Sustainability develops and implements sustainability practices at Yale. Yale is committed to reduce its greenhouse gas emissions 10% below 1990 levels by the year 2020. As part of this commitment, the university allocates renewable energy credits to offset some of the energy used by residential colleges. Eleven campus buildings are candidates for LEED design and certification. Yale Sustainable Food Project initiated the introduction of local, organic vegetables, fruits, and beef to all residential college dining halls. Yale was listed as a Campus Sustainability Leader on the Sustainable Endowments Institute’s College Sustainability Report Card 2008, and received a ""B+"" grade overall.",Who creates sustainability practices at Yale?,Yale's Office of Sustainability
5726a7a0f1498d1400e8e64e,Late_Middle_Ages,"After the failed union of Sweden and Norway of 1319–1365, the pan-Scandinavian Kalmar Union was instituted in 1397. The Swedes were reluctant members of the Danish-dominated union from the start. In an attempt to subdue the Swedes, King Christian II of Denmark had large numbers of the Swedish aristocracy killed in the Stockholm Bloodbath of 1520. Yet this measure only led to further hostilities, and Sweden broke away for good in 1523. Norway, on the other hand, became an inferior party of the union and remained united with Denmark until 1814.",In what year did the Stockholm Bloodbath take place?,1520
56f8edb59e9bad19000a0712,Guinea-Bissau,"The 2010 maternal mortality rate per 100,000 births for Guinea Bissau was 1000. This compares with 804.3 in 2008 and 966 in 1990. The under 5 mortality rate, per 1,000 births, was 195 and the neonatal mortality as a percentage of under 5's mortality was 24. The number of midwives per 1,000 live births was 3; one out of eighteen pregnant women die as a result of pregnancy. According to a 2013 UNICEF report, 50% of women in Guinea Bissau had undergone female genital mutilation. In 2010, Guinea Bissau had the 7th highest maternal mortality rate in the world.","According to UNICEF, what percentage of women in Guinea-Bissau had undergone female genital mutilation?",50%
573409bed058e614000b6839,Montana,"The northern section of the Divide, where the mountains give way rapidly to prairie, is part of the Rocky Mountain Front. The front is most pronounced in the Lewis Range, located primarily in Glacier National Park. Due to the configuration of mountain ranges in Glacier National Park, the Northern Divide (which begins in Alaska's Seward Peninsula) crosses this region and turns east in Montana at Triple Divide Peak. It causes the Waterton River, Belly, and Saint Mary rivers to flow north into Alberta, Canada. There they join the Saskatchewan River, which ultimately empties into Hudson Bay.",Which direction do the rivers flow near the Triple Divide Peak?,north
57304a52069b531400831ff0,Antenna_(radio),"For horizontal propagation between transmitting and receiving antennas situated near the ground reasonably far from each other, the distances traveled by tne direct and reflected rays are nearly the same. There is almost no relative phase shift. If the emission is polarized vertically, the two fields (direct and reflected) add and there is maximum of received signal. If the signal is polarized horizontally, the two signals subtract and the received signal is largely cancelled. The vertical plane radiation patterns are shown in the image at right. With vertical polarization there is always a maximum for θ=0, horizontal propagation (left pattern). For horizontal polarization, there is cancellation at that angle. Note that the above formulae and these plots assume the ground as a perfect conductor. These plots of the radiation pattern correspond to a distance between the antenna and its image of 2.5λ. As the antenna height is increased, the number of lobes increases as well.",When is the emission at maximized recieved signal?,polarized vertically
5728460d2ca10214002da21b,Gamal_Abdel_Nasser,"Nasser had few personal vices other than chain smoking. He maintained 18-hour workdays and rarely took time off for vacations. The combination of smoking and working long hours contributed to his poor health. He was diagnosed with diabetes in the early 1960s and by the time of his death in 1970, he also had arteriosclerosis, heart disease, and high blood pressure. He suffered two major heart attacks (in 1966 and 1969), and was on bed rest for six weeks after the second episode. State media reported that Nasser's absence from the public view at that time was a result of influenza.",How long was a typical workday for Nasser?,18-hour
572a4f691d046914007798f5,Ottoman_Empire,"The economic structure of the Empire was defined by its geopolitical structure. The Ottoman Empire stood between the West and the East, thus blocking the land route eastward and forcing Spanish and Portuguese navigators to set sail in search of a new route to the Orient. The Empire controlled the spice route that Marco Polo once used. When Vasco da Gama bypassed Ottoman controlled routes and established direct trade links with India in 1498, and Christopher Columbus first journeyed to the Bahamas in 1492, the Ottoman Empire was at its zenith.",When did Christopher Columbus sail to the Bahamas?,1492
5725e86d89a1e219009ac07e,Hellenistic_period,"Between 301 and 219 BCE the Ptolemies ruled Judea in relative peace, and Jews often found themselves working in the Ptolemaic administration and army, which led to the rise of a Hellenized Jewish elite class (e.g. the Tobiads). The wars of Antiochus III brought the region into the Seleucid empire; Jerusalem fell to his control in 198 and the Temple was repaired and provided with money and tribute. Antiochus IV Epiphanes sacked Jerusalem and looted the Temple in 169 BCE after disturbances in Judea during his abortive invasion of Egypt. Antiochus then banned key Jewish religious rites and traditions in Judea. He may have been attempting to Hellenize the region and unify his empire and the Jewish resistance to this eventually led to an escalation of violence. Whatever the case, tensions between pro and anti-Seleucid Jewish factions led to the 174–135 BCE Maccabean Revolt of Judas Maccabeus (whose victory is celebrated in the Jewish festival of Hanukkah).",When did Jerusalem fall to Antiochus III?,198
572820152ca10214002d9e6b,PlayStation_3,"The standard PlayStation 3 version of the XrossMediaBar (pronounced Cross Media Bar, or abbreviated XMB) includes nine categories of options. These are: Users, Settings, Photo, Music, Video, TV/Video Services, Game, Network, PlayStation Network and Friends (similar to the PlayStation Portable media bar). TheTV/Video Services category is for services like Netflix and/or if PlayTV or torne is installed; the first category in this section is ""My Channels"", which lets users download various streaming services, including Sony's own streaming services Crackle and PlayStation Vue. By default, the What's New section of PlayStation Network is displayed when the system starts up. PS3 includes the ability to store various master and secondary user profiles, manage and explore photos with or without a musical slide show, play music and copy audio CD tracks to an attached data storage device, play movies and video files from the hard disk drive, an optical disc (Blu-ray Disc or DVD-Video) or an optional USB mass storage or Flash card, compatibility for a USB keyboard and mouse and a web browser supporting compatible-file download function. Additionally, UPnP media will appear in the respective audio/video/photo categories if a compatible media server or DLNA server is detected on the local network. The Friends menu allows mail with emoticon and attached picture features and video chat which requires an optional PlayStation Eye or EyeToy webcam. The Network menu allows online shopping through the PlayStation Store and connectivity to PlayStation Portable via Remote Play.","When you start up your PS3, what's the first section of the PS Network you see?",What's New
56f7eae1a6d7ea1400e172bc,Szlachta,"Another class of knights were granted land by the prince, allowing them the economic ability to serve the prince militarily. A Polish nobleman living at the time prior to the 15th century was referred to as a ""rycerz"", very roughly equivalent to the English ""knight,"" the critical difference being the status of ""rycerz"" was almost strictly hereditary; the class of all such individuals was known as the ""rycerstwo"". Representing the wealthier families of Poland and itinerant knights from abroad seeking their fortunes, this other class of rycerstwo, which became the szlachta/nobility (""szlachta"" becomes the proper term for Polish nobility beginning about the 15th century), gradually formed apart from Mieszko I's and his successors' elite retinues. This rycerstwo/nobility obtained more privileges granting them favored status. They were absolved from particular burdens and obligations under ducal law, resulting in the belief only rycerstwo (those combining military prowess with high/noble birth) could serve as officials in state administration.",What positive did the szlachta class receive?,gradually formed apart from Mieszko I's and his successors' elite retinues.
56e7989c37bdd419002c41d3,Nanjing,"On 21 April, Communist forces crossed the Yangtze River. On April 23, 1949, the Communist People's Liberation Army (PLA) captured Nanjing. The KMT government retreated to Canton (Guangzhou) until October 15, Chongqing until November 25, and then Chengdu before retreating to Taiwan on December 10. By late 1949, the PLA was pursuing remnants of KMT forces southwards in southern China, and only Tibet was left. After the establishment of the People's Republic of China in October 1949, Nanjing was initially a province-level municipality, but it was soon merged into Jiangsu province and again became the provincial capital by replacing Zhenjiang which was transferred in 1928, and retains that status to this day.",When did the Communist troops cross the Yangtze River?,21 April
571b3a0d32177014007ea035,Asphalt,"The value of the deposit was obvious from the start, but the means of extracting the bitumen were not. The nearest town, Fort McMurray, Alberta was a small fur trading post, other markets were far away, and transportation costs were too high to ship the raw bituminous sand for paving. In 1915, Sidney Ells of the Federal Mines Branch experimented with separation techniques and used the bitumen to pave 600 feet of road in Edmonton, Alberta. Other roads in Alberta were paved with oil sands, but it was generally not economic. During the 1920s Dr. Karl A. Clark of the Alberta Research Council patented a hot water oil separation process and entrepreneur Robert C. Fitzsimmons built the Bitumount oil separation plant, which between 1925 and 1958 produced up to 300 barrels (50 m3) per day of bitumen using Dr. Clark's method. Most of the bitumen was used for waterproofing roofs, but other uses included fuels, lubrication oils, printers ink, medicines, rust and acid-proof paints, fireproof roofing, street paving, patent leather, and fence post preservatives. Eventually Fitzsimmons ran out of money and the plant was taken over by the Alberta government. Today the Bitumount plant is a Provincial Historic Site.",When did Ells begin using bitumen as a paving in Alberta?,1915
5725cb5eec44d21400f3d5ab,Hellenistic_period,"Philip V, who came to power when Doson died in 221 BC, was the last Macedonian ruler with both the talent and the opportunity to unite Greece and preserve its independence against the ""cloud rising in the west"": the ever-increasing power of Rome. He was known as ""the darling of Hellas"". Under his auspices the Peace of Naupactus (217 BC) brought the latest war between Macedon and the Greek leagues (the social war 220-217) to an end, and at this time he controlled all of Greece except Athens, Rhodes and Pergamum.",When did Doson die?,221 BC
57304a9c8ab72b1400f9c3ec,"Charleston,_South_Carolina","The City of Charleston is served by the Charleston International Airport. It is located in the City of North Charleston and is about 12 miles (20 km) northwest of downtown Charleston. It is the busiest passenger airport in South Carolina (IATA: CHS, ICAO: KCHS). The airport shares runways with the adjacent Charleston Air Force Base. Charleston Executive Airport is a smaller airport located in the John's Island section of the city of Charleston and is used by noncommercial aircraft. Both airports are owned and operated by the Charleston County Aviation Authority.",How far is the airport from downtown Charleston?,12 miles (20 km)
56e1c818e3433e1400423177,Catalan_language,"Like other languages, Catalan has a large list of learned words from Greek and Latin. This process started very early, and one can find such examples in Ramon Llull's work. On the fourteenth and fifteenth centuries Catalan had a number of Greco-Latin learned words much superior to other Romance languages, as it can be attested for example in Roís de Corella's writings.",When did Catalan have a greater number of Greco-Latin words than other Romance languages?,fourteenth and fifteenth centuries
56df4f268bc80c19004e4a4f,Universal_Studios,"Universal Studios Inc. (also known as Universal Pictures) is an American film studio, owned by Comcast through its wholly owned subsidiary NBCUniversal, and is one of Hollywood's ""Big Six"" film studios. Its production studios are at 100 Universal City Plaza Drive in Universal City, California. Distribution and other corporate offices are in New York City. Universal Studios is a member of the Motion Picture Association of America (MPAA). Universal was founded in 1912 by the German Carl Laemmle (pronounced ""LEM-lee""), Mark Dintenfass, Charles O. Baumann, Adam Kessel, Pat Powers, William Swanson, David Horsley, Robert H. Cochrane, and Jules Brulatour.",Where does Universal's filming take place?,"Universal City, California"
572fe10e04bcaa1900d76e31,Armenia,"Armenian cuisine is as ancient as the history of Armenia, a combination of different tastes and aromas. The food often has quite a distinct aroma. Closely related to eastern and Mediterranean cuisine, various spices, vegetables, fish, and fruits combine to present unique dishes. The main characteristics of Armenian cuisine are a reliance on the quality of the ingredients rather than heavily spicing food, the use of herbs, the use of wheat in a variety of forms, of legumes, nuts, and fruit (as a main ingredient as well as to sour food), and the stuffing of a wide variety of leaves.",What does Armenian cuisine use to create its distinctive dishes?,"various spices, vegetables, fish, and fruits"
56d45abf2ccc5a1400d830e5,Beyoncé,"At age eight, Beyoncé and childhood friend Kelly Rowland met LaTavia Roberson while in an audition for an all-girl entertainment group. They were placed into a group with three other girls as Girl's Tyme, and rapped and danced on the talent show circuit in Houston. After seeing the group, R&B producer Arne Frager brought them to his Northern California studio and placed them in Star Search, the largest talent show on national TV at the time. Girl's Tyme failed to win, and Beyoncé later said the song they performed was not good. In 1995 Beyoncé's father resigned from his job to manage the group. The move reduced Beyoncé's family's income by half, and her parents were forced to move into separated apartments. Mathew cut the original line-up to four and the group continued performing as an opening act for other established R&B girl groups. The girls auditioned before record labels and were finally signed to Elektra Records, moving to Atlanta Records briefly to work on their first recording, only to be cut by the company. This put further strain on the family, and Beyoncé's parents separated. On October 5, 1995, Dwayne Wiggins's Grass Roots Entertainment signed the group. In 1996, the girls began recording their debut album under an agreement with Sony Music, the Knowles family reunited, and shortly after, the group got a contract with Columbia Records.",How old was Beyoncé when she met LaTavia Roberson?,eight
56df5f6196943c1400a5d458,Plymouth,"Plymouth lies between the River Plym to the east and the River Tamar to the west; both rivers flow into the natural harbour of Plymouth Sound. Since 1967, the unitary authority of Plymouth has included the, once independent, towns of Plympton and Plymstock which lie along the east of the River Plym. The River Tamar forms the county boundary between Devon and Cornwall and its estuary forms the Hamoaze on which is sited Devonport Dockyard.",To the east of Plymouth lies which river?,River Plym
56cfe836234ae51400d9c063,New_York_City,"New York City is home to Fort Hamilton, the U.S. military's only active duty installation within the city. Established in 1825 in Brooklyn on the site of a small battery utilized during the American Revolution, it is one of America's longest serving military forts. Today Fort Hamilton serves as the headquarters of the North Atlantic Division of the United States Army Corps of Engineers as well as for the New York City Recruiting Battalion. It also houses the 1179th Transportation Brigade, the 722nd Aeromedical Staging Squadron, and a military entrance processing station. Other formerly active military reservations still utilized for National Guard and military training or reserve operations in the city include Fort Wadsworth in Staten Island and Fort Totten in Queens.",The U.S. military has only one active location in NYC named what?,Fort Hamilton
572eaf62cb0c0d14000f1482,Neptune,"From July to September 1989, Voyager 2 discovered six moons of Neptune. Of these, the irregularly shaped Proteus is notable for being as large as a body of its density can be without being pulled into a spherical shape by its own gravity. Although the second-most-massive Neptunian moon, it is only 0.25% the mass of Triton. Neptune's innermost four moons—Naiad, Thalassa, Despina and Galatea—orbit close enough to be within Neptune's rings. The next-farthest out, Larissa, was originally discovered in 1981 when it had occulted a star. This occultation had been attributed to ring arcs, but when Voyager 2 observed Neptune in 1989, Larissa was found to have caused it. Five new irregular moons discovered between 2002 and 2003 were announced in 2004. A new moon and the smallest yet, S/2004 N 1, was found in 2013. Because Neptune was the Roman god of the sea, Neptune's moons have been named after lesser sea gods.",When was Neptune's moon Larissa discovered? ,1981
57291636af94a219006aa066,States_of_Germany,"During the Allied occupation of Germany after World War II, internal borders were redrawn by the Allied military governments. No single state comprised more than 30% of either population or territory; this was intended to prevent any one state from being as dominant within Germany as Prussia had been in the past. Initially, only seven of the pre-War states remained: Baden (in part), Bavaria (reduced in size), Bremen, Hamburg, Hesse (enlarged), Saxony, and Thuringia. The states with hyphenated names, such as Rhineland-Palatinate, North Rhine-Westphalia, and Saxony-Anhalt, owed their existence to the occupation powers and were created out of mergers of former Prussian provinces and smaller states. Former German territory that lie east of the Oder-Neisse Line fell under either Polish or Soviet administration but attempts were made at least symbolically not to abandon sovereignty well into the 1960s. However, no attempts were made to establish new states in these territories as they lay outside the jurisdiction of West Germany at that time.",No single state comprised of how much of the population after World War II?,30%
56f8dfe39b226e1400dd1159,Near_East,"Some regions beyond the Ottoman Porte were included. One was North Africa west of Egypt. It was occupied by piratical kingdoms of the Barbary Coast, de facto independent since the 18th century. Formerly part of the empire at its apogee. Iran was included because it could not easily be reached except through the Ottoman Empire or neighboring Russia. In the 1890s the term tended to focus on the conflicts in the Balkan states and Armenia. The demise of the sick man of Europe left considerable confusion as to what was to be meant by ""Near East"". It is now generally used only in historical contexts, to describe the countries of Western Asia from the Mediterranean to (or including) Iran. There is, in short, no universally understood fixed inventory of nations, languages or historical assets defined to be in it.",Where were the piratical kingdoms from? ,Barbary Coast
572fc92904bcaa1900d76d30,Premier_League,"The Football Association Premier League Ltd (FAPL) is operated as a corporation and is owned by the 20 member clubs. Each club is a shareholder, with one vote each on issues such as rule changes and contracts. The clubs elect a chairman, chief executive, and board of directors to oversee the daily operations of the league. The current chairman is Sir Dave Richards, who was appointed in April 1999, and the chief executive is Richard Scudamore, appointed in November 1999. The former chairman and chief executive, John Quinton and Peter Leaver, were forced to resign in March 1999 after awarding consultancy contracts to former Sky executives Sam Chisholm and David Chance. The Football Association is not directly involved in the day-to-day operations of the Premier League, but has veto power as a special shareholder during the election of the chairman and chief executive and when new rules are adopted by the league.",Who is the chairman of the FAPL and when was he appointed?,"The current chairman is Sir Dave Richards, who was appointed in April 199"
5728b9462ca10214002da67d,Estonia,"The Riigikogu elects and appoints several high officials of the state, including the President of the Republic. In addition to that, the Riigikogu appoints, on the proposal of the President of Estonia, the Chairman of the National Court, the chairman of the board of the Bank of Estonia, the Auditor General, the Legal Chancellor and the Commander-in-Chief of the Defence Forces. A member of the Riigikogu has the right to demand explanations from the Government of the Republic and its members. This enables the members of the parliament to observe the activities of the executive power and the above-mentioned high officials of the state.",Who does the government have to explain their actions to?,the Riigikogu
5730855c396df91900096174,Kievan_Rus%27,"The term ""Kievan Rus'"" (Ки́евская Русь Kievskaya Rus’) was coined in the 19th century in Russian historiography to refer to the period when the centre was in Kiev. In English, the term was introduced in the early 20th century, when it was found in the 1913 English translation of Vasily Klyuchevsky's A History of Russia, to distinguish the early polity from successor states, which were also named Rus. Later, the Russian term was rendered into Belarusian and Ukrainian as Кіеўская Русь Kijeŭskaja Rus’ and Ки́ївська Русь Kyivs'ka Rus’, respectively.",When was the term Kievan Rus first coined?,19th century
5728c8d83acd2414000dfe61,Paris,"Excluding the outlying parks of Bois de Boulogne and Bois de Vincennes, Paris covers an oval measuring about 87 km2 (34 sq mi) in area, enclosed by the 35 km (22 mi) ring road, the Boulevard Périphérique. The city's last major annexation of outlying territories in 1860 not only gave it its modern form but also created the 20 clockwise-spiralling arrondissements (municipal boroughs). From the 1860 area of 78 km2 (30 sq mi), the city limits were expanded marginally to 86.9 km2 (33.6 sq mi) in the 1920s. In 1929, the Bois de Boulogne and Bois de Vincennes forest parks were officially annexed to the city, bringing its area to about 105 km2 (41 sq mi). The metropolitan area of the city is 2,300 km2 (890 sq mi).",In what year was Paris' last annexation of outlying territories?,1860
572a1ee7af94a219006aa808,Green,"Green can communicate safety to proceed, as in traffic lights. Green and red were standardized as the colors of international railroad signals in the 19th century. The first traffic light, using green and red gas lamps, was erected in 1868 in front of the Houses of Parliament in London. It exploded the following year, injuring the policeman who operated it. In 1912, the first modern electric traffic lights were put up in Salt Lake City, Utah. Red was chosen largely because of its high visibility, and its association with danger, while green was chosen largely because it could not be mistaken for red. Today green lights universally signal that a system is turned on and working as it should. In many video games, green signifies both health and completed objectives, opposite red.",When was the first traffic light erected?,1868
5725ee0a38643c19005aceac,Incandescent_light_bulb,"The spectrum emitted by a blackbody radiator at temperatures of incandescent bulbs does not match the sensitivity characteristics of the human eye; the light emitted does not appear white, and most is not in the range of wavelengths at which the eye is most sensitive. Tungsten filaments radiate mostly infrared radiation at temperatures where they remain solid – below 3,695 K (3,422 °C; 6,191 °F). Donald L. Klipstein explains it this way: ""An ideal thermal radiator produces visible light most efficiently at temperatures around 6,300 °C (6,600 K; 11,400 °F). Even at this high temperature, a lot of the radiation is either infrared or ultraviolet, and the theoretical luminous efficacy (LER) is 95 lumens per watt."" No known material can be used as a filament at this ideal temperature, which is hotter than the sun's surface. An upper limit for incandescent lamp luminous efficacy (LER) is around 52 lumens per watt, the theoretical value emitted by tungsten at its melting point.",What is the flaw in the color of light produced by an incandescent bulb?,"the light emitted does not appear white,"
57267a9b5951b619008f7401,The_Sun_(United_Kingdom),"On 26 February 2012, The Sun on Sunday was launched to replace the closed News of the World, employing some of its former journalists. In late 2013, it was given a new look, with a new typeface. The average circulation for The Sun on Sunday in March 2014 was 1,686,840; but in May 2015 The Mail on Sunday sold more copies for the first time, an average of 28,650 over those of its rival: 1,497,855 to 1,469,195. Roy Greenslade issued some caveats over the May 2015 figures, but believes the weekday Daily Mail will overtake The Sun in circulation during 2016.",When is the weekly Mail forecast to pass The Sun in terms of circulation?,during 2016
572812d44b864d19001643c8,Unicode,"Thousands of fonts exist on the market, but fewer than a dozen fonts—sometimes described as ""pan-Unicode"" fonts—attempt to support the majority of Unicode's character repertoire. Instead, Unicode-based fonts typically focus on supporting only basic ASCII and particular scripts or sets of characters or symbols. Several reasons justify this approach: applications and documents rarely need to render characters from more than one or two writing systems; fonts tend to demand resources in computing environments; and operating systems and applications show increasing intelligence in regard to obtaining glyph information from separate font files as needed, i.e., font substitution. Furthermore, designing a consistent set of rendering instructions for tens of thousands of glyphs constitutes a monumental task; such a venture passes the point of diminishing returns for most typefaces.",How many fonts support the majority of Unicode's character repertoire? ,fewer than a dozen fonts
572681d6708984140094c86b,East_India_Company,"From the period of 1600, the canton consisted of a St George's Cross representing the Kingdom of England. With the Acts of Union 1707, the canton was updated to be the new Union Flag—consisting of an English St George's Cross combined with a Scottish St Andrew's cross—representing the Kingdom of Great Britain. After the Acts of Union 1800 that joined Ireland with Great Britain to form the United Kingdom, the canton of the East India Company flag was altered accordingly to include a Saint Patrick's Saltire replicating the updated Union Flag representing the United Kingdom of Great Britain and Ireland.",What is the name of the union that Ireland and Great Britian created when they came together?,United Kingdom
56faceb3f34c681400b0c136,High-definition_television,"In the United States, as part of the FCC's plug and play agreement, cable companies are required to provide customers who rent HD set-top boxes with a set-top box with ""functional"" FireWire (IEEE 1394) on request. None of the direct broadcast satellite providers have offered this feature on any of their supported boxes, but some cable TV companies have. As of July 2004[update], boxes are not included in the FCC mandate. This content is protected by encryption known as 5C. This encryption can prevent duplication of content or simply limit the number of copies permitted, thus effectively denying most if not all fair use of the content.","When were boxes with ""functional"" FireWire no longer included in the FCC mandate?",July 2004
573156a305b4da19006bd06a,Mosaic,"Christian mosaic art also flourished in Rome, gradually declining as conditions became more difficult in the Early Middle Ages. 5th century mosaics can be found over the triumphal arch and in the nave of the basilica of Santa Maria Maggiore. The 27 surviving panels of the nave are the most important mosaic cycle in Rome of this period. Two other important 5th century mosaics are lost but we know them from 17th-century drawings. In the apse mosaic of Sant'Agata dei Goti (462–472, destroyed in 1589) Christ was seated on a globe with the twelve Apostles flanking him, six on either side. At Sant'Andrea in Catabarbara (468–483, destroyed in 1686) Christ appeared in the center, flanked on either side by three Apostles. Four streams flowed from the little mountain supporting Christ. The original 5th-century apse mosaic of the Santa Sabina was replaced by a very similar fresco by Taddeo Zuccari in 1559. The composition probably remained unchanged: Christ flanked by male and female saints, seated on a hill while lambs drinking from a stream at its feet. All three mosaics had a similar iconography.",When did conditions become difficult for mosaic art in Rome?,the Early Middle Ages
5727e93b4b864d1900163fd4,Unicode,"The Consortium first published The Unicode Standard (ISBN 0-321-18578-1) in 1991 and continues to develop standards based on that original work. The latest version of the standard, Unicode 8.0, was released in June 2015 and is available from the consortium's website. The last of the major versions (versions x.0) to be published in book form was Unicode 5.0 (ISBN 0-321-48091-0), but since Unicode 6.0 the full text of the standard is no longer being published in book form. In 2012, however, it was announced that only the core specification for Unicode version 6.1 would be made available as a 692-page print-on-demand paperback. Unlike the previous major version printings of the Standard, the print-on-demand core specification does not include any code charts or standard annexes, but the entire standard, including the core specification, will still remain freely available on the Unicode website.",When was the Unicode Standard first published? ,1991
56df5da88bc80c19004e4b29,Oklahoma_City,"On April 19, 1995, the Alfred P. Murrah Federal Building was destroyed by a fertilizer bomb manufactured and detonated by Timothy McVeigh. The blast and catastrophic collapse killed 168 people and injured over 680. The blast shockwave destroyed or damaged 324 buildings within a 340-meter radius, destroyed or burned 86 cars, and shattered glass in 258 nearby buildings, causing at least an estimated $652 million worth of damage. The main suspect- Timothy McVeigh, was executed by lethal injection on June 11, 2001. It was the deadliest single domestic terrorist attack in US history, prior to 9/11.",When was Timothy McVeigh Executed?,"June 11, 2001"
56ddca9d9a695914005b95d7,Wayback_Machine,"Provided some additional requirements are met (e.g. providing an authoritative statement of the archivist), the United States patent office and the European Patent Office will accept date stamps from the Internet Archive as evidence of when a given Web page was accessible to the public. These dates are used to determine if a Web page is available as prior art for instance in examining a patent application.",When are Internet Archive timestamps useful for patent offices?,in examining a patent application
56fa7909f34c681400b0c0cb,High-definition_television,"HDTV technology was introduced in the United States in the late 1980s and made official in 1993 by the Digital HDTV Grand Alliance, a group of television, electronic equipment, communications companies consisting of AT&T Bell Labs, General Instrument, Philips, Sarnoff, Thomson, Zenith and the Massachusetts Institute of Technology. Field testing of HDTV at 199 sites in the United States was completed August 14, 1994. The first public HDTV broadcast in the United States occurred on July 23, 1996 when the Raleigh, North Carolina television station WRAL-HD began broadcasting from the existing tower of WRAL-TV southeast of Raleigh, winning a race to be first with the HD Model Station in Washington, D.C., which began broadcasting July 31, 1996 with the callsign WHD-TV, based out of the facilities of NBC owned and operated station WRC-TV. The American Advanced Television Systems Committee (ATSC) HDTV system had its public launch on October 29, 1998, during the live coverage of astronaut John Glenn's return mission to space on board the Space Shuttle Discovery. The signal was transmitted coast-to-coast, and was seen by the public in science centers, and other public theaters specially equipped to receive and display the broadcast.",When was HDTV introduced in the US?,late 1980s
56f98b129e9bad19000a0a82,Zhejiang,"Several political figures who served as Zhejiang's top political office of Communist Party Secretary have played key roles in various events in PRC history. Tan Zhenlin (term 1949-1952), the inaugural Party Secretary, was one of the leading voices against Mao's Cultural Revolution during the so-called February Countercurrent of 1967. Jiang Hua (term 1956-1968), was the ""chief justice"" on the Special Court in the case against the Gang of Four in 1980. Three provincial Party Secretaries since the 1990s have gone onto prominence at the national level. They include CPC General Secretary and President Xi Jinping (term 2002-2007), National People's Congress Chairman and former Vice-Premier Zhang Dejiang (term 1998-2002), and Zhao Hongzhu (term 2007-2012), the Deputy Secretary of the Central Commission for Discipline Inspection, China's top anti-corruption body. Of Zhejiang's fourteen Party Secretaries since 1949, none were native to the province.",Who was the inaugural Communist Party Secretary of Zhenjiang?,Tan Zhenlin
56e7839137bdd419002c4074,Nanjing,"Archaeological discovery shows that ""Nanjing Man"" lived in more than 500 thousand years ago. Zun, a kind of wine vessel, was found to exist in Beiyinyangying culture of Nanjing in about 5000 years ago. In the late period of Shang dynasty, Taibo of Zhou came to Jiangnan and established Wu state, and the first stop is in Nanjing area according to some historians based on discoveries in Taowu and Hushu culture. According to legend,[which?] Fuchai, King of the State of Wu, founded a fort named Yecheng (冶城) in today's Nanjing area in 495 BC. Later in 473 BC, the State of Yue conquered Wu and constructed the fort of Yuecheng (越城) on the outskirts of the present-day Zhonghua Gate. In 333 BC, after eliminating the State of Yue, the State of Chu built Jinling Yi (金陵邑) in the western part of present-day Nanjing. It was renamed Moling (秣陵) during reign of Qin Shi Huang. Since then, the city experienced destruction and renewal many times.[citation needed] The area was successively part of Kuaiji, Zhang and Danyang prefectures in Qin and Han dynasty, and part of Yangzhou region which was established as the nation's 13 supervisory and administrative regions in the 5th year of Yuanfeng in Han dynasty (106 BC). Nanjing was later the capital city of Danyang Prefecture, and had been the capital city of Yangzhou for about 400 years from late Han to early Tang.",What vessel was found 5000 years ago?,"Zun, a kind of wine vessel"
57277da6dd62a815002e9e88,Switzerland,"When war broke out between France and its rivals, Russian and Austrian forces invaded Switzerland. The Swiss refused to fight alongside the French in the name of the Helvetic Republic. In 1803 Napoleon organised a meeting of the leading Swiss politicians from both sides in Paris. The result was the Act of Mediation which largely restored Swiss autonomy and introduced a Confederation of 19 cantons. Henceforth, much of Swiss politics would concern balancing the cantons' tradition of self-rule with the need for a central government.","During the Helvetic Republic, which forces invaded Switzerland when war broke out between France and its rivals?",Russian and Austrian
57263383271a42140099d746,Queen_Victoria,"On 14 January 1858, an Italian refugee from Britain called Orsini attempted to assassinate Napoleon III with a bomb made in England. The ensuing diplomatic crisis destabilised the government, and Palmerston resigned. Derby was reinstated as prime minister. Victoria and Albert attended the opening of a new basin at the French military port of Cherbourg on 5 August 1858, in an attempt by Napoleon III to reassure Britain that his military preparations were directed elsewhere. On her return Victoria wrote to Derby reprimanding him for the poor state of the Royal Navy in comparison to the French one. Derby's ministry did not last long, and in June 1859 Victoria recalled Palmerston to office.",When did Orsinin attempt to assassinate Napoleon?,14 January 1858
57303157b2c2fd1400568a39,Antenna_(radio),"Maximum power transfer requires matching the impedance of an antenna system (as seen looking into the transmission line) to the complex conjugate of the impedance of the receiver or transmitter. In the case of a transmitter, however, the desired matching impedance might not correspond to the dynamic output impedance of the transmitter as analyzed as a source impedance but rather the design value (typically 50 ohms) required for efficient and safe operation of the transmitting circuitry. The intended impedance is normally resistive but a transmitter (and some receivers) may have additional adjustments to cancel a certain amount of reactance in order to ""tweak"" the match. When a transmission line is used in between the antenna and the transmitter (or receiver) one generally would like an antenna system whose impedance is resistive and near the characteristic impedance of that transmission line in order to minimize the standing wave ratio (SWR) and the increase in transmission line losses it entails, in addition to supplying a good match at the transmitter or receiver itself.",Why would a transmitter have additional adjustments?,"""tweak"" the match"
570c578fb3d812140066d163,"John,_King_of_England","In the 1940s, new interpretations of John's reign began to emerge, based on research into the record evidence of his reign, such as pipe rolls, charters, court documents and similar primary records. Notably, an essay by Vivian Galbraith in 1945 proposed a ""new approach"" to understanding the ruler. The use of recorded evidence was combined with an increased scepticism about two of the most colourful chroniclers of John's reign, Roger of Wendover and Matthew Paris. In many cases the detail provided by these chroniclers, both writing after John's death, was challenged by modern historians. Interpretations of Magna Carta and the role of the rebel barons in 1215 have been significantly revised: although the charter's symbolic, constitutional value for later generations is unquestionable, in the context of John's reign most historians now consider it a failed peace agreement between ""partisan"" factions. There has been increasing debate about the nature of John's Irish policies. Specialists in Irish medieval history, such as Sean Duffy, have challenged the conventional narrative established by Lewis Warren, suggesting that Ireland was less stable by 1216 than was previously supposed.",When did new interpretations of John's reign begin to emerge?,1940s
5724d5ba0a492a1900435637,Queen_Victoria,"In March 1861, Victoria's mother died, with Victoria at her side. Through reading her mother's papers, Victoria discovered that her mother had loved her deeply; she was heart-broken, and blamed Conroy and Lehzen for ""wickedly"" estranging her from her mother. To relieve his wife during her intense and deep grief, Albert took on most of her duties, despite being ill himself with chronic stomach trouble. In August, Victoria and Albert visited their son, the Prince of Wales, who was attending army manoeuvres near Dublin, and spent a few days holidaying in Killarney. In November, Albert was made aware of gossip that his son had slept with an actress in Ireland. Appalled, Albert travelled to Cambridge, where his son was studying, to confront him. By the beginning of December, Albert was very unwell. He was diagnosed with typhoid fever by William Jenner, and died on 14 December 1861. Victoria was devastated. She blamed her husband's death on worry over the Prince of Wales's philandering. He had been ""killed by that dreadful business"", she said. She entered a state of mourning and wore black for the remainder of her life. She avoided public appearances, and rarely set foot in London in the following years. Her seclusion earned her the nickname ""widow of Windsor"".",What disease was Albert diagnosed with? ,typhoid fever
5706865b75f01819005e7bcc,Bird_migration,"The most pelagic species, mainly in the 'tubenose' order Procellariiformes, are great wanderers, and the albatrosses of the southern oceans may circle the globe as they ride the ""roaring forties"" outside the breeding season. The tubenoses spread widely over large areas of open ocean, but congregate when food becomes available. Many are also among the longest-distance migrants; sooty shearwaters Puffinus griseus nesting on the Falkland Islands migrate 14,000 km (8,700 mi) between the breeding colony and the North Atlantic Ocean off Norway. Some Manx shearwaters Puffinus puffinus do this same journey in reverse. As they are long-lived birds, they may cover enormous distances during their lives; one record-breaking Manx shearwater is calculated to have flown 8 million km (5 million miles) during its over-50 year lifespan.",Which species are great wanderers?,pelagic
57293b9f3f37b31900478140,Alaska,"Another Alaskan transportation method is the dogsled. In modern times (that is, any time after the mid-late 1920s), dog mushing is more of a sport than a true means of transportation. Various races are held around the state, but the best known is the Iditarod Trail Sled Dog Race, a 1,150-mile (1,850 km) trail from Anchorage to Nome (although the distance varies from year to year, the official distance is set at 1,049 miles or 1,688 km). The race commemorates the famous 1925 serum run to Nome in which mushers and dogs like Togo and Balto took much-needed medicine to the diphtheria-stricken community of Nome when all other means of transportation had failed. Mushers from all over the world come to Anchorage each March to compete for cash, prizes, and prestige. The ""Serum Run"" is another sled dog race that more accurately follows the route of the famous 1925 relay, leaving from the community of Nenana (southwest of Fairbanks) to Nome.",Why were sled-dogs used to deliver medicine to Nome in 1925?,all other means of transportation had failed
56f8ed819b226e1400dd11d0,Near_East,"In the last years of the 19th century the term ""Near East"" acquired considerable disrepute in eyes of the English-speaking public as did the Ottoman Empire itself. The cause of the onus was the Hamidian Massacres of Armenians because they were Christians, but it seemed to spill over into the protracted conflicts of the Balkans. For a time, ""Near East"" meant primarily the Balkans. Robert Hichens' book The Near East (1913) is subtitled Dalmatia, Greece and Constantinople.","When did the term ""Near East"" acquire considerable disrepute?",the 19th century
570d3aa2b3d812140066d595,Franco-Prussian_War,"The French were unaware of German numerical superiority at the beginning of the battle as the German 2nd Army did not attack all at once. Treating the oncoming attacks as merely skirmishes, Frossard did not request additional support from other units. By the time he realized what kind of a force he was opposing, it was too late. Seriously flawed communications between Frossard and those in reserve under Bazaine slowed down so much that by the time the reserves received orders to move out to Spicheren, German soldiers from the 1st and 2nd armies had charged up the heights. Because the reserves had not arrived, Frossard erroneously believed that he was in grave danger of being outflanked as German soldiers under General von Glume were spotted in Forbach. Instead of continuing to defend the heights, by the close of battle after dusk he retreated to the south. The German casualties were relatively high due to the advance and the effectiveness of the chassepot rifle. They were quite startled in the morning when they had found out that their efforts were not in vain—Frossard had abandoned his position on the heights.",What outcome surprised the Germans the following day?,Frossard had abandoned his position
572e847d03f9891900756713,Steven_Spielberg,"As a child, Spielberg faced difficulty reconciling being an Orthodox Jew with the perception of him by other children he played with. ""It isn't something I enjoy admitting,"" he once said, ""but when I was seven, eight, nine years old, God forgive me, I was embarrassed because we were Orthodox Jews. I was embarrassed by the outward perception of my parents' Jewish practices. I was never really ashamed to be Jewish, but I was uneasy at times."" Spielberg also said he suffered from acts of anti-Semitic prejudice and bullying: ""In high school, I got smacked and kicked around. Two bloody noses. It was horrible.""",When did Steven Spielberg have trouble dealing with being an Orthodox Jew?,As a child
57302cf4b2c2fd14005689ee,The_Blitz,"British night air defences were in a poor state. Few anti-aircraft guns had fire-control systems, and the underpowered searchlights were usually ineffective against aircraft at altitudes above 12,000 ft (3,700 m). In July 1940, only 1,200 heavy and 549 light guns were deployed in the whole of Britain. Of the ""heavies"", some 200 were of the obsolescent 3 in (76 mm) type; the remainder were the effective 4.5 in (110 mm) and 3.7 in (94 mm) guns, with a theoretical ""ceiling""' of over 30,000 ft (9,100 m) but a practical limit of 25,000 ft (7,600 m) because the predictor in use could not accept greater heights. The light guns, about half of which were of the excellent Bofors 40 mm, dealt with aircraft only up to 6,000 ft (1,800 m). Although the use of the guns improved civilian morale, with the knowledge the German bomber crews were facing the barrage, it is now believed that the anti-aircraft guns achieved little and in fact the falling shell fragments caused more British casualties on the ground.",By July of 1940 how many guns were deployed in Britain?,"only 1,200 heavy and 549 light guns"
56e79ec500c9c71400d773e3,Arena_Football_League,"Although the Arenafootball2 league played its tenth season in 2009, a conference call in December 2008 resulted in enough votes from owners and cooperation from the AFLPA for the AFL to suspend the entire 2009 season in order to create ""a long-term plan to improve its economic model"". In doing so, the AFL became the second sports league to cancel an entire season, after the National Hockey League cancelled the 2004-05 season because of a lockout. The AFL also became the third sports league to lose its postseason (the first being Major League Baseball, which lost its postseason in 1994 because of a strike). Efforts to reformat the league's business model were placed under the leadership of Columbus Destroyers owner Jim Renacci and interim commissioner Policy.",What numbered season did Arenafootball2 in 2009?,tenth
5706baba2eaba6190074ac98,Bird_migration,"Migratory birds may use two electromagnetic tools to find their destinations: one that is entirely innate and another that relies on experience. A young bird on its first migration flies in the correct direction according to the Earth's magnetic field, but does not know how far the journey will be. It does this through a radical pair mechanism whereby chemical reactions in special photo pigments sensitive to long wavelengths are affected by the field. Although this only works during daylight hours, it does not use the position of the sun in any way. At this stage the bird is in the position of a boy scout with a compass but no map, until it grows accustomed to the journey and can put its other capabilities to use. With experience it learns various landmarks and this ""mapping"" is done by magnetites in the trigeminal system, which tell the bird how strong the field is. Because birds migrate between northern and southern regions, the magnetic field strengths at different latitudes let it interpret the radical pair mechanism more accurately and let it know when it has reached its destination. There is a neural connection between the eye and ""Cluster N"", the part of the forebrain that is active during migrational orientation, suggesting that birds may actually be able to see the magnetic field of the earth.",What two electromagnetic tools do birds use to find their destinations?,one that is entirely innate and another that relies on experience
57267a6d708984140094c776,Professional_wrestling,"Documentary filmmakers have studied the lives of wrestlers and the effects the profession has on them and their families. The 1999 theatrical documentary Beyond the Mat focused on Terry Funk, a wrestler nearing retirement; Mick Foley, a wrestler within his prime; Jake Roberts, a former star fallen from grace; and a school of wrestling student trying to break into the business. The 2005 release Lipstick and Dynamite, Piss and Vinegar: The First Ladies of Wrestling chronicled the development of women's wrestling throughout the 20th century. Pro wrestling has been featured several times on HBO's Real Sports with Bryant Gumbel. MTV's documentary series True Life featured two episodes titled ""I'm a Professional Wrestler"" and ""I Want to Be a Professional Wrestler"". Other documentaries have been produced by The Learning Channel (The Secret World of Professional Wrestling) and A&E (Hitman Hart: Wrestling with Shadows). Bloodstained Memoirs explored the careers of several pro wrestlers, including Chris Jericho, Rob Van Dam and Roddy Piper.",When did Beyond the Mat come out? ,1999
5726daa5dd62a815002e92bf,Copyright_infringement,"Corporations and legislatures take different types of preventative measures to deter copyright infringement, with much of the focus since the early 1990s being on preventing or reducing digital methods of infringement. Strategies include education, civil & criminal legislation, and international agreements, as well as publicizing anti-piracy litigation successes and imposing forms of digital media copy protection, such as controversial DRM technology and anti-circumvention laws, which limit the amount of control consumers have over the use of products and content they have purchased.",What does DRM and anti-circumvention laws do?,limit the amount of control consumers have
5726e667f1498d1400e8ef57,Chinese_characters,"Regular script typefaces are also commonly used, but not as common as Ming or sans-serif typefaces for body text. Regular script typefaces are often used to teach students Chinese characters, and often aim to match the standard forms of the region where they are meant to be used. Most typefaces in the Song dynasty were regular script typefaces which resembled a particular person's handwriting (e.g. the handwriting of Ouyang Xun, Yan Zhenqing, or Liu Gongquan), while most modern regular script typefaces tend toward anonymity and regularity.",What are often used to teach students Chinese characters?,Regular script typefaces
56f7f2eca6d7ea1400e172ff,Szlachta,"The Period of Division from, A.D., 1138 – A.D., 1314, which included nearly 200 years of feudal fragmentation and which stemmed from Bolesław III's division of Poland among his sons, was the genesis of the social structure which saw the economic elevation of the great landowning feudal nobles (możni/Magnates, both ecclesiastical and lay) from the rycerstwo they originated from. The prior social structure was one of Polish tribes united into the historic Polish nation under a state ruled by the Piast dynasty, this dynasty appearing circa 850 A.D.",WHen was the period of Division?,"A.D., 1138 – A.D., 1314"
5725b8f638643c19005acbcc,Montevideo,"On 3 February 1807, British troops under the command of General Samuel Auchmuty and Admiral Charles Stirling occupied the city during the Battle of Montevideo (1807), but it was recaptured by the Spanish in the same year on 2 September when John Whitelocke was forced to surrender to troops formed by forces of the Banda Oriental—roughly the same area as modern Uruguay—and of Buenos Aires. After this conflict, the governor of Montevideo Francisco Javier de Elío opposed the new viceroy Santiago de Liniers, and created a government Junta when the Peninsular War started in Spain, in defiance of Liniers. Elío disestablished the Junta when Liniers was replaced by Baltasar Hidalgo de Cisneros.",When did the Spanish recapture the city of Montevideo?,2 September
56cbdfbf6d243a140015edba,Frédéric_Chopin,"In 1817 the Saxon Palace was requisitioned by Warsaw's Russian governor for military use, and the Warsaw Lyceum was reestablished in the Kazimierz Palace (today the rectorate of Warsaw University). Fryderyk and his family moved to a building, which still survives, adjacent to the Kazimierz Palace. During this period, Fryderyk was sometimes invited to the Belweder Palace as playmate to the son of the ruler of Russian Poland, Grand Duke Constantine; he played the piano for the Duke and composed a march for him. Julian Ursyn Niemcewicz, in his dramatic eclogue, ""Nasze Przebiegi"" (""Our Discourses"", 1818), attested to ""little Chopin's"" popularity.",What short poem spoke of Frédéric's popularity as a child?,Nasze Przebiegi
57268e815951b619008f767f,"Ann_Arbor,_Michigan","Ann Arbor was founded in 1824, named for wives of the village's founders and the stands of Bur Oak trees. The University of Michigan moved from Detroit to Ann Arbor in 1837, and the city grew at a rapid rate in the early to mid-20th century. During the 1960s and 1970s, the city gained a reputation as a center for left-wing politics. Ann Arbor became a focal point for political activism and served as a hub for the civil-rights movement and anti-Vietnam War movement, as well as various student movements.",When was Ann Arbor founded?,1824
56d65e391c850414009470c4,2008_Sichuan_earthquake,"On May 15, 2008 Geoffery York of the Globeandmail.com reported that the shoddily constructed buildings are commonly called ""tofu buildings"" because builders cut corners by replacing steel rods with thin iron wires for concrete re-inforcement; using inferior grade cement, if any at all; and using fewer bricks than they should. One local was quoted in the article as saying that ""the supervising agencies did not check to see if it met the national standards.""",Why are the buildings so shoddily built?,builders cut corners
572840513acd2414000df7c8,War_on_Terror,"On 16 September 2001, at Camp David, President George W. Bush used the phrase war on terrorism in an unscripted and controversial comment when he said, ""This crusade – this war on terrorism – is going to take a while, ... "" Bush later apologized for this remark due to the negative connotations the term crusade has to people, e.g. of Muslim faith. The word crusade was not used again. On 20 September 2001, during a televised address to a joint session of congress, Bush stated that, ""(o)ur 'war on terror' begins with al-Qaeda, but it does not end there. It will not end until every terrorist group of global reach has been found, stopped, and defeated.""",Which word did George W. Bush apologize for using when talking about the war?,crusade
573215afb9d445190005e7c6,Bird,"Cooperative breeding in birds typically occurs when offspring, usually males, delay dispersal from their natal group in order to remain with the family to help rear younger kin. Female offspring rarely stay at home, dispersing over distances that allow them to breed independently, or to join unrelated groups. In general, inbreeding is avoided because it leads to a reduction in progeny fitness (inbreeding depression) due largely to the homozygous expression of deleterious recessive alleles. Cross-fertilization between unrelated individuals ordinarily leads to the masking of deleterious recessive alleles in progeny.",What leads to the masking of deleterious recesive alleles in progeny?,Cross-fertilization between unrelated individuals
573028d9a23a5019007fcebe,San_Diego,"In July 2013, three former supporters of Mayor Bob Filner asked him to resign because of allegations of repeated sexual harassment. Over the ensuing six weeks, 18 women came forward to publicly claim that Filner had sexually harassed them, and multiple individuals and groups called for him to resign. On August 19 Filner and city representatives entered a mediation process, as a result of which Filner agreed to resign, effective August 30, 2013, while the city agreed to limit his legal and financial exposure. Filner subsequently pleaded guilty to one felony count of false imprisonment and two misdemeanor battery charges, and was sentenced to house arrest and probation.",When did a mediation process begin between Filner and a city representative?,August 19
5727e3d54b864d1900163f5e,Baptists,"On 20 June 1995, the Southern Baptist Convention voted to adopt a resolution renouncing its racist roots and apologizing for its past defense of slavery. More than 20,000 Southern Baptists registered for the meeting in Atlanta. The resolution declared that messengers, as SBC delegates are called, ""unwaveringly denounce racism, in all its forms, as deplorable sin"" and ""lament and repudiate historic acts of evil such as slavery from which we continue to reap a bitter harvest."" It offered an apology to all African-Americans for ""condoning and/or perpetuating individual and systemic racism in our lifetime"" and repentance for ""racism of which we have been guilty, whether consciously or unconsciously."" Although Southern Baptists have condemned racism in the past, this was the first time the predominantly white convention had dealt specifically with the issue of slavery.",When did the Southern Baptist Convention vote to adopt a resolution renouncing its racist roots?,20 June 1995
572bf5e2dfb02c14005c6b07,Tennessee,"The first recorded European excursions into what is now called Tennessee were three expeditions led by Spanish explorers, namely Hernando de Soto in 1540, Tristan de Luna in 1559, and Juan Pardo in 1567. Pardo recorded the name ""Tanasqui"" from a local Indian village, which evolved to the state's current name. At that time, Tennessee was inhabited by tribes of Muscogee and Yuchi people. Possibly because of European diseases devastating the Indian tribes, which would have left a population vacuum, and also from expanding European settlement in the north, the Cherokee moved south from the area now called Virginia. As European colonists spread into the area, the Indian populations were forcibly displaced to the south and west, including all Muscogee and Yuchi peoples, the Chickasaw and Choctaw, and ultimately, the Cherokee in 1838.",Which Native American peoples were living in Tennessee when Juan Pardo explored the area?,Muscogee and Yuchi
570c5266b3d812140066d0f7,"John,_King_of_England","When the Archbishop of Canterbury, Hubert Walter, died on 13 July 1205, John became involved in a dispute with Pope Innocent III that would lead to the king's excommunication. The Norman and Angevin kings had traditionally exercised a great deal of power over the church within their territories. From the 1040s onwards, however, successive popes had put forward a reforming message that emphasised the importance of the church being ""governed more coherently and more hierarchically from the centre"" and established ""its own sphere of authority and jurisdiction, separate from and independent of that of the lay ruler"", in the words of historian Richard Huscroft. After the 1140s, these principles had been largely accepted within the English church, albeit with an element of concern about centralising authority in Rome. These changes brought the customary rights of lay rulers such as John over ecclesiastical appointments into question. Pope Innocent was, according to historian Ralph Turner, an ""ambitious and aggressive"" religious leader, insistent on his rights and responsibilities within the church.",When did Hubert Walter die?,13 July 1205
57267430dd62a815002e857b,Dutch_language,"It is the third language of South Africa in terms of native speakers (~13.5%), of whom 53 percent are Coloureds and 42.4 percent Whites. In 1996, 40 percent of South Africans reported to know Afrikaans at least at a very basic level of communication. It is the lingua franca in Namibia, where it is spoken natively in 11 percent of households. In total, Afrikaans is the first language in South Africa alone of about 6.8 million people and is estimated to be a second language for at least 10 million people worldwide, compared to over 23 million and 5 million respectively, for Dutch.",Which country has 11% of households who speak Afrikaans?,Namibia
572fc4f204bcaa1900d76cd8,Hyderabad,"International-level sportspeople from Hyderabad include: cricketers Ghulam Ahmed, M. L. Jaisimha, Mohammed Azharuddin, V. V. S. Laxman, Venkatapathy Raju, Shivlal Yadav, Arshad Ayub, Syed Abid Ali and Noel David; football players Syed Abdul Rahim, Syed Nayeemuddin and Shabbir Ali; tennis player Sania Mirza; badminton players S. M. Arif, Pullela Gopichand, Saina Nehwal, P. V. Sindhu, Jwala Gutta and Chetan Anand; hockey players Syed Mohammad Hadi and Mukesh Kumar; rifle shooters Gagan Narang and Asher Noria and bodybuilder Mir Mohtesham Ali Khan.",Who is a notable bodybuilder from Hyderabad?,Mir Mohtesham Ali Khan
5726acd3708984140094cd92,Gothic_architecture,"At the completion of the west front in 1140, Abbot Suger moved on to the reconstruction of the eastern end, leaving the Carolingian nave in use. He designed a choir that would be suffused with light. To achieve his aims, his masons drew on the several new features which evolved or had been introduced to Romanesque architecture, the pointed arch, the ribbed vault, the ambulatory with radiating chapels, the clustered columns supporting ribs springing in different directions and the flying buttresses which enabled the insertion of large clerestory windows.",What style of columns did Abbott Suger use when reconstructing Saint Denis?,clustered columns
5726d9dcdd62a815002e9296,Molotov%E2%80%93Ribbentrop_Pact,"Finally, on 26 June, four days after France sued for an armistice with the Third Reich, the Soviet Union issued an ultimatum demanding Bessarabia and, unexpectedly, Northern Bukovina from Romania. Two days later, the Romanians caved to the Soviet demands and the Soviets occupied the territory. The Hertza region was initially not requested by the USSR but was later occupied by force after the Romanians agreed to the initial Soviet demands. The subsequent waves of deportations began in Bessarabia and Northern Bukovina.",How many days after France sued for peace did the Romanians meet the requests of the USSR?,6
57295eafaf94a219006aa335,"United_States_presidential_election,_2004","One elector in Minnesota cast a ballot for president with the name of ""John Ewards""  [sic] written on it. The Electoral College officials certified this ballot as a vote for John Edwards for president. The remaining nine electors cast ballots for John Kerry. All ten electors in the state cast ballots for John Edwards for vice president (John Edwards's name was spelled correctly on all ballots for vice president). This was the first time in U.S. history that an elector had cast a vote for the same person to be both president and vice president; another faithless elector in the 1800 election had voted twice for Aaron Burr, but under that electoral system only votes for the president's position were cast, with the runner-up in the Electoral College becoming vice president (and the second vote for Burr was discounted and re-assigned to Thomas Jefferson in any event, as it violated Electoral College rules).","In the 1800 election, why did Thomas Jefferson get the second vote?",it violated Electoral College rules
56d63c501c85041400947041,Dog,"In Islam, dogs are viewed as unclean because they are viewed as scavengers. In 2015 city councillor Hasan Küçük of The Hague called for dog ownership to be made illegal in that city. Islamic activists in Lérida, Spain, lobbied for dogs to be kept out of Muslim neighborhoods, saying their presence violated Muslims' religious freedom. In Britain, police sniffer dogs are carefully used, and are not permitted to contact passengers, only their luggage. They are required to wear leather dog booties when searching mosques or Muslim homes.",How are dogs viewed in Islam?,as unclean
56cd687562d2951400fa6592,IPod,"On January 8, 2004, Hewlett-Packard (HP) announced that they would sell HP-branded iPods under a license agreement from Apple. Several new retail channels were used—including Wal-Mart—and these iPods eventually made up 5% of all iPod sales. In July 2005, HP stopped selling iPods due to unfavorable terms and conditions imposed by Apple.",When did HP unveil their own edition of the iPod?,"January 8, 2004"
57305fc38ab72b1400f9c4b4,Translation,"The translator's role as a bridge for ""carrying across"" values between cultures has been discussed at least since Terence, the 2nd-century-BCE Roman adapter of Greek comedies. The translator's role is, however, by no means a passive, mechanical one, and so has also been compared to that of an artist. The main ground seems to be the concept of parallel creation found in critics such as Cicero. Dryden observed that ""Translation is a type of drawing after life..."" Comparison of the translator with a musician or actor goes back at least to Samuel Johnson’s remark about Alexander Pope playing Homer on a flageolet, while Homer himself used a bassoon.",A translator's role is less like a robot and more like a what?,artist
5733541ed058e614000b5868,Alfred_North_Whitehead,"In fact, Whitehead describes any entity as in some sense nothing more and nothing less than the sum of its relations to other entities – its synthesis of and reaction to the world around it. A real thing is just that which forces the rest of the universe to in some way conform to it; that is to say, if theoretically a thing made strictly no difference to any other entity (i.e. it was not related to any other entity), it could not be said to really exist. Relations are not secondary to what a thing is, they are what the thing is.","In Whitehead's thinking, what could be said about something that has no effect on any other person or object?","if theoretically a thing made strictly no difference to any other entity (i.e. it was not related to any other entity), it could not be said to really exist"
56e8ff6c99e8941900975f6f,Westminster_Abbey,"A project that is proceeding is the creation of The Queen's Diamond Jubilee Galleries in the medieval triforium of the abbey. The aim is to create a new display area for the abbey's treasures in the galleries high up around the abbey's nave. To this end a new Gothic access tower with lift has been designed by the abbey architect and Surveyor of the Fabric, Ptolemy Dean. It is planned that the new galleries will open in 2018.",When will the new galleries open?,2018
571d0e925efbb31900334e91,Pharmaceutical_industry,"Other notable new vaccines of the period include those for measles (1962, John Franklin Enders of Children's Medical Center Boston, later refined by Maurice Hilleman at Merck), Rubella (1969, Hilleman, Merck) and mumps (1967, Hilleman, Merck) The United States incidences of rubella, congenital rubella syndrome, measles, and mumps all fell by >95% in the immediate aftermath of widespread vaccination. The first 20 years of licensed measles vaccination in the U.S. prevented an estimated 52 million cases of the disease, 17,400 cases of mental retardation, and 5,200 deaths.","How much did rubella, measles, and mumps infections drop after vaccination?",>95%
56dde7259a695914005b9696,Canadian_Armed_Forces,"The first overseas deployment of Canadian military forces occurred during the Second Boer War, when several units were raised to serve under British command. Similarly, when the United Kingdom entered into conflict with Germany in the First World War, Canadian troops were called to participate in European theatres. The Canadian Crown-in-Council then decided to send its forces into the Second World War, as well as the Korean War.",When was the first overseas deployment of the Canadian Military?,Second Boer War
572877c6ff5b5019007da265,Labour_Party_(UK),"""New Labour"" was first termed as an alternative branding for the Labour Party, dating from a conference slogan first used by the Labour Party in 1994, which was later seen in a draft manifesto published by the party in 1996, called New Labour, New Life For Britain. It was a continuation of the trend that had begun under the leadership of Neil Kinnock. ""New Labour"" as a name has no official status, but remains in common use to distinguish modernisers from those holding to more traditional positions, normally referred to as ""Old Labour"".",When was this branding first used?,1994
5726a3d7f1498d1400e8e5bc,Myanmar,"A major battleground, Burma was devastated during World War II. By March 1942, within months after they entered the war, Japanese troops had advanced on Rangoon and the British administration had collapsed. A Burmese Executive Administration headed by Ba Maw was established by the Japanese in August 1942. Wingate's British Chindits were formed into long-range penetration groups trained to operate deep behind Japanese lines. A similar American unit, Merrill's Marauders, followed the Chindits into the Burmese jungle in 1943. Beginning in late 1944, allied troops launched a series of offensives that led to the end of Japanese rule in July 1945. The battles were intense with much of Burma laid waste by the fighting. Overall, the Japanese lost some 150,000 men in Burma. Only 1,700 prisoners were taken.",When did the temporary Japanese rule end in Burma?,the end of Japanese rule in July 1945
571ddd93b64a571400c71db0,Multiracial_American,"After a lengthy period of formal racial segregation in the former Confederacy following the Reconstruction Era, and bans on interracial marriage in various parts of the country, more people are openly forming interracial unions. In addition, social conditions have changed and many multiracial people do not believe it is socially advantageous to try to ""pass"" as white. Diverse immigration has brought more mixed-race people into the United States, such as the large population of Hispanics identifying as mestizos. Since the 1980s, the United States has had a growing multiracial identity movement (cf. Loving Day). Because more Americans have insisted on being allowed to acknowledge their mixed racial origins, the 2000 census for the first time allowed residents to check more than one ethno-racial identity and thereby identify as multiracial. In 2008 Barack Obama was elected as the first multiracial President of the United States; he acknowledges both sides of his family and identifies as African American.",When was an African American president elected?,2008
5726d58cf1498d1400e8ec96,Nigeria,"Nigeria gained independence from the United Kingdom as a Commonwealth Realm on 1 October 1960. Nigeria's government was a coalition of conservative parties: the Nigerian People's Congress (NPC), a party dominated by Northerners and those of the Islamic faith, and the Igbo and Christian-dominated National Council of Nigeria and the Cameroons (NCNC) led by Nnamdi Azikiwe. Azikiwe became Nigeria's maiden Governor-General in 1960. The opposition comprised the comparatively liberal Action Group (AG), which was largely dominated by the Yoruba and led by Obafemi Awolowo. The cultural and political differences between Nigeria's dominant ethnic groups – the Hausa ('Northerners'), Igbo ('Easterners') and Yoruba ('Westerners') – were sharp.",Which Nigerian political party was mostly Christian?,National Council of Nigeria and the Cameroons
572e8e84dfa6aa1500f8d122,Seven_Years%27_War,"The Hanoverian king George II of Great Britain was passionately devoted to his family’s continental holdings, but his commitments in Germany were counterbalanced by the demands of the British colonies overseas. If war against France for colonial expansion was to be resumed, then Hanover had to be secured against Franco-Prussian attack. France was very much interested in colonial expansion and was willing to exploit the vulnerability of Hanover in war against Great Britain, but it had no desire to divert forces to central Europe for Prussia's interest.",Why would France want to invade Hanover?,France was very much interested in colonial expansion and was willing to exploit the vulnerability of Hanover in war against Great Britain
57065a7c75f01819005e7b74,MP3,"Sisvel S.p.A. and its U.S. subsidiary Audio MPEG, Inc. previously sued Thomson for patent infringement on MP3 technology, but those disputes were resolved in November 2005 with Sisvel granting Thomson a license to their patents. Motorola followed soon after, and signed with Sisvel to license MP3-related patents in December 2005. Except for three patents, the US patents administered by Sisvel had all expired in 2015, however (the exceptions are: U.S. Patent 5,878,080, expires February 2017, U.S. Patent 5,850,456, expires February 2017 and U.S. Patent 5,960,037, expires 9. April 2017.",Who was sued for patent infringement on MP3 technology?,Thomson
572a4c00fed8de19000d5b82,Ottoman_Empire,"Ottoman government deliberately pursued a policy for the development of Bursa, Edirne, and Istanbul, successive Ottoman capitals, into major commercial and industrial centres, considering that merchants and artisans were indispensable in creating a new metropolis. To this end, Mehmed and his successor Bayezid, also encouraged and welcomed migration of the Jews from different parts of Europe, who were settled in Istanbul and other port cities like Salonica. In many places in Europe, Jews were suffering persecution at the hands of their Christian counterparts, such as in Spain after the conclusion of Reconquista. The tolerance displayed by the Turks was welcomed by the immigrants.",What group were Jews being persecuted by in Europe?,their Christian counterparts
572643c7994a9e14006f018b,Mammal,"The deliberate or accidental hybridising of two or more species of closely related animals through captive breeding is a human activity which has been in existence for millennia and has grown in recent times for economic purposes. The number of successful interspecific mammalian hybrids is relatively small, although it has come to be known that there is a significant number of naturally occurring hybrids between forms or regional varieties of a single species.[citation needed] These may form zones of gradation known as clines. Indeed, the distinction between some hitherto distinct species can become clouded once it can be shown that they may not only breed but produce fertile offspring. Some hybrid animals exhibit greater strength and resilience than either parent. This is known as hybrid vigor. The existence of the mule (donkey sire; horse dam) being used widely as a hardy draught animal throughout ancient and modern history is testament to this. Other well known examples are the lion/tiger hybrid, the liger, which is by far the largest big cat and sometimes used in circuses; and cattle hybrids such as between European and Indian domestic cattle or between domestic cattle and American bison, which are used in the meat industry and marketed as Beefalo. There is some speculation that the donkey itself may be the result of an ancient hybridisation between two wild ass species or sub-species. Hybrid animals are normally infertile partly because their parents usually have slightly different numbers of chromosomes, resulting in unpaired chromosomes in their cells, which prevents division of sex cells and the gonads from operating correctly, particularly in males. There are exceptions to this rule, especially if the speciation process was relatively recent or incomplete as is the case with many cattle and dog species. Normally behavior traits, natural hostility, natural ranges and breeding cycle differences maintain the separateness of closely related species and prevent natural hybridisation. However, the widespread disturbances to natural animal behaviours and range caused by human activity, cities, dumping grounds with food, agriculture, fencing, roads and so on do force animals together which would not normally breed. Clear examples exist between the various sub-species of grey wolf, coyote and domestic dog in North America. As many birds and mammals imprint on their mother and immediate family from infancy, a practice used by animal hybridizers is to foster a planned parent in a hybridization program with the same species as the one with which they are planned to mate.",What is the marketed name given in the meat industry when you involve a european or indian domestic cattle mixed with an American bison?,Beefalo
5731cbbce99e3014001e6298,Steven_Spielberg,"The most persistent theme throughout his films is tension in parent-child relationships. Parents (often fathers) are reluctant, absent or ignorant. Peter Banning in Hook starts off in the beginning of the film as a reluctant married-to-his-work parent who through the course of the film regains the respect of his children. The notable absence of Elliott's father in E.T., is the most famous example of this theme. In Indiana Jones and the Last Crusade, it is revealed that Indy has always had a very strained relationship with his father, who is a professor of medieval literature, as his father always seemed more interested in his work, specifically in his studies of the Holy Grail, than in his own son, although his father does not seem to realize or understand the negative effect that his aloof nature had on Indy (he even believes he was a good father in the sense that he taught his son ""self reliance,"" which is not how Indy saw it). Even Oskar Schindler, from Schindler's List, is reluctant to have a child with his wife. Munich depicts Avner as a man away from his wife and newborn daughter. There are of course exceptions; Brody in Jaws is a committed family man, while John Anderton in Minority Report is a shattered man after the disappearance of his son. This theme is arguably the most autobiographical aspect of Spielberg's films, since Spielberg himself was affected by his parents' divorce as a child and by the absence of his father. Furthermore, to this theme, protagonists in his films often come from families with divorced parents, most notably E.T. the Extra-Terrestrial (protagonist Elliot's mother is divorced) and Catch Me If You Can (Frank Abagnale's mother and father split early on in the film). Little known also is Tim in Jurassic Park (early in the film, another secondary character mentions Tim and Lex's parents' divorce). The family often shown divided is often resolved in the ending as well. Following this theme of reluctant fathers and father figures, Tim looks to Dr. Alan Grant as a father figure. Initially, Dr. Grant is reluctant to return those paternal feelings to Tim. However, by the end of the film, he has changed, and the kids even fall asleep with their heads on his shoulders.",What is Spielberg's most common theme?,tension in parent-child relationships
5726baf35951b619008f7c2a,Somerset,"The University of Bath and Bath Spa University are higher education establishments in the north-east of the county. The University of Bath gained its Royal Charter in 1966, although its origins go back to the Bristol Trade School (founded 1856) and Bath School of Pharmacy (founded 1907). It has a purpose-built campus at Claverton on the outskirts of Bath, and has 15,000 students. Bath Spa University, which is based at Newton St Loe, achieved university status in 2005, and has origins including the Bath Academy of Art (founded 1898), Bath Teacher Training College, and the Bath College of Higher Education. It has several campuses and 5,500 students.",When did the university of Bath gain royal charter ,"The University of Bath gained its Royal Charter in 1966, although its origins go back to the Bristol Trade School"
56db2056e7c41114004b4db6,American_Idol,"The finalists were Cook and Archuleta. David Cook was announced the winner on May 21, 2008, the first rocker to win the show. Both Cook and Archuleta had some success as recording artists with both selling over a million albums in the U.S.",When was the winner announced?,"May 21, 2008"
56d12d5117492d1400aabb71,The_Legend_of_Zelda:_Twilight_Princess,"In four months, Aonuma's team managed to present realistic horseback riding,[l] which Nintendo later revealed to the public with a trailer at Electronic Entertainment Expo 2004. The game was scheduled to be released the next year, and was no longer a follow-up to The Wind Waker; a true sequel to it was released for the Nintendo DS in 2007, in the form of Phantom Hourglass. Miyamoto explained in interviews that the graphical style was chosen to satisfy demand, and that it better fit the theme of an older incarnation of Link. The game runs on a modified The Wind Waker engine.",When did the company release a trailer of the horseback riding aspect?,2004
57266bc1dd62a815002e845f,East_India_Company,"By the Treaty of Paris (1763), France regained the five establishments captured by the British during the war (Pondichéry, Mahe, Karikal, Yanam and Chandernagar) but was prevented from erecting fortifications and keeping troops in Bengal (art. XI). Elsewhere in India, the French were to remain a military threat, particularly during the War of American Independence, and up to the capture of Pondichéry in 1793 at the outset of the French Revolutionary Wars without any military presence. Although these small outposts remained French possessions for the next two hundred years, French ambitions on Indian territories were effectively laid to rest, thus eliminating a major source of economic competition for the company.",The treaty of Paris return how many esablishment captured by the British?,five
572665cc5951b619008f71a7,Dutch_language,"Outside of the Netherlands and Belgium, the dialect around the German town of Kleve (South Guelderish) both historically and genetically belongs to the Dutch language. In Northeastern France, the area around Calais was historically Dutch-speaking (West Flemish) of which an estimated 20,000 daily speakers. The cities of Dunkirk, Gravelines and Bourbourg only became predominantly French-speaking by the end of the 19th century. In the countryside, until World War I, many elementary schools continued to teach in Dutch, and the Catholic Church continued to preach and teach the catechism in Flemish in many parishes.",What town in Germany has always had mostly Dutch speakers?,Kleve
57284af44b864d19001648d3,War_on_Terror,"In September 2009, a U.S. Drone strike reportedly killed Ilyas Kashmiri, who was the chief of Harkat-ul-Jihad al-Islami, a Kashmiri militant group associated with Al-Qaeda. Kashmiri was described by Bruce Riedel as a 'prominent' Al-Qaeda member, while others described him as the head of military operations for Al-Qaeda. Waziristan had now become the new battlefield for Kashmiri militants, who were now fighting NATO in support of Al-Qaeda. On 8 July 2012, Al-Badar Mujahideen, a breakaway faction of Kashmir centric terror group Hizbul Mujahideen, on conclusion of their two-day Shuhada Conference called for mobilisation of resources for continuation of jihad in Kashmir.",What group did Al-Badar Mujahideen break away from?,Hizbul Mujahideen
56fde92d761e401900d28c47,Computer,"The bipolar transistor was invented in 1947. From 1955 onwards transistors replaced vacuum tubes in computer designs, giving rise to the ""second generation"" of computers. Compared to vacuum tubes, transistors have many advantages: they are smaller, and require less power than vacuum tubes, so give off less heat. Silicon junction transistors were much more reliable than vacuum tubes and had longer, indefinite, service life. Transistorized computers could contain tens of thousands of binary logic circuits in a relatively compact space.",When was the bipolar transistor created?,1947.
572ec9bf03f9891900756a27,Endangered_Species_Act,"A reward will be paid to any person who furnishes information which leads to an arrest, conviction, or revocation of a license, so long as they are not a local, state, or federal employee in the performance of official duties. The Secretary may also provide reasonable and necessary costs incurred for the care of fish, wildlife, and forest service or plant pending the violation caused by the criminal. If the balance ever exceeds $500,000 the Secretary of the Treasury is required to deposit an amount equal to the excess into the cooperative endangered species conservation fund.",Costs over what balance lead to the Secretary of the Treasury depositing money into the cooperative endangered species conservation fund?,"$500,000"
5730c541f6cb411900e2447f,Light-emitting_diode,"In September 1961, while working at Texas Instruments in Dallas, Texas, James R. Biard and Gary Pittman discovered near-infrared (900 nm) light emission from a tunnel diode they had constructed on a GaAs substrate. By October 1961, they had demonstrated efficient light emission and signal coupling between a GaAs p-n junction light emitter and an electrically-isolated semiconductor photodetector. On August 8, 1962, Biard and Pittman filed a patent titled ""Semiconductor Radiant Diode"" based on their findings, which described a zinc diffused p–n junction LED with a spaced cathode contact to allow for efficient emission of infrared light under forward bias. After establishing the priority of their work based on engineering notebooks predating submissions from G.E. Labs, RCA Research Labs, IBM Research Labs, Bell Labs, and Lincoln Lab at MIT, the U.S. patent office issued the two inventors the patent for the GaAs infrared (IR) light-emitting diode (U.S. Patent US3293513), the first practical LED. Immediately after filing the patent, Texas Instruments (TI) began a project to manufacture infrared diodes. In October 1962, TI announced the first LED commercial product (the SNX-100), which employed a pure GaAs crystal to emit a 890 nm light output. In October 1963, TI announced the first commercial hemispherical LED, the SNX-110.",What type of diode was used to help discover near-infrared light emission?,tunnel
5727ba063acd2414000deab3,Eton_College,"Not all boys who pass the College election examination choose to become King's Scholars. If they choose instead to belong to one of the 24 Oppidan Houses, they are known as Oppidan Scholars. Oppidan scholarships may also be awarded for consistently performing with distinction in School and external examinations. To gain an Oppidan Scholarship, a boy must have either three distinctions in a row or four throughout his career. Within the school, an Oppidan Scholar is entitled to use the letters OS after his name.",How many distinguishments does a student need for an Oppidan Scholarship?,either three distinctions in a row or four throughout his career
5733e8ccd058e614000b656e,Anthropology,"But by the 1940s, many of Boas' anthropologist contemporaries were active in the allied war effort against the ""Axis"" (Nazi Germany, Fascist Italy, and Imperial Japan). Many served in the armed forces, while others worked in intelligence (for example, Office of Strategic Services and the Office of War Information). At the same time, David H. Price's work on American anthropology during the Cold War provides detailed accounts of the pursuit and dismissal of several anthropologists from their jobs for communist sympathies.",What were Boas' peers doing in the 1940s?,active in the allied war effort
56cfe836234ae51400d9c064,New_York_City,"New York City is home to Fort Hamilton, the U.S. military's only active duty installation within the city. Established in 1825 in Brooklyn on the site of a small battery utilized during the American Revolution, it is one of America's longest serving military forts. Today Fort Hamilton serves as the headquarters of the North Atlantic Division of the United States Army Corps of Engineers as well as for the New York City Recruiting Battalion. It also houses the 1179th Transportation Brigade, the 722nd Aeromedical Staging Squadron, and a military entrance processing station. Other formerly active military reservations still utilized for National Guard and military training or reserve operations in the city include Fort Wadsworth in Staten Island and Fort Totten in Queens.",When was Fort Hamilton built?,1825
570c4ee1b3d812140066d0ad,"John,_King_of_England","At the start of John's reign there was a sudden change in prices, as bad harvests and high demand for food resulted in much higher prices for grain and animals. This inflationary pressure was to continue for the rest of the 13th century and had long-term economic consequences for England. The resulting social pressures were complicated by bursts of deflation that resulted from John's military campaigns. It was usual at the time for the king to collect taxes in silver, which was then re-minted into new coins; these coins would then be put in barrels and sent to royal castles around the country, to be used to hire mercenaries or to meet other costs. At those times when John was preparing for campaigns in Normandy, for example, huge quantities of silver had to be withdrawn from the economy and stored for months, which unintentionally resulted in periods during which silver coins were simply hard to come by, commercial credit difficult to acquire and deflationary pressure placed on the economy. The result was political unrest across the country. John attempted to address some of the problems with the English currency in 1204 and 1205 by carrying out a radical overhaul of the coinage, improving its quality and consistency.",When did John address problems with the English currency?,1204 and 1205
56cf5f6daab44d1400b89164,Kanye_West,"West demonstrated an affinity for the arts at an early age; he began writing poetry when he was five years old. His mother recalled that she first took notice of West's passion for drawing and music when he was in the third grade. Growing up in the city,[which?] West became deeply involved in its hip hop scene. He started rapping in the third grade and began making musical compositions in the seventh grade, eventually selling them to other artists. At age thirteen, West wrote a rap song called ""Green Eggs and Ham"" and began to persuade his mother to pay $25 an hour for time in a recording studio. It was a small, crude basement studio where a microphone hung from the ceiling by a wire clothes hanger. Although this wasn't what West's mother wanted, she nonetheless supported him. West crossed paths with producer/DJ No I.D., with whom he quickly formed a close friendship. No I.D. soon became West's mentor, and it was from him that West learned how to sample and program beats after he received his first sampler at age 15.",What was one of the first tracks written by Kanye when he was 13?,"""Green Eggs and Ham"""
5726da6a708984140094d394,Korean_War,"During the Hungnam evacuation, about 193 shiploads of UN Command forces and matériel (approximately 105,000 soldiers, 98,000 civilians, 17,500 vehicles, and 350,000 tons of supplies) were evacuated to Pusan. The SS Meredith Victory was noted for evacuating 14,000 refugees, the largest rescue operation by a single ship, even though it was designed to hold 12 passengers. Before escaping, the UN Command forces razed most of Hungnam city, especially the port facilities; and on 16 December 1950, President Truman declared a national emergency with Presidential Proclamation No. 2914, 3 C.F.R. 99 (1953), which remained in force until 14 September 1978.[b] The next day (17 December 1950) Kim Il-sung was deprived of the right of command of KPA by China. After that, the leading part of the war became the Chinese army. Following that, on 1 February 1951, United Nations General Assembly adopted a draft resolution condemning China as an aggressor in the Korean War.",Who was stripped of their commanding rights by China?,Kim Il-sung
5727b6f93acd2414000dea64,Switzerland,"Switzerland has a dense network of cities, where large, medium and small cities are complementary. The plateau is very densely populated with about 450 people per km2 and the landscape continually shows signs of human presence. The weight of the largest metropolitan areas, which are Zürich, Geneva–Lausanne, Basel and Bern tend to increase. In international comparison the importance of these urban areas is stronger than their number of inhabitants suggests. In addition the two main centers of Zürich and Geneva are recognized for their particularly great quality of life.",Which 2 centers are recognized for their particularly great quality of life?,Zürich and Geneva
56f89fe89e9bad19000a01fb,Southampton,"At the 2001 Census, 92.4 per cent of the city's populace was White—including one per cent White Irish—3.8 per cent were South Asian, 1.0 per cent Black, 1.3 per cent Chinese or other ethnic groups, and 1.5 per cent were of Mixed Race.","According to the 2001 Census, what race comprises 3.8% of people living in Southampton?",South Asian
5728efe52ca10214002daad6,Paris,"While Paris has some of the richest neighbourhoods in France, it also has some of the poorest, mostly on the eastern side of the city. In 2012, 14 percent of households in the city earned less than €977 per month, the official poverty line. Twenty-five percent of residents in the 19th arrondissement lived below the poverty line; 24 percent in the 18th, 22 percent in the 20th and 18 percent in the 10th. In the city's wealthiest neighbourhood, the 7th arrondissement, 7 percent lived below the poverty line; 8 percent in the 6th arrondissement; and 9 percent in the 16th arrondissement.",What percentage of households earned less than 977 per month?,14
57277992dd62a815002e9df0,Textual_criticism,"The textual critic's ultimate objective is the production of a ""critical edition"".[citation needed] This contains the text that the author has determined most closely approximates the original, and is accompanied by an apparatus criticus or critical apparatus. The critical apparatus presents the author's work in three parts: first, a list or description of the evidence that the editor used (names of manuscripts, or abbreviations called sigla); second, the editor's analysis of that evidence (sometimes a simple likelihood rating),[citation needed]; and third, a record of rejected variants of the text (often in order of preference).[citation needed]",What is included in the first part of the critical apparatus?,"a list or description of the evidence that the editor used (names of manuscripts, or abbreviations called sigla)"
5726fae6f1498d1400e8f1ba,Avicenna,"The soviet film ""Youth of Genius"" (1982), filmed and studios Uzbekfilm and Tajikfilm, dedicated to children and youth years Avicenna. The film's director Elyor Ishmuhamedov. Romantic and stormy, performed works, danger and irresistible thirst of knowledge was the youth of Al-Husayn ibn Abdallah ibn al-Hasan ibn Ali ibn Sina, which will be known around the world under the name of Avicenna – a great physician, scientist and educator X-XI centuries. The film is set in the ancient city of Bukhara at the turn of the millennium. In Louis L'Amour's 1985 historical novel The Walking Drum, Kerbouchard studies and discusses Avicenna's The Canon of Medicine. In his book The Physician (1988) Noah Gordon tells the story of a young English medical apprentice who disguises himself as a Jew to travel from England to Persia and learn from Avicenna, the great master of his time. The novel was adapted into a feature film, The Physician, in 2013. Avicenna was played by Ben Kingsley.",What movie was made about Avicenna's younger years?,Youth of Genius
572f7697a23a5019007fc64c,Hyderabad,"After India gained independence, the Nizam declared his intention to remain independent rather than become part of the Indian Union. The Hyderabad State Congress, with the support of the Indian National Congress and the Communist Party of India, began agitating against Nizam VII in 1948. On 17 September that year, the Indian Army took control of Hyderabad State after an invasion codenamed Operation Polo. With the defeat of his forces, Nizam VII capitulated to the Indian Union by signing an Instrument of Accession, which made him the Rajpramukh (Princely Governor) of the state until 31 October 1956. Between 1946 and 1951, the Communist Party of India fomented the Telangana uprising against the feudal lords of the Telangana region. The Constitution of India, which became effective on 26 January 1950, made Hyderabad State one of the part B states of India, with Hyderabad city continuing to be the capital. In his 1955 report Thoughts on Linguistic States, B. R. Ambedkar, then chairman of the Drafting Committee of the Indian Constitution, proposed designating the city of Hyderabad as the second capital of India because of its amenities and strategic central location. Since 1956, the Rashtrapati Nilayam in Hyderabad has been the second official residence and business office of the President of India; the President stays once a year in winter and conducts official business particularly relating to Southern India.",What was the code name for the Indian Army invasion of Hyderabad?,Operation Polo
57279bc4ff5b5019007d90e2,Jews,"Studies of autosomal DNA, which look at the entire DNA mixture, have become increasingly important as the technology develops. They show that Jewish populations have tended to form relatively closely related groups in independent communities, with most in a community sharing significant ancestry in common. For Jewish populations of the diaspora, the genetic composition of Ashkenazi, Sephardi, and Mizrahi Jewish populations show a predominant amount of shared Middle Eastern ancestry. According to Behar, the most parsimonious explanation for this shared Middle Eastern ancestry is that it is ""consistent with the historical formulation of the Jewish people as descending from ancient Hebrew and Israelite residents of the Levant"" and ""the dispersion of the people of ancient Israel throughout the Old World"". North African, Italian and others of Iberian origin show variable frequencies of admixture with non-Jewish historical host populations among the maternal lines. In the case of Ashkenazi and Sephardi Jews (in particular Moroccan Jews), who are closely related, the source of non-Jewish admixture is mainly southern European, while Mizrahi Jews show evidence of admixture with other Middle Eastern populations and Sub-Saharan Africans. Behar et al. have remarked on an especially close relationship of Ashkenazi Jews and modern Italians.",What looks at the entire DNA mixture?,autosomal DNA
573029e904bcaa1900d77292,Liberia,"Following a peak in growth in 1979, the Liberian economy began a steady decline due to economic mismanagement following the 1980 coup. This decline was accelerated by the outbreak of civil war in 1989; GDP was reduced by an estimated 90% between 1989 and 1995, one of the fastest declines in history. Upon the end of the war in 2003, GDP growth began to accelerate, reaching 9.4% in 2007. The global financial crisis slowed GDP growth to 4.6% in 2009, though a strengthening agricultural sector led by rubber and timber exports increased growth to 5.1% in 2010 and an expected 7.3% in 2011, making the economy one of the 20 fastest growing in the world.",Why did the Liberian economy decline after 1980?,economic mismanagement following the 1980 coup.
5726c384dd62a815002e8fc4,Pesticide,"The first legislation providing federal authority for regulating pesticides was enacted in 1910; however, decades later during the 1940s manufacturers began to produce large amounts of synthetic pesticides and their use became widespread. Some sources consider the 1940s and 1950s to have been the start of the ""pesticide era."" Although the U.S. Environmental Protection Agency was established in 1970 and amendments to the pesticide law in 1972, pesticide use has increased 50-fold since 1950 and 2.3 million tonnes (2.5 million short tons) of industrial pesticides are now[when?] used each year. Seventy-five percent of all pesticides in the world are used in developed countries, but use in developing countries is increasing. A study of USA pesticide use trends through 1997 was published in 2003 by the National Science Foundation's Center for Integrated Pest Management.",When were laws first created to regulate pesticides?,1910
572717315951b619008f85bf,Capacitor,"where a single prime denotes the real part and a double prime the imaginary part, Z(ω) is the complex impedance with the dielectric present, Ccmplx(ω) is the so-called complex capacitance with the dielectric present, and C0 is the capacitance without the dielectric. (Measurement ""without the dielectric"" in principle means measurement in free space, an unattainable goal inasmuch as even the quantum vacuum is predicted to exhibit nonideal behavior, such as dichroism. For practical purposes, when measurement errors are taken into account, often a measurement in terrestrial vacuum, or simply a calculation of C0, is sufficiently accurate.)",Why is the value of C0 unattainable in reality?,even the quantum vacuum is predicted to exhibit nonideal behavior
5733d858d058e614000b63c9,Montana,"Montana's motto, Oro y Plata, Spanish for ""Gold and Silver"", recognizing the significant role of mining, was first adopted in 1865, when Montana was still a territory. A state seal with a miner's pick and shovel above the motto, surrounded by the mountains and the Great Falls of the Missouri River, was adopted during the first meeting of the territorial legislature in 1864–65. The design was only slightly modified after Montana became a state and adopted it as the Great Seal of the State of Montana, enacted by the legislature in 1893. The state flower, the bitterroot, was adopted in 1895 with the support of a group called the Floral Emblem Association, which formed after Montana's Women's Christian Temperance Union adopted the bitterroot as the organization's state flower. All other symbols were adopted throughout the 20th century, save for Montana's newest symbol, the state butterfly, the mourning cloak, adopted in 2001, and the state lullaby, ""Montana Lullaby"", adopted in 2007.",When was the motto adopted?,1865
56f8f2c89e9bad19000a075d,Near_East,"These were fighting words to be coming from a country that once insisted Europe needed Turkey and was willing to spill blood over it. For his authority Miller invokes the people, citing the ""collective wisdom"" of Europe, and introducing a concept to arise many times in the decades to follow under chilling circumstances:",Miller's words were considered what?,fighting words
5733cb484776f41900661258,Antibiotics,"Several organizations concerned with antimicrobial resistance are lobbying to eliminate the unnecessary use of antibiotics. The issues of misuse and overuse of antibiotics have been addressed by the formation of the US Interagency Task Force on Antimicrobial Resistance. This task force aims to actively address antimicrobial resistance, and is coordinated by the US Centers for Disease Control and Prevention, the Food and Drug Administration (FDA), and the National Institutes of Health (NIH), as well as other US agencies. An NGO campaign group is Keep Antibiotics Working. In France, an ""Antibiotics are not automatic"" government campaign started in 2002 and led to a marked reduction of unnecessary antibiotic prescriptions, especially in children.",When did the French start going after overuse of antibiotics?,2002
56e6f651de9d3714000680f8,Adult_contemporary_music,"In the 1980s, lush jazz-R&B fusion (George Benson, Patti Austin, Al Jarreau) and stylish crossover R&B (Anita Baker and Luther Vandross, New Edition and Keith Sweat) were equally successful within the mainstream. In the 1990s and early 2000s (decade), artists as sonically contrasting as R. Kelly, Leona Lewis (mainly ballads) and Jill Scott both fit the bill, provided the audience for the material was mature. By riding and contributing to nearly all of the trends, no one has exemplified the style more than Babyface, whose career thrived over 20 years as a member of the Deele (Two Occasions), a solo artist (Whip Appeal, When Can I See You), and a songwriter/producer (Toni Braxton's Breathe Again, Boyz II Men's I'll Make Love to You).",During what decade were musicians like Al Jarreau and Luther Vandross notably successful?,1980s
57284ec5ff5b5019007da15a,John_von_Neumann,"Von Neumann's ability to instantaneously perform complex operations in his head stunned other mathematicians. Eugene Wigner wrote that, seeing von Neumann's mind at work, ""one had the impression of a perfect instrument whose gears were machined to mesh accurately to a thousandth of an inch."" Paul Halmos states that ""von Neumann's speed was awe-inspiring."" Israel Halperin said: ""Keeping up with him was ... impossible. The feeling was you were on a tricycle chasing a racing car."" Edward Teller wrote that von Neumann effortlessly outdid anybody he ever met, and said ""I never could keep up with him"". Teller also said ""von Neumann would carry on a conversation with my 3-year-old son, and the two of them would talk as equals, and I sometimes wondered if he used the same principle when he talked to the rest of us. Most people avoid thinking if they can, some of us are addicted to thinking, but von Neumann actually enjoyed thinking, maybe even to the exclusion of everything else.""",How quickly was von Neumann able to complete math in his head?,stunned other mathematicians
570c5b53b3d812140066d181,"John,_King_of_England","John treated the interdict as ""the equivalent of a papal declaration of war"". He responded by attempting to punish Innocent personally and to drive a wedge between those English clergy that might support him and those allying themselves firmly with the authorities in Rome. John seized the lands of those clergy unwilling to conduct services, as well as those estates linked to Innocent himself; he arrested the illicit concubines that many clerics kept during the period, only releasing them after the payment of fines; he seized the lands of members of the church who had fled England, and he promised protection for those clergy willing to remain loyal to him. In many cases, individual institutions were able to negotiate terms for managing their own properties and keeping the produce of their estates. By 1209 the situation showed no signs of resolution, and Innocent threatened to excommunicate John if he did not acquiesce to Langton's appointment. When this threat failed, Innocent excommunicated the king in November 1209. Although theoretically a significant blow to John's legitimacy, this did not appear to greatly worry the king. Two of John's close allies, Emperor Otto IV and Count Raymond VI of Toulouse, had already suffered the same punishment themselves, and the significance of excommunication had been somewhat devalued. John simply tightened his existing measures and accrued significant sums from the income of vacant sees and abbeys: one 1213 estimate, for example, suggested the church had lost an estimated 100,000 marks (equivalent to £66,666 at the time) to John. Official figures suggest that around 14% of annual income from the English church was being appropriated by John each year.",When did Innocent excommunicate the king?,November 1209
570d4e88fed7b91900d45e58,Valencia,"In 1238, King James I of Aragon, with an army composed of Aragonese, Catalans, Navarrese and crusaders from the Order of Calatrava, laid siege to Valencia and on 28 September obtained a surrender. Fifty thousand Moors were forced to leave. Poets such as Ibn al-Abbar and Ibn Amira mourned this exile from their beloved Valencia. After the Christian victory and the expulsion of the Muslim population the city was divided between those who had participated in the conquest, according to the testimony in the Llibre del Repartiment (Book of Distribution). James I granted the city new charters of law, the Furs of Valencia, which later were extended to the whole kingdom of Valencia. Thenceforth the city entered a new historical stage in which a new society and a new language developed, forming the basis of the character of the Valencian people as they are known today.",When did Valencia surrender?,28 September
56f8c7c89b226e1400dd0fca,Alps,"By 1940 the Third Reich had occupied many of the Alpine countries. Austria underwent a political coup that made it part of the Third Reich; France had been invaded and Italy was a fascist regime. Switzerland was the only country to luckily avoid invasion. The Swiss Confederate mobilized its troops—the country follows the doctrine of ""armed neutrality"" with all males required to have military training—a number that General Eisenhower estimated to be about 850,000. The Swiss commanders wired the infrastructure leading into the country, and threatening to destroy bridges, railway tunnels and passes in the event of a Nazi invasion, and then they retreated to the heart of the mountain peaks where conditions were harsher and a military invasion would involve difficult and protracted battles.",Who wired the infrastructure leading into Switzerland?,The Swiss commanders
57325b510fdd8d15006c6a1a,Protestantism,"Also, other human rights were advocated for by some Protestants. For example, torture was abolished in Prussia in 1740, slavery in Britain in 1834 and in the United States in 1865 (William Wilberforce, Harriet Beecher Stowe, Abraham Lincoln - against Southern Protestants). Hugo Grotius and Samuel Pufendorf were among the first thinkers who made significant contributions to international law. The Geneva Convention, an important part of humanitarian international law, was largely the work of Henry Dunant, a reformed pietist. He also founded the Red Cross.",When did Britain end slavery?,1834
56e1483acd28a01900c67733,Universal_Studios,"On March 15, 1915,:8 Laemmle opened the world's largest motion picture production facility, Universal City Studios, on a 230-acre (0.9-km²) converted farm just over the Cahuenga Pass from Hollywood. Studio management became the third facet of Universal's operations, with the studio incorporated as a distinct subsidiary organization. Unlike other movie moguls, Laemmle opened his studio to tourists. Universal became the largest studio in Hollywood, and remained so for a decade. However, it sought an audience mostly in small towns, producing mostly inexpensive melodramas, westerns and serials.",What geographical feature separated Universal City Studios from Hollywood?,Cahuenga Pass
572ea93ec246551400ce448b,Neptune,"On 11 July 2011, Neptune completed its first full barycentric orbit since its discovery in 1846, although it did not appear at its exact discovery position in the sky, because Earth was in a different location in its 365.26-day orbit. Because of the motion of the Sun in relation to the barycentre of the Solar System, on 11 July Neptune was also not at its exact discovery position in relation to the Sun; if the more common heliocentric coordinate system is used, the discovery longitude was reached on 12 July 2011.",What is the Earth's orbit?,365.26-day
5726e48b708984140094d502,Capacitor,"Since the beginning of the study of electricity non conductive materials like glass, porcelain, paper and mica have been used as insulators. These materials some decades later were also well-suited for further use as the dielectric for the first capacitors. Paper capacitors made by sandwiching a strip of impregnated paper between strips of metal, and rolling the result into a cylinder were commonly used in the late 19century; their manufacture started in 1876, and they were used from the early 20th century as decoupling capacitors in telecommunications (telephony).",When were paper capacitors first manufactured?,in 1876
5728ec04ff5b5019007da957,Samurai,"In the early Heian period, the late 8th and early 9th centuries, Emperor Kammu sought to consolidate and expand his rule in northern Honshū, but the armies he sent to conquer the rebellious Emishi people lacked motivation and discipline, and failed in their task.[citation needed] Emperor Kammu introduced the title of sei'i-taishōgun (征夷大将軍) or Shogun, and began to rely on the powerful regional clans to conquer the Emishi. Skilled in mounted combat and archery (kyūdō), these clan warriors became the Emperor's preferred tool for putting down rebellions.[citation needed] Though this is the first known use of the ""Shogun"" title, it was a temporary title, and was not imbued with political power until the 13th century. At this time (the 7th to 9th century) the Imperial Court officials considered them merely a military section under the control of the Imperial Court.",When was the early Heian?,the late 8th and early 9th centuries
570ce35bfed7b91900d45a87,Gymnastics,"The word gymnastics derives from the common Greek adjective γυμνός (gymnos) meaning ""naked"", by way of the related verb γυμνάζω (gymnazo), whose meaning is to train naked"", ""train in gymnastic exercise"", generally ""to train, to exercise"". The verb had this meaning, because athletes in ancient times exercised and competed without clothing. It came into use in the 1570s, from Latin gymnasticus, from Greek gymnastikos ""fond of or skilled in bodily exercise,"" from gymnazein ""to exercise or train"" (see gymnasium).",Why was this verb used?,because athletes in ancient times exercised and competed without clothing
572678f75951b619008f73bf,Mexico_City,"Due in large part to the persuasion of representative Servando Teresa de Mier, Mexico City was chosen because it was the center of the country's population and history, even though Querétaro was closer to the center geographically. The choice was official on November 18, 1824, and Congress delineated a surface area of two leagues square (8,800 acres) centered on the Zocalo. This area was then separated from the State of Mexico, forcing that state's government to move from the Palace of the Inquisition (now Museum of Mexican Medicine) in the city to Texcoco. This area did not include the population centers of the towns of Coyoacán, Xochimilco, Mexicaltzingo and Tlalpan, all of which remained as part of the State of Mexico.",When was Mexico City declared the capital?,"November 18, 1824"
5727c461ff5b5019007d94af,Tuberculosis,"Tuberculosis has been present in humans since antiquity. The earliest unambiguous detection of M. tuberculosis involves evidence of the disease in the remains of bison in Wyoming dated to around 17,000 years ago. However, whether tuberculosis originated in bovines, then was transferred to humans, or whether it diverged from a common ancestor, is currently unclear. A comparison of the genes of M. tuberculosis complex (MTBC) in humans to MTBC in animals suggests humans did not acquire MTBC from animals during animal domestication, as was previously believed. Both strains of the tuberculosis bacteria share a common ancestor, which could have infected humans as early as the Neolithic Revolution.",What does MTBC stand for?,M. tuberculosis complex
570ff147b654c5140001f6d1,Capital_punishment_in_the_United_States,"Present-day statutes from across the nation use the same words and phrases, requiring modern executions to take place within a wall or enclosure to exclude public view. Connecticut General Statute § 54–100 requires death sentences to be conducted in an ""enclosure"" which ""shall be so constructed as to exclude public view."" Kentucky Revised Statute 431.220 and Missouri Revised Statute § 546.730 contain substantially identical language. New Mexico's former death penalty, since repealed, see N.M. Stat. § 31-14-12, required executions be conducted in a ""room or place enclosed from public view."" Similarly, a dormant Massachusetts law, see Mass. Gen. Law ch. 279 § 60, required executions to take place ""within an enclosure or building."" North Carolina General Statute § 15-188 requires death sentences to be executed ""within the walls"" of the penitentiary, as do Oklahoma Statute Title 22 § 1015 and Montana Code § 46-19-103. Ohio Revised Code § 2949.22 requires that ""[t]he enclosure shall exclude public view."" Similarly, Tennessee Code § 40-23-116 requires ""an enclosure"" for ""strict seclusion and privacy."" United States Code Title 18 § 3596 and the Code of Federal Regulations 28 CFR 26.4 limit the witnesses permitted at federal executions.","What state's law says that death sentences must take place in an ""enclosure""?",Connecticut
5728d6633acd2414000dffe2,"United_States_presidential_election,_2004","The Bush administration then turned its attention to Iraq, and argued the need to remove Saddam Hussein from power in Iraq had become urgent. Among the stated reasons were that Saddam's regime had tried to acquire nuclear material and had not properly accounted for biological and chemical material it was known to have previously possessed, and believed to still maintain. Both the possession of these weapons of mass destruction (WMD), and the failure to account for them, would violate the U.N. sanctions. The assertion about WMD was hotly advanced by the Bush administration from the beginning, but other major powers including China, France, Germany, and Russia remained unconvinced that Iraq was a threat and refused to allow passage of a UN Security Council resolution to authorize the use of force. Iraq permitted UN weapon inspectors in November 2002, who were continuing their work to assess the WMD claim when the Bush administration decided to proceed with war without UN authorization and told the inspectors to leave the country. The United States invaded Iraq on March 20, 2003, along with a ""coalition of the willing"" that consisted of additional troops from the United Kingdom, and to a lesser extent, from Australia and Poland. Within about three weeks, the invasion caused the collapse of both the Iraqi government and its armed forces, however, the U.S. and allied forces failed to find any weapon of mass destruction in Iraq. Traces of former materials and weapons labs were reported to have been located, but no ""smoking guns"". Nevertheless, on May 1, George W. Bush landed on the aircraft carrier USS Abraham Lincoln, in a Lockheed S-3 Viking, where he gave a speech announcing the end of ""major combat operations"" in the Iraq War. Bush's approval rating in May was at 66%, according to a CNN–USA Today–Gallup poll. However, Bush's high approval ratings did not last. First, while the war itself was popular in the U.S., the reconstruction and attempted ""democratization"" of Iraq lost some support as months passed and casualty figures increased, with no decrease in violence nor progress toward stability or reconstruction. Second, as investigators combed through the country, they failed to find the predicted WMD stockpiles, which led to debate over the rationale for the war.","Did Bush have the support of the UN, when he decided to infiltrate Iraq on March 20, 2003?",without UN authorization
5731de9c0fdd8d15006c65c2,Bras%C3%ADlia,"The Cathedral of Brasília in the capital of the Federative Republic of Brazil, is an expression of the architect Oscar Niemeyer. This concrete-framed hyperboloid structure, seems with its glass roof reaching up, open, to the heavens. On 31 May 1970, the Cathedral’s structure was finished, and only the 70 m (229.66 ft) diameter of the circular area were visible. Niemeyer's project of Cathedral of Brasília is based in the hyperboloid of revolution which sections are asymmetric. The hyperboloid structure itself is a result of 16 identical assembled concrete columns. These columns, having hyperbolic section and weighing 90 t, represent two hands moving upwards to heaven. The Cathedral was dedicated on 31 May 1970.",What type of structure is the Cathedral of Brasília?,concrete-framed hyperboloid
570b3fc26b8089140040f82e,Military_history_of_the_United_States,"The British, for their part, lacked both a unified command and a clear strategy for winning. With the use of the Royal Navy, the British were able to capture coastal cities, but control of the countryside eluded them. A British sortie from Canada in 1777 ended with the disastrous surrender of a British army at Saratoga. With the coming in 1777 of General von Steuben, the training and discipline along Prussian lines began, and the Continental Army began to evolve into a modern force. France and Spain then entered the war against Great Britain as Allies of the US, ending its naval advantage and escalating the conflict into a world war. The Netherlands later joined France, and the British were outnumbered on land and sea in a world war, as they had no major allies apart from Indian tribes.",What battle ended a British invasion from Canada in the Revolutionary War?,Saratoga
570a898d4103511400d59834,Houston,"Houston was founded in 1836 on land near the banks of Buffalo Bayou (now known as Allen's Landing) and incorporated as a city on June 5, 1837. The city was named after former General Sam Houston, who was president of the Republic of Texas and had commanded and won at the Battle of San Jacinto 25 miles (40 km) east of where the city was established. The burgeoning port and railroad industry, combined with oil discovery in 1901, has induced continual surges in the city's population. In the mid-twentieth century, Houston became the home of the Texas Medical Center—the world's largest concentration of healthcare and research institutions—and NASA's Johnson Space Center, where the Mission Control Center is located.",When was Houston founded?,1836
571d11b4dd7acb1400e4c1ff,Pharmaceutical_industry,"The firm continued to pressure Kelsey and the agency to approve the application—until November 1961, when the drug was pulled off the German market because of its association with grave congenital abnormalities. Several thousand newborns in Europe and elsewhere suffered the teratogenic effects of thalidomide. Though the drug was never approved in the USA, the firm distributed Kevadon to over 1,000 physicians there under the guise of investigational use. Over 20,000 Americans received thalidomide in this ""study,"" including 624 pregnant patients, and about 17 known newborns suffered the effects of the drug.[citation needed]",What adverse effect was thalidomide associated with?,congenital abnormalities
5727af682ca10214002d93bc,North_Carolina,"In Raleigh many tourists visit the Capital, African American Cultural Complex, Contemporary Art Museum of Raleigh, Gregg Museum of Art & Design at NCSU, Haywood Hall House & Gardens, Marbles Kids Museum, North Carolina Museum of Art, North Carolina Museum of History, North Carolina Museum of Natural Sciences, North Carolina Sports Hall of Fame, Raleigh City Museum, J. C. Raulston Arboretum, Joel Lane House, Mordecai House, Montfort Hall, and the Pope House Museum. The Carolina Hurricanes NHL hockey team is also located in the city.",What Hall of Fame is located in Raleigh?,North Carolina Sports Hall of Fame
56d98a32dc89441400fdb525,2008_Summer_Olympics_torch_relay,"In response to the demonstrations, the Chinese government attempted to calm the situation, possibly fearing the protests may spiral out of control as has happened in recent years, including the anti-Japanese protests in 2005. State media and commentaries began to call for calm, such as an editorial in the People's Daily which urged Chinese people to ""express [their] patriotic enthusiasm calmly and rationally, and express patriotic aspiration in an orderly and legal manner"". The government also began to patrol and censor the internet forums such as Sohu.com, with comments related to the Carrefour boycott removed. In the days prior to the planned boycott, evidence of efforts by Chinese authorities to choke the mass boycott's efforts online became even more evident, including barring searches of words related to the French protests, but protests broke out nonetheless in front of Carrefour's stores at Beijing, Changsha, Fuzhou and Shenyang on May 1.",When did protests in front of Carrefour's stores occur in China?,May 1
572a44ebaf94a219006aa917,CBC_Television,"CBC Television stations can be received in many United States communities along the Canadian border over-the-air and have a significant audience in those areas. Such a phenomenon can also take place within Great Lakes communities such as Ashtabula, Ohio, which received programming from the CBC's London, Ontario, transmitter, based upon prevailing atmospheric conditions over Lake Erie. As of September 2010 CBC shut down its analogue transmitter and decided not to replace it with a digital transmitter. As a result, there is now a giant hole in the coverage of CBC in South-Western Ontario. Both CBC - Toronto and CBC - Windsor are both over 100 miles from London, ON and out of range for even the largest antennas[citation needed].",When did CBC shut down its analogue transmitter?,September 2010
5727f2e03acd2414000df092,Gamal_Abdel_Nasser,"The Egyptian singer Umm Kulthum hosted a public celebration for the officers' return despite reservations from the royal government, which had been pressured by the British to prevent the reception. The apparent difference in attitude between the government and the general public increased Nasser's determination to topple the monarchy. Nasser had also felt bitter that his brigade had not been relieved despite the resilience it displayed. He started writing his book Philosophy of the Revolution during the siege.",What book did Nasser start writing?,Philosophy of the Revolution
572807653acd2414000df2a0,European_Central_Bank,"José Manuel González-Páramo, a Spanish member of the Executive Board since June 2004, was due to leave the board in early June 2012 and no replacement had been named as of late May 2012. The Spanish had nominated Barcelona-born Antonio Sáinz de Vicuña, an ECB veteran who heads its legal department, as González-Páramo's replacement as early as January 2012 but alternatives from Luxembourg, Finland, and Slovenia were put forward and no decision made by May. After a long political battle, Luxembourg's Yves Mersch, was appointed as González-Páramo's replacement.",When did González-Páramo take his seat on the Executive Board?,June 2004
572971f23f37b319004783e1,"New_Haven,_Connecticut","New Haven has a long tradition of urban planning and a purposeful design for the city's layout. The city could be argued to have some of the first preconceived layouts in the country. Upon founding, New Haven was laid out in a grid plan of nine square blocks; the central square was left open, in the tradition of many New England towns, as the city green (a commons area). The city also instituted the first public tree planting program in America. As in other cities, many of the elms that gave New Haven the nickname ""Elm City"" perished in the mid-20th century due to Dutch Elm disease, although many have since been replanted. The New Haven Green is currently home to three separate historic churches which speak to the original theocratic nature of the city. The Green remains the social center of the city today. It was named a National Historic Landmark in 1970.",In what year did it became recognize as a landmark?,1970
5726bd6f708984140094cfdc,Pope_Paul_VI,"Between the third and fourth sessions the pope announced reforms in the areas of Roman Curia, revision of Canon Law, regulations for mixed marriages involving several faiths, and birth control issues. He opened the final session of the council, concelebrating with bishops from countries where the Church was persecuted. Several texts proposed for his approval had to be changed. But all texts were finally agreed upon. The Council was concluded on 8 December 1965, the Feast of the Immaculate Conception.","What does the Catholic church considered ""mixed"" in a ""mixed marriage""?",faiths
5725c1c3271a42140099d13a,Bill_%26_Melinda_Gates_Foundation,"The Water, Sanitation and Hygiene (WSH) program of the Gates Foundation was launched in mid-2005 as a ""Learning Initiative,"" and became a full-fledged program under the Global Development Division in early 2010. The Foundation has since 2005 undertaken a wide range of efforts in the WASH sector involving research, experimentation, reflection, advocacy, and field implementation. In 2009, the Foundation decided to refocus its WASH effort mainly on sustainable sanitation services for the poor, using non-piped sanitation services (i.e. without the use of sewers), and less on water supply. This was because the sanitation sector was generally receiving less attention from other donors and from governments, and because the Foundation believed it had the potential to make a real difference through strategic investments.",When did the WSH become a full fledeged program,and became a full-fledged program under the Global Development Division in early 2010
56f9ed16f34c681400b0bef2,High-definition_television,"DVB created first the standard for DVB-S digital satellite TV, DVB-C digital cable TV and DVB-T digital terrestrial TV. These broadcasting systems can be used for both SDTV and HDTV. In the US the Grand Alliance proposed ATSC as the new standard for SDTV and HDTV. Both ATSC and DVB were based on the MPEG-2 standard, although DVB systems may also be used to transmit video using the newer and more efficient H.264/MPEG-4 AVC compression standards. Common for all DVB standards is the use of highly efficient modulation techniques for further reducing bandwidth, and foremost for reducing receiver-hardware and antenna requirements.",Who proposed ATSC as the new standard for SDTV and HDTV?,the Grand Alliance
5731869a497a881900248fac,Muammar_Gaddafi,"In 1989, Gaddafi was overjoyed by the foundation of the Arab Maghreb Union, uniting Libya in an economic pact with Mauritania, Morocco, Tunisia and Algeria, viewing it as beginnings of a new Pan-Arab union. Meanwhile, Libya stepped up its support for anti-western militants such as the Provisional IRA, and in 1988, Pan Am Flight 103 was blown up over Lockerbie in Scotland, killing 243 passengers and 16 crew members, plus 11 people on the ground. British police investigations identified two Libyans – Abdelbaset al-Megrahi and Lamin Khalifah Fhimah – as the chief suspects, and in November 1991 issued a declaration demanding that Libya hand them over. When Gaddafi refused, citing the Montreal Convention, the United Nations (UN) imposed Resolution 748 in March 1992, initiating economic sanctions against Libya which had deep repercussions for the country's economy. The country suffered an estimated $900 million financial loss as a result. Further problems arose with the west when in January 1989, two Libyan warplanes were shot down by the U.S. off the Libyan coast. Many African states opposed the UN sanctions, with Mandela criticising them on a visit to Gaddafi in October 1997, when he praised Libya for its work in fighting apartheid and awarded Gaddafi the Order of Good Hope. They would only be suspended in 1998 when Libya agreed to allow the extradition of the suspects to the Scottish Court in the Netherlands, in a process overseen by Mandela.",How many people not on Pan Am Flight 103 were killed by its destruction?,11
56d4e17f2ccc5a1400d832e5,Beyoncé,"In 2006, Beyoncé introduced her all-female tour band Suga Mama (also the name of a song in B'Day) which includes bassists, drummers, guitarists, horn players, keyboardists and percussionists. Her background singers, The Mamas, consist of Montina Cooper-Donnell, Crystal Collins and Tiffany Moniqué Riddick. They made their debut appearance at the 2006 BET Awards and re-appeared in the music videos for ""Irreplaceable"" and ""Green Light"". The band have supported Beyoncé in most subsequent live performances, including her 2007 concert tour The Beyoncé Experience, 2009–2010 I Am... World Tour and 2013–2014 The Mrs. Carter Show World Tour.",When did The Mamas make their debut?,the 2006 BET Awards
5709d0e84103511400d5945e,Imperial_College_London,"City and Guilds College was founded in 1876 from a meeting of 16 of the City of London's livery companies for the Advancement of Technical Education (CGLI), which aimed to improve the training of craftsmen, technicians, technologists, and engineers. The two main objectives were to create a Central Institution in London and to conduct a system of qualifying examinations in technical subjects. Faced with their continuing inability to find a substantial site, the Companies were eventually persuaded by the Secretary of the Science and Art Department, General Sir John Donnelly (who was also a Royal Engineer) to found their institution on the eighty-seven acre (350,000 m²) site at South Kensington bought by the 1851 Exhibition Commissioners (for GBP 342,500) for 'purposes of art and science' in perpetuity. The latter two colleges were incorporated by Royal Charter into the Imperial College of Science and Technology and the CGLI Central Technical College was renamed the City and Guilds College in 1907, but not incorporated into Imperial College until 1910.",What was the former name of the City and Guilds College?,CGLI Central Technical College
572960a8af94a219006aa353,Planck_constant,"In the last years of the nineteenth century, Planck was investigating the problem of black-body radiation first posed by Kirchhoff some forty years earlier. It is well known that hot objects glow, and that hotter objects glow brighter than cooler ones. The electromagnetic field obeys laws of motion similarly to a mass on a spring, and can come to thermal equilibrium with hot atoms. The hot object in equilibrium with light absorbs just as much light as it emits. If the object is black, meaning it absorbs all the light that hits it, then its thermal light emission is maximized.",Planck studied what problem posed originally by Kirchhoff?,black-body radiation
572671a8dd62a815002e8518,Law_of_the_United_States,"Notably, the most broadly influential innovation of 20th-century American tort law was the rule of strict liability for defective products, which originated with judicial glosses on the law of warranty. In 1963, Roger J. Traynor of the Supreme Court of California threw away legal fictions based on warranties and imposed strict liability for defective products as a matter of public policy in the landmark case of Greenman v. Yuba Power Products. The American Law Institute subsequently adopted a slightly different version of the Greenman rule in Section 402A of the Restatement (Second) of Torts, which was published in 1964 and was very influential throughout the United States. Outside the U.S., the rule was adopted by the European Economic Community in the Product Liability Directive of July 1985 by Australia in July 1992 and by Japan in June 1994.",What was most influential American 20th century tort law?,rule of strict liability for defective products
573173f6497a881900248f13,Indigenous_peoples_of_the_Americas,"The Maya writing system (often called hieroglyphs from a superficial resemblance to the Ancient Egyptian writing) was a combination of phonetic symbols and logograms. It is most often classified as a logographic or (more properly) a logosyllabic writing system, in which syllabic signs play a significant role. It is the only pre-Columbian writing system known to represent completely the spoken language of its community. In total, the script has more than one thousand different glyphs although a few are variations of the same sign or meaning and many appear only rarely or are confined to particular localities. At any one time, no more than about five hundred glyphs were in use, some two hundred of which (including variations) had a phonetic or syllabic interpretation.",What is the Mayan writing system the only known pre-Columbian one to completely represent this?,spoken language of its community
56f88e93a6d7ea1400e17759,Alps,"The first British Mont Blanc ascent was in 1788; the first female ascent in 1819. By the mid-1850s Swiss mountaineers had ascended most of the peaks and were eagerly sought as mountain guides. Edward Whymper reached the top of the Matterhorn in 1865 (after seven attempts), and in 1938 the last of the six great north faces of the Alps was climbed with the first ascent of the Eiger Nordwand (north face of the Eiger).",When had Swiss mountaineers ascended most of the peaks? ,the mid-1850s
56d1cda5e7d4791d009021ef,Buddhism,"Rebirth refers to a process whereby beings go through a succession of lifetimes as one of many possible forms of sentient life, each running from conception to death. The doctrine of anattā (Sanskrit anātman) rejects the concepts of a permanent self or an unchanging, eternal soul, as it is called in Hinduism and Christianity. According to Buddhism there ultimately is no such thing as a self independent from the rest of the universe. Buddhists also refer to themselves as the believers of the anatta doctrine—Nairatmyavadin or Anattavadin. Rebirth in subsequent existences must be understood as the continuation of a dynamic, ever-changing process of pratītyasamutpāda (""dependent arising"") determined by the laws of cause and effect (karma) rather than that of one being, reincarnating from one existence to the next.",The laws of cause and effect can also be called?,karma
5727fd7e2ca10214002d9acb,Northwestern_University,"The undergraduates have a number of traditions: Painting The Rock (originally a fountain donated by the Class of 1902) is a way to advertise, for example, campus organizations, events in Greek life, student groups, and university-wide events. Dance Marathon, a 30-hour philanthropic event, has raised more than 13 million dollars in its history for various children's charities. Primal Scream is held at 9 p.m. on the Sunday before finals week every quarter; students lean out of windows or gather in courtyards and scream. Armadillo Day, or, more popularly, Dillo Day, a day of music and food, is held on Northwestern's Lakefill every Spring on the weekend after Memorial Day. And in one of the University's newer traditions, every year during freshman orientation, known as Wildcat Welcome, freshmen and transfer students pass through Weber Arch to the loud huzzahs of upperclassmen and the music of the University Marching Band.",When is Armadillo Day held every year?,on the weekend after Memorial Day
5726acd3708984140094cd8f,Gothic_architecture,"At the completion of the west front in 1140, Abbot Suger moved on to the reconstruction of the eastern end, leaving the Carolingian nave in use. He designed a choir that would be suffused with light. To achieve his aims, his masons drew on the several new features which evolved or had been introduced to Romanesque architecture, the pointed arch, the ribbed vault, the ambulatory with radiating chapels, the clustered columns supporting ribs springing in different directions and the flying buttresses which enabled the insertion of large clerestory windows.",When was the west front of Saint Denis completed?,in 1140
5726b7f6708984140094ceef,"Raleigh,_North_Carolina","The Duke Energy Center for the Performing Arts complex houses the Raleigh Memorial Auditorium, the Fletcher Opera Theater, the Kennedy Theatre, and the Meymandi Concert Hall. In 2008, a new theatre space, the Meymandi Theatre at the Murphey School, was opened in the restored auditorium of the historic Murphey School. Theater performances are also offered at the Raleigh Little Theatre, Long View Center, Ira David Wood III Pullen Park Theatre, and Stewart and Thompson Theaters at North Carolina State University.",When did the Meymandi Theater open?,2008
5727e3c24b864d1900163f58,Oklahoma,"More than 12,000 miles (19,000 km) of roads make up the state's major highway skeleton, including state-operated highways, ten turnpikes or major toll roads, and the longest drivable stretch of Route 66 in the nation. In 2008, Interstate 44 in Oklahoma City was Oklahoma's busiest highway, with a daily traffic volume of 123,300 cars. In 2010, the state had the nation's third highest number of bridges classified as structurally deficient, with nearly 5,212 bridges in disrepair, including 235 National Highway System Bridges.",How many national highway bridges in Oklahoma were found to be deficient in 2010?,235
57267a28f1498d1400e8e104,Cotton,"Though known since antiquity the commercial growing of cotton in Egypt only started in 1820's, following a Frenchman, by the name of M. Jumel, propositioning the then ruler, Mohamed Ali Pasha, that he could earn a substantial income by growing an extra-long staple Maho (Barbadence) cotton, in Lower Egypt, for the French market. Mohamed Ali Pasha accepted the proposition and granted himself the monopoly on the sale and export of cotton in Egypt; and later dictated cotton should be grown in preference to other crops. By the time of the American Civil war annual exports had reached $16 million (120,000 bales), which rose to $56 million by 1864, primarily due to the loss of the Confederate supply on the world market. Exports continued to grow even after the reintroduction of US cotton, produced now by a paid workforce, and Egyptian exports reached 1.2 million bales a year by 1903.",When did cotton begin to be commercially grown in Egypt?,"1820's,"
56daf725e7c41114004b4bc9,American_Idol,"In the first three seasons, the semi-finalists were split into different groups to perform individually in their respective night. In season one, there were three groups of ten, with the top three contestants from each group making the finals. In seasons two and three, there were four groups of eight, and the top two of each selected. These seasons also featured a wildcard round, where contestants who failed to qualify were given another chance. In season one, only one wildcard contestant was chosen by the judges, giving a total of ten finalists. In seasons two and three, each of the three judges championed one contestant with the public advancing a fourth into the finals, making 12 finalists in all.",When did the wildcard round become a factor?,season one
570c24bcec8fbc190045bc93,Federal_Bureau_of_Investigation,"The Criminal Justice Information Services (CJIS) Division, is located in Clarksburg, West Virginia. Organized beginning in 1991, the office opened in 1995 as the youngest agency division. The complex is the length of three football fields. It provides a main repository for information in various data systems. Under the roof of the CJIS are the programs for the National Crime Information Center (NCIC), Uniform Crime Reporting (UCR), Fingerprint Identification, Integrated Automated Fingerprint Identification System (IAFIS), NCIC 2000, and the National Incident-Based Reporting System (NIBRS). Many state and local agencies use these data systems as a source for their own investigations and contribute to the database using secure communications. FBI provides these tools of sophisticated identification and information services to local, state, federal, and international law enforcement agencies.",When was the CJIS created?,1991
572a0b606aef051400155200,Serbo-Croatian,"The topic of language for writers from Dalmatia and Dubrovnik prior to the 19th century made a distinction only between speakers of Italian or Slavic, since those were the two main groups that inhabited Dalmatian city-states at that time. Whether someone spoke Croatian or Serbian was not an important distinction then, as the two languages were not distinguished by most speakers. This has been used as an argument to state that Croatian literature Croatian per se, but also includes Serbian and other languages that are part of Serbo-Croatian, These facts undermine the Croatian language proponents' argument that modern-day Croatian is based on a language called Old Croatian.","Prior to the 19th century, why was it irrelevant whether a person spoke Croatian or Serbian?",two languages were not distinguished by most speakers
572eda97c246551400ce472e,Spanish_language_in_the_United_States,"The state (like its southwestern neighbors) has had close linguistic and cultural ties with Mexico. The state outside the Gadsden Purchase of 1853 was part of the New Mexico Territory until 1863, when the western half was made into the Arizona Territory. The area of the former Gadsden Purchase contained a majority of Spanish-speakers until the 1940s, although the Tucson area had a higher ratio of anglophones (including Mexican Americans who were fluent in English); the continuous arrival of Mexican settlers increases the number of Spanish-speakers.",Has some states like Arizona embraced their Mexican history?,The state (like its southwestern neighbors) has had close linguistic and cultural ties with Mexico
56e0a24e7aa994140058e67e,Russian_Soviet_Federative_Socialist_Republic,"In 1943, Karachay Autonomous Oblast was dissolved by Joseph Stalin, when the Karachays were exiled to Central Asia for their alleged collaboration with the Germans and territory was incorporated into the Georgian SSR.",Why were the Karachays exiled?,alleged collaboration with the Germans
570fca635ab6b81900390ff7,Dell,"On August 17, 2007, Dell Inc. announced that after an internal investigation into its accounting practices it would restate and reduce earnings from 2003 through to the first quarter of 2007 by a total amount of between $50 million and $150 million, or 2 cents to 7 cents per share. The investigation, begun in November 2006, resulted from concerns raised by the U.S. Securities and Exchange Commission over some documents and information that Dell Inc. had submitted. It was alleged that Dell had not disclosed large exclusivity payments received from Intel for agreeing not to buy processors from rival manufacturer AMD. In 2010 Dell finally paid $100 million to settle the SEC's charges of fraud. Michael Dell and other executives also paid penalties and suffered other sanctions, without admitting or denying the charges.",What year did Dell's internal investigation begin?,2006
57295b78af94a219006aa313,Palermo,"During 734 BC the Phoenicians, a sea trading people from the north of ancient Canaan, built a small settlement on the natural harbor of Palermo. Some sources suggest they named the settlement ""Ziz."" It became one of the three main Phoenician colonies of Sicily, along with Motya and Soluntum. However, the remains of the Phoenician presence in the city are few and mostly preserved in the very populated center of the downtown area, making any excavation efforts costly and logistically difficult. The site chosen by the Phoenicians made it easy to connect the port to the mountains with a straight road that today has become Corso Calatifimi. This road helped the Phoenicians in trading with the populations that lived beyond the mountains that surround the gulf.",Why cant artifacts from the Phoenicians be easily excavated?,remains of the Phoenician presence in the city are few and mostly preserved in the very populated center of the downtown area
570d48a6fed7b91900d45e02,United_States_Army,"The United States joined World War II in December 1941 after the Japanese attack on Pearl Harbor. On the European front, U.S. Army troops formed a significant portion of the forces that captured North Africa and Sicily, and later fought in Italy. On D-Day, June 6, 1944, and in the subsequent liberation of Europe and defeat of Nazi Germany, millions of U.S. Army troops played a central role. In the Pacific War, U.S. Army soldiers participated alongside the United States Marine Corps in capturing the Pacific Islands from Japanese control. Following the Axis surrenders in May (Germany) and August (Japan) of 1945, army troops were deployed to Japan and Germany to occupy the two defeated nations. Two years after World War II, the Army Air Forces separated from the army to become the United States Air Force in September 1947 after decades of attempting to separate. Also, in 1948, the army was desegregated by order of President Harry S. Truman.",What war lead to the capture of the Pacific Islands by the U.S.?,Pacific War
56f8c7b29b226e1400dd0fc0,Gene,"Alleles at a locus may be dominant or recessive; dominant alleles give rise to their corresponding phenotypes when paired with any other allele for the same trait, whereas recessive alleles give rise to their corresponding phenotype only when paired with another copy of the same allele. For example, if the allele specifying tall stems in pea plants is dominant over the allele specifying short stems, then pea plants that inherit one tall allele from one parent and one short allele from the other parent will also have tall stems. Mendel's work demonstrated that alleles assort independently in the production of gametes, or germ cells, ensuring variation in the next generation. Although Mendelian inheritance remains a good model for many traits determined by single genes (including a number of well-known genetic disorders) it does not include the physical processes of DNA replication and cell division.",When do alleles assort independently?,in the production of gametes
56f906719b226e1400dd1259,Near_East,"A large percentage of experts on the modern Middle East began their training in university departments named for the Near East. Similarly the journals associated with these fields of expertise include the words Near East or Near Eastern. The meaning of Near East in these numerous establishments and publications is Middle East. Expertise on the modern Middle East is almost never mixed or confused with studies of the Ancient Near East, although often ""Ancient Near East"" is abbreviated to ""Near East"" without any implication of modern times. For example, ""Near Eastern Languages"" in the ancient sense includes such languages as Sumerian and Akkadian. In the modern sense, it is likely to mean any or all of the Arabic languages.",What includes such languages as Sumerian and Akkadian?,Near Eastern Languages
57312c7b05b4da19006bce41,Indigenous_peoples_of_the_Americas,"Many pre-Columbian civilizations established characteristics and hallmarks which included permanent or urban settlements, agriculture, civic and monumental architecture, and complex societal hierarchies. Some of these civilizations had long faded by the time of the first significant European and African arrivals (ca. late 15th–early 16th centuries), and are known only through oral history and through archaeological investigations. Others were contemporary with this period, and are also known from historical accounts of the time. A few, such as the Mayan, Olmec, Mixtec, and Nahua peoples, had their own written records. However, the European colonists of the time worked to eliminate non-Christian beliefs, and Christian pyres destroyed many pre-Columbian written records. Only a few documents remained hidden and survived, leaving contemporary historians with glimpses of ancient culture and knowledge.",What had long faded prior to the first European and African arrivals?,Some of these civilizations
5732ab8ed6dcfa19001e8a6d,Police,"Michel Foucault claims that the contemporary concept of police as a paid and funded functionary of the state was developed by German and French legal scholars and practitioners in Public administration and Statistics in the 17th and early 18th centuries, most notably with Nicolas Delamare's Traité de la Police (""Treatise on the Police""), first published in 1705. The German Polizeiwissenschaft (Science of Police) first theorized by Philipp von Hörnigk a 17th-century Austrian Political economist and civil servant and much more famously by Johann Heinrich Gottlob Justi who produced an important theoretical work known as Cameral science on the formulation of police. Foucault cites Magdalene Humpert author of Bibliographie der Kameralwissenschaften (1937) in which the author makes note of a substantial bibliography was produced of over 4000 pieces of the practice of Polizeiwissenschaft however, this maybe a mistranslation of Foucault's own work the actual source of Magdalene Humpert states over 14,000 items were produced from the 16th century dates ranging from 1520-1850.",When was the 'Treatise on the Police' published?,1705
56db2c84e7c41114004b4ea9,2008_Summer_Olympics_torch_relay," Tanzania: Dar es Salaam was the torch's only stop in Africa, on April 13. The relay began at the grand terminal of the TAZARA Railway, which was China's largest foreign aid project of the 1970s, and continued for 5 km through the old city to the Benjamin Mkapa National Stadium in Temeke, which was built with Chinese aid in 2005. The torch was lit by Vice-President Ali Mohamed Shein. About a thousand people followed the relay, waving the Olympic flag. The only noted instance of protest was Nobel Peace Prize laureate Wangari Maathai's withdrawal from the list of torchbearers, in protest against human rights abuses in Tibet.",Where did the relay terminate in Africa?,Benjamin Mkapa National Stadium
56fb72beb28b3419009f1d37,Middle_Ages,"Charlemagne planned to continue the Frankish tradition of dividing his kingdom between all his heirs, but was unable to do so as only one son, Louis the Pious (r. 814–840), was still alive by 813. Just before Charlemagne died in 814, he crowned Louis as his successor. Louis's reign of 26 years was marked by numerous divisions of the empire among his sons and, after 829, civil wars between various alliances of father and sons over the control of various parts of the empire. Eventually, Louis recognised his eldest son Lothair I (d. 855) as emperor and gave him Italy. Louis divided the rest of the empire between Lothair and Charles the Bald (d. 877), his youngest son. Lothair took East Francia, comprising both banks of the Rhine and eastwards, leaving Charles West Francia with the empire to the west of the Rhineland and the Alps. Louis the German (d. 876), the middle child, who had been rebellious to the last, was allowed to keep Bavaria under the suzerainty of his elder brother. The division was disputed. Pepin II of Aquitaine (d. after 864), the emperor's grandson, rebelled in a contest for Aquitaine, while Louis the German tried to annex all of East Francia. Louis the Pious died in 840, with the empire still in chaos.",How long did Louis the Pious reign?,26 years
5724e4370ba9f01400d97ba0,Queen_Victoria,"Internationally, Victoria took a keen interest in the improvement of relations between France and Britain. She made and hosted several visits between the British royal family and the House of Orleans, who were related by marriage through the Coburgs. In 1843 and 1845, she and Albert stayed with King Louis Philippe I at château d'Eu in Normandy; she was the first British or English monarch to visit a French one since the meeting of Henry VIII of England and Francis I of France on the Field of the Cloth of Gold in 1520. When Louis Philippe made a reciprocal trip in 1844, he became the first French king to visit a British sovereign. Louis Philippe was deposed in the revolutions of 1848, and fled to exile in England. At the height of a revolutionary scare in the United Kingdom in April 1848, Victoria and her family left London for the greater safety of Osborne House, a private estate on the Isle of Wight that they had purchased in 1845 and redeveloped. Demonstrations by Chartists and Irish nationalists failed to attract widespread support, and the scare died down without any major disturbances. Victoria's first visit to Ireland in 1849 was a public relations success, but it had no lasting impact or effect on the growth of Irish nationalism.",What happened to Louis Philippe after the revolution in France? ,fled to exile in England
57268a73708984140094c963,Marvel_Comics,"In 1996, Marvel had some of its titles participate in ""Heroes Reborn"", a crossover that allowed Marvel to relaunch some of its flagship characters such as the Avengers and the Fantastic Four, and outsource them to the studios of two of the former Marvel artists turned Image Comics founders, Jim Lee and Rob Liefeld. The relaunched titles, which saw the characters transported to a parallel universe with a history distinct from the mainstream Marvel Universe, were a solid success amidst a generally struggling industry, but Marvel discontinued the experiment after a one-year run and returned the characters to the Marvel Universe proper. In 1998, the company launched the imprint Marvel Knights, taking place within Marvel continuity; helmed by soon-to-become editor-in-chief Joe Quesada, it featured tough, gritty stories showcasing such characters as the Inhumans, Black Panther and Daredevil.",How was the setting for the Image versions of Marvel characters different from the official comics?,a parallel universe with a history distinct from the mainstream
5727b2d43acd2414000dea0f,North_Carolina,"North Carolina has rich traditions in art, music, and cuisine. The nonprofit arts and culture industry generates $1.2 billion in direct economic activity in North Carolina, supporting more than 43,600 full-time equivalent jobs and generating $119 million in revenue for local governments and the state of North Carolina. North Carolina established the North Carolina Museum of Art as the first major museum collection in the country to be formed by state legislation and funding and continues to bring millions into the NC economy. Also see this list of museums in North Carolina.",How much money does the North Carolina Museum of art generate?,millions
56d443ef2ccc5a1400d830df,Beyoncé,"Beyoncé attended St. Mary's Elementary School in Fredericksburg, Texas, where she enrolled in dance classes. Her singing talent was discovered when dance instructor Darlette Johnson began humming a song and she finished it, able to hit the high-pitched notes. Beyoncé's interest in music and performing continued after winning a school talent show at age seven, singing John Lennon's ""Imagine"" to beat 15/16-year-olds. In fall of 1990, Beyoncé enrolled in Parker Elementary School, a music magnet school in Houston, where she would perform with the school's choir. She also attended the High School for the Performing and Visual Arts and later Alief Elsik High School. Beyoncé was also a member of the choir at St. John's United Methodist Church as a soloist for two years.",What choir did Beyoncé sing in for two years?,St. John's United Methodist Church
573028d9a23a5019007fcebb,San_Diego,"In July 2013, three former supporters of Mayor Bob Filner asked him to resign because of allegations of repeated sexual harassment. Over the ensuing six weeks, 18 women came forward to publicly claim that Filner had sexually harassed them, and multiple individuals and groups called for him to resign. On August 19 Filner and city representatives entered a mediation process, as a result of which Filner agreed to resign, effective August 30, 2013, while the city agreed to limit his legal and financial exposure. Filner subsequently pleaded guilty to one felony count of false imprisonment and two misdemeanor battery charges, and was sentenced to house arrest and probation.",Why was Mayor Bob Filner asked to resign?,allegations of repeated sexual harassment
57267186708984140094c637,Mexico_City,"Zapatist forces, which were based in neighboring Morelos had strengths in the southern edge of the Federal District, which included Xochimilco, Tlalpan, Tláhuac and Milpa Alta to fight against the regimes of Victoriano Huerta and Venustiano Carranza. After the assassination of Carranza and a short mandate by Adolfo de la Huerta, Álvaro Obregón took power. After willing to be re-elected, he was killed by José de León Toral, a devout Catholic, in a restaurant near La Bombilla Park in San Ángel in 1928. Plutarco Elias Calles replaced Obregón and culminated the Mexican Revolution.",When was Alvaro Obregon killed? ,1928
56f88e93a6d7ea1400e1775b,Alps,"The first British Mont Blanc ascent was in 1788; the first female ascent in 1819. By the mid-1850s Swiss mountaineers had ascended most of the peaks and were eagerly sought as mountain guides. Edward Whymper reached the top of the Matterhorn in 1865 (after seven attempts), and in 1938 the last of the six great north faces of the Alps was climbed with the first ascent of the Eiger Nordwand (north face of the Eiger).",When were the last of the six great north faces of the Alps climbed? ,1938
5730846a069b53140083214a,Translation,"One of the first recorded instances of translation in the West was the rendering of the Old Testament into Greek in the 3rd century BCE. The translation is known as the ""Septuagint"", a name that refers to the seventy translators (seventy-two, in some versions) who were commissioned to translate the Bible at Alexandria, Egypt. Each translator worked in solitary confinement in his own cell, and according to legend all seventy versions proved identical. The Septuagint became the source text for later translations into many languages, including Latin, Coptic, Armenian and Georgian.",How did each translator of the Bible work in Alexandria?,in solitary confinement
5734453aacc1501500babd5c,"Tucson,_Arizona","Tucson's Sun Tran bus system serves greater Tucson with standard, express, regional shuttle, and on-demand shuttle bus service. It was awarded Best Transit System in 1988 and 2005. A 3.9-mile streetcar line, Sun Link, connects the University of Arizona campus with 4th Avenue, downtown, and the Mercado District west of Interstate 10 and the Santa Cruz River. Ten-minute headway passenger service began July 25, 2014. The streetcar utilizes Sun Tran's card payment and transfer system, connecting with the University of Arizona's CatTran shuttles, Amtrak, and Greyhound intercity bus service.",When did Tucson get a 'Best Transit System' award?,1988 and 2005
5728fab36aef05140015492c,Samurai,"The English sailor and adventurer William Adams (1564–1620) was the first Westerner to receive the dignity of samurai. The Shogun Tokugawa Ieyasu presented him with two swords representing the authority of a samurai, and decreed that William Adams the sailor was dead and that Anjin Miura (三浦按針), a samurai, was born. Adams also received the title of hatamoto (bannerman), a high-prestige position as a direct retainer in the Shogun's court. He was provided with generous revenues: ""For the services that I have done and do daily, being employed in the Emperor's service, the Emperor has given me a living"" (Letters). He was granted a fief in Hemi (逸見) within the boundaries of present-day Yokosuka City, ""with eighty or ninety husbandmen, that be my slaves or servants"" (Letters). His estate was valued at 250 koku. He finally wrote ""God hath provided for me after my great misery"", (Letters) by which he meant the disaster-ridden voyage that initially brought him to Japan.",What was William Adams's Japanese name?,Anjin Miura
57340342d058e614000b67ac,"Punjab,_Pakistan","The structure of a mosque is simple and it expresses openness. Calligraphic inscriptions from the Quran decorate mosques and mausoleums in Punjab. The inscriptions on bricks and tiles of the mausoleum of Shah Rukn-e-Alam (1320 AD) at Multan are outstanding specimens of architectural calligraphy. The earliest existing building in South Asia with enamelled tile-work is the tomb of Shah Yusuf Gardezi (1150 AD) at Multan. A specimen of the sixteenth century tile-work at Lahore is the tomb of Sheikh Musa Ahangar, with its brilliant blue dome. The tile-work of Emperor Shah Jahan is of a richer and more elaborate nature. The pictured wall of Lahore Fort is the last line in the tile-work in the entire world.",When was Ahangar's tomb built?,sixteenth century
57265f0f708984140094c3ed,Poultry,"Poultry is the second most widely eaten type of meat in the world, accounting for about 30% of total meat production worldwide compared to pork at 38%. Sixteen billion birds are raised annually for consumption, more than half of these in industrialised, factory-like production units. Global broiler meat production rose to 84.6 million tonnes in 2013. The largest producers were the United States (20%), China (16.6%), Brazil (15.1%) and the European Union (11.3%). There are two distinct models of production; the European Union supply chain model seeks to supply products which can be traced back to the farm of origin. This model faces the increasing costs of implementing additional food safety requirements, welfare issues and environmental regulations. In contrast, the United States model turns the product into a commodity.",What type of enviornment is poultry most commonly raised in?,"more than half of these in industrialised, factory-like production units"
56dfc1797aa994140058e12c,Lighting,"The Professional Lighting And Sound Association (PLASA) is a UK-based trade organisation representing the 500+ individual and corporate members drawn from the technical services sector. Its members include manufacturers and distributors of stage and entertainment lighting, sound, rigging and similar products and services, and affiliated professionals in the area. They lobby for and represent the interests of the industry at various levels, interacting with government and regulating bodies and presenting the case for the entertainment industry. Example subjects of this representation include the ongoing review of radio frequencies (which may or may not affect the radio bands in which wireless microphones and other devices use) and engaging with the issues surrounding the introduction of the RoHS (Restriction of Hazardous Substances Directive) regulations.",Where is PLASA based?,UK
5730b8912461fd1900a9cfe8,Namibia,"Uprisings and demands by African leaders led the UN to assume direct responsibility over the territory. It recognised the South West Africa People's Organisation (SWAPO) as the official representative of the Namibian people in 1973. Namibia, however, remained under South African administration during this time as South-West Africa. Following internal violence, South Africa installed an interim administration in Namibia in 1985. Namibia obtained full independence from South Africa in 1990, with the exception of Walvis Bay and the Penguin Islands, which remained under South African control until 1994.",When was SWAPO designated as the representative of Namibian people?,1973
57324c76e99e3014001e6666,Protestantism,"Puritans were blocked from changing the established church from within, and were severely restricted in England by laws controlling the practice of religion. Their beliefs, however, were transported by the emigration of congregations to the Netherlands (and later to New England), and by evangelical clergy to Ireland (and later into Wales), and were spread into lay society and parts of the educational system, particularly certain colleges of the University of Cambridge. They took on distinctive beliefs about clerical dress and in opposition to the episcopal system, particularly after the 1619 conclusions of the Synod of Dort they were resisted by the English bishops. They largely adopted Sabbatarianism in the 17th century, and were influenced by millennialism.",What group was very much hampered in England from making changes?,Puritans
56e0ccb3231d4119001ac3b6,Web_browser,"The most recent major entrant to the browser market is Chrome, first released in September 2008. Chrome's take-up has increased significantly year by year, by doubling its usage share from 8% to 16% by August 2011. This increase seems largely to be at the expense of Internet Explorer, whose share has tended to decrease from month to month. In December 2011, Chrome overtook Internet Explorer 8 as the most widely used web browser but still had lower usage than all versions of Internet Explorer combined. Chrome's user-base continued to grow and in May 2012, Chrome's usage passed the usage of all versions of Internet Explorer combined. By April 2014, Chrome's usage had hit 45%.",When was Chrome released?,September 2008
57279ecd4b864d19001638b9,Child_labour,"In 2008, Bloomberg claimed child labour in copper and cobalt mines that supplied Chinese companies in Congo. The children are creuseurs, that is they dig the ore by hand, carry sacks of ores on their backs, and these are then purchased by these companies. Over 60 of Katanga's 75 processing plants are owned by Chinese companies and 90 percent of the region's minerals go to China. An African NGO report claimed 80,000 child labourers under the age of 15, or about 40% of all miners, were supplying ore to Chinese companies in this African region. Amnesty International alleged in 2016 that some cobalt sold by Congo Dongfang Mining was produced by child labor, and that it was being used in lithium-ion batteries powering electric cars and mobile devices worldwide.",What are child creuseurs?,"they dig the ore by hand, carry sacks of ores on their backs"
573217840fdd8d15006c6785,Bird,"Since birds are highly visible and common animals, humans have had a relationship with them since the dawn of man. Sometimes, these relationships are mutualistic, like the cooperative honey-gathering among honeyguides and African peoples such as the Borana. Other times, they may be commensal, as when species such as the house sparrow have benefited from human activities. Several bird species have become commercially significant agricultural pests, and some pose an aviation hazard. Human activities can also be detrimental, and have threatened numerous bird species with extinction (hunting, avian lead poisoning, pesticides, roadkill, and predation by pet cats and dogs are common sources of death for birds).",Why have humans had a relationship with birds since the dawn of man?,Since birds are highly visible and common animals
572fa576b2c2fd140056829a,Bacteria,"Even more complex morphological changes are sometimes possible. For example, when starved of amino acids, Myxobacteria detect surrounding cells in a process known as quorum sensing, migrate toward each other, and aggregate to form fruiting bodies up to 500 micrometres long and containing approximately 100,000 bacterial cells. In these fruiting bodies, the bacteria perform separate tasks; this type of cooperation is a simple type of multicellular organisation. For example, about one in 10 cells migrate to the top of these fruiting bodies and differentiate into a specialised dormant state called myxospores, which are more resistant to drying and other adverse environmental conditions than are ordinary cells.",Why do cells of Myxobacteria migrate towards each other?,aggregate to form fruiting bodies
572a797834ae481900deab25,Miami,"During the mid-2000s, the city witnessed its largest real estate boom since the Florida land boom of the 1920s. During this period, the city had well over a hundred approved high-rise construction projects in which 50 were actually built. In 2007, however, the housing market crashed causing lots of foreclosures on houses. This rapid high-rise construction, has led to fast population growth in the city's inner neighborhoods, primarily in Downtown, Brickell and Edgewater, with these neighborhoods becoming the fastest-growing areas in the city. The Miami area ranks 8th in the nation in foreclosures. In 2011, Forbes magazine named Miami the second-most miserable city in the United States due to its high foreclosure rate and past decade of corruption among public officials. In 2012, Forbes magazine named Miami the most miserable city in the United States because of a crippling housing crisis that has cost multitudes of residents their homes and jobs. The metro area has one of the highest violent crime rates in the country and workers face lengthy daily commutes.",When did the Florida land boom occur?,1920s
5726c2625951b619008f7d72,Crimean_War,"For over 200 years, Russia had been expanding southwards across the sparsely populated ""Wild Fields"" toward the warm water ports of the Black Sea that did not freeze over like the handful of other ports available in the north. The goal was to promote year-round trade and a year-round navy.:11 Pursuit of this goal brought the emerging Russian state into conflict with the Ukrainian Cossacks and then with the Tatars of the Crimean Khanate and Circassians. When Russia conquered these groups and gained possession of southern Ukraine, known as New Russia during Russian imperial times, the Ottoman Empire lost its buffer zone against Russian expansion, and Russia and the Ottoman Empire fell into direct conflict. The conflict with the Ottoman Empire also presented a religious issue of importance, as Russia saw itself as the protector of Orthodox Christians, many of whom lived under Ottoman control and were treated as second-class citizens.(ch 1)",Why did Russia move towards the warmer ports of the Black Sea?,to promote year-round trade and a year-round navy
57279f9f3acd2414000de825,Textual_criticism,"Cladistics is a technique borrowed from biology, where it was originally named phylogenetic systematics by Willi Hennig. In biology, the technique is used to determine the evolutionary relationships between different species. In its application in textual criticism, the text of a number of different manuscripts is entered into a computer, which records all the differences between them. The manuscripts are then grouped according to their shared characteristics. The difference between cladistics and more traditional forms of statistical analysis is that, rather than simply arranging the manuscripts into rough groupings according to their overall similarity, cladistics assumes that they are part of a branching family tree and uses that assumption to derive relationships between them. This makes it more like an automated approach to stemmatics. However, where there is a difference, the computer does not attempt to decide which reading is closer to the original text, and so does not indicate which branch of the tree is the ""root""—which manuscript tradition is closest to the original. Other types of evidence must be used for that purpose.",What is the biological basis for Cladistics?,to determine the evolutionary relationships between different species
572e937adfa6aa1500f8d17b,Endangered_Species_Act,"The Endangered Species Conservation Act (P. L. 91-135), passed in December, 1969, amended the original law to provide additional protection to species in danger of ""worldwide extinction"" by prohibiting their importation and subsequent sale in the United States. It expanded the Lacey Act's ban on interstate commerce to include mammals, reptiles, amphibians, mollusks and crustaceans. Reptiles were added mainly to reduce the rampant poaching of alligators and crocodiles. This law was the first time that invertebrates were included for protection.",What did the Endangered Species Conservation Act add to the wildlife definition of the Lacey Act?,"mammals, reptiles, amphibians, mollusks and crustaceans"
572855143acd2414000df920,LaserDisc,"In the early 1980s, Philips produced a LaserDisc player model adapted for a computer interface, dubbed ""professional"". In 1985, Jasmine Multimedia created LaserDisc Juke Boxes featuring music videos from Michael Jackson, Duran Duran, and Cyndi Lauper. When connected to a PC this combination could be used to display images or information for educational or archival purposes, for example thousands of scanned medieval manuscripts. This strange device could be considered a very early equivalent of a CD-ROM.",Which musical artists were featured on LD Jukeboxes in 1985?,"Michael Jackson, Duran Duran, and Cyndi Lauper"
57314fb3e6313a140071ce0d,Mosaic,"In the 5th-century Ravenna, the capital of the Western Roman Empire, became the center of late Roman mosaic art. The Mausoleum of Galla Placidia was decorated with mosaics of high artistic quality in 425–430. The vaults of the small, cross-shaped structure are clad with mosaics on blue background. The central motif above the crossing is a golden cross in the middle of the starry sky. Another great building established by Galla Placidia was the church of San Giovanni Evangelista. She erected it in fulfillment of a vow that she made having escaped from a deadly storm in 425 on the sea voyage from Constantinople to Ravenna. The mosaics depicted the storm, portraits of members of the western and eastern imperial family and the bishop of Ravenna, Peter Chrysologus. They are known only from Renaissance sources because almost all were destroyed in 1747.",Why did Galla Placidia erect the church of San Giovanni Evangelista?,fulfillment of a vow
