question,contexts,answer,ground_truth,retrieval_ms,generation_ms
How do a person's heart and lungs change during puberty?,"['Pubertal development also affects circulatory and respiratory systems as an adolescents\' heart and lungs increase in both size and capacity. These changes lead to increased strength and tolerance for exercise. Sex differences are apparent as males tend to develop ""larger hearts and lungs, higher systolic blood pressure, a lower resting heart rate, a greater capacity for carrying oxygen to the blood, a greater power for neutralizing the chemical products of muscular exercise, higher blood hemoglobin and more red blood cells"".', 'Another set of significant physical changes during puberty happen in bodily distribution of fat and muscle. This process is different for females and males. Before puberty, there are nearly no sex differences in fat and muscle distribution; during puberty, boys grow muscle much faster than girls, although both sexes experience rapid muscle development.', 'In contrast, though both sexes experience an increase in body fat, the increase is much more significant for girls. Frequently, the increase in fat for girls happens in their years just before puberty. The ratio between muscle and fat among post-pubertal boys is around three to one, while for girls it is about five to four.', 'Changes in secondary sex characteristics include every change that is not directly related to sexual reproduction. In males, these changes involve appearance of pubic, facial, and body hair, deepening of the voice, roughening of the skin around the upper arms and thighs, and increased development of the sweat glands. In females, secondary sex changes involve elevation of the breasts, widening of the hips, development of pubic and underarm hair, widening of the areolae, and elevation of the nipples.', 'The changes in secondary sex characteristics that take place during puberty are often referred to in terms of five Tanner stages, named after the British pediatrician who devised the categorization system.']",,increase in both size and capacity,936.9377000257373,1223.812000011094
Increased size and capacity of the heart and lungs result in what changes to the body?,"['Pubertal development also affects circulatory and respiratory systems as an adolescents\' heart and lungs increase in both size and capacity. These changes lead to increased strength and tolerance for exercise. Sex differences are apparent as males tend to develop ""larger hearts and lungs, higher systolic blood pressure, a lower resting heart rate, a greater capacity for carrying oxygen to the blood, a greater power for neutralizing the chemical products of muscular exercise, higher blood hemoglobin and more red blood cells"".', 'Another set of significant physical changes during puberty happen in bodily distribution of fat and muscle. This process is different for females and males. Before puberty, there are nearly no sex differences in fat and muscle distribution; during puberty, boys grow muscle much faster than girls, although both sexes experience rapid muscle development.', 'This may help explain sex differences in athletic performance.', ""Hemimetabolous insects, those with incomplete metamorphosis, change gradually by undergoing a series of molts. An insect molts when it outgrows its exoskeleton, which does not stretch and would otherwise restrict the insect's growth. The molting process begins as the insect's epidermis secretes a new epicuticle inside the old one."", 'In contrast, though both sexes experience an increase in body fat, the increase is much more significant for girls. Frequently, the increase in fat for girls happens in their years just before puberty. The ratio between muscle and fat among post-pubertal boys is around three to one, while for girls it is about five to four.']",,increased strength and tolerance for exercise,127.55299999844283,348.527199937962
Which sex tends to develop larger hearts and lungs?,"['Pubertal development also affects circulatory and respiratory systems as an adolescents\' heart and lungs increase in both size and capacity. These changes lead to increased strength and tolerance for exercise. Sex differences are apparent as males tend to develop ""larger hearts and lungs, higher systolic blood pressure, a lower resting heart rate, a greater capacity for carrying oxygen to the blood, a greater power for neutralizing the chemical products of muscular exercise, higher blood hemoglobin and more red blood cells"".', 'This may help explain sex differences in athletic performance.', 'Another set of significant physical changes during puberty happen in bodily distribution of fat and muscle. This process is different for females and males. Before puberty, there are nearly no sex differences in fat and muscle distribution; during puberty, boys grow muscle much faster than girls, although both sexes experience rapid muscle development.', 'In contrast, though both sexes experience an increase in body fat, the increase is much more significant for girls. Frequently, the increase in fat for girls happens in their years just before puberty. The ratio between muscle and fat among post-pubertal boys is around three to one, while for girls it is about five to four.', 'Changes in secondary sex characteristics include every change that is not directly related to sexual reproduction. In males, these changes involve appearance of pubic, facial, and body hair, deepening of the voice, roughening of the skin around the upper arms and thighs, and increased development of the sweat glands. In females, secondary sex changes involve elevation of the breasts, widening of the hips, development of pubic and underarm hair, widening of the areolae, and elevation of the nipples.']",,males,97.3973999498412,1348.7930999835953
Which sex tends to have more red blood cells than the other?,"['Pubertal development also affects circulatory and respiratory systems as an adolescents\' heart and lungs increase in both size and capacity. These changes lead to increased strength and tolerance for exercise. Sex differences are apparent as males tend to develop ""larger hearts and lungs, higher systolic blood pressure, a lower resting heart rate, a greater capacity for carrying oxygen to the blood, a greater power for neutralizing the chemical products of muscular exercise, higher blood hemoglobin and more red blood cells"".', 'This may help explain sex differences in athletic performance.', 'There is also an association with polygyny which may be due to higher pathogen load, making selecting males with a high genetic resistance increasingly important. Higher pathogen load is also associated with more collectivism and less individualism, which may limit contacts with outside groups and infections. There are alternative explanations for at least some of the associations although some of these explanations may in turn ultimately be due to pathogen load.', 'The isolation of enzymes from infected tissue can also provide the basis of a biochemical diagnosis of an infectious disease. For example, humans can make neither RNA replicases nor reverse transcriptase, and the presence of these enzymes are characteristic of specific types of viral infections. The ability of the viral protein hemagglutinin to bind red blood cells together into a detectable matrix may also be characterized as a biochemical test for viral infection, although strictly speaking hemagglutinin is not an enzyme and has no metabolic function.', 'Higher pathogen load is also associated with more restricted sexual behavior, which may reduce pathogen transmission. It also associated with higher preferences for health and attractiveness in mates. Higher fertility rates and shorter or less parental care per child is another association that may be a compensation for the higher mortality rate.']",,males,94.03710009064525,1039.770400035195
Which body system are a person's lungs a major proponent of?,"['Pubertal development also affects circulatory and respiratory systems as an adolescents\' heart and lungs increase in both size and capacity. These changes lead to increased strength and tolerance for exercise. Sex differences are apparent as males tend to develop ""larger hearts and lungs, higher systolic blood pressure, a lower resting heart rate, a greater capacity for carrying oxygen to the blood, a greater power for neutralizing the chemical products of muscular exercise, higher blood hemoglobin and more red blood cells"".', 'These odor pathways gradually formed the neural blueprint for what was later to become our limbic brain.', 'The brain contains several motor areas that project directly to the spinal cord. At the lowest level are motor areas in the medulla and pons, which control stereotyped movements such as walking, breathing, or swallowing. At a higher level are areas in the midbrain, such as the red nucleus, which is responsible for coordinating movements of the arms and legs.', ""The gut is generally an almost straight tube supported by the mesenteries (vertical partitions within segments), and ends with the anus on the underside of the pygidium. However, in members of the tube-dwelling family Siboglinidae the gut is blocked by a swollen lining that houses symbiotic bacteria, which can make up 15% of the worms' total weight. The bacteria convert inorganic matter – such as hydrogen sulfide and carbon dioxide from hydrothermal vents, or methane from seeps – to organic matter that feeds themselves and their hosts, while the worms extend their palps into the gas flows to absorb the gases needed by the bacteria."", 'This may help explain sex differences in athletic performance.']",,respiratory,83.58310000039637,344.2901000380516
When did Beyonce start becoming popular?,"[""Beyoncé Giselle Knowles-Carter (/biːˈjɒnseɪ/ bee-YON-say) (born September 4, 1981) is an American singer, songwriter, record producer and actress. Born and raised in Houston, Texas, she performed in various singing and dancing competitions as a child, and rose to fame in the late 1990s as lead singer of R&B girl-group Destiny's Child. Managed by her father, Mathew Knowles, the group became one of the world's best-selling girl groups of all time."", 'Their hiatus saw the release of Beyoncé\'s debut album, Dangerously in Love (2003), which established her as a solo artist worldwide, earned five Grammy Awards and featured the Billboard Hot 100 number-one singles ""Crazy in Love"" and ""Baby Boy"".', 'In September 2010, Beyoncé made her runway modelling debut at Tom Ford\'s Spring/Summer 2011 fashion show. She was named ""World\'s Most Beautiful Woman"" by People and the ""Hottest Female Singer of All Time"" by Complex in 2012. In January 2013, GQ placed her on its cover, featuring her atop its ""100 Sexiest Women of the 21st Century"" list.', ""At age eight, Beyoncé and childhood friend Kelly Rowland met LaTavia Roberson while in an audition for an all-girl entertainment group. They were placed into a group with three other girls as Girl's Tyme, and rapped and danced on the talent show circuit in Houston. After seeing the group, R&B producer Arne Frager brought them to his Northern California studio and placed them in Star Search, the largest talent show on national TV at the time."", 'Rosen notes that the hip hop era highly influenced Beyoncé\'s strange rhythmic vocal style, but also finds her quite traditionalist in her use of balladry, gospel and falsetto. Other critics praise her range and power, with Chris Richards of The Washington Post saying she was ""capable of punctuating any beat with goose-bump-inducing whispers or full-bore diva-roars.""']",,in the late 1990s,83.67720001842827,346.0663000587374
What areas did Beyonce compete in when she was growing up?,"[""Beyoncé Giselle Knowles-Carter (/biːˈjɒnseɪ/ bee-YON-say) (born September 4, 1981) is an American singer, songwriter, record producer and actress. Born and raised in Houston, Texas, she performed in various singing and dancing competitions as a child, and rose to fame in the late 1990s as lead singer of R&B girl-group Destiny's Child. Managed by her father, Mathew Knowles, the group became one of the world's best-selling girl groups of all time."", ""At age eight, Beyoncé and childhood friend Kelly Rowland met LaTavia Roberson while in an audition for an all-girl entertainment group. They were placed into a group with three other girls as Girl's Tyme, and rapped and danced on the talent show circuit in Houston. After seeing the group, R&B producer Arne Frager brought them to his Northern California studio and placed them in Star Search, the largest talent show on national TV at the time."", ""Mathew cut the original line-up to four and the group continued performing as an opening act for other established R&B girl groups. The girls auditioned before record labels and were finally signed to Elektra Records, moving to Atlanta Records briefly to work on their first recording, only to be cut by the company. This put further strain on the family, and Beyoncé's parents separated."", 'VH1 listed her at number 1 on its 100 Sexiest Artists list. Several wax figures of Beyoncé are found at Madame Tussauds Wax Museums in major cities around the world, including New York, Washington, D.C., Amsterdam, Bangkok, Hollywood and Sydney.', 'Beyoncé\'s vocal range spans four octaves. Jody Rosen highlights her tone and timbre as particularly distinctive, describing her voice as ""one of the most compelling instruments in popular music"". While another critic says she is a ""Vocal acrobat, being able to sing long and complex melismas and vocal runs effortlessly, and in key.']",,singing and dancing,68.97060002665967,366.3819999201223
When did Beyonce leave Destiny's Child and become a solo singer?,"[""Beyoncé Giselle Knowles-Carter (/biːˈjɒnseɪ/ bee-YON-say) (born September 4, 1981) is an American singer, songwriter, record producer and actress. Born and raised in Houston, Texas, she performed in various singing and dancing competitions as a child, and rose to fame in the late 1990s as lead singer of R&B girl-group Destiny's Child. Managed by her father, Mathew Knowles, the group became one of the world's best-selling girl groups of all time."", ""On October 5, 1995, Dwayne Wiggins's Grass Roots Entertainment signed the group. In 1996, the girls began recording their debut album under an agreement with Sony Music, the Knowles family reunited, and shortly after, the group got a contract with Columbia Records."", 'Their hiatus saw the release of Beyoncé\'s debut album, Dangerously in Love (2003), which established her as a solo artist worldwide, earned five Grammy Awards and featured the Billboard Hot 100 number-one singles ""Crazy in Love"" and ""Baby Boy"".', ""Mathew cut the original line-up to four and the group continued performing as an opening act for other established R&B girl groups. The girls auditioned before record labels and were finally signed to Elektra Records, moving to Atlanta Records briefly to work on their first recording, only to be cut by the company. This put further strain on the family, and Beyoncé's parents separated."", 'The remaining band members recorded ""Independent Women Part I"", which appeared on the soundtrack to the 2000 film, Charlie\'s Angels. It became their best-charting single, topping the U.S. Billboard Hot 100 chart for eleven consecutive weeks. In early 2001, while Destiny\'s Child was completing their third album, Beyoncé landed a major role in the MTV made-for-television film, Carmen: A Hip Hopera, starring alongside American actor Mekhi Phifer.']",,2003,71.75610004924238,335.47920000273734
In what city and state did Beyonce  grow up? ,"[""Beyoncé Giselle Knowles-Carter (/biːˈjɒnseɪ/ bee-YON-say) (born September 4, 1981) is an American singer, songwriter, record producer and actress. Born and raised in Houston, Texas, she performed in various singing and dancing competitions as a child, and rose to fame in the late 1990s as lead singer of R&B girl-group Destiny's Child. Managed by her father, Mathew Knowles, the group became one of the world's best-selling girl groups of all time."", 'On January 7, 2012, Beyoncé gave birth to a daughter, Blue Ivy Carter, at Lenox Hill Hospital in New York under heavy security. Two days later, Jay Z released ""Glory"", a song dedicated to their child, on his website Lifeandtimes.com. The song detailed the couple\'s pregnancy struggles, including a miscarriage Beyoncé suffered before becoming pregnant with Blue Ivy.', ""At age eight, Beyoncé and childhood friend Kelly Rowland met LaTavia Roberson while in an audition for an all-girl entertainment group. They were placed into a group with three other girls as Girl's Tyme, and rapped and danced on the talent show circuit in Houston. After seeing the group, R&B producer Arne Frager brought them to his Northern California studio and placed them in Star Search, the largest talent show on national TV at the time."", ""Mathew cut the original line-up to four and the group continued performing as an opening act for other established R&B girl groups. The girls auditioned before record labels and were finally signed to Elektra Records, moving to Atlanta Records briefly to work on their first recording, only to be cut by the company. This put further strain on the family, and Beyoncé's parents separated."", 'Born in Bay City, Michigan, Madonna moved to New York City in 1977 to pursue a career in modern dance. After performing in the music groups Breakfast Club and Emmy, she signed with Sire Records (an auxiliary label of Warner Bros. Records) in 1982 and released her self-titled debut album the following year. She followed it with a series of commercially and critcally successful albums, including the Grammy Award winners Ray of Light (1998) and Confessions on a Dance Floor (2005).']",,"Houston, Texas",90.23719991091639,334.7806000383571
In which decade did Beyonce become famous?,"[""Beyoncé Giselle Knowles-Carter (/biːˈjɒnseɪ/ bee-YON-say) (born September 4, 1981) is an American singer, songwriter, record producer and actress. Born and raised in Houston, Texas, she performed in various singing and dancing competitions as a child, and rose to fame in the late 1990s as lead singer of R&B girl-group Destiny's Child. Managed by her father, Mathew Knowles, the group became one of the world's best-selling girl groups of all time."", 'Their hiatus saw the release of Beyoncé\'s debut album, Dangerously in Love (2003), which established her as a solo artist worldwide, earned five Grammy Awards and featured the Billboard Hot 100 number-one singles ""Crazy in Love"" and ""Baby Boy"".', 'In September 2010, Beyoncé made her runway modelling debut at Tom Ford\'s Spring/Summer 2011 fashion show. She was named ""World\'s Most Beautiful Woman"" by People and the ""Hottest Female Singer of All Time"" by Complex in 2012. In January 2013, GQ placed her on its cover, featuring her atop its ""100 Sexiest Women of the 21st Century"" list.', 'Rosen notes that the hip hop era highly influenced Beyoncé\'s strange rhythmic vocal style, but also finds her quite traditionalist in her use of balladry, gospel and falsetto. Other critics praise her range and power, with Chris Richards of The Washington Post saying she was ""capable of punctuating any beat with goose-bump-inducing whispers or full-bore diva-roars.""', ""At age eight, Beyoncé and childhood friend Kelly Rowland met LaTavia Roberson while in an audition for an all-girl entertainment group. They were placed into a group with three other girls as Girl's Tyme, and rapped and danced on the talent show circuit in Houston. After seeing the group, R&B producer Arne Frager brought them to his Northern California studio and placed them in Star Search, the largest talent show on national TV at the time.""]",,late 1990s,72.63429998420179,1086.318499990739
In what R&B group was she the lead singer?,"[""Mathew cut the original line-up to four and the group continued performing as an opening act for other established R&B girl groups. The girls auditioned before record labels and were finally signed to Elektra Records, moving to Atlanta Records briefly to work on their first recording, only to be cut by the company. This put further strain on the family, and Beyoncé's parents separated."", 'Blue Ivy\'s cries are included at the end of the song, and she was officially credited as ""B.I.C."" on it. At two days old, she became the youngest person ever to appear on a Billboard chart when ""Glory"" debuted on the Hot R&B/Hip-Hop Songs chart.', 'The album spawned other number-one hits, ""Bootylicious"" and the title track, ""Survivor"", the latter of which earned the group a Grammy Award for Best R&B Performance by a Duo or Group with Vocals. After releasing their holiday album 8 Days of Christmas in October 2001, the group announced a hiatus to further pursue solo careers.', ""On October 5, 1995, Dwayne Wiggins's Grass Roots Entertainment signed the group. In 1996, the girls began recording their debut album under an agreement with Sony Music, the Knowles family reunited, and shortly after, the group got a contract with Columbia Records."", ""Beyoncé Giselle Knowles-Carter (/biːˈjɒnseɪ/ bee-YON-say) (born September 4, 1981) is an American singer, songwriter, record producer and actress. Born and raised in Houston, Texas, she performed in various singing and dancing competitions as a child, and rose to fame in the late 1990s as lead singer of R&B girl-group Destiny's Child. Managed by her father, Mathew Knowles, the group became one of the world's best-selling girl groups of all time.""]",,Destiny's Child,72.65939994249493,344.0573998959735
What album made her a worldwide known artist?,"['Their hiatus saw the release of Beyoncé\'s debut album, Dangerously in Love (2003), which established her as a solo artist worldwide, earned five Grammy Awards and featured the Billboard Hot 100 number-one singles ""Crazy in Love"" and ""Baby Boy"".', 'Born in Bay City, Michigan, Madonna moved to New York City in 1977 to pursue a career in modern dance. After performing in the music groups Breakfast Club and Emmy, she signed with Sire Records (an auxiliary label of Warner Bros. Records) in 1982 and released her self-titled debut album the following year. She followed it with a series of commercially and critcally successful albums, including the Grammy Award winners Ray of Light (1998) and Confessions on a Dance Floor (2005).', 'Throughout her career, Madonna has written and produced most of her songs, with many of them reaching number one on the record charts, including ""Like a Virgin"", ""Into the Groove"", ""Papa Don\'t Preach"", ""Like a Prayer"", ""Vogue"", ""Frozen"", ""Music"", ""Hung Up"", and ""4 Minutes"".', 'She has been acclaimed as a businesswoman, particularly after she founded entertainment company Maverick (including the label Maverick Records). In 2007 she signed an unprecedented US $120 million 360 deal with Live Nation.', 'To promote the film, Beyoncé released ""Listen"" as the lead single from the soundtrack album. In April 2007, Beyoncé embarked on The Beyoncé Experience, her first worldwide concert tour, visiting 97 venues and grossed over $24 million.[note 1] Beyoncé conducted pre-concert food donation drives during six major stops in conjunction with her pastor at St. John\'s and America\'s Second Harvest. At the same time, B\'Day was re-released with five additional songs, including her duet with Shakira ""Beautiful Liar"".']",,Dangerously in Love,86.96450002025813,331.10469998791814
Who managed the Destiny's Child group?,"[""On October 5, 1995, Dwayne Wiggins's Grass Roots Entertainment signed the group. In 1996, the girls began recording their debut album under an agreement with Sony Music, the Knowles family reunited, and shortly after, the group got a contract with Columbia Records."", ""Mathew cut the original line-up to four and the group continued performing as an opening act for other established R&B girl groups. The girls auditioned before record labels and were finally signed to Elektra Records, moving to Atlanta Records briefly to work on their first recording, only to be cut by the company. This put further strain on the family, and Beyoncé's parents separated."", 'The remaining band members recorded ""Independent Women Part I"", which appeared on the soundtrack to the 2000 film, Charlie\'s Angels. It became their best-charting single, topping the U.S. Billboard Hot 100 chart for eleven consecutive weeks. In early 2001, while Destiny\'s Child was completing their third album, Beyoncé landed a major role in the MTV made-for-television film, Carmen: A Hip Hopera, starring alongside American actor Mekhi Phifer.', ""Beyoncé Giselle Knowles-Carter (/biːˈjɒnseɪ/ bee-YON-say) (born September 4, 1981) is an American singer, songwriter, record producer and actress. Born and raised in Houston, Texas, she performed in various singing and dancing competitions as a child, and rose to fame in the late 1990s as lead singer of R&B girl-group Destiny's Child. Managed by her father, Mathew Knowles, the group became one of the world's best-selling girl groups of all time."", ""At age eight, Beyoncé and childhood friend Kelly Rowland met LaTavia Roberson while in an audition for an all-girl entertainment group. They were placed into a group with three other girls as Girl's Tyme, and rapped and danced on the talent show circuit in Houston. After seeing the group, R&B producer Arne Frager brought them to his Northern California studio and placed them in Star Search, the largest talent show on national TV at the time.""]",,Mathew Knowles,97.4748000735417,352.2396000334993
In what city did Beyonce grow up?,"[""Beyoncé Giselle Knowles-Carter (/biːˈjɒnseɪ/ bee-YON-say) (born September 4, 1981) is an American singer, songwriter, record producer and actress. Born and raised in Houston, Texas, she performed in various singing and dancing competitions as a child, and rose to fame in the late 1990s as lead singer of R&B girl-group Destiny's Child. Managed by her father, Mathew Knowles, the group became one of the world's best-selling girl groups of all time."", 'On January 7, 2012, Beyoncé gave birth to a daughter, Blue Ivy Carter, at Lenox Hill Hospital in New York under heavy security. Two days later, Jay Z released ""Glory"", a song dedicated to their child, on his website Lifeandtimes.com. The song detailed the couple\'s pregnancy struggles, including a miscarriage Beyoncé suffered before becoming pregnant with Blue Ivy.', ""Mathew cut the original line-up to four and the group continued performing as an opening act for other established R&B girl groups. The girls auditioned before record labels and were finally signed to Elektra Records, moving to Atlanta Records briefly to work on their first recording, only to be cut by the company. This put further strain on the family, and Beyoncé's parents separated."", ""At age eight, Beyoncé and childhood friend Kelly Rowland met LaTavia Roberson while in an audition for an all-girl entertainment group. They were placed into a group with three other girls as Girl's Tyme, and rapped and danced on the talent show circuit in Houston. After seeing the group, R&B producer Arne Frager brought them to his Northern California studio and placed them in Star Search, the largest talent show on national TV at the time."", 'Born in Bay City, Michigan, Madonna moved to New York City in 1977 to pursue a career in modern dance. After performing in the music groups Breakfast Club and Emmy, she signed with Sire Records (an auxiliary label of Warner Bros. Records) in 1982 and released her self-titled debut album the following year. She followed it with a series of commercially and critcally successful albums, including the Grammy Award winners Ray of Light (1998) and Confessions on a Dance Floor (2005).']",,Houston,70.80370001494884,347.72290010005236
What was the name of Beyonce's first solo album?,"['Their hiatus saw the release of Beyoncé\'s debut album, Dangerously in Love (2003), which established her as a solo artist worldwide, earned five Grammy Awards and featured the Billboard Hot 100 number-one singles ""Crazy in Love"" and ""Baby Boy"".', 'To promote the film, Beyoncé released ""Listen"" as the lead single from the soundtrack album. In April 2007, Beyoncé embarked on The Beyoncé Experience, her first worldwide concert tour, visiting 97 venues and grossed over $24 million.[note 1] Beyoncé conducted pre-concert food donation drives during six major stops in conjunction with her pastor at St. John\'s and America\'s Second Harvest. At the same time, B\'Day was re-released with five additional songs, including her duet with Shakira ""Beautiful Liar"".', ""Beyoncé Giselle Knowles-Carter (/biːˈjɒnseɪ/ bee-YON-say) (born September 4, 1981) is an American singer, songwriter, record producer and actress. Born and raised in Houston, Texas, she performed in various singing and dancing competitions as a child, and rose to fame in the late 1990s as lead singer of R&B girl-group Destiny's Child. Managed by her father, Mathew Knowles, the group became one of the world's best-selling girl groups of all time."", 'On January 7, 2012, Beyoncé gave birth to a daughter, Blue Ivy Carter, at Lenox Hill Hospital in New York under heavy security. Two days later, Jay Z released ""Glory"", a song dedicated to their child, on his website Lifeandtimes.com. The song detailed the couple\'s pregnancy struggles, including a miscarriage Beyoncé suffered before becoming pregnant with Blue Ivy.', 'Blue Ivy\'s cries are included at the end of the song, and she was officially credited as ""B.I.C."" on it. At two days old, she became the youngest person ever to appear on a Billboard chart when ""Glory"" debuted on the Hot R&B/Hip-Hop Songs chart.']",,Dangerously in Love,66.22609996702522,349.6108000399545
On what date was Beyonce born?,"[""Beyoncé Giselle Knowles-Carter (/biːˈjɒnseɪ/ bee-YON-say) (born September 4, 1981) is an American singer, songwriter, record producer and actress. Born and raised in Houston, Texas, she performed in various singing and dancing competitions as a child, and rose to fame in the late 1990s as lead singer of R&B girl-group Destiny's Child. Managed by her father, Mathew Knowles, the group became one of the world's best-selling girl groups of all time."", 'On January 7, 2012, Beyoncé gave birth to a daughter, Blue Ivy Carter, at Lenox Hill Hospital in New York under heavy security. Two days later, Jay Z released ""Glory"", a song dedicated to their child, on his website Lifeandtimes.com. The song detailed the couple\'s pregnancy struggles, including a miscarriage Beyoncé suffered before becoming pregnant with Blue Ivy.', 'To promote the film, Beyoncé released ""Listen"" as the lead single from the soundtrack album. In April 2007, Beyoncé embarked on The Beyoncé Experience, her first worldwide concert tour, visiting 97 venues and grossed over $24 million.[note 1] Beyoncé conducted pre-concert food donation drives during six major stops in conjunction with her pastor at St. John\'s and America\'s Second Harvest. At the same time, B\'Day was re-released with five additional songs, including her duet with Shakira ""Beautiful Liar"".', 'Their hiatus saw the release of Beyoncé\'s debut album, Dangerously in Love (2003), which established her as a solo artist worldwide, earned five Grammy Awards and featured the Billboard Hot 100 number-one singles ""Crazy in Love"" and ""Baby Boy"".', 'Born in Bay City, Michigan, Madonna moved to New York City in 1977 to pursue a career in modern dance. After performing in the music groups Breakfast Club and Emmy, she signed with Sire Records (an auxiliary label of Warner Bros. Records) in 1982 and released her self-titled debut album the following year. She followed it with a series of commercially and critcally successful albums, including the Grammy Award winners Ray of Light (1998) and Confessions on a Dance Floor (2005).']",,"September 4, 1981",61.747899977490306,339.57910002209246
What is Beyonce's full name?,"[""Beyoncé Giselle Knowles-Carter (/biːˈjɒnseɪ/ bee-YON-say) (born September 4, 1981) is an American singer, songwriter, record producer and actress. Born and raised in Houston, Texas, she performed in various singing and dancing competitions as a child, and rose to fame in the late 1990s as lead singer of R&B girl-group Destiny's Child. Managed by her father, Mathew Knowles, the group became one of the world's best-selling girl groups of all time."", 'On January 7, 2012, Beyoncé gave birth to a daughter, Blue Ivy Carter, at Lenox Hill Hospital in New York under heavy security. Two days later, Jay Z released ""Glory"", a song dedicated to their child, on his website Lifeandtimes.com. The song detailed the couple\'s pregnancy struggles, including a miscarriage Beyoncé suffered before becoming pregnant with Blue Ivy.', 'Her vocal abilities mean she is identified as the centerpiece of Destiny\'s Child. The Daily Mail calls Beyoncé\'s voice ""versatile"", capable of exploring power ballads, soul, rock belting, operatic flourishes, and hip hop. Jon Pareles of The New York Times commented that her voice is ""velvety yet tart, with an insistent flutter and reserves of soul belting"".', ""Mathew cut the original line-up to four and the group continued performing as an opening act for other established R&B girl groups. The girls auditioned before record labels and were finally signed to Elektra Records, moving to Atlanta Records briefly to work on their first recording, only to be cut by the company. This put further strain on the family, and Beyoncé's parents separated."", 'Blue Ivy\'s cries are included at the end of the song, and she was officially credited as ""B.I.C."" on it. At two days old, she became the youngest person ever to appear on a Billboard chart when ""Glory"" debuted on the Hot R&B/Hip-Hop Songs chart.']",,Beyoncé Giselle Knowles-Carter,61.770600033923984,306.61019997205585
When did Beyoncé rise to fame?,"[""Beyoncé Giselle Knowles-Carter (/biːˈjɒnseɪ/ bee-YON-say) (born September 4, 1981) is an American singer, songwriter, record producer and actress. Born and raised in Houston, Texas, she performed in various singing and dancing competitions as a child, and rose to fame in the late 1990s as lead singer of R&B girl-group Destiny's Child. Managed by her father, Mathew Knowles, the group became one of the world's best-selling girl groups of all time."", 'Their hiatus saw the release of Beyoncé\'s debut album, Dangerously in Love (2003), which established her as a solo artist worldwide, earned five Grammy Awards and featured the Billboard Hot 100 number-one singles ""Crazy in Love"" and ""Baby Boy"".', 'In September 2010, Beyoncé made her runway modelling debut at Tom Ford\'s Spring/Summer 2011 fashion show. She was named ""World\'s Most Beautiful Woman"" by People and the ""Hottest Female Singer of All Time"" by Complex in 2012. In January 2013, GQ placed her on its cover, featuring her atop its ""100 Sexiest Women of the 21st Century"" list.', ""At age eight, Beyoncé and childhood friend Kelly Rowland met LaTavia Roberson while in an audition for an all-girl entertainment group. They were placed into a group with three other girls as Girl's Tyme, and rapped and danced on the talent show circuit in Houston. After seeing the group, R&B producer Arne Frager brought them to his Northern California studio and placed them in Star Search, the largest talent show on national TV at the time."", 'Blue Ivy\'s cries are included at the end of the song, and she was officially credited as ""B.I.C."" on it. At two days old, she became the youngest person ever to appear on a Billboard chart when ""Glory"" debuted on the Hot R&B/Hip-Hop Songs chart.']",,late 1990s,87.77310000732541,323.6342999152839
What role did Beyoncé have in Destiny's Child?,"[""Beyoncé Giselle Knowles-Carter (/biːˈjɒnseɪ/ bee-YON-say) (born September 4, 1981) is an American singer, songwriter, record producer and actress. Born and raised in Houston, Texas, she performed in various singing and dancing competitions as a child, and rose to fame in the late 1990s as lead singer of R&B girl-group Destiny's Child. Managed by her father, Mathew Knowles, the group became one of the world's best-selling girl groups of all time."", 'Her vocal abilities mean she is identified as the centerpiece of Destiny\'s Child. The Daily Mail calls Beyoncé\'s voice ""versatile"", capable of exploring power ballads, soul, rock belting, operatic flourishes, and hip hop. Jon Pareles of The New York Times commented that her voice is ""velvety yet tart, with an insistent flutter and reserves of soul belting"".', ""Mathew cut the original line-up to four and the group continued performing as an opening act for other established R&B girl groups. The girls auditioned before record labels and were finally signed to Elektra Records, moving to Atlanta Records briefly to work on their first recording, only to be cut by the company. This put further strain on the family, and Beyoncé's parents separated."", 'The remaining band members recorded ""Independent Women Part I"", which appeared on the soundtrack to the 2000 film, Charlie\'s Angels. It became their best-charting single, topping the U.S. Billboard Hot 100 chart for eleven consecutive weeks. In early 2001, while Destiny\'s Child was completing their third album, Beyoncé landed a major role in the MTV made-for-television film, Carmen: A Hip Hopera, starring alongside American actor Mekhi Phifer.', ""At age eight, Beyoncé and childhood friend Kelly Rowland met LaTavia Roberson while in an audition for an all-girl entertainment group. They were placed into a group with three other girls as Girl's Tyme, and rapped and danced on the talent show circuit in Houston. After seeing the group, R&B producer Arne Frager brought them to his Northern California studio and placed them in Star Search, the largest talent show on national TV at the time.""]",,lead singer,67.28840002324432,347.520700073801
What was the first album Beyoncé released as a solo artist?,"['Their hiatus saw the release of Beyoncé\'s debut album, Dangerously in Love (2003), which established her as a solo artist worldwide, earned five Grammy Awards and featured the Billboard Hot 100 number-one singles ""Crazy in Love"" and ""Baby Boy"".', 'To promote the film, Beyoncé released ""Listen"" as the lead single from the soundtrack album. In April 2007, Beyoncé embarked on The Beyoncé Experience, her first worldwide concert tour, visiting 97 venues and grossed over $24 million.[note 1] Beyoncé conducted pre-concert food donation drives during six major stops in conjunction with her pastor at St. John\'s and America\'s Second Harvest. At the same time, B\'Day was re-released with five additional songs, including her duet with Shakira ""Beautiful Liar"".', ""Beyoncé Giselle Knowles-Carter (/biːˈjɒnseɪ/ bee-YON-say) (born September 4, 1981) is an American singer, songwriter, record producer and actress. Born and raised in Houston, Texas, she performed in various singing and dancing competitions as a child, and rose to fame in the late 1990s as lead singer of R&B girl-group Destiny's Child. Managed by her father, Mathew Knowles, the group became one of the world's best-selling girl groups of all time."", 'Blue Ivy\'s cries are included at the end of the song, and she was officially credited as ""B.I.C."" on it. At two days old, she became the youngest person ever to appear on a Billboard chart when ""Glory"" debuted on the Hot R&B/Hip-Hop Songs chart.', 'On January 7, 2012, Beyoncé gave birth to a daughter, Blue Ivy Carter, at Lenox Hill Hospital in New York under heavy security. Two days later, Jay Z released ""Glory"", a song dedicated to their child, on his website Lifeandtimes.com. The song detailed the couple\'s pregnancy struggles, including a miscarriage Beyoncé suffered before becoming pregnant with Blue Ivy.']",,Dangerously in Love,62.239999999292195,341.2382999667898
When did Beyoncé release Dangerously in Love?,"['Their hiatus saw the release of Beyoncé\'s debut album, Dangerously in Love (2003), which established her as a solo artist worldwide, earned five Grammy Awards and featured the Billboard Hot 100 number-one singles ""Crazy in Love"" and ""Baby Boy"".', 'To promote the film, Beyoncé released ""Listen"" as the lead single from the soundtrack album. In April 2007, Beyoncé embarked on The Beyoncé Experience, her first worldwide concert tour, visiting 97 venues and grossed over $24 million.[note 1] Beyoncé conducted pre-concert food donation drives during six major stops in conjunction with her pastor at St. John\'s and America\'s Second Harvest. At the same time, B\'Day was re-released with five additional songs, including her duet with Shakira ""Beautiful Liar"".', 'The remaining band members recorded ""Independent Women Part I"", which appeared on the soundtrack to the 2000 film, Charlie\'s Angels. It became their best-charting single, topping the U.S. Billboard Hot 100 chart for eleven consecutive weeks. In early 2001, while Destiny\'s Child was completing their third album, Beyoncé landed a major role in the MTV made-for-television film, Carmen: A Hip Hopera, starring alongside American actor Mekhi Phifer.', 'The album was released in July 1983 and peaked at number eight on the Billboard 200 six months later, in 1984. It yielded two more hit singles, ""Borderline"" and ""Lucky Star"".', 'On January 7, 2012, Beyoncé gave birth to a daughter, Blue Ivy Carter, at Lenox Hill Hospital in New York under heavy security. Two days later, Jay Z released ""Glory"", a song dedicated to their child, on his website Lifeandtimes.com. The song detailed the couple\'s pregnancy struggles, including a miscarriage Beyoncé suffered before becoming pregnant with Blue Ivy.']",,2003,64.17639995925128,351.39630001503974
How many Grammy awards did Beyoncé win for her first solo album?,"['At the 57th Annual Grammy Awards in February 2015, Beyoncé was nominated for six awards, ultimately winning three: Best R&B Performance and Best R&B Song for ""Drunk in Love"", and Best Surround Sound Album for Beyoncé. She was nominated for Album of the Year but the award was won by Beck for his Morning Phase album. In August, the cover of the September issue of Vogue magazine was unveiled online, Beyoncé as the cover star, becoming the first African-American artist and third African-American woman in general to cover the September issue.', 'Their hiatus saw the release of Beyoncé\'s debut album, Dangerously in Love (2003), which established her as a solo artist worldwide, earned five Grammy Awards and featured the Billboard Hot 100 number-one singles ""Crazy in Love"" and ""Baby Boy"".', 'Knowles has previously performed at four Super Bowl shows throughout her career, serving as the main headliner of the 47th Super Bowl halftime show in 2013.', 'To promote the film, Beyoncé released ""Listen"" as the lead single from the soundtrack album. In April 2007, Beyoncé embarked on The Beyoncé Experience, her first worldwide concert tour, visiting 97 venues and grossed over $24 million.[note 1] Beyoncé conducted pre-concert food donation drives during six major stops in conjunction with her pastor at St. John\'s and America\'s Second Harvest. At the same time, B\'Day was re-released with five additional songs, including her duet with Shakira ""Beautiful Liar"".', 'Blue Ivy\'s cries are included at the end of the song, and she was officially credited as ""B.I.C."" on it. At two days old, she became the youngest person ever to appear on a Billboard chart when ""Glory"" debuted on the Hot R&B/Hip-Hop Songs chart.']",,five,61.9594999589026,321.18810003157705
What was Beyoncé's role in Destiny's Child?,"[""Beyoncé Giselle Knowles-Carter (/biːˈjɒnseɪ/ bee-YON-say) (born September 4, 1981) is an American singer, songwriter, record producer and actress. Born and raised in Houston, Texas, she performed in various singing and dancing competitions as a child, and rose to fame in the late 1990s as lead singer of R&B girl-group Destiny's Child. Managed by her father, Mathew Knowles, the group became one of the world's best-selling girl groups of all time."", 'Her vocal abilities mean she is identified as the centerpiece of Destiny\'s Child. The Daily Mail calls Beyoncé\'s voice ""versatile"", capable of exploring power ballads, soul, rock belting, operatic flourishes, and hip hop. Jon Pareles of The New York Times commented that her voice is ""velvety yet tart, with an insistent flutter and reserves of soul belting"".', 'The remaining band members recorded ""Independent Women Part I"", which appeared on the soundtrack to the 2000 film, Charlie\'s Angels. It became their best-charting single, topping the U.S. Billboard Hot 100 chart for eleven consecutive weeks. In early 2001, while Destiny\'s Child was completing their third album, Beyoncé landed a major role in the MTV made-for-television film, Carmen: A Hip Hopera, starring alongside American actor Mekhi Phifer.', ""Mathew cut the original line-up to four and the group continued performing as an opening act for other established R&B girl groups. The girls auditioned before record labels and were finally signed to Elektra Records, moving to Atlanta Records briefly to work on their first recording, only to be cut by the company. This put further strain on the family, and Beyoncé's parents separated."", ""At age eight, Beyoncé and childhood friend Kelly Rowland met LaTavia Roberson while in an audition for an all-girl entertainment group. They were placed into a group with three other girls as Girl's Tyme, and rapped and danced on the talent show circuit in Houston. After seeing the group, R&B producer Arne Frager brought them to his Northern California studio and placed them in Star Search, the largest talent show on national TV at the time.""]",,lead singer,69.85879992134869,356.5419999649748
What was the name of Beyoncé's first solo album?,"['Their hiatus saw the release of Beyoncé\'s debut album, Dangerously in Love (2003), which established her as a solo artist worldwide, earned five Grammy Awards and featured the Billboard Hot 100 number-one singles ""Crazy in Love"" and ""Baby Boy"".', 'To promote the film, Beyoncé released ""Listen"" as the lead single from the soundtrack album. In April 2007, Beyoncé embarked on The Beyoncé Experience, her first worldwide concert tour, visiting 97 venues and grossed over $24 million.[note 1] Beyoncé conducted pre-concert food donation drives during six major stops in conjunction with her pastor at St. John\'s and America\'s Second Harvest. At the same time, B\'Day was re-released with five additional songs, including her duet with Shakira ""Beautiful Liar"".', ""Beyoncé Giselle Knowles-Carter (/biːˈjɒnseɪ/ bee-YON-say) (born September 4, 1981) is an American singer, songwriter, record producer and actress. Born and raised in Houston, Texas, she performed in various singing and dancing competitions as a child, and rose to fame in the late 1990s as lead singer of R&B girl-group Destiny's Child. Managed by her father, Mathew Knowles, the group became one of the world's best-selling girl groups of all time."", 'On January 7, 2012, Beyoncé gave birth to a daughter, Blue Ivy Carter, at Lenox Hill Hospital in New York under heavy security. Two days later, Jay Z released ""Glory"", a song dedicated to their child, on his website Lifeandtimes.com. The song detailed the couple\'s pregnancy struggles, including a miscarriage Beyoncé suffered before becoming pregnant with Blue Ivy.', 'Blue Ivy\'s cries are included at the end of the song, and she was officially credited as ""B.I.C."" on it. At two days old, she became the youngest person ever to appear on a Billboard chart when ""Glory"" debuted on the Hot R&B/Hip-Hop Songs chart.']",,Dangerously in Love,91.38009999878705,352.4111000588164
When did Beyoncé release her first solo album?,"['Their hiatus saw the release of Beyoncé\'s debut album, Dangerously in Love (2003), which established her as a solo artist worldwide, earned five Grammy Awards and featured the Billboard Hot 100 number-one singles ""Crazy in Love"" and ""Baby Boy"".', 'To promote the film, Beyoncé released ""Listen"" as the lead single from the soundtrack album. In April 2007, Beyoncé embarked on The Beyoncé Experience, her first worldwide concert tour, visiting 97 venues and grossed over $24 million.[note 1] Beyoncé conducted pre-concert food donation drives during six major stops in conjunction with her pastor at St. John\'s and America\'s Second Harvest. At the same time, B\'Day was re-released with five additional songs, including her duet with Shakira ""Beautiful Liar"".', ""Beyoncé Giselle Knowles-Carter (/biːˈjɒnseɪ/ bee-YON-say) (born September 4, 1981) is an American singer, songwriter, record producer and actress. Born and raised in Houston, Texas, she performed in various singing and dancing competitions as a child, and rose to fame in the late 1990s as lead singer of R&B girl-group Destiny's Child. Managed by her father, Mathew Knowles, the group became one of the world's best-selling girl groups of all time."", 'On January 7, 2012, Beyoncé gave birth to a daughter, Blue Ivy Carter, at Lenox Hill Hospital in New York under heavy security. Two days later, Jay Z released ""Glory"", a song dedicated to their child, on his website Lifeandtimes.com. The song detailed the couple\'s pregnancy struggles, including a miscarriage Beyoncé suffered before becoming pregnant with Blue Ivy.', 'Blue Ivy\'s cries are included at the end of the song, and she was officially credited as ""B.I.C."" on it. At two days old, she became the youngest person ever to appear on a Billboard chart when ""Glory"" debuted on the Hot R&B/Hip-Hop Songs chart.']",,2003,63.62579995766282,333.02140003070235
Where is the primary circadian gene located in humans?,"['The primary circadian ""clock"" in mammals is located in the suprachiasmatic nucleus (or nuclei) (SCN), a pair of distinct groups of cells located in the hypothalamus. Destruction of the SCN results in the complete absence of a regular sleep–wake rhythm. The SCN receives information about illumination through the eyes.', 'What drove circadian rhythms to evolve has been an enigmatic question. Previous hypotheses emphasized that photosensitive proteins and circadian rhythms may have originated together in the earliest cells, with the purpose of protecting replicating DNA from high levels of damaging ultraviolet radiation during the daytime. As a result, replication was relegated to the dark.', 'The retina of the eye contains ""classical"" photoreceptors (""rods"" and ""cones""), which are used for conventional vision. But the retina also contains specialized ganglion cells that are directly photosensitive, and project directly to the SCN, where they help in the entrainment (synchronization) of this master circadian clock.', 'The earliest recorded account of a circadian process dates from the 4th century B.C.E., when Androsthenes, a ship captain serving under Alexander the Great, described diurnal leaf movements of the tamarind tree. The observation of a circadian or diurnal process in humans is mentioned in Chinese medical texts dated to around the 13th century, including the Noon and Midnight Manual and the Mnemonic Rhyme to Aid in the Selection of Acu-points According to the Diurnal Cycle, the Day of the Month and the Season of the Year.', 'However, evidence for this is lacking, since the simplest organisms with a circadian rhythm, the cyanobacteria, do the opposite of this - they divide more in the daytime. Recent studies instead highlight the importance of co-evolution of redox proteins with circadian oscillators in all three kingdoms of life following the Great Oxidation Event approximately 2.3 billion years ago. The current view is that circadian changes in environmental oxygen levels and the production of reactive oxygen species (ROS) in the presence of daylight are likely to have driven a need to evolve circadian rhythms to preempt, and therefore counteract, damaging redox reactions on a daily basis.']",,suprachiasmatic nucleus,80.27040003798902,362.19530005473644
Where are these cell groups found in humans?,"['For example, specialized microvilli producing digestive enzymes may more likely be near the end of the midgut, and absorption near the origin or beginning of the midgut.:32', 'The brains of all species are composed primarily of two broad classes of cells: neurons and glial cells. Glial cells (also known as glia or neuroglia) come in several types, and perform a number of critical functions, including structural support, metabolic support, insulation, and guidance of development. Neurons, however, are usually considered the most important cells in the brain.', 'They also include the Acanthocephala or spiny-headed worms, the Gnathostomulida, Micrognathozoa, and possibly the Cycliophora. These groups share the presence of complex jaws, from which they are called the Gnathifera.', 'With these exceptions, however, the set of neurons that is present in early childhood is the set that is present for life. Glial cells are different: as with most types of cells in the body, they are generated throughout the lifespan.', 'Whereas the chromosomes of prokaryotes are relatively gene-dense, those of eukaryotes often contain regions of DNA that serve no obvious function. Simple single-celled eukaryotes have relatively small amounts of such DNA, whereas the genomes of complex multicellular organisms, including humans, contain an absolute majority of DNA without an identified function. This DNA has often been referred to as ""junk DNA"".']",,hypothalamus,61.567400000058115,357.3341000592336
What would the loss of the SCN cells cause in the sleep-wake rhythm?,"['The primary circadian ""clock"" in mammals is located in the suprachiasmatic nucleus (or nuclei) (SCN), a pair of distinct groups of cells located in the hypothalamus. Destruction of the SCN results in the complete absence of a regular sleep–wake rhythm. The SCN receives information about illumination through the eyes.', 'Three broad types of distinct brain activity patterns can be measured: REM, light NREM and deep NREM. During deep NREM sleep, also called slow wave sleep, activity in the cortex takes the form of large synchronized waves, whereas in the waking state it is noisy and desynchronized. Levels of the neurotransmitters norepinephrine and serotonin drop during slow wave sleep, and fall almost to zero during REM sleep; levels of acetylcholine show the reverse pattern.', 'Sleep involves great changes in brain activity. Until the 1950s it was generally believed that the brain essentially shuts off during sleep, but this is now known to be far from true; activity continues, but patterns become very different. There are two types of sleep: REM sleep (with dreaming) and NREM (non-REM, usually without dreaming) sleep, which repeat in slightly varying patterns throughout a sleep episode.', 'The retina of the eye contains ""classical"" photoreceptors (""rods"" and ""cones""), which are used for conventional vision. But the retina also contains specialized ganglion cells that are directly photosensitive, and project directly to the SCN, where they help in the entrainment (synchronization) of this master circadian clock.', 'What drove circadian rhythms to evolve has been an enigmatic question. Previous hypotheses emphasized that photosensitive proteins and circadian rhythms may have originated together in the earliest cells, with the purpose of protecting replicating DNA from high levels of damaging ultraviolet radiation during the daytime. As a result, replication was relegated to the dark.']",,complete absence,83.9128999505192,326.53819990810007
What provides information to the SCN?,"['Such information must be located and returned to the consciousness. Some retrieval attempts may be effortless due to the type of information, and other attempts to remember stored information may be more demanding for various reasons.', 'The retina of the eye contains ""classical"" photoreceptors (""rods"" and ""cones""), which are used for conventional vision. But the retina also contains specialized ganglion cells that are directly photosensitive, and project directly to the SCN, where they help in the entrainment (synchronization) of this master circadian clock.', 'The primary circadian ""clock"" in mammals is located in the suprachiasmatic nucleus (or nuclei) (SCN), a pair of distinct groups of cells located in the hypothalamus. Destruction of the SCN results in the complete absence of a regular sleep–wake rhythm. The SCN receives information about illumination through the eyes.', 'The cyberspace support mission incorporates CNE and CND techniques. It incorporates all elements of Air Force Network Operations, information transport, enterprise management, and information assurance, and is dependent on ISR and all-source intelligence.', 'The resulting digital stream of 1s and 0s is subdivided into labeled packets, which are then transmitted through a digital network of some kind (usually ISDN or IP). The use of audio modems in the transmission line allow for the use of POTS, or the Plain Old Telephone System, in some low-speed applications, such as videotelephony, because they convert the digital pulses to/from analog waves in the audio spectrum range.']",,eyes,79.2194000678137,353.7668000208214
What special cells in the eyes communicate directly to the SCN cells?,"['The retina of the eye contains ""classical"" photoreceptors (""rods"" and ""cones""), which are used for conventional vision. But the retina also contains specialized ganglion cells that are directly photosensitive, and project directly to the SCN, where they help in the entrainment (synchronization) of this master circadian clock.', 'The brains of all species are composed primarily of two broad classes of cells: neurons and glial cells. Glial cells (also known as glia or neuroglia) come in several types, and perform a number of critical functions, including structural support, metabolic support, insulation, and guidance of development. Neurons, however, are usually considered the most important cells in the brain.', 'The property that makes neurons unique is their ability to send signals to specific target cells over long distances. They send these signals by means of an axon, which is a thin protoplasmic fiber that extends from the cell body and projects, usually with numerous branches, to other areas, sometimes nearby, sometimes in distant parts of the brain or body. The length of an axon can be extraordinary: for example, if a pyramidal cell, (an excitatory neuron) of the cerebral cortex were magnified so that its cell body became the size of a human body, its axon, equally magnified, would become a cable a few centimeters in diameter, extending more than a kilometer.', 'The primary circadian ""clock"" in mammals is located in the suprachiasmatic nucleus (or nuclei) (SCN), a pair of distinct groups of cells located in the hypothalamus. Destruction of the SCN results in the complete absence of a regular sleep–wake rhythm. The SCN receives information about illumination through the eyes.', 'These light-gathering complexes may even form lipid-enclosed structures called chlorosomes in green sulfur bacteria. Other proteins import nutrients across the cell membrane, or expel undesired molecules from the cytoplasm.']",,ganglion,76.24560000840575,341.58809995278716
What is the the strata of predator prey interaction called?,"['A predator at the top of any food chain (that is, one that is preyed upon by no organism) is called an apex predator; examples include the orca, sperm whale, anaconda, Komodo dragon, tiger, lion, tiger shark, Nile crocodile, and most eagles and owls—and even omnivorous humans and grizzly bears. An apex predator in one environment may not retain this position as a top predator if introduced to another habitat, such as a dog among alligators, a skunk in the presence of the great horned owl immune to skunk spray, or a snapping turtle among jaguars; a predatory species introduced into an area where it faces no predators, such as a domestic cat or a dog in some insular environments, can become an apex predator by default.', ""Predators are often another organism's prey, and likewise prey are often predators. Though blue jays prey on insects, they may in turn be prey for cats and snakes, and snakes may be the prey of hawks. One way of classifying predators is by trophic level."", ""In an ecosystem, predation is a biological interaction where a predator (an organism that is hunting) feeds on its prey (the organism that is attacked). Predators may or may not kill their prey prior to feeding on them, but the act of predation often results in the death of the prey and the eventual absorption of the prey's tissue through consumption. Thus predation is often, though not always, carnivory."", 'Extreme specialization of roles is evident in some hunting that requires co-operation between predators of very different species: humans with the aid of falcons or dogs, or fishing with cormorants. Social predation is often very complex behavior, and not all social creatures (for example, domestic cats) perform it. Even without complex intelligence but instinct alone, some ant species can destroy much larger creatures.', 'Organisms that feed on autotrophs, the producers of the trophic pyramid, are known as herbivores or primary consumers; those that feed on heterotrophs such as animals are known as secondary consumers. Secondary consumers are a type of carnivore, but there are also tertiary consumers eating these carnivores, quartary consumers eating them, and so forth. Because only a fraction of energy is passed on to the next level, this hierarchy of predation must end somewhere, and very seldom goes higher than five or six levels, and may go only as high as three trophic levels (for example, a lion that preys upon large herbivores such as wildebeest, which in turn eat grasses).']",,trophic level,86.7735999636352,341.07689990196377
What is the top predator in an environment called? ,"['A predator at the top of any food chain (that is, one that is preyed upon by no organism) is called an apex predator; examples include the orca, sperm whale, anaconda, Komodo dragon, tiger, lion, tiger shark, Nile crocodile, and most eagles and owls—and even omnivorous humans and grizzly bears. An apex predator in one environment may not retain this position as a top predator if introduced to another habitat, such as a dog among alligators, a skunk in the presence of the great horned owl immune to skunk spray, or a snapping turtle among jaguars; a predatory species introduced into an area where it faces no predators, such as a domestic cat or a dog in some insular environments, can become an apex predator by default.', 'Predators may increase the biodiversity of communities by preventing a single species from becoming dominant. Such predators are known as keystone species and may have a profound influence on the balance of organisms in a particular ecosystem. Introduction or removal of this predator, or changes in its population density, can have drastic cascading effects on the equilibrium of many other populations in the ecosystem.', ""Predators are often another organism's prey, and likewise prey are often predators. Though blue jays prey on insects, they may in turn be prey for cats and snakes, and snakes may be the prey of hawks. One way of classifying predators is by trophic level."", 'Organisms that feed on autotrophs, the producers of the trophic pyramid, are known as herbivores or primary consumers; those that feed on heterotrophs such as animals are known as secondary consumers. Secondary consumers are a type of carnivore, but there are also tertiary consumers eating these carnivores, quartary consumers eating them, and so forth. Because only a fraction of energy is passed on to the next level, this hierarchy of predation must end somewhere, and very seldom goes higher than five or six levels, and may go only as high as three trophic levels (for example, a lion that preys upon large herbivores such as wildebeest, which in turn eat grasses).', ""In an ecosystem, predation is a biological interaction where a predator (an organism that is hunting) feeds on its prey (the organism that is attacked). Predators may or may not kill their prey prior to feeding on them, but the act of predation often results in the death of the prey and the eventual absorption of the prey's tissue through consumption. Thus predation is often, though not always, carnivory.""]",,apex predator,85.70539997890592,347.81159996055067
When a new apex predator moves into an area this changes. ,"['Predators may increase the biodiversity of communities by preventing a single species from becoming dominant. Such predators are known as keystone species and may have a profound influence on the balance of organisms in a particular ecosystem. Introduction or removal of this predator, or changes in its population density, can have drastic cascading effects on the equilibrium of many other populations in the ecosystem.', 'A predator at the top of any food chain (that is, one that is preyed upon by no organism) is called an apex predator; examples include the orca, sperm whale, anaconda, Komodo dragon, tiger, lion, tiger shark, Nile crocodile, and most eagles and owls—and even omnivorous humans and grizzly bears. An apex predator in one environment may not retain this position as a top predator if introduced to another habitat, such as a dog among alligators, a skunk in the presence of the great horned owl immune to skunk spray, or a snapping turtle among jaguars; a predatory species introduced into an area where it faces no predators, such as a domestic cat or a dog in some insular environments, can become an apex predator by default.', 'Some environmentalists assert[who?] that (re)introducing predators would achieve the same end with greater efficiency and less negative effect, such as introducing significant amounts of free lead into the environment and food chain.', ""Hunting is claimed to give resource managers an important tool in managing populations that might exceed the carrying capacity of their habitat and threaten the well-being of other species, or, in some instances, damage human health or safety.[citation needed] However, in most circumstances carrying capacity is determined by a combination habitat and food availability, and hunting for 'population control' has no effect on the annual population of species.[citation needed] In some cases, it can increase the population of predators such as coyotes by removing territorial bounds that would otherwise be established, resulting in excess neighbouring migrations into an area, thus artificially increasing the population. Hunting advocates[who?] assert that hunting reduces intraspecific competition for food and shelter, reducing mortality among the remaining animals."", 'For example, grazers of a grassland may prevent a single dominant species from taking over.']",,trophic pyramid,62.405799981206656,327.18999998178333
What limits the size of a trophic pyramid? ,"['Organisms that feed on autotrophs, the producers of the trophic pyramid, are known as herbivores or primary consumers; those that feed on heterotrophs such as animals are known as secondary consumers. Secondary consumers are a type of carnivore, but there are also tertiary consumers eating these carnivores, quartary consumers eating them, and so forth. Because only a fraction of energy is passed on to the next level, this hierarchy of predation must end somewhere, and very seldom goes higher than five or six levels, and may go only as high as three trophic levels (for example, a lion that preys upon large herbivores such as wildebeest, which in turn eat grasses).', 'These relationships can be essential for growth of a particular organism or group of organisms (syntrophy).', 'The Ecdysozoa are protostomes, named after the common trait of growth by moulting or ecdysis. The largest animal phylum belongs here, the Arthropoda, including insects, spiders, crabs, and their kin. All these organisms have a body divided into repeating segments, typically with paired appendages.', 'A predator at the top of any food chain (that is, one that is preyed upon by no organism) is called an apex predator; examples include the orca, sperm whale, anaconda, Komodo dragon, tiger, lion, tiger shark, Nile crocodile, and most eagles and owls—and even omnivorous humans and grizzly bears. An apex predator in one environment may not retain this position as a top predator if introduced to another habitat, such as a dog among alligators, a skunk in the presence of the great horned owl immune to skunk spray, or a snapping turtle among jaguars; a predatory species introduced into an area where it faces no predators, such as a domestic cat or a dog in some insular environments, can become an apex predator by default.', 'Some paleontologists suggest that animals appeared much earlier than the Cambrian explosion, possibly as early as 1 billion years ago. Trace fossils such as tracks and burrows found in the Tonian period indicate the presence of triploblastic worms, like metazoans, roughly as large (about 5 mm wide) and complex as earthworms. During the beginning of the Tonian period around 1 billion years ago, there was a decrease in Stromatolite diversity, which may indicate the appearance of grazing animals, since stromatolite diversity increased when grazing animals went extinct at the End Permian and End Ordovician extinction events, and decreased shortly after the grazer populations recovered.']",,energy,91.98810008820146,325.3779999213293
Which organisms are known as primary consumers?,"['Organisms that feed on autotrophs, the producers of the trophic pyramid, are known as herbivores or primary consumers; those that feed on heterotrophs such as animals are known as secondary consumers. Secondary consumers are a type of carnivore, but there are also tertiary consumers eating these carnivores, quartary consumers eating them, and so forth. Because only a fraction of energy is passed on to the next level, this hierarchy of predation must end somewhere, and very seldom goes higher than five or six levels, and may go only as high as three trophic levels (for example, a lion that preys upon large herbivores such as wildebeest, which in turn eat grasses).', 'Other categories of consumption are herbivory (eating parts of plants), fungivory (eating parts of fungi), and detritivory (the consumption of dead organic material (detritus)). All these consumption categories fall under the rubric of consumer-resource systems. It can often be difficult to separate various types of feeding behaviors.', 'For example, some parasitic species prey on a host organism and then lay their eggs on it for their offspring to feed on it while it continues to live in or on its decaying corpse after it has died. The key characteristic of predation however is the predator\'s direct impact on the prey population. On the other hand, detritivores simply eat dead organic material arising from the decay of dead individuals and have no direct impact on the ""donor"" organism(s).', 'Some insects perform complex ecological roles; blow-flies, for example, help consume carrion but also spread diseases. Insect pollinators are essential to the life-cycle of many flowering plant species on which most organisms, including humans, are at least partly dependent; without them, the terrestrial portion of the biosphere (including humans) would be devastated. Many other insects are considered ecologically beneficial as predators and a few provide direct economic benefit.', 'Earthworms are Oligochaetes that support terrestrial food chains both as prey and in some regions are important in aeration and enriching of soil. The burrowing of marine polychaetes, which may constitute up to a third of all species in near-shore environments, encourages the development of ecosystems by enabling water and oxygen to penetrate the sea floor. In addition to improving soil fertility, annelids serve humans as food and as bait.']",,Organisms that feed on autotrophs,87.38400007132441,350.4951000213623
What makes an organism a secondary consumer?,"['Organisms that feed on autotrophs, the producers of the trophic pyramid, are known as herbivores or primary consumers; those that feed on heterotrophs such as animals are known as secondary consumers. Secondary consumers are a type of carnivore, but there are also tertiary consumers eating these carnivores, quartary consumers eating them, and so forth. Because only a fraction of energy is passed on to the next level, this hierarchy of predation must end somewhere, and very seldom goes higher than five or six levels, and may go only as high as three trophic levels (for example, a lion that preys upon large herbivores such as wildebeest, which in turn eat grasses).', 'Other categories of consumption are herbivory (eating parts of plants), fungivory (eating parts of fungi), and detritivory (the consumption of dead organic material (detritus)). All these consumption categories fall under the rubric of consumer-resource systems. It can often be difficult to separate various types of feeding behaviors.', 'For example, some parasitic species prey on a host organism and then lay their eggs on it for their offspring to feed on it while it continues to live in or on its decaying corpse after it has died. The key characteristic of predation however is the predator\'s direct impact on the prey population. On the other hand, detritivores simply eat dead organic material arising from the decay of dead individuals and have no direct impact on the ""donor"" organism(s).', 'These relationships can be essential for growth of a particular organism or group of organisms (syntrophy).', ""In an ecosystem, predation is a biological interaction where a predator (an organism that is hunting) feeds on its prey (the organism that is attacked). Predators may or may not kill their prey prior to feeding on them, but the act of predation often results in the death of the prey and the eventual absorption of the prey's tissue through consumption. Thus predation is often, though not always, carnivory.""]",,feed on heterotrophs,66.71369995456189,335.74759995099157
What is an organism at the top of the food chain called?,"['Organisms that feed on autotrophs, the producers of the trophic pyramid, are known as herbivores or primary consumers; those that feed on heterotrophs such as animals are known as secondary consumers. Secondary consumers are a type of carnivore, but there are also tertiary consumers eating these carnivores, quartary consumers eating them, and so forth. Because only a fraction of energy is passed on to the next level, this hierarchy of predation must end somewhere, and very seldom goes higher than five or six levels, and may go only as high as three trophic levels (for example, a lion that preys upon large herbivores such as wildebeest, which in turn eat grasses).', 'A predator at the top of any food chain (that is, one that is preyed upon by no organism) is called an apex predator; examples include the orca, sperm whale, anaconda, Komodo dragon, tiger, lion, tiger shark, Nile crocodile, and most eagles and owls—and even omnivorous humans and grizzly bears. An apex predator in one environment may not retain this position as a top predator if introduced to another habitat, such as a dog among alligators, a skunk in the presence of the great horned owl immune to skunk spray, or a snapping turtle among jaguars; a predatory species introduced into an area where it faces no predators, such as a domestic cat or a dog in some insular environments, can become an apex predator by default.', 'The Ecdysozoa are protostomes, named after the common trait of growth by moulting or ecdysis. The largest animal phylum belongs here, the Arthropoda, including insects, spiders, crabs, and their kin. All these organisms have a body divided into repeating segments, typically with paired appendages.', 'Other categories of consumption are herbivory (eating parts of plants), fungivory (eating parts of fungi), and detritivory (the consumption of dead organic material (detritus)). All these consumption categories fall under the rubric of consumer-resource systems. It can often be difficult to separate various types of feeding behaviors.', 'Earthworms are Oligochaetes that support terrestrial food chains both as prey and in some regions are important in aeration and enriching of soil. The burrowing of marine polychaetes, which may constitute up to a third of all species in near-shore environments, encourages the development of ecosystems by enabling water and oxygen to penetrate the sea floor. In addition to improving soil fertility, annelids serve humans as food and as bait.']",,apex predator,105.7312999619171,320.57480001822114
How many levels does a predatory pyramid or heirarchy typically climb?,"['Organisms that feed on autotrophs, the producers of the trophic pyramid, are known as herbivores or primary consumers; those that feed on heterotrophs such as animals are known as secondary consumers. Secondary consumers are a type of carnivore, but there are also tertiary consumers eating these carnivores, quartary consumers eating them, and so forth. Because only a fraction of energy is passed on to the next level, this hierarchy of predation must end somewhere, and very seldom goes higher than five or six levels, and may go only as high as three trophic levels (for example, a lion that preys upon large herbivores such as wildebeest, which in turn eat grasses).', 'A predator at the top of any food chain (that is, one that is preyed upon by no organism) is called an apex predator; examples include the orca, sperm whale, anaconda, Komodo dragon, tiger, lion, tiger shark, Nile crocodile, and most eagles and owls—and even omnivorous humans and grizzly bears. An apex predator in one environment may not retain this position as a top predator if introduced to another habitat, such as a dog among alligators, a skunk in the presence of the great horned owl immune to skunk spray, or a snapping turtle among jaguars; a predatory species introduced into an area where it faces no predators, such as a domestic cat or a dog in some insular environments, can become an apex predator by default.', ""Predators are often another organism's prey, and likewise prey are often predators. Though blue jays prey on insects, they may in turn be prey for cats and snakes, and snakes may be the prey of hawks. One way of classifying predators is by trophic level."", 'Their cells are differentiated, but in most cases not organized into distinct tissues. Sponges typically feed by drawing in water through pores. However, a series of phylogenomic studies from 2008-2015 have found support for Ctenophora, or comb jellies, as the basal lineage of animals.', 'The larva grows and eventually becomes a pupa, a stage marked by reduced movement and often sealed within a cocoon. There are three types of pupae: obtect, exarate or coarctate. Obtect pupae are compact, with the legs and other appendages enclosed.']",,five or six levels,89.89489998202771,455.71360003668815
In what pyramid position is an organism not preyed upon by any other predators?,"['A predator at the top of any food chain (that is, one that is preyed upon by no organism) is called an apex predator; examples include the orca, sperm whale, anaconda, Komodo dragon, tiger, lion, tiger shark, Nile crocodile, and most eagles and owls—and even omnivorous humans and grizzly bears. An apex predator in one environment may not retain this position as a top predator if introduced to another habitat, such as a dog among alligators, a skunk in the presence of the great horned owl immune to skunk spray, or a snapping turtle among jaguars; a predatory species introduced into an area where it faces no predators, such as a domestic cat or a dog in some insular environments, can become an apex predator by default.', 'Organisms that feed on autotrophs, the producers of the trophic pyramid, are known as herbivores or primary consumers; those that feed on heterotrophs such as animals are known as secondary consumers. Secondary consumers are a type of carnivore, but there are also tertiary consumers eating these carnivores, quartary consumers eating them, and so forth. Because only a fraction of energy is passed on to the next level, this hierarchy of predation must end somewhere, and very seldom goes higher than five or six levels, and may go only as high as three trophic levels (for example, a lion that preys upon large herbivores such as wildebeest, which in turn eat grasses).', ""Predators are often another organism's prey, and likewise prey are often predators. Though blue jays prey on insects, they may in turn be prey for cats and snakes, and snakes may be the prey of hawks. One way of classifying predators is by trophic level."", 'Predators may increase the biodiversity of communities by preventing a single species from becoming dominant. Such predators are known as keystone species and may have a profound influence on the balance of organisms in a particular ecosystem. Introduction or removal of this predator, or changes in its population density, can have drastic cascading effects on the equilibrium of many other populations in the ecosystem.', ""In an ecosystem, predation is a biological interaction where a predator (an organism that is hunting) feeds on its prey (the organism that is attacked). Predators may or may not kill their prey prior to feeding on them, but the act of predation often results in the death of the prey and the eventual absorption of the prey's tissue through consumption. Thus predation is often, though not always, carnivory.""]",,the top,66.13040005322546,341.68070007581264
Who had a wine cellar at the Palace of Whitehall?,"[""Henry VIII's wine cellar at the Palace of Whitehall, built in 1514–1516 for Cardinal Wolsey, is in the basement of Main Building, and is used for entertainment. The entire vaulted brick structure of the cellar was encased in steel and concrete and relocated nine feet to the west and nearly 19 feet (5.8 m) deeper in 1949, when construction was resumed at the site after World War II. This was carried out without any significant damage to the structure."", ""Investitures, which include the conferring of knighthoods by dubbing with a sword, and other awards take place in the palace's Ballroom, built in 1854. At 36.6 m (120 ft) long, 18 m (59 ft) wide and 13.5 m (44 ft) high, it is the largest room in the palace. It has replaced the throne room in importance and use."", 'Westminster Abbey, formally titled the Collegiate Church of St Peter at Westminster, is a large, mainly Gothic abbey church in the City of Westminster, London, located just to the west of the Palace of Westminster. It is one of the most notable religious buildings in the United Kingdom and has been the traditional place of coronation and burial site for English and, later, British monarchs. Between 1540 and 1556 the abbey had the status of a cathedral.', ""The house which forms the architectural core of the palace was built for the first Duke of Buckingham and Normanby in 1703 to the design of William Winde. The style chosen was of a large, three-floored central block with two smaller flanking service wings. Buckingham House was eventually sold by Buckingham's descendant, Sir Charles Sheffield, in 1761 to George III for £21,000."", ""Napoleon III, since the Crimean War Britain's closest ally, visited London in April 1855, and from 17 to 28 August the same year Victoria and Albert returned the visit. Napoleon III met the couple at Dunkirk and accompanied them to Paris. They visited the Exposition Universelle (a successor to Albert's 1851 brainchild the Great Exhibition) and Napoleon I's tomb at Les Invalides (to which his remains had only been returned in 1840), and were guests of honour at a 1,200-guest ball at the Palace of Versailles.""]",,Henry VIII,71.66759995743632,341.18900005705655
Where is Henry VIII's wine cellar?,"[""Henry VIII's wine cellar at the Palace of Whitehall, built in 1514–1516 for Cardinal Wolsey, is in the basement of Main Building, and is used for entertainment. The entire vaulted brick structure of the cellar was encased in steel and concrete and relocated nine feet to the west and nearly 19 feet (5.8 m) deeper in 1949, when construction was resumed at the site after World War II. This was carried out without any significant damage to the structure."", ""Investitures, which include the conferring of knighthoods by dubbing with a sword, and other awards take place in the palace's Ballroom, built in 1854. At 36.6 m (120 ft) long, 18 m (59 ft) wide and 13.5 m (44 ft) high, it is the largest room in the palace. It has replaced the throne room in importance and use."", 'What they did not contain was hops, as that was a later addition, first mentioned in Europe around 822 by a Carolingian Abbot and again in 1067 by Abbess Hildegard of Bingen.', 'Since 1560, however, the building is no longer an abbey nor a cathedral, having instead the status of a Church of England ""Royal Peculiar""—a church responsible directly to the sovereign. The building itself is the original abbey church.', 'A new device for granting assent was created during the reign of King Henry VIII. In 1542, Henry sought to execute his fifth wife, Catherine Howard, whom he accused of committing adultery; the execution was to be authorised not after a trial but by a bill of attainder, to which he would have to personally assent after listening to the entire text. Henry decided that ""the repetition of so grievous a Story and the recital of so infamous a crime"" in his presence ""might reopen a Wound already closing in the Royal Bosom"".']",,the basement of Main Building,71.99940003920346,343.57569995336235
When was the cellar in the basement of Main Building built?,"[""Henry VIII's wine cellar at the Palace of Whitehall, built in 1514–1516 for Cardinal Wolsey, is in the basement of Main Building, and is used for entertainment. The entire vaulted brick structure of the cellar was encased in steel and concrete and relocated nine feet to the west and nearly 19 feet (5.8 m) deeper in 1949, when construction was resumed at the site after World War II. This was carried out without any significant damage to the structure."", 'On the wharfs storage facilities (werfkelders) were built, on top of which the main street, including houses was constructed. The wharfs and the cellars are accessible from a platform at water level with stairs descending from the street level to form a unique structure.[nb 2] The relations between the bishop, who controlled many lands outside of the city, and the citizens of Utrecht was not always easy. The bishop, for example dammed the Kromme Rijn at Wijk bij Duurstede to protect his estates from flooding.', ""Stone and brick became the city's building materials of choice after the construction of wood-frame houses was limited in the aftermath of the Great Fire of 1835. A distinctive feature of many of the city's buildings is the wooden roof-mounted water towers. In the 1800s, the city required their installation on buildings higher than six stories to prevent the need for excessively high water pressures at lower elevations, which could break municipal water pipes."", 'Strasbourg also offers high-class eclecticist buildings in its very extended German district, the Neustadt, being the main memory of Wilhelmian architecture since most of the major cities in Germany proper suffered intensive damage during World War II. Streets, boulevards and avenues are homogeneous, surprisingly high (up to seven stories) and broad examples of German urban lay-out and of this architectural style that summons and mixes up five centuries of European architecture as well as Neo-Egyptian, Neo-Greek and Neo-Babylonian styles. The former imperial palace Palais du Rhin, the most political and thus heavily criticized of all German Strasbourg buildings epitomizes the grand scale and stylistic sturdiness of this period.', 'Before this the internal plan and function of the rooms can generally not be deduced from the outside. To open these large windows the sash window, already developed by the 1670s, became very widespread. Corridor plans became universal inside larger houses.']",,1514–1516,66.82589999400079,367.23289999645203
What is the main material used to build the cellar in the basement of Main Building?,"[""Henry VIII's wine cellar at the Palace of Whitehall, built in 1514–1516 for Cardinal Wolsey, is in the basement of Main Building, and is used for entertainment. The entire vaulted brick structure of the cellar was encased in steel and concrete and relocated nine feet to the west and nearly 19 feet (5.8 m) deeper in 1949, when construction was resumed at the site after World War II. This was carried out without any significant damage to the structure."", ""Stone and brick became the city's building materials of choice after the construction of wood-frame houses was limited in the aftermath of the Great Fire of 1835. A distinctive feature of many of the city's buildings is the wooden roof-mounted water towers. In the 1800s, the city required their installation on buildings higher than six stories to prevent the need for excessively high water pressures at lower elevations, which could break municipal water pipes."", 'On the wharfs storage facilities (werfkelders) were built, on top of which the main street, including houses was constructed. The wharfs and the cellars are accessible from a platform at water level with stairs descending from the street level to form a unique structure.[nb 2] The relations between the bishop, who controlled many lands outside of the city, and the citizens of Utrecht was not always easy. The bishop, for example dammed the Kromme Rijn at Wijk bij Duurstede to protect his estates from flooding.', 'They built this by constructing and linking several arches. Sumerian temples and palaces made use of more advanced materials and techniques,[citation needed] such as buttresses, recesses, half columns, and clay nails.', 'In buildings made of other materials, wood will still be found as a supporting material, especially in roof construction, in interior doors and their frames, and as exterior cladding.']",,brick,72.85310002043843,344.02899991255254
When was the cellar relocated?,"[""Henry VIII's wine cellar at the Palace of Whitehall, built in 1514–1516 for Cardinal Wolsey, is in the basement of Main Building, and is used for entertainment. The entire vaulted brick structure of the cellar was encased in steel and concrete and relocated nine feet to the west and nearly 19 feet (5.8 m) deeper in 1949, when construction was resumed at the site after World War II. This was carried out without any significant damage to the structure."", 'On the wharfs storage facilities (werfkelders) were built, on top of which the main street, including houses was constructed. The wharfs and the cellars are accessible from a platform at water level with stairs descending from the street level to form a unique structure.[nb 2] The relations between the bishop, who controlled many lands outside of the city, and the citizens of Utrecht was not always easy. The bishop, for example dammed the Kromme Rijn at Wijk bij Duurstede to protect his estates from flooding.', 'A new engineering building, Stinson-Remick Hall, a new combination Center for Social Concerns/Institute for Church Life building, Geddes Hall, and a law school addition have recently been completed as well. Additionally the new hockey arena opened in the fall of 2011. The Stayer Center for Executive Education, which houses the Mendoza College of Business Executive Education Department opened in March 2013 just South of the Mendoza College of Business building.', 'Since 2004, several buildings have been added, including the DeBartolo Performing Arts Center, the Guglielmino Complex, and the Jordan Hall of Science. Additionally, a new residence for men, Duncan Hall, was begun on March 8, 2007, and began accepting residents for the Fall 2008 semester. Ryan Hall was completed and began housing undergraduate women in the fall of 2009.', 'Town terraced houses for all social classes remained resolutely tall and narrow, each dwelling occupying the whole height of the building. This contrasted with well-off continental dwellings, which had already begun to be formed of wide apartments occupying only one or two floors of a building; such arrangements were only typical in England when housing groups of batchelors, as in Oxbridge colleges, the lawyers in the Inns of Court or The Albany after it was converted in 1802. In the period in question, only in Edinburgh were working-class purpose-built tenements common, though lodgers were common in other cities.']",,1949,59.43999998271465,344.9678000761196
What Country are the Alps located in?,"['The Alps (/ælps/; Italian: Alpi [ˈalpi]; French: Alpes [alp]; German: Alpen [ˈʔalpm̩]; Slovene: Alpe [ˈáːlpɛ]) are the highest and most extensive mountain range system that lies entirely in Europe, stretching approximately 1,200 kilometres (750 mi) across eight Alpine countries: Austria, France, Germany, Italy, Liechtenstein, Monaco, Slovenia, and Switzerland. The Caucasus Mountains are higher, and the Urals longer, but both lie partly in Asia. The mountains were formed over tens of millions of years as the African and Eurasian tectonic plates collided.', ""At present the Alps are one of the more popular tourist destinations in the world with many resorts such Oberstdorf, in Bavaria, Saalbach in Austria, Davos in Switzerland, Chamonix in France, and Cortina d'Ampezzo in Italy recording more than a million annual visitors. With over 120 million visitors a year tourism is integral to the Alpine economy with much it coming from winter sports although summer visitors are an important component of the tourism industry."", ""The region is serviced by 4,200 km (2,600 mi) of roads used by 6 million vehicles. Train travel is well established in the Alps, with, for instance 120 km (75 mi) of track for every 1,000 km2 (390 sq mi) in a country such as Switzerland. Most of Europe's highest railways are located there."", ""48 of Switzerland's mountains are 4,000 metres (13,000 ft) above sea in altitude or higher. At 4,634 m (15,203 ft), Monte Rosa is the highest, although the Matterhorn (4,478 m or 14,692 ft) is often regarded as the most famous. Both are located within the Pennine Alps in the canton of Valais."", 'Glaciers are present on every continent and approximately fifty countries, excluding those (Australia, South Africa) that have glaciers only on distant subantarctic island territories. Extensive glaciers are found in Antarctica, Chile, Canada, Alaska, Greenland and Iceland. Mountain glaciers are widespread, especially in the Andes, the Himalayas, the Rocky Mountains, the Caucasus, and the Alps.']",,Europe,87.44739997200668,346.6262000147253
How many kilometres do the Alps stretch?,"['The Alps (/ælps/; Italian: Alpi [ˈalpi]; French: Alpes [alp]; German: Alpen [ˈʔalpm̩]; Slovene: Alpe [ˈáːlpɛ]) are the highest and most extensive mountain range system that lies entirely in Europe, stretching approximately 1,200 kilometres (750 mi) across eight Alpine countries: Austria, France, Germany, Italy, Liechtenstein, Monaco, Slovenia, and Switzerland. The Caucasus Mountains are higher, and the Urals longer, but both lie partly in Asia. The mountains were formed over tens of millions of years as the African and Eurasian tectonic plates collided.', ""The region is serviced by 4,200 km (2,600 mi) of roads used by 6 million vehicles. Train travel is well established in the Alps, with, for instance 120 km (75 mi) of track for every 1,000 km2 (390 sq mi) in a country such as Switzerland. Most of Europe's highest railways are located there."", 'Extreme shortening caused by the event resulted in marine sedimentary rocks rising by thrusting and folding into high mountain peaks such as Mont Blanc and the Matterhorn. Mont Blanc spans the French–Italian border, and at 4,810 m (15,781 ft) is the highest mountain in the Alps. The Alpine region area contains about a hundred peaks higher than 4,000 m (13,123 ft), known as the ""four-thousanders"".', ""48 of Switzerland's mountains are 4,000 metres (13,000 ft) above sea in altitude or higher. At 4,634 m (15,203 ft), Monte Rosa is the highest, although the Matterhorn (4,478 m or 14,692 ft) is often regarded as the most famous. Both are located within the Pennine Alps in the canton of Valais."", ""At present the Alps are one of the more popular tourist destinations in the world with many resorts such Oberstdorf, in Bavaria, Saalbach in Austria, Davos in Switzerland, Chamonix in France, and Cortina d'Ampezzo in Italy recording more than a million annual visitors. With over 120 million visitors a year tourism is integral to the Alpine economy with much it coming from winter sports although summer visitors are an important component of the tourism industry.""]",,"1,200 kilometres",63.5661999695003,384.8230999428779
How long has it taken for the Alps to form? ,"['The Alps (/ælps/; Italian: Alpi [ˈalpi]; French: Alpes [alp]; German: Alpen [ˈʔalpm̩]; Slovene: Alpe [ˈáːlpɛ]) are the highest and most extensive mountain range system that lies entirely in Europe, stretching approximately 1,200 kilometres (750 mi) across eight Alpine countries: Austria, France, Germany, Italy, Liechtenstein, Monaco, Slovenia, and Switzerland. The Caucasus Mountains are higher, and the Urals longer, but both lie partly in Asia. The mountains were formed over tens of millions of years as the African and Eurasian tectonic plates collided.', 'The formation of the Alps (the Alpine orogeny) was an episodic process that began about 300 million years ago. In the Paleozoic Era the Pangaean supercontinent consisted of a single tectonic plate; it broke into separate plates during the Mesozoic Era and the Tethys sea developed between Laurasia and Gondwana during the Jurassic Period. The Tethys was later squeezed between colliding plates causing the formation of mountain ranges called the Alpide belt, from Gibraltar through the Himalayas to Indonesia—a process that began at the end of the Mesozoic and continues into the present.', 'The formation of the Alps was a segment of this orogenic process, caused by the collision between the African and the Eurasian plates that began in the late Cretaceous Period.', 'Extreme shortening caused by the event resulted in marine sedimentary rocks rising by thrusting and folding into high mountain peaks such as Mont Blanc and the Matterhorn. Mont Blanc spans the French–Italian border, and at 4,810 m (15,781 ft) is the highest mountain in the Alps. The Alpine region area contains about a hundred peaks higher than 4,000 m (13,123 ft), known as the ""four-thousanders"".', ""At present the Alps are one of the more popular tourist destinations in the world with many resorts such Oberstdorf, in Bavaria, Saalbach in Austria, Davos in Switzerland, Chamonix in France, and Cortina d'Ampezzo in Italy recording more than a million annual visitors. With over 120 million visitors a year tourism is integral to the Alpine economy with much it coming from winter sports although summer visitors are an important component of the tourism industry.""]",,over tens of millions of years,62.17829999513924,364.6749999606982
What is the highest mountain in the Alps?,"['The highest peaks of the Western Alps and Eastern Alps, respectively, are Mont Blanc, at 4,810 m (15,780 ft) and Piz Bernina at 4,049 metres (13,284 ft). The second-highest major peaks are Monte Rosa at 4,634 m (15,200 ft) and Ortler at 3,905 m (12,810 ft), respectively', 'The Alps (/ælps/; Italian: Alpi [ˈalpi]; French: Alpes [alp]; German: Alpen [ˈʔalpm̩]; Slovene: Alpe [ˈáːlpɛ]) are the highest and most extensive mountain range system that lies entirely in Europe, stretching approximately 1,200 kilometres (750 mi) across eight Alpine countries: Austria, France, Germany, Italy, Liechtenstein, Monaco, Slovenia, and Switzerland. The Caucasus Mountains are higher, and the Urals longer, but both lie partly in Asia. The mountains were formed over tens of millions of years as the African and Eurasian tectonic plates collided.', ""48 of Switzerland's mountains are 4,000 metres (13,000 ft) above sea in altitude or higher. At 4,634 m (15,203 ft), Monte Rosa is the highest, although the Matterhorn (4,478 m or 14,692 ft) is often regarded as the most famous. Both are located within the Pennine Alps in the canton of Valais."", 'Extreme shortening caused by the event resulted in marine sedimentary rocks rising by thrusting and folding into high mountain peaks such as Mont Blanc and the Matterhorn. Mont Blanc spans the French–Italian border, and at 4,810 m (15,781 ft) is the highest mountain in the Alps. The Alpine region area contains about a hundred peaks higher than 4,000 m (13,123 ft), known as the ""four-thousanders"".', 'The section of the Bernese Alps above the deep glacial Lauterbrunnen valley, containing 72 waterfalls, is well known for the Jungfrau (4,158 m or 13,642 ft) Eiger and Mönch, and the many picturesque valleys in the region. In the southeast the long Engadin Valley, encompassing the St. Moritz area in canton of Graubünden, is also well known; the highest peak in the neighbouring Bernina Alps is Piz Bernina (4,049 m or 13,284 ft).']",,Mont Blanc,52.282099961303174,331.29960007499903
The Alpine region is also known as what? ,"['The Alps (/ælps/; Italian: Alpi [ˈalpi]; French: Alpes [alp]; German: Alpen [ˈʔalpm̩]; Slovene: Alpe [ˈáːlpɛ]) are the highest and most extensive mountain range system that lies entirely in Europe, stretching approximately 1,200 kilometres (750 mi) across eight Alpine countries: Austria, France, Germany, Italy, Liechtenstein, Monaco, Slovenia, and Switzerland. The Caucasus Mountains are higher, and the Urals longer, but both lie partly in Asia. The mountains were formed over tens of millions of years as the African and Eurasian tectonic plates collided.', 'The formation of the Alps (the Alpine orogeny) was an episodic process that began about 300 million years ago. In the Paleozoic Era the Pangaean supercontinent consisted of a single tectonic plate; it broke into separate plates during the Mesozoic Era and the Tethys sea developed between Laurasia and Gondwana during the Jurassic Period. The Tethys was later squeezed between colliding plates causing the formation of mountain ranges called the Alpide belt, from Gibraltar through the Himalayas to Indonesia—a process that began at the end of the Mesozoic and continues into the present.', ""At present the Alps are one of the more popular tourist destinations in the world with many resorts such Oberstdorf, in Bavaria, Saalbach in Austria, Davos in Switzerland, Chamonix in France, and Cortina d'Ampezzo in Italy recording more than a million annual visitors. With over 120 million visitors a year tourism is integral to the Alpine economy with much it coming from winter sports although summer visitors are an important component of the tourism industry."", 'The east coast Appalachian system, originally forest covered, is relatively low and narrow and is bordered on the southeast and south by an important coastal plain. The Cordilleran system on the western side of the continent is lofty, broad and complicated having two branches, the Rocky Mountain System and the Pacific Mountain System. In between these mountain systems lie the Intermontaine Plateaus.', 'Extreme shortening caused by the event resulted in marine sedimentary rocks rising by thrusting and folding into high mountain peaks such as Mont Blanc and the Matterhorn. Mont Blanc spans the French–Italian border, and at 4,810 m (15,781 ft) is the highest mountain in the Alps. The Alpine region area contains about a hundred peaks higher than 4,000 m (13,123 ft), known as the ""four-thousanders"".']",,"the ""four-thousanders""",63.428199966438115,343.5690999031067
Name a reason to take a database backward in time?,"['from databases before the inception of Structured Query Language (SQL). The data recovered was disparate, redundant and disorderly, since there was no proper method to fetch it and arrange it in a concrete structure.[citation needed]', ""Sometimes it is desired to bring a database back to a previous state (for many reasons, e.g., cases when the database is found corrupted due to a software error, or if it has been updated with erroneous data). To achieve this a backup operation is done occasionally or continuously, where each desired database state (i.e., the values of its data and their embedding in database's data structures) is kept within dedicated backup files (many techniques exist to do this effectively). When this state is needed, i.e., when it is decided by a database administrator to bring the database back to this state (e.g., by specifying this state by a desired point in time when the database was in this state), these files are utilized to restore that state."", ""However, a general-purpose DBMS is not always the optimal solution: in some cases a general-purpose DBMS may introduce unnecessary overhead. Therefore, there are many examples of systems that use special-purpose databases. A common example is an email system that performs many of the functions of a general-purpose DBMS such as the insertion and deletion of messages composed of various items of data or associating messages with a particular email address; but these functions are limited to what is required to handle email and don't provide the user with all of the functionality that would be available using a general-purpose DBMS."", 'A DBMS has evolved into a complex software system and its development typically requires thousands of human years of development effort.[a] Some general-purpose DBMSs such as Adabas, Oracle and DB2 have been undergoing upgrades since the 1970s. General-purpose DBMSs aim to meet the needs of as many applications as possible, which adds to the complexity. However, the fact that their development cost can be spread over a large number of users means that they are often the most cost-effective approach.', 'Early computing machines had fixed programs. Changing its function required the re-wiring and re-structuring of the machine. With the proposal of the stored-program computer this changed.']",,database is found corrupted,64.62029996328056,328.82259995676577
Is each database backup kept in the same file?,"[""Sometimes it is desired to bring a database back to a previous state (for many reasons, e.g., cases when the database is found corrupted due to a software error, or if it has been updated with erroneous data). To achieve this a backup operation is done occasionally or continuously, where each desired database state (i.e., the values of its data and their embedding in database's data structures) is kept within dedicated backup files (many techniques exist to do this effectively). When this state is needed, i.e., when it is decided by a database administrator to bring the database back to this state (e.g., by specifying this state by a desired point in time when the database was in this state), these files are utilized to restore that state."", 'As of 2009[update], the Wayback Machine contained approximately three petabytes of data and was growing at a rate of 100 terabytes each month; the growth rate reported in 2003 was 12 terabytes/month. The data is stored on PetaBox rack systems manufactured by Capricorn Technologies.', 'Physically, database servers are dedicated computers that hold the actual databases and run only the DBMS and related software. Database servers are usually multiprocessor computers, with generous memory and RAID disk arrays used for stable storage. RAID is used for recovery of data if any of the disks fail.', 'from databases before the inception of Structured Query Language (SQL). The data recovered was disparate, redundant and disorderly, since there was no proper method to fetch it and arrange it in a concrete structure.[citation needed]', 'Some viruses store their entire genomes in the form of RNA, and contain no DNA at all. Because they use RNA to store genes, their cellular hosts may synthesize their proteins as soon as they are infected and without the delay in waiting for transcription. On the other hand, RNA retroviruses, such as HIV, require the reverse transcription of their genome from RNA into DNA before their proteins can be synthesized.']",,dedicated backup files,74.90120001602918,344.5272999815643
Who can restore a database that has been corrupted?,"[""Sometimes it is desired to bring a database back to a previous state (for many reasons, e.g., cases when the database is found corrupted due to a software error, or if it has been updated with erroneous data). To achieve this a backup operation is done occasionally or continuously, where each desired database state (i.e., the values of its data and their embedding in database's data structures) is kept within dedicated backup files (many techniques exist to do this effectively). When this state is needed, i.e., when it is decided by a database administrator to bring the database back to this state (e.g., by specifying this state by a desired point in time when the database was in this state), these files are utilized to restore that state."", 'from databases before the inception of Structured Query Language (SQL). The data recovered was disparate, redundant and disorderly, since there was no proper method to fetch it and arrange it in a concrete structure.[citation needed]', 'Physically, database servers are dedicated computers that hold the actual databases and run only the DBMS and related software. Database servers are usually multiprocessor computers, with generous memory and RAID disk arrays used for stable storage. RAID is used for recovery of data if any of the disks fail.', 'Damages from fraud can be recovered by use of the False Claims Act, most commonly under the qui tam provisions which rewards an individual for being a ""whistleblower"", or relator (law).', 'A DBMS has evolved into a complex software system and its development typically requires thousands of human years of development effort.[a] Some general-purpose DBMSs such as Adabas, Oracle and DB2 have been undergoing upgrades since the 1970s. General-purpose DBMSs aim to meet the needs of as many applications as possible, which adds to the complexity. However, the fact that their development cost can be spread over a large number of users means that they are often the most cost-effective approach.']",,database administrator,66.61739991977811,377.66280001960695
What parameter is requiret to restore a database?,"[""Sometimes it is desired to bring a database back to a previous state (for many reasons, e.g., cases when the database is found corrupted due to a software error, or if it has been updated with erroneous data). To achieve this a backup operation is done occasionally or continuously, where each desired database state (i.e., the values of its data and their embedding in database's data structures) is kept within dedicated backup files (many techniques exist to do this effectively). When this state is needed, i.e., when it is decided by a database administrator to bring the database back to this state (e.g., by specifying this state by a desired point in time when the database was in this state), these files are utilized to restore that state."", 'from databases before the inception of Structured Query Language (SQL). The data recovered was disparate, redundant and disorderly, since there was no proper method to fetch it and arrange it in a concrete structure.[citation needed]', 'Physically, database servers are dedicated computers that hold the actual databases and run only the DBMS and related software. Database servers are usually multiprocessor computers, with generous memory and RAID disk arrays used for stable storage. RAID is used for recovery of data if any of the disks fail.', 'Such information must be located and returned to the consciousness. Some retrieval attempts may be effortless due to the type of information, and other attempts to remember stored information may be more demanding for various reasons.', 'When maintenance is performed on asphalt pavements, such as milling to remove a worn or damaged surface, the removed material can be returned to a facility for processing into new pavement mixtures. The asphalt/bitumen in the removed material can be reactivated and put back to use in new pavement mixes. With some 95% of paved roads being constructed of or surfaced with asphalt, a substantial amount of asphalt pavement material is reclaimed each year.']",,desired point in time,58.87469998560846,432.0469000376761
What was the name of the mechanical computer that used automation?,"['By 1938 the United States Navy had developed an electromechanical analog computer small enough to use aboard a submarine. This was the Torpedo Data Computer, which used trigonometry to solve the problem of firing a torpedo at a moving target. During World War II similar devices were developed in other countries as well.', 'The Engine incorporated an arithmetic logic unit, control flow in the form of conditional branching and loops, and integrated memory, making it the first design for a general-purpose computer that could be described in modern terms as Turing-complete.', 'In the US, John Vincent Atanasoff and Clifford E. Berry of Iowa State University developed and tested the Atanasoff–Berry Computer (ABC) in 1942, the first ""automatic electronic digital computer"". This design was also all-electronic and used about 300 vacuum tubes, with capacitors fixed in a mechanically rotating drum for memory.', ""In 1941, Zuse followed his earlier machine up with the Z3, the world's first working electromechanical programmable, fully automatic digital computer. The Z3 was built with 2000 relays, implementing a 22 bit word length that operated at a clock frequency of about 5–10 Hz. Program code was supplied on punched film while data could be stored in 64 words of memory or supplied from the keyboard."", 'Charles Babbage, an English mechanical engineer and polymath, originated the concept of a programmable computer. Considered the ""father of the computer"", he conceptualized and invented the first mechanical computer in the early 19th century. After working on his revolutionary difference engine, designed to aid in navigational calculations, in 1833 he realized that a much more general design, an Analytical Engine, was possible.']",,the Kerrison Predictor,63.054699916392565,374.11400000564754
What did the Predictor calculate after it was pointed at a target?,"[""However, the problem of deflection settings — 'aim-off' — required knowing the rate of change in the target's position. Both France and UK introduced tachymetric devices to track targets and produce vertical and horizontal deflection angles. The French Brocq system was electrical, the operator entered the target range and had displays at guns; it was used with their 75 mm."", 'The British Wilson-Dalby gun director used a pair of trackers and mechanical tachymetry; the operator entered the fuse length, and deflection angles were read from the instruments.', 'The solution was automation, in the form of a mechanical computer, the Kerrison Predictor. Operators kept it pointed at the target, and the Predictor then calculated the proper aim point automatically and displayed it as a pointer mounted on the gun. The gun operators simply followed the pointer and loaded the shells.', 'A subtle form of distortion was introduced. Up to nine special transmitters directed their signals at the beams in a manner that widened its path, negating its ability to accurately locate targets. Confidence in the device was diminished by the time the Luftwaffe decided to launch large-scale raids.', ""Operators simply fed the guns and selected the targets. This system, modern even by today's standards, was in late development when the war ended.""]",,the proper aim point automatically,62.91069998405874,330.68820007611066
How did the Predictor display the information needed?,"['The input of programs and data was to be provided to the machine via punched cards, a method being used at the time to direct mechanical looms such as the Jacquard loom. For output, the machine would have a printer, a curve plotter and a bell. The machine would also be able to punch numbers onto cards to be read in later.', ""Operators simply fed the guns and selected the targets. This system, modern even by today's standards, was in late development when the war ended."", 'The Kerrison was fairly simple, but it pointed the way to future generations that incorporated radar, first for ranging and later for tracking. Similar predictor systems were introduced by Germany during the war, also adding radar ranging as the war progressed.', 'The British Wilson-Dalby gun director used a pair of trackers and mechanical tachymetry; the operator entered the fuse length, and deflection angles were read from the instruments.', 'A set of lighting cues are prepared so that the lighting operator can control the lights in step with the performance; complex theatre lighting systems use computer control of lighting instruments.']",,as a pointer mounted on the gun,68.18549998570234,320.3350000549108
What two things did the operators of the gun have to do?,"[""Operators simply fed the guns and selected the targets. This system, modern even by today's standards, was in late development when the war ended."", 'After the Dambusters raid in 1943 an entirely new system was developed that was required to knock down any low-flying aircraft with a single hit. The first attempt to produce such a system used a 50 mm gun, but this proved inaccurate and a new 55 mm gun replaced it. The system used a centralised control system including both search and targeting radar, which calculated the aim point for the guns after considering windage and ballistics, and then sent electrical commands to the guns, which used hydraulics to point themselves at high speeds.', 'The solution was automation, in the form of a mechanical computer, the Kerrison Predictor. Operators kept it pointed at the target, and the Predictor then calculated the proper aim point automatically and displayed it as a pointer mounted on the gun. The gun operators simply followed the pointer and loaded the shells.', 'The British Wilson-Dalby gun director used a pair of trackers and mechanical tachymetry; the operator entered the fuse length, and deflection angles were read from the instruments.', 'The crew would be ordered to drop their bombs either by issue of a code word by the ground controller, or at the conclusion of the signal transmissions which would stop. Although its maximum usable range was similar to the previous systems, it was not unknown for specific buildings to be hit.']",,followed the pointer and loaded the shells,65.2604999486357,358.70410001371056
What other country designed similar systems to the Predictor?,"['The Kerrison was fairly simple, but it pointed the way to future generations that incorporated radar, first for ranging and later for tracking. Similar predictor systems were introduced by Germany during the war, also adding radar ranging as the war progressed.', 'By 1938 the United States Navy had developed an electromechanical analog computer small enough to use aboard a submarine. This was the Torpedo Data Computer, which used trigonometry to solve the problem of firing a torpedo at a moving target. During World War II similar devices were developed in other countries as well.', ""However, the problem of deflection settings — 'aim-off' — required knowing the rate of change in the target's position. Both France and UK introduced tachymetric devices to track targets and produce vertical and horizontal deflection angles. The French Brocq system was electrical, the operator entered the target range and had displays at guns; it was used with their 75 mm."", 'His 1945 report ‘Proposed Electronic Calculator’ was the first specification for such a device. John von Neumann at the University of Pennsylvania, also circulated his First Draft of a Report on the EDVAC in 1945.', 'Iranian scientists outside Iran have also made some major contributions to science. In 1960, Ali Javan co-invented the first gas laser, and fuzzy set theory was introduced by Lotfi Zadeh. Iranian cardiologist, Tofy Mussivand invented and developed the first artificial cardiac pump, the precursor of the artificial heart.']",,Germany,67.02550000045449,356.3818000257015
What finance act affected the 2004 election?,"[""The 2004 election was the first to be affected by the campaign finance reforms mandated by the Bipartisan Campaign Reform Act of 2002 (also known as the McCain–Feingold Bill for its sponsors in the United States Senate). Because of the Act's restrictions on candidates' and parties' fundraising, a large number of so-called 527 groups emerged. Named for a section of the Internal Revenue Code, these groups were able to raise large amounts of money for various political causes as long as they do not coordinate their activities with political campaigns."", ""In 1996, Kerry faced a difficult re-election fight against Governor William Weld, a popular Republican incumbent who had been re-elected in 1994 with 71% of the vote. The race was covered nationwide as one of the most closely watched Senate races that year. Kerry and Weld held several debates and negotiated a campaign spending cap of $6.9 million at Kerry's Beacon Hill townhouse."", 'Part VI, section A, question 7a of the Form 990 asks ""members, stockholders, or other persons who had the power to elect or appoint one or more members of the governing body?"".', 'He would later comment that ""no one could win if the opposition raised 160 million dollars to defeat you"". The U.S. Supreme Court later found the public employee unions\' use of compulsory fundraising during the campaign had been illegal in Knox v. Service Employees International Union, Local 1000.', ""Both candidates spent more than the cap, with each camp accusing the other of being first to break the agreement. During the campaign, Kerry spoke briefly at the 1996 Democratic National Convention. Kerry won re-election with 53 percent to Weld's 45 percent.""]",,the Bipartisan Campaign Reform Act of 2002,74.3030000012368,336.5155999781564
Where did the moniker McCain-Feingold Bill come from?,"[""The 2004 election was the first to be affected by the campaign finance reforms mandated by the Bipartisan Campaign Reform Act of 2002 (also known as the McCain–Feingold Bill for its sponsors in the United States Senate). Because of the Act's restrictions on candidates' and parties' fundraising, a large number of so-called 527 groups emerged. Named for a section of the Internal Revenue Code, these groups were able to raise large amounts of money for various political causes as long as they do not coordinate their activities with political campaigns."", 'He pledged that the bill required no quotas, just nondiscrimination. Doing so, he convinced many pro-business Republicans, including Senate Minority Leader Everett Dirksen (IL) to support Title VII.:78–80', 'This campaign is known as ""The Race to the Dan"" or ""The Race for the River.""', 'The term can be found used in an October 1845 Massachusetts Circuit Court ruling in the patent case Davoll et al. v. Brown., in which Justice Charles L. Woodbury wrote that ""only in this way can we protect intellectual property, the labors of the mind, productions and interests are as much a man\'s own...as the wheat he cultivates, or the flocks he rears.""', 'Title VII was perhaps the most controversial of the entire bill. Many conservatives accused it of advocating a de facto quota system, and claimed unconstitutionality as it attempts to regulate the workplace. Minnesota Senator Hubert Humphrey corrected this notion: ""there is nothing in [Title VII] that will give power to the Commission to require hiring, firing, and promotion to meet a racial \'quota.\' [. . .]']",,its sponsors in the United States Senate,68.34160001017153,352.4971000151709
How did the 527 groups come up with their title?,"['Examples of 527s include Swift Boat Veterans for Truth, MoveOn.org, the Media Fund, and America Coming Together. Many such groups were active throughout the campaign season. ( There was some similar activity, although on a much lesser scale, during the 2000 campaign.)', ""The 2004 election was the first to be affected by the campaign finance reforms mandated by the Bipartisan Campaign Reform Act of 2002 (also known as the McCain–Feingold Bill for its sponsors in the United States Senate). Because of the Act's restrictions on candidates' and parties' fundraising, a large number of so-called 527 groups emerged. Named for a section of the Internal Revenue Code, these groups were able to raise large amounts of money for various political causes as long as they do not coordinate their activities with political campaigns."", 'Groups of order p2 can also be shown to be abelian, a statement which does not generalize to order p3, as the non-abelian group D4 of order 8 = 23 above shows. Computer algebra systems can be used to list small groups, but there is no classification of all finite groups.q[›] An intermediate step is the classification of finite simple groups.r[›] A nontrivial group is called simple if its only normal subgroups are the trivial group and the group itself.s[›] The Jordan–Hölder theorem exhibits finite simple groups as the building blocks for all finite groups. Listing all finite simple groups was a major achievement in contemporary group theory.', 'Until late 2012, the Governing Body described itself as the representative and ""spokesman"" for God\'s ""faithful and discreet slave class"" (approximately 10,000 self-professed ""anointed"" Jehovah\'s Witnesses). At the 2012 Annual Meeting of the Watch Tower Society, the ""faithful and discreet slave"" was defined as referring to the Governing Body only. The Governing Body directs several committees that are responsible for administrative functions, including publishing, assembly programs and evangelizing activities.', ""Mathematicians often strive for a complete classification (or list) of a mathematical notion. In the context of finite groups, this aim leads to difficult mathematics. According to Lagrange's theorem, finite groups of order p, a prime number, are necessarily cyclic (abelian) groups Zp.""]",,Named for a section of the Internal Revenue Code,62.67380004283041,342.04010001849383
What stipulation enabled the 527 groups to campaign for funds?,"['Examples of 527s include Swift Boat Veterans for Truth, MoveOn.org, the Media Fund, and America Coming Together. Many such groups were active throughout the campaign season. ( There was some similar activity, although on a much lesser scale, during the 2000 campaign.)', ""The 2004 election was the first to be affected by the campaign finance reforms mandated by the Bipartisan Campaign Reform Act of 2002 (also known as the McCain–Feingold Bill for its sponsors in the United States Senate). Because of the Act's restrictions on candidates' and parties' fundraising, a large number of so-called 527 groups emerged. Named for a section of the Internal Revenue Code, these groups were able to raise large amounts of money for various political causes as long as they do not coordinate their activities with political campaigns."", 'Part VI, section A, question 7a of the Form 990 asks ""members, stockholders, or other persons who had the power to elect or appoint one or more members of the governing body?"".', 'He would later comment that ""no one could win if the opposition raised 160 million dollars to defeat you"". The U.S. Supreme Court later found the public employee unions\' use of compulsory fundraising during the campaign had been illegal in Knox v. Service Employees International Union, Local 1000.', 'Some groups represent a specific hunting interest, such as Ducks Unlimited, Pheasants Forever, or the Delta Waterfowl Foundation. Many hunting groups also participate in lobbying the federal government and state government.']",,as long as they do not coordinate their activities with political campaigns,76.12380001228303,326.07180008199066
What is one of the named 527 groups from the 2004 election?,"['Examples of 527s include Swift Boat Veterans for Truth, MoveOn.org, the Media Fund, and America Coming Together. Many such groups were active throughout the campaign season. ( There was some similar activity, although on a much lesser scale, during the 2000 campaign.)', ""The 2004 election was the first to be affected by the campaign finance reforms mandated by the Bipartisan Campaign Reform Act of 2002 (also known as the McCain–Feingold Bill for its sponsors in the United States Senate). Because of the Act's restrictions on candidates' and parties' fundraising, a large number of so-called 527 groups emerged. Named for a section of the Internal Revenue Code, these groups were able to raise large amounts of money for various political causes as long as they do not coordinate their activities with political campaigns."", 'Part VI, section A, question 7a of the Form 990 asks ""members, stockholders, or other persons who had the power to elect or appoint one or more members of the governing body?"".', 'FBI records show that 85% of COINTELPRO resources targeted groups and individuals that the FBI deemed ""subversive"", including communist and socialist organizations; organizations and individuals associated with the Civil Rights Movement, including Martin Luther King, Jr. and others associated with the Southern Christian Leadership Conference, the National Association for the Advancement of Colored People, and the Congress of Racial Equality and other civil rights organizations; black nationalist groups; the American Indian Movement; a broad range of organizations labeled ""New Left"", including Students for a Democratic Society and the Weathermen; almost all groups protesting the Vietnam War, as well as individual student demonstrators with no group affiliation; the National Lawyers Guild; organizations and individuals associated with the women\'s rights movement; nationalist groups such as those seeking independence for Puerto Rico, United Ireland, and Cuban exile movements including Orlando Bosch\'s Cuban Power and the Cuban Nationalist Movement. The remaining 15% of COINTELPRO resources were expended to marginalize and subvert white hate groups, including the Ku Klux Klan and the National States\' Rights Party.', ""In the Presidential primary elections of February 5, 2008, Sen. Clinton won 61.2% of the Bronx's 148,636 Democratic votes against 37.8% for Barack Obama and 1.0% for the other four candidates combined (John Edwards, Dennis Kucinich, Bill Richardson and Joe Biden). On the same day, John McCain won 54.4% of the borough's 5,643 Republican votes, Mitt Romney 20.8%, Mike Huckabee 8.2%, Ron Paul 7.4%, Rudy Giuliani 5.6%, and the other candidates (Fred Thompson, Duncan Hunter and Alan Keyes) 3.6% between them.""]",,MoveOn.org,148.04859994910657,332.24799996241927
How many representatives does Southampton have in parliament?,"['There are three members of parliament for the city: Royston Smith (Conservative) for Southampton Itchen, the constituency covering the east of the city; Dr. Alan Whitehead (Labour) for Southampton Test, which covers the west of the city; and Caroline Nokes (Conservative) for Romsey and Southampton North, which includes a northern portion of the city.', 'There are fifteen seats in the Legislative Council of Saint Helena, a unicameral legislature, in addition to a Speaker and a Deputy Speaker. Twelve of the fifteen members are elected in elections held every four years. The three ex officio members are the Chief Secretary, Financial Secretary and Attorney General.', 'The unicameral legislature (the Fono) consists of 49 members serving 5-year terms. Forty-seven are matai title-holders elected from territorial districts by Samoans; the other two are chosen by non-Samoans with no chiefly affiliation on separate electoral rolls. Universal suffrage was adopted in 1990, but only chiefs (matai) may stand for election to the Samoan seats.', 'In 1919 Nancy Astor was elected the first ever female member of parliament to take office in the British Houses of Parliament for the constituency of Plymouth Sutton. Taking over office from her husband Waldorf Astor, Lady Astor was a vibrantly active campaigner for her resident constituents . Plymouth was granted city status on 18 October 1928.', 'The Socialists had governed the region for seventeen years. In 2016, the new regional council will have 121 members from the Union of the Right, 66 from the Union of the Left and 22 from the extreme right National Front.']",,three,65.24409994017333,358.9935000054538
What is Royston Smith's constituency?,"['There are three members of parliament for the city: Royston Smith (Conservative) for Southampton Itchen, the constituency covering the east of the city; Dr. Alan Whitehead (Labour) for Southampton Test, which covers the west of the city; and Caroline Nokes (Conservative) for Romsey and Southampton North, which includes a northern portion of the city.', 'Conservative councillor Dr John Mahony is the incumbent for 2015–16.', 'In 1919 Nancy Astor was elected the first ever female member of parliament to take office in the British Houses of Parliament for the constituency of Plymouth Sutton. Taking over office from her husband Waldorf Astor, Lady Astor was a vibrantly active campaigner for her resident constituents . Plymouth was granted city status on 18 October 1928.', ""Palmerston died in 1865, and after a brief ministry led by Russell, Derby returned to power. In 1866, Victoria attended the State Opening of Parliament for the first time since Albert's death. The following year she supported the passing of the Reform Act 1867 which doubled the electorate by extending the franchise to many urban working men, though she was not in favour of votes for women."", 'Initially, the Council consisted of Lt. General Sir John Clavering, The Honourable Sir George Monson, Sir Richard Barwell, and Sir Philip Francis.']",,Southampton Itchen,58.527100016362965,331.20630006305873
Who is Southampton Test's member of parliament?,"['There are three members of parliament for the city: Royston Smith (Conservative) for Southampton Itchen, the constituency covering the east of the city; Dr. Alan Whitehead (Labour) for Southampton Test, which covers the west of the city; and Caroline Nokes (Conservative) for Romsey and Southampton North, which includes a northern portion of the city.', 'Conservative councillor Dr John Mahony is the incumbent for 2015–16.', 'In 1919 Nancy Astor was elected the first ever female member of parliament to take office in the British Houses of Parliament for the constituency of Plymouth Sutton. Taking over office from her husband Waldorf Astor, Lady Astor was a vibrantly active campaigner for her resident constituents . Plymouth was granted city status on 18 October 1928.', 'There are fifteen seats in the Legislative Council of Saint Helena, a unicameral legislature, in addition to a Speaker and a Deputy Speaker. Twelve of the fifteen members are elected in elections held every four years. The three ex officio members are the Chief Secretary, Financial Secretary and Attorney General.', 'The unicameral legislature (the Fono) consists of 49 members serving 5-year terms. Forty-seven are matai title-holders elected from territorial districts by Samoans; the other two are chosen by non-Samoans with no chiefly affiliation on separate electoral rolls. Universal suffrage was adopted in 1990, but only chiefs (matai) may stand for election to the Samoan seats.']",,Dr. Alan Whitehead,64.33950003702193,327.41219992749393
To what political party does Caroline Nokes belong?,"['In 1919 Nancy Astor was elected the first ever female member of parliament to take office in the British Houses of Parliament for the constituency of Plymouth Sutton. Taking over office from her husband Waldorf Astor, Lady Astor was a vibrantly active campaigner for her resident constituents . Plymouth was granted city status on 18 October 1928.', 'There are three members of parliament for the city: Royston Smith (Conservative) for Southampton Itchen, the constituency covering the east of the city; Dr. Alan Whitehead (Labour) for Southampton Test, which covers the west of the city; and Caroline Nokes (Conservative) for Romsey and Southampton North, which includes a northern portion of the city.', ""Left-wing politics have been particularly strong in municipal government since the 1960s. Voters approved charter amendments that have lessened the penalties for possession of marijuana (1974), and that aim to protect access to abortion in the city should it ever become illegal in the State of Michigan (1990). In 1974, Kathy Kozachenko's victory in an Ann Arbor city-council race made her the country's first openly homosexual candidate to win public office."", 'The left tilt of politics in the city has earned it the nickname ""The People\'s Republic of Ann Arbor"". Nationally, Ann Arbor is located in Michigan\'s 12th congressional district, represented by Democrat Debbie Dingell.', ""In the Presidential primary elections of February 5, 2008, Sen. Clinton won 61.2% of the Bronx's 148,636 Democratic votes against 37.8% for Barack Obama and 1.0% for the other four candidates combined (John Edwards, Dennis Kucinich, Bill Richardson and Joe Biden). On the same day, John McCain won 54.4% of the borough's 5,643 Republican votes, Mitt Romney 20.8%, Mike Huckabee 8.2%, Ron Paul 7.4%, Rudy Giuliani 5.6%, and the other candidates (Fred Thompson, Duncan Hunter and Alan Keyes) 3.6% between them.""]",,Conservative,79.7184999100864,325.1811999361962
Which directional area of Southampton does Dr. Alan Whitehead represent?,"['There are three members of parliament for the city: Royston Smith (Conservative) for Southampton Itchen, the constituency covering the east of the city; Dr. Alan Whitehead (Labour) for Southampton Test, which covers the west of the city; and Caroline Nokes (Conservative) for Romsey and Southampton North, which includes a northern portion of the city.', 'The university considers itself one of the top 5 research universities in the UK. The university has a global reputation for research into engineering sciences, oceanography, chemistry, cancer sciences, sound and vibration research, computer science and electronics, optoelectronics and textile conservation at the Textile Conservation Centre (which is due to close in October 2009.) It is also home to the National Oceanography Centre, Southampton (NOCS), the focus of Natural Environment Research Council-funded marine research.', 'Southampton Airport is a regional airport located in the town of Eastleigh, just north of the city. It offers flights to UK and near European destinations, and is connected to the city by a frequent rail service from Southampton Airport (Parkway) railway station, and by bus services.', ""Overall, however, Whitehead's influence is very difficult to characterize. In English-speaking countries, his primary works are little-studied outside of Claremont and a select number of liberal graduate-level theology and philosophy programs. Outside of these circles his influence is relatively small and diffuse, and has tended to come chiefly through the work of his students and admirers rather than Whitehead himself."", 'A large Veterans Affairs hospital is located in neighboring West Haven. To the west in Milford is Milford Hospital, and to the north in Meriden is the MidState Medical Center.']",,west,63.251800020225346,328.12670001294464
What sets forth the standards by which the Royal Institute functions?,"['Its services include RIBA Insight, RIBA Appointments, and RIBA Publishing. It publishes the RIBA Product Selector and RIBA Journal. In Newcastle is the NBS, the National Building Specification, which has 130 staff and deals with the building regulations and the Construction Information Service.', ""The operational framework is provided by the Byelaws, which are more frequently updated than the Charter. Any revisions to the Charter or Byelaws require the Privy Council's approval."", 'Imperial College London is a public research university located in London, United Kingdom. It was founded by Prince Albert who envisioned an area composed of the Natural History Museum, Science Museum, Victoria and Albert Museum, Royal Albert Hall and the Imperial Institute. The Imperial Institute was opened by his wife, Queen Victoria, who laid the first stone.', ""Despite stiff resistance from the East India lobby in parliament and from the Company's shareholders, the Act passed. It introduced substantial governmental control and allowed British India to be formally under the control of the Crown, but leased back to the Company at £40,000 for two years. Under the Act's most important provision, a governing Council composed of five members was created in Calcutta."", 'Initially, the Council consisted of Lt. General Sir John Clavering, The Honourable Sir George Monson, Sir Richard Barwell, and Sir Philip Francis.']",,the Byelaws,109.58769998978823,328.19319993723184
What guidelines for the Royal Institute are updated most often?,"[""The operational framework is provided by the Byelaws, which are more frequently updated than the Charter. Any revisions to the Charter or Byelaws require the Privy Council's approval."", 'Its services include RIBA Insight, RIBA Appointments, and RIBA Publishing. It publishes the RIBA Product Selector and RIBA Journal. In Newcastle is the NBS, the National Building Specification, which has 130 staff and deals with the building regulations and the Construction Information Service.', 'The British National Formulary is the core guide for pharmacists and clinicians.', ""Part of Victoria's extensive correspondence has been published in volumes edited by A. C. Benson, Hector Bolitho, George Earle Buckle, Lord Esher, Roger Fulford, and Richard Hough among others."", 'The 2008 Research Assessment Exercise returned 26% of the 1225 staff submitted as being world-leading (4*) and a further 47% as being internationally excellent (3*). The 2008 Research Assessment Exercise also showed five subjects – Pure Mathematics, Epidemiology and Public Health, Chemical Engineering, Civil Engineering, and Mechanical, Aeronautical and Manufacturing Engineering – were assessed to be the best[clarification needed] in terms of the proportion of internationally recognised research quality.']",,the Byelaws,61.28350005019456,323.57799995224923
What is necessary to make any changes to either document which governs the operations of the Royal Institute?,"[""The operational framework is provided by the Byelaws, which are more frequently updated than the Charter. Any revisions to the Charter or Byelaws require the Privy Council's approval."", 'Changes to the original constitution proposed by the Legislative Council were accepted by Britain and a new constitution providing for a House of Assembly and Senate was drawn up. Elections under this constitution were held in 1967.', 'The Company was forced to petition Parliament for assistance. This was the background to the Charter Act of 1813 which, among other things:', 'It would also reorganize its relationship with the Sheffield Scientific School.', ""Despite stiff resistance from the East India lobby in parliament and from the Company's shareholders, the Act passed. It introduced substantial governmental control and allowed British India to be formally under the control of the Crown, but leased back to the Company at £40,000 for two years. Under the Act's most important provision, a governing Council composed of five members was created in Calcutta.""]",,the Privy Council's approval,86.23530005570501,326.93860004656017
Who was the first group of indigenous people Columbus encountered?,"['The first indigenous group encountered by Columbus were the 250,000 Taínos of Hispaniola who represented the dominant culture in the Greater Antilles and the Bahamas. Within thirty years about 70% of the Taínos had died. They had no immunity to European diseases, so outbreaks of measles and smallpox ravaged their population.', ""Athabascan, Tlingit, Haida, Tsimshian, Iñupiat, Blackfeet, Nakota, Cree, Anishinaabe, Huron, Lenape, Mi'kmaq, Penobscot, and Haudenosaunee, among others live in both Canada and the US."", 'Interracial relations between Indigenous Americans and African Americans is a part of American history that has been neglected. The earliest record of African and Indigenous American relations in the Americas occurred in April 1502, when the first Africans kidnapped were brought to Hispaniola to serve as slaves. Some escaped, and somewhere inland on Santo Domingo, the first Black Indians were born.', 'Amongst the settlement were 100 enslaved Africans. In 1526, the first African slaves fled the colony and took refuge with local Indigenous Americans.', 'The first known European explorer to reach Bermuda was Spanish sea captain Juan de Bermúdez in 1503, after whom the islands are named. He claimed the apparently uninhabited islands for the Spanish Empire. Paying two visits to the archipelago, Bermúdez never landed on the islands, but did create a recognisable map of the archipelago.']",,"the 250,000 Taínos of Hispaniola",74.52249992638826,339.1980000305921
What did the Taínos represent in the Greater Antilles and Bahamas?,"['The first indigenous group encountered by Columbus were the 250,000 Taínos of Hispaniola who represented the dominant culture in the Greater Antilles and the Bahamas. Within thirty years about 70% of the Taínos had died. They had no immunity to European diseases, so outbreaks of measles and smallpox ravaged their population.', 'The Portuguese found the island uninhabited, with an abundance of trees and fresh water. They imported livestock, fruit trees and vegetables, and built a chapel and one or two houses. Though they formed no permanent settlement, the island was an important rendezvous point and source of food for ships travelling from Asia to Europe, and frequently sick mariners were left on the island to recover, before taking passage on the next ship to call on the island.', 'The cosmopolitan and multicultural nature of modern Guam poses challenges for Chamorros struggling to preserve their culture and identity amidst forces of acculturation. The increasing numbers of Chamorros, especially Chamorro youth, relocating to the U.S. Mainland has further complicated both definition and preservation of Chamorro identity.[citation needed] While only a few masters exist to continue traditional art forms, the resurgence of interest among the Chamorros to preserve the language and culture has resulted in a growing number of young Chamorros who seek to continue the ancient ways of the Chamorro people.', 'In Azogues and the Southern Andes in general, Taita Carnival is always an indigenous Cañari. Recently a celebration has gained prominence in the northern part of the Sierra in the Chota Valley in Imbabura which is a zone of a strong afro-Ecuadorian population and so the Carnival is celebrated with bomba del chota music.', 'Increasing punishment of the Taínos for revolting against forced labour, despite measures put in place by the encomienda, which included religious education and protection from warring tribes, eventually led to the last great Taíno rebellion.']",,dominant culture,83.6835999507457,331.33830002043396
What percentage of the Taínos were dead thirty years after contact with Columbus?,"['The first indigenous group encountered by Columbus were the 250,000 Taínos of Hispaniola who represented the dominant culture in the Greater Antilles and the Bahamas. Within thirty years about 70% of the Taínos had died. They had no immunity to European diseases, so outbreaks of measles and smallpox ravaged their population.', 'Various theories for the decline of the Native American populations emphasize epidemic diseases, conflicts with Europeans, and conflicts among warring tribes. Scholars now believe that, among the various contributing factors, epidemic disease was the overwhelming cause of the population decline of the American natives. Some believe that after first contacts with Europeans and Africans, Old World diseases caused the death of 90 to 95% of the native population of the New World in the following 150 years.', 'Typhus (probably) in 1546, influenza and smallpox together in 1558, smallpox again in 1589, diphtheria in 1614, measles in 1618—all ravaged the remains of Inca culture.', 'Increasing punishment of the Taínos for revolting against forced labour, despite measures put in place by the encomienda, which included religious education and protection from warring tribes, eventually led to the last great Taíno rebellion.', 'Smallpox killed up to one third of the native population of Hispaniola in 1518. By killing the Incan ruler Huayna Capac, smallpox caused the Inca Civil War. Smallpox was only the first epidemic.']",,70%,66.94519997108728,383.50170000921935
Why were outbreaks of measles and smallpox able to so easily decimate the Taínos' population?,"['Typhus (probably) in 1546, influenza and smallpox together in 1558, smallpox again in 1589, diphtheria in 1614, measles in 1618—all ravaged the remains of Inca culture.', 'Smallpox killed up to one third of the native population of Hispaniola in 1518. By killing the Incan ruler Huayna Capac, smallpox caused the Inca Civil War. Smallpox was only the first epidemic.', 'The first indigenous group encountered by Columbus were the 250,000 Taínos of Hispaniola who represented the dominant culture in the Greater Antilles and the Bahamas. Within thirty years about 70% of the Taínos had died. They had no immunity to European diseases, so outbreaks of measles and smallpox ravaged their population.', 'Various theories for the decline of the Native American populations emphasize epidemic diseases, conflicts with Europeans, and conflicts among warring tribes. Scholars now believe that, among the various contributing factors, epidemic disease was the overwhelming cause of the population decline of the American natives. Some believe that after first contacts with Europeans and Africans, Old World diseases caused the death of 90 to 95% of the native population of the New World in the following 150 years.', 'Increasing punishment of the Taínos for revolting against forced labour, despite measures put in place by the encomienda, which included religious education and protection from warring tribes, eventually led to the last great Taíno rebellion.']",,no immunity to European diseases,77.77289999648929,323.74830008484423
What led to the last great Taínos rebellion?,"['Increasing punishment of the Taínos for revolting against forced labour, despite measures put in place by the encomienda, which included religious education and protection from warring tribes, eventually led to the last great Taíno rebellion.', 'Seeing a desperate situation unfold, the Qing government brought Yuan Shikai back to military power. He took control of his Beiyang Army to crush the revolution in Wuhan at the Battle of Yangxia. After taking the position of Prime Minister and creating his own cabinet, Yuan Shikai went as far as to ask for the removal of Zaifeng from the regency.', 'Following the Battle of Hakusukinoe against Tang China and Silla in 663 AD that led to a Japanese retreat from Korean affairs, Japan underwent widespread reform. One of the most important was that of the Taika Reform, issued by Prince Naka no Ōe (Emperor Tenji) in 646 AD. This edict allowed the Japanese aristocracy to adopt the Tang dynasty political structure, bureaucracy, culture, religion, and philosophy.', 'In 1822 and 1824 the Turks and Egyptians ravaged the islands, including Chios and Psara, committing wholesale massacres of the population. This had the effect of galvanizing public opinion in western Europe in favor of the Greek rebels.[page needed]', 'The governors of the taifas each proclaimed themselves Emir of their provinces and established diplomatic relations with the Christian kingdoms of the north. Most of Portugal fell into the hands of the Taifa of Badajoz of the Aftasid Dynasty, and after a short spell of an ephemeral Taifa of Lisbon in 1022, fell under the dominion of the Taifa of Seville of the Abbadids poets. The Taifa period ended with the conquest of the Almoravids who came from Morocco in 1086 winning a decisive victory at the Battle of Sagrajas, followed a century later in 1147, after the second period of Taifa, by the Almohads, also from Marrakesh.']",,Increasing punishment,189.16070007253438,363.1658999947831
What provides chances for comparative study with a large range of subjects?,"[""Buddhism provides many opportunities for comparative study with a diverse range of subjects. For example, Buddhism's emphasis on the Middle way not only provides a unique guideline for ethics but has also allowed Buddhism to peacefully coexist with various differing beliefs, customs and institutions in countries where it has resided throughout its history. Also, its moral and spiritual parallels with other systems of thought—for example, with various tenets of Christianity—have been subjects of close study."", 'Furthermore, the 2000 AAUP study states that having a diversity of views leads to a better discussion and greater understanding among the students on issues of race, tolerance, fairness, etc.', 'Outside of these commonalities, great differences separated north and south, primarily in subject matter. Italian universities focused on law and medicine, while the northern universities focused on the arts and theology. There were distinct differences in the quality of instruction in these areas which were congruent with their focus, so scholars would travel north or south based on their interests and means.', 'Early Modern universities initially continued the curriculum and research of the Middle Ages: natural philosophy, logic, medicine, theology, mathematics, astronomy (and astrology), law, grammar and rhetoric. Aristotle was prevalent throughout the curriculum, while medicine also depended on Galen and Arabic scholarship. The importance of humanism for changing this state-of-affairs cannot be underestimated.', ""Anthropology and many other current fields are the intellectual results of the comparative methods developed in the earlier 19th century. Theorists in such diverse fields as anatomy, linguistics, and Ethnology, making feature-by-feature comparisons of their subject matters, were beginning to suspect that similarities between animals, languages, and folkways were the result of processes or laws unknown to them then. For them, the publication of Charles Darwin's On the Origin of Species was the epiphany of everything they had begun to suspect.""]",,Buddhism,73.44249996822327,340.13640007469803
Buddhism's emphasis on the Middle Way provides a guideline for what?,"[""Buddhism provides many opportunities for comparative study with a diverse range of subjects. For example, Buddhism's emphasis on the Middle way not only provides a unique guideline for ethics but has also allowed Buddhism to peacefully coexist with various differing beliefs, customs and institutions in countries where it has resided throughout its history. Also, its moral and spiritual parallels with other systems of thought—for example, with various tenets of Christianity—have been subjects of close study."", 'So in a pivotal moment he accepted milk and rice from a village girl and changed his approach. He devoted himself to anapanasati meditation, through which he discovered what Buddhists call the Middle Way (Skt. madhyamā-pratipad): a path of moderation between the extremes of self-indulgence and self-mortification.[web 2][web 3]', 'Unlike many religions, Buddhism has no single central text that is universally referred to by all traditions. However, some scholars have referred to the Vinaya Pitaka and the first four Nikayas of the Sutta Pitaka as the common core of all Buddhist traditions.[page needed] This could be considered misleading, as Mahāyāna considers these merely a preliminary, and not a core, teaching. The Tibetan Buddhists have not even translated most of the āgamas (though theoretically they recognize them) and they play no part in the religious life of either clergy or laity in China and Japan.', 'Other scholars say there is no universally accepted common core. The size and complexity of the Buddhist canons have been seen by some (including Buddhist social reformer Babasaheb Ambedkar) as presenting barriers to the wider understanding of Buddhist philosophy.', 'In Eastern Buddhism, there is also a distinctive Vinaya and ethics contained within the Mahayana Brahmajala Sutra (not to be confused with the Pali text of that name) for Bodhisattvas, where, for example, the eating of meat is frowned upon and vegetarianism is actively encouraged (see vegetarianism in Buddhism). In Japan, this has almost completely displaced the monastic vinaya, and allows clergy to marry.']",,ethics,77.0201999694109,328.1525999773294
Buddism has what kind of parallels withother systems of thought?,"['In addition, the Buddhist concept of dependent origination has been compared to modern scientific thought, as well as Western metaphysics.', ""Buddhism provides many opportunities for comparative study with a diverse range of subjects. For example, Buddhism's emphasis on the Middle way not only provides a unique guideline for ethics but has also allowed Buddhism to peacefully coexist with various differing beliefs, customs and institutions in countries where it has resided throughout its history. Also, its moral and spiritual parallels with other systems of thought—for example, with various tenets of Christianity—have been subjects of close study."", ""Mahayana which includes the traditions of Pure Land, Zen, Nichiren Buddhism, Shingon, and Tiantai (Tendai) is found throughout East Asia. Tibetan Buddhism, which preserves the Vajrayana teachings of eighth century India, is practiced in regions surrounding the Himalayas, Mongolia and Kalmykia. Buddhists number between an estimated 488 million[web 1] and 535 million, making it one of the world's major religions."", 'Some of the Buddha\'s meditative techniques were shared with other traditions of his day, but the idea that ethics are causally related to the attainment of ""transcendent wisdom"" (Pali paññā; Skt. prajñā) was original.[web 18]', 'The earliest extant arguments that the world of experience is grounded in the mental derive from India and Greece. The Hindu idealists in India and the Greek Neoplatonists gave panentheistic arguments for an all-pervading consciousness as the ground or true nature of reality. In contrast, the Yogācāra school, which arose within Mahayana Buddhism in India in the 4th century CE, based its ""mind-only"" idealism to a greater extent on phenomenological analyses of personal experience.']",,moral and spiritual,69.26130002830178,347.80260000843555
Buddhism had similiar tenets to what other common religion?,"[""Buddhism provides many opportunities for comparative study with a diverse range of subjects. For example, Buddhism's emphasis on the Middle way not only provides a unique guideline for ethics but has also allowed Buddhism to peacefully coexist with various differing beliefs, customs and institutions in countries where it has resided throughout its history. Also, its moral and spiritual parallels with other systems of thought—for example, with various tenets of Christianity—have been subjects of close study."", ""Mahayana which includes the traditions of Pure Land, Zen, Nichiren Buddhism, Shingon, and Tiantai (Tendai) is found throughout East Asia. Tibetan Buddhism, which preserves the Vajrayana teachings of eighth century India, is practiced in regions surrounding the Himalayas, Mongolia and Kalmykia. Buddhists number between an estimated 488 million[web 1] and 535 million, making it one of the world's major religions."", 'Some of the Buddha\'s meditative techniques were shared with other traditions of his day, but the idea that ethics are causally related to the attainment of ""transcendent wisdom"" (Pali paññā; Skt. prajñā) was original.[web 18]', 'Unlike many religions, Buddhism has no single central text that is universally referred to by all traditions. However, some scholars have referred to the Vinaya Pitaka and the first four Nikayas of the Sutta Pitaka as the common core of all Buddhist traditions.[page needed] This could be considered misleading, as Mahāyāna considers these merely a preliminary, and not a core, teaching. The Tibetan Buddhists have not even translated most of the āgamas (though theoretically they recognize them) and they play no part in the religious life of either clergy or laity in China and Japan.', 'Religious knowledge or ""vision"" was indicated as a result of practice both within and outside of the Buddhist fold. According to the Samaññaphala Sutta, this sort of vision arose for the Buddhist adept as a result of the perfection of ""meditation"" coupled with the perfection of ""discipline"" (Pali sīla; Skt. śīla).']",,Christianity,67.78799998573959,400.19309998024255
Buddhist concept of dependent origination has been compared to what modern thought?,"['In addition, the Buddhist concept of dependent origination has been compared to modern scientific thought, as well as Western metaphysics.', 'Buddhists also refer to themselves as the believers of the anatta doctrine—Nairatmyavadin or Anattavadin. Rebirth in subsequent existences must be understood as the continuation of a dynamic, ever-changing process of pratītyasamutpāda (""dependent arising"") determined by the laws of cause and effect (karma) rather than that of one being, reincarnating from one existence to the next.', 'The earliest extant arguments that the world of experience is grounded in the mental derive from India and Greece. The Hindu idealists in India and the Greek Neoplatonists gave panentheistic arguments for an all-pervading consciousness as the ground or true nature of reality. In contrast, the Yogācāra school, which arose within Mahayana Buddhism in India in the 4th century CE, based its ""mind-only"" idealism to a greater extent on phenomenological analyses of personal experience.', 'Some of the Buddha\'s meditative techniques were shared with other traditions of his day, but the idea that ethics are causally related to the attainment of ""transcendent wisdom"" (Pali paññā; Skt. prajñā) was original.[web 18]', 'Rebirth refers to a process whereby beings go through a succession of lifetimes as one of many possible forms of sentient life, each running from conception to death. The doctrine of anattā (Sanskrit anātman) rejects the concepts of a permanent self or an unchanging, eternal soul, as it is called in Hinduism and Christianity. According to Buddhism there ultimately is no such thing as a self independent from the rest of the universe.']",,scientific,64.28729998879135,352.9674999881536
On what date was the National Museum formally inaugurated?,"['New Delhi is home to several historic sites and museums. The National Museum which began with an exhibition of Indian art and artefacts at the Royal Academy in London in the winter of 1947–48 was later at the end was shown at the Rashtrapati Bhawan in 1949. Later it was to form a permanent National Museum.', 'On 15 August 1949, the National Museum was formally inaugurated and currently has 200,000 works of art, both of Indian and foreign origin, covering over 5,000 years.', ""The Museo de San Ildefonso, housed in the Antiguo Colegio de San Ildefonso in Mexico City's historic downtown district is a 17th-century colonnaded palace housing an art museum that regularly hosts world-class exhibits of Mexican and international art. Recent exhibits have included those on David LaChapelle, Antony Gormley and Ron Mueck. The National Museum of Art (Museo Nacional de Arte) is also located in a former palace in the historic center."", 'The Statue of Liberty National Monument and Ellis Island Immigration Museum are managed by the National Park Service and are in both the states of New York and New Jersey. They are joined in the harbor by Governors Island National Monument, in New York. Historic sites under federal management on Manhattan Island include Castle Clinton National Monument; Federal Hall National Memorial; Theodore Roosevelt Birthplace National Historic Site; General Grant National Memorial (""Grant\'s Tomb""); African Burial Ground National Monument; and Hamilton Grange National Memorial.', 'Oscar Niemeyer, a close friend, was the chief architect of most public buildings and Roberto Burle Marx was the landscape designer. Brasília was built in 41 months, from 1956 to April 21, 1960, when it was officially inaugurated.']",,15 August 1949,56.45049992017448,374.38299995847046
How many works of art currently reside in the National Museum?,"['On 15 August 1949, the National Museum was formally inaugurated and currently has 200,000 works of art, both of Indian and foreign origin, covering over 5,000 years.', 'New Delhi is home to several historic sites and museums. The National Museum which began with an exhibition of Indian art and artefacts at the Royal Academy in London in the winter of 1947–48 was later at the end was shown at the Rashtrapati Bhawan in 1949. Later it was to form a permanent National Museum.', ""The Museo de San Ildefonso, housed in the Antiguo Colegio de San Ildefonso in Mexico City's historic downtown district is a 17th-century colonnaded palace housing an art museum that regularly hosts world-class exhibits of Mexican and international art. Recent exhibits have included those on David LaChapelle, Antony Gormley and Ron Mueck. The National Museum of Art (Museo Nacional de Arte) is also located in a former palace in the historic center."", 'It houses a large collection of pieces by all major Mexican artists of the last 400 years and also hosts visiting exhibits.', ""Oklahoma is in the nation's middle percentile in per capita spending on the arts, ranking 17th, and contains more than 300 museums. The Philbrook Museum of Tulsa is considered one of the top 50 fine art museums in the United States, and the Sam Noble Oklahoma Museum of Natural History in Norman, one of the largest university-based art and history museums in the country, documents the natural history of the region. The collections of Thomas Gilcrease are housed in the Gilcrease Museum of Tulsa, which also holds the world's largest, most comprehensive collection of art and artifacts of the American West.""]",,"200,000",135.342099936679,351.1738000670448
The National Museum began in 1947 with a display of what type of art?,"['New Delhi is home to several historic sites and museums. The National Museum which began with an exhibition of Indian art and artefacts at the Royal Academy in London in the winter of 1947–48 was later at the end was shown at the Rashtrapati Bhawan in 1949. Later it was to form a permanent National Museum.', 'On 15 August 1949, the National Museum was formally inaugurated and currently has 200,000 works of art, both of Indian and foreign origin, covering over 5,000 years.', ""The Museo de San Ildefonso, housed in the Antiguo Colegio de San Ildefonso in Mexico City's historic downtown district is a 17th-century colonnaded palace housing an art museum that regularly hosts world-class exhibits of Mexican and international art. Recent exhibits have included those on David LaChapelle, Antony Gormley and Ron Mueck. The National Museum of Art (Museo Nacional de Arte) is also located in a former palace in the historic center."", ""Oklahoma is in the nation's middle percentile in per capita spending on the arts, ranking 17th, and contains more than 300 museums. The Philbrook Museum of Tulsa is considered one of the top 50 fine art museums in the United States, and the Sam Noble Oklahoma Museum of Natural History in Norman, one of the largest university-based art and history museums in the country, documents the natural history of the region. The collections of Thomas Gilcrease are housed in the Gilcrease Museum of Tulsa, which also holds the world's largest, most comprehensive collection of art and artifacts of the American West."", 'The Statue of Liberty National Monument and Ellis Island Immigration Museum are managed by the National Park Service and are in both the states of New York and New Jersey. They are joined in the harbor by Governors Island National Monument, in New York. Historic sites under federal management on Manhattan Island include Castle Clinton National Monument; Federal Hall National Memorial; Theodore Roosevelt Birthplace National Historic Site; General Grant National Memorial (""Grant\'s Tomb""); African Burial Ground National Monument; and Hamilton Grange National Memorial.']",,Indian art,64.42459998652339,359.4242000253871
"What length of time do the 200,000 works of art in the National Museum encompass?","['On 15 August 1949, the National Museum was formally inaugurated and currently has 200,000 works of art, both of Indian and foreign origin, covering over 5,000 years.', 'It houses a large collection of pieces by all major Mexican artists of the last 400 years and also hosts visiting exhibits.', ""Archival descriptions of the permanent holdings of the federal government in the custody of NARA are stored in Archival Research Catalog (ARC). The archival descriptions include information on traditional paper holdings, electronic records, and artifacts. As of December 2012, the catalog consisted of about 10 billion logical data records describing 527,000 artifacts and encompassing 81% of NARA's records."", ""The Museo de San Ildefonso, housed in the Antiguo Colegio de San Ildefonso in Mexico City's historic downtown district is a 17th-century colonnaded palace housing an art museum that regularly hosts world-class exhibits of Mexican and international art. Recent exhibits have included those on David LaChapelle, Antony Gormley and Ron Mueck. The National Museum of Art (Museo Nacional de Arte) is also located in a former palace in the historic center."", 'New Delhi is home to several historic sites and museums. The National Museum which began with an exhibition of Indian art and artefacts at the Royal Academy in London in the winter of 1947–48 was later at the end was shown at the Rashtrapati Bhawan in 1949. Later it was to form a permanent National Museum.']",,"5,000 years",78.85799999348819,377.2776999976486
"In the winter of 1947, the National Museum started with a display of Indian art in what location?","['New Delhi is home to several historic sites and museums. The National Museum which began with an exhibition of Indian art and artefacts at the Royal Academy in London in the winter of 1947–48 was later at the end was shown at the Rashtrapati Bhawan in 1949. Later it was to form a permanent National Museum.', 'On 15 August 1949, the National Museum was formally inaugurated and currently has 200,000 works of art, both of Indian and foreign origin, covering over 5,000 years.', 'The Charminar, Qutb Shahi tombs and Golconda fort are considered to be monuments of national importance in India; in 2010 the Indian government proposed that the sites be listed for UNESCO World Heritage status.:11–18', ""The Museo de San Ildefonso, housed in the Antiguo Colegio de San Ildefonso in Mexico City's historic downtown district is a 17th-century colonnaded palace housing an art museum that regularly hosts world-class exhibits of Mexican and international art. Recent exhibits have included those on David LaChapelle, Antony Gormley and Ron Mueck. The National Museum of Art (Museo Nacional de Arte) is also located in a former palace in the historic center."", 'After India gained independence in 1947, a limited autonomy was conferred to New Delhi and was administered by a Chief Commissioner appointed by the Government of India. In 1956, Delhi was converted into a union territory and eventually the Chief Commissioner was replaced by a Lieutenant Governor. The Constitution (Sixty-ninth Amendment) Act, 1991 declared the Union Territory of Delhi to be formally known as National Capital Territory of Delhi.']",,Royal Academy in London,66.55069999396801,348.15390000585467
What language was used by the eastern church?,"['Christianity was a major unifying factor between Eastern and Western Europe before the Arab conquests, but the conquest of North Africa sundered maritime connections between those areas. Increasingly the Byzantine Church differed in language, practices, and liturgy from the western Church. The eastern church used Greek instead of the western Latin.', 'Slavic standard languages which are official in at least one country: Belarusian, Bosnian, Bulgarian, Croatian, Czech, Macedonian, Montenegrin, Polish, Russian, Serbian, Slovak, Slovene, and Ukrainian. The alphabet depends on what religion is usual for the respective Slavic ethnic groups. The Orthodox use the Cyrillic alphabet and the Roman Catholics use Latin alphabet, the Bosniaks who are Muslims also use the Latin.', 'Few Greek Roman and Roman Catholics use the Cyrillic alphabet however. The Serbian language and Montenegrin language uses both Cyrillic and Latin alphabets. There is also a Latin script to write in Belarusian, called the Lacinka alphabet.', 'They, as well as the Armenians of Iran and Russia speak the Eastern dialect of the Armenian language. The country itself is secular as a result of Soviet domination, but most of its citizens identify themselves as Apostolic Armenian Christian.', 'Theological and political differences emerged, and by the early and middle 8th century issues such as iconoclasm, clerical marriage, and state control of the church had widened to the extent that the cultural and religious differences were greater than the similarities. The formal break came in 1054, when the papacy and the patriarchy of Constantinople clashed over papal supremacy and excommunicated each other, which led to the division of Christianity into two churches—the western branch became the Roman Catholic Church and the eastern branch the Orthodox Church.']",,Greek,63.67589998990297,348.2419999781996
What language did the western church use?,"['Christianity was a major unifying factor between Eastern and Western Europe before the Arab conquests, but the conquest of North Africa sundered maritime connections between those areas. Increasingly the Byzantine Church differed in language, practices, and liturgy from the western Church. The eastern church used Greek instead of the western Latin.', 'Slavic standard languages which are official in at least one country: Belarusian, Bosnian, Bulgarian, Croatian, Czech, Macedonian, Montenegrin, Polish, Russian, Serbian, Slovak, Slovene, and Ukrainian. The alphabet depends on what religion is usual for the respective Slavic ethnic groups. The Orthodox use the Cyrillic alphabet and the Roman Catholics use Latin alphabet, the Bosniaks who are Muslims also use the Latin.', 'Theological and political differences emerged, and by the early and middle 8th century issues such as iconoclasm, clerical marriage, and state control of the church had widened to the extent that the cultural and religious differences were greater than the similarities. The formal break came in 1054, when the papacy and the patriarchy of Constantinople clashed over papal supremacy and excommunicated each other, which led to the division of Christianity into two churches—the western branch became the Roman Catholic Church and the eastern branch the Orthodox Church.', 'The term was used as opposed to Latin, the non-native language of writing and the Catholic Church. In the first text in which it is found, dating from 784, it refers to the Germanic dialects of Britain. In the Oaths of Strasbourg (842) it appeared as teudisca to refer to the Germanic (Rhenish Franconian) portion of the oath.', 'Few Greek Roman and Roman Catholics use the Cyrillic alphabet however. The Serbian language and Montenegrin language uses both Cyrillic and Latin alphabets. There is also a Latin script to write in Belarusian, called the Lacinka alphabet.']",,Latin,64.09030000213534,367.3751000314951
When did the eastern and western churches split?,"['Theological and political differences emerged, and by the early and middle 8th century issues such as iconoclasm, clerical marriage, and state control of the church had widened to the extent that the cultural and religious differences were greater than the similarities. The formal break came in 1054, when the papacy and the patriarchy of Constantinople clashed over papal supremacy and excommunicated each other, which led to the division of Christianity into two churches—the western branch became the Roman Catholic Church and the eastern branch the Orthodox Church.', 'Christianity was a major unifying factor between Eastern and Western Europe before the Arab conquests, but the conquest of North Africa sundered maritime connections between those areas. Increasingly the Byzantine Church differed in language, practices, and liturgy from the western Church. The eastern church used Greek instead of the western Latin.', 'The Reformation in Europe officially began in 1517 with Martin Luther (1483–1546) and his 95 Theses. The Reformation greatly changed the Baltic region. Its ideas came quickly to the Livonian Confederation and by the 1520s were widespread.', 'Each of them took very seriously the charges of schism and innovation, denying these charges and maintaining that it was the Roman Catholic Church that had left them. In order to justify their departure from the Roman Catholic Church, Protestants often posited a new argument, saying that there was no real visible Church with divine authority, only a spiritual, invisible, and hidden church—this notion began in the early days of the Protestant Reformation.', ""The French crown's increasing dominance over the Papacy culminated in the transference of the Holy See to Avignon in 1309. When the Pope returned to Rome in 1377, this led to the election of different popes in Avignon and Rome, resulting in the Papal Schism (1378–1417). The Schism divided Europe along political lines; while France, her ally Scotland and the Spanish kingdoms supported the Avignon Papacy, France's enemy England stood behind the Pope in Rome, together with Portugal, Scandinavia and most of the German princes.""]",,1054,67.24510004278272,319.9057000456378
Over what issue did the eastern and western churches split?,"['Theological and political differences emerged, and by the early and middle 8th century issues such as iconoclasm, clerical marriage, and state control of the church had widened to the extent that the cultural and religious differences were greater than the similarities. The formal break came in 1054, when the papacy and the patriarchy of Constantinople clashed over papal supremacy and excommunicated each other, which led to the division of Christianity into two churches—the western branch became the Roman Catholic Church and the eastern branch the Orthodox Church.', 'Christianity was a major unifying factor between Eastern and Western Europe before the Arab conquests, but the conquest of North Africa sundered maritime connections between those areas. Increasingly the Byzantine Church differed in language, practices, and liturgy from the western Church. The eastern church used Greek instead of the western Latin.', 'Each of them took very seriously the charges of schism and innovation, denying these charges and maintaining that it was the Roman Catholic Church that had left them. In order to justify their departure from the Roman Catholic Church, Protestants often posited a new argument, saying that there was no real visible Church with divine authority, only a spiritual, invisible, and hidden church—this notion began in the early days of the Protestant Reformation.', ""The French crown's increasing dominance over the Papacy culminated in the transference of the Holy See to Avignon in 1309. When the Pope returned to Rome in 1377, this led to the election of different popes in Avignon and Rome, resulting in the Papal Schism (1378–1417). The Schism divided Europe along political lines; while France, her ally Scotland and the Spanish kingdoms supported the Avignon Papacy, France's enemy England stood behind the Pope in Rome, together with Portugal, Scandinavia and most of the German princes."", 'Contrary to how the Protestant Reformers were often characterized, the concept of a catholic or universal Church was not brushed aside during the Protestant Reformation. On the contrary, the visible unity of the catholic or universal church was seen by the Protestant reformers as an important and essential doctrine of the Reformation. The Magisterial reformers, such as Martin Luther, John Calvin, and Huldrych Zwingli, believed that they were reforming the Roman Catholic Church, which they viewed as having become corrupted.']",,papal supremacy,67.64889997430146,363.30909992102534
What was the eastern church subsequently known as?,"['Christianity was a major unifying factor between Eastern and Western Europe before the Arab conquests, but the conquest of North Africa sundered maritime connections between those areas. Increasingly the Byzantine Church differed in language, practices, and liturgy from the western Church. The eastern church used Greek instead of the western Latin.', 'Theological and political differences emerged, and by the early and middle 8th century issues such as iconoclasm, clerical marriage, and state control of the church had widened to the extent that the cultural and religious differences were greater than the similarities. The formal break came in 1054, when the papacy and the patriarchy of Constantinople clashed over papal supremacy and excommunicated each other, which led to the division of Christianity into two churches—the western branch became the Roman Catholic Church and the eastern branch the Orthodox Church.', 'Kenneth Samuel Wuest holds that all three original New Testament verses\' usages reflect a derisive element in the term Christian to refer to followers of Christ who did not acknowledge the emperor of Rome. The city of Antioch, where someone gave them the name Christians, had a reputation for coming up with such nicknames. However Peter\'s apparent endorsement of the term led to its being preferred over ""Nazarenes"" and the term Christianoi from 1 Peter becomes the standard term in the Early Church Fathers from Ignatius and Polycarp onwards.', 'Each of them took very seriously the charges of schism and innovation, denying these charges and maintaining that it was the Roman Catholic Church that had left them. In order to justify their departure from the Roman Catholic Church, Protestants often posited a new argument, saying that there was no real visible Church with divine authority, only a spiritual, invisible, and hidden church—this notion began in the early days of the Protestant Reformation.', 'The view of the Roman Catholic Church is that Protestant denominations cannot be considered churches but rather that they are ecclesial communities or specific faith-believing communities because their ordinances and doctrines are not historically the same as the Catholic sacraments and dogmas, and the Protestant communities have no sacramental ministerial priesthood and therefore lack true apostolic succession. According to Bishop Hilarion (Alfeyev) the Eastern Orthodox Church shares the same view on the subject.']",,the Orthodox Church,90.0201000040397,351.4462999301031
Who was the head of the Canberra torch relay committee?,"['Up to 600 pro-Tibet protesters were expected to attend the relay, along with between 2,000 and 10,000 Chinese supporters. Taking note of the high number of Chinese supporters, Ted Quinlan, head of the Canberra torch relay committee, said: ""We didn\'t expect this reaction from the Chinese community. It is obviously a well-coordinated plan to take the day by weight of numbers.', 'But we have assurances that it will be done peacefully."". Also, Australia\'s ACT Chief Minister, Jon Stanhope confirmed that the Chinese embassy was closely involve to ensure that ""pro-China demonstrators vastly outnumbered Tibetan activists."" Australian freestyle swimmer and five-time Olympic gold medalist Ian Thorpe ended the Australian leg of the torch relay April 24, 2008, touching the flame to light a cauldron after a run that was only marginally marked by protests.', 'Leong Hong Man and Leong Heng Teng were the first and last torchbearer in the relay respectively. An article published on Macao Daily News criticized that the list of the torchbearers could not fully represent the Macanese and that there were too many non-athletes among the torchbearers. ( some of whom had already been torchbearers of other sporting events)', 'Great Britain: The torch relay leg held in London, the host city of the 2012 Summer Olympics, on April 6 began at Wembley Stadium, passed through the City of London, and eventually ended at O2 Arena in the eastern part of the city. The 48 km (30 mi) leg took a total of seven and a half hours to complete, and attracted protests by pro-Tibetan independence and pro-Human Rights supporters, prompting changes to the planned route and an unscheduled move onto a bus, which was then briefly halted by protestors. Home Secretary Jacqui Smith has officially complained to Beijing Organising Committee about the conduct of the tracksuit-clad Chinese security guards.', 'The Chinese officials, seen manhandling protesters, were described by both the London Mayor Ken Livingstone and Lord Coe, chairman of the London Olympic Committee as ""thugs"". A Metropolitan police briefing paper revealed that security for the torch relay cost £750,000 and the participation of the Chinese security team had been agreed in advance, despite the Mayor stating, ""We did not know beforehand these thugs were from the security services. Had I known so, we would have said no.""']",,Ted Quinlan,56.25410005450249,342.6941999932751
How many supporters of Tibet were expected in Canberra to protest?,"['Up to 600 pro-Tibet protesters were expected to attend the relay, along with between 2,000 and 10,000 Chinese supporters. Taking note of the high number of Chinese supporters, Ted Quinlan, head of the Canberra torch relay committee, said: ""We didn\'t expect this reaction from the Chinese community. It is obviously a well-coordinated plan to take the day by weight of numbers.', 'People demonstrated both for China and for Tibet. At least five people were arrested during the torch relay. Police said ""the five were arrested for interfering with the event under special powers enacted in the wake of massive protests against Chinese policy toward Tibet.""', 'Just days before the relay supporters of Falun Gong demonstrated in front of the Chinese embassy in the Malaysian capital. As many as 1,000 personnel from the special police unit were expected to be deployed on the day of the relay. A Japanese family with Malaysian citizenship and their 5-year-old child who unfurled a Tibetan flag were hit by a group of Chinese nationals with plastic air-filled batons and heckled by a crowd of Chinese citizens during the confrontation at Independence Square where the relay began, and the Chinese group shouted: ""Taiwan and Tibet belong to China.""', 'India: Due to concerns about pro-Tibet protests, the relay through New Delhi on April 17 was cut to just 2.3 km (less than 1.5 miles), which was shared amongst 70 runners. It concluded at the India Gate. The event was peaceful due to the public not being allowed at the relay.', 'The attacks on the torch in London and Paris were described as ""despicable"" by the Chinese government, condemning them as ""deliberate disruptions... who gave no thought to the Olympic spirit or the laws of Britain and France"" and who ""tarnish the lofty Olympic spirit"", and vowed they would continue with the relay and not allow the protests to ""impede the Olympic spirit"". Large-scale counter-protests by overseas Chinese and foreign-based Chinese nationals became prevalent in later segments of the relay. In San Francisco, the number of supporters were much more than the number of protesters, and in Australia, Japan, South Korea, the counter-protesters overwhelmed the protesters.']",,600,74.81190003454685,331.20230003260076
ACT Chief Minister Jon Stanhope said which organization intended to ensure that China supporters outweighed Tibet supporters?,"['But we have assurances that it will be done peacefully."". Also, Australia\'s ACT Chief Minister, Jon Stanhope confirmed that the Chinese embassy was closely involve to ensure that ""pro-China demonstrators vastly outnumbered Tibetan activists."" Australian freestyle swimmer and five-time Olympic gold medalist Ian Thorpe ended the Australian leg of the torch relay April 24, 2008, touching the flame to light a cauldron after a run that was only marginally marked by protests.', 'Up to 600 pro-Tibet protesters were expected to attend the relay, along with between 2,000 and 10,000 Chinese supporters. Taking note of the high number of Chinese supporters, Ted Quinlan, head of the Canberra torch relay committee, said: ""We didn\'t expect this reaction from the Chinese community. It is obviously a well-coordinated plan to take the day by weight of numbers.', ""In 1980, General Secretary and reformist Hu Yaobang visited Tibet and ushered in a period of social, political, and economic liberalization. At the end of the decade, however, analogously to the Tiananmen Square protests of 1989, monks in the Drepung and Sera monasteries started protesting for independence, and so the government halted reforms and started an anti-separatist campaign. Human rights organisations have been critical of the Beijing and Lhasa governments' approach to human rights in the region when cracking down on separatist convulsions that have occurred around monasteries and cities, most recently in the 2008 Tibetan unrest."", 'Just days before the relay supporters of Falun Gong demonstrated in front of the Chinese embassy in the Malaysian capital. As many as 1,000 personnel from the special police unit were expected to be deployed on the day of the relay. A Japanese family with Malaysian citizenship and their 5-year-old child who unfurled a Tibetan flag were hit by a group of Chinese nationals with plastic air-filled batons and heckled by a crowd of Chinese citizens during the confrontation at Independence Square where the relay began, and the Chinese group shouted: ""Taiwan and Tibet belong to China.""', 'People demonstrated both for China and for Tibet. At least five people were arrested during the torch relay. Police said ""the five were arrested for interfering with the event under special powers enacted in the wake of massive protests against Chinese policy toward Tibet.""']",,the Chinese embassy,86.013900116086,348.4058000613004
Which athlete carried the torch for the final leg?,"['Leong Hong Man and Leong Heng Teng were the first and last torchbearer in the relay respectively. An article published on Macao Daily News criticized that the list of the torchbearers could not fully represent the Macanese and that there were too many non-athletes among the torchbearers. ( some of whom had already been torchbearers of other sporting events)', 'Russia: On April 5 the Olympic torch arrived at Saint Petersburg, Russia. The length of the torch relay route in the city was 20 km, with the start at the Victory Square and finish at the Palace Square. Mixed martial arts icon and former PRIDE Heavyweight Champion Fedor Emelianenko was one the torch bearers.', ""Afterward, the torch traveled through Macau, passing by a number of landmarks including A-Ma Temple, Macau Tower, Ponte Governador Nobre de Carvalho, Ponte de Sai Van, Macau Cultural Centre, Macau Stadium and then back to the Fisherman's Wharf for the closing ceremony. Parts of the route near Ruins of St. Paul's and Taipa was shortened due to large crowds of supporters blocking narrow streets. A total of 120 torchbearers participated in this event including casino tycoon Stanley Ho."", 'This gives him the distinction of the being the first active MMA fighter to carry the Olympic flame.', 'But we have assurances that it will be done peacefully."". Also, Australia\'s ACT Chief Minister, Jon Stanhope confirmed that the Chinese embassy was closely involve to ensure that ""pro-China demonstrators vastly outnumbered Tibetan activists."" Australian freestyle swimmer and five-time Olympic gold medalist Ian Thorpe ended the Australian leg of the torch relay April 24, 2008, touching the flame to light a cauldron after a run that was only marginally marked by protests.']",,Ian Thorpe,59.526999946683645,351.91430000122637
How many supporters of Tibet were expected to attend the torch relay?,"['Up to 600 pro-Tibet protesters were expected to attend the relay, along with between 2,000 and 10,000 Chinese supporters. Taking note of the high number of Chinese supporters, Ted Quinlan, head of the Canberra torch relay committee, said: ""We didn\'t expect this reaction from the Chinese community. It is obviously a well-coordinated plan to take the day by weight of numbers.', 'People demonstrated both for China and for Tibet. At least five people were arrested during the torch relay. Police said ""the five were arrested for interfering with the event under special powers enacted in the wake of massive protests against Chinese policy toward Tibet.""', 'India: Due to concerns about pro-Tibet protests, the relay through New Delhi on April 17 was cut to just 2.3 km (less than 1.5 miles), which was shared amongst 70 runners. It concluded at the India Gate. The event was peaceful due to the public not being allowed at the relay.', 'Just days before the relay supporters of Falun Gong demonstrated in front of the Chinese embassy in the Malaysian capital. As many as 1,000 personnel from the special police unit were expected to be deployed on the day of the relay. A Japanese family with Malaysian citizenship and their 5-year-old child who unfurled a Tibetan flag were hit by a group of Chinese nationals with plastic air-filled batons and heckled by a crowd of Chinese citizens during the confrontation at Independence Square where the relay began, and the Chinese group shouted: ""Taiwan and Tibet belong to China.""', 'Great Britain: The torch relay leg held in London, the host city of the 2012 Summer Olympics, on April 6 began at Wembley Stadium, passed through the City of London, and eventually ended at O2 Arena in the eastern part of the city. The 48 km (30 mi) leg took a total of seven and a half hours to complete, and attracted protests by pro-Tibetan independence and pro-Human Rights supporters, prompting changes to the planned route and an unscheduled move onto a bus, which was then briefly halted by protestors. Home Secretary Jacqui Smith has officially complained to Beijing Organising Committee about the conduct of the tracksuit-clad Chinese security guards.']",,Up to 600,60.08960003964603,371.61209993064404
It was thought that how many Chinese supporters would attend the torch relay?,"['Up to 600 pro-Tibet protesters were expected to attend the relay, along with between 2,000 and 10,000 Chinese supporters. Taking note of the high number of Chinese supporters, Ted Quinlan, head of the Canberra torch relay committee, said: ""We didn\'t expect this reaction from the Chinese community. It is obviously a well-coordinated plan to take the day by weight of numbers.', 'People demonstrated both for China and for Tibet. At least five people were arrested during the torch relay. Police said ""the five were arrested for interfering with the event under special powers enacted in the wake of massive protests against Chinese policy toward Tibet.""', 'The attacks on the torch in London and Paris were described as ""despicable"" by the Chinese government, condemning them as ""deliberate disruptions... who gave no thought to the Olympic spirit or the laws of Britain and France"" and who ""tarnish the lofty Olympic spirit"", and vowed they would continue with the relay and not allow the protests to ""impede the Olympic spirit"". Large-scale counter-protests by overseas Chinese and foreign-based Chinese nationals became prevalent in later segments of the relay. In San Francisco, the number of supporters were much more than the number of protesters, and in Australia, Japan, South Korea, the counter-protesters overwhelmed the protesters.', 'Just days before the relay supporters of Falun Gong demonstrated in front of the Chinese embassy in the Malaysian capital. As many as 1,000 personnel from the special police unit were expected to be deployed on the day of the relay. A Japanese family with Malaysian citizenship and their 5-year-old child who unfurled a Tibetan flag were hit by a group of Chinese nationals with plastic air-filled batons and heckled by a crowd of Chinese citizens during the confrontation at Independence Square where the relay began, and the Chinese group shouted: ""Taiwan and Tibet belong to China.""', ""The event was held in the streets around the city main's stadium. The cancelling of the relay through the city itself was decided due to security concerns and at the request of the Chinese embassy. Only invitees and journalists were admitted inside the stadium.""]",,"between 2,000 and 10,000",88.52939994540066,361.22169997543097
Who did not expect that reaction from the Chinese community?,"['In response to the demonstrations, an editorial in the People\'s Daily urged Chinese people to ""express [their] patriotic enthusiasm calmly and rationally, and express patriotic aspiration in an orderly and legal manner"".', 'Just days before the relay supporters of Falun Gong demonstrated in front of the Chinese embassy in the Malaysian capital. As many as 1,000 personnel from the special police unit were expected to be deployed on the day of the relay. A Japanese family with Malaysian citizenship and their 5-year-old child who unfurled a Tibetan flag were hit by a group of Chinese nationals with plastic air-filled batons and heckled by a crowd of Chinese citizens during the confrontation at Independence Square where the relay began, and the Chinese group shouted: ""Taiwan and Tibet belong to China.""', 'The attacks on the torch in London and Paris were described as ""despicable"" by the Chinese government, condemning them as ""deliberate disruptions... who gave no thought to the Olympic spirit or the laws of Britain and France"" and who ""tarnish the lofty Olympic spirit"", and vowed they would continue with the relay and not allow the protests to ""impede the Olympic spirit"". Large-scale counter-protests by overseas Chinese and foreign-based Chinese nationals became prevalent in later segments of the relay. In San Francisco, the number of supporters were much more than the number of protesters, and in Australia, Japan, South Korea, the counter-protesters overwhelmed the protesters.', 'Up to 600 pro-Tibet protesters were expected to attend the relay, along with between 2,000 and 10,000 Chinese supporters. Taking note of the high number of Chinese supporters, Ted Quinlan, head of the Canberra torch relay committee, said: ""We didn\'t expect this reaction from the Chinese community. It is obviously a well-coordinated plan to take the day by weight of numbers.', 'At one point, groups of Chinese students surrounded and intimidated pro-Tibet protesters. One person had to be pulled aboard a police launch when a group of pro-Chinese students looked like they might force him into the lake.']",,Ted Quinlan,68.29219998326153,387.42790010292083
Who was involved to ensure the pro Chinese demonstrators outweighed the Tibetan demonstrators?,"['People demonstrated both for China and for Tibet. At least five people were arrested during the torch relay. Police said ""the five were arrested for interfering with the event under special powers enacted in the wake of massive protests against Chinese policy toward Tibet.""', 'At one point, groups of Chinese students surrounded and intimidated pro-Tibet protesters. One person had to be pulled aboard a police launch when a group of pro-Chinese students looked like they might force him into the lake.', 'Just days before the relay supporters of Falun Gong demonstrated in front of the Chinese embassy in the Malaysian capital. As many as 1,000 personnel from the special police unit were expected to be deployed on the day of the relay. A Japanese family with Malaysian citizenship and their 5-year-old child who unfurled a Tibetan flag were hit by a group of Chinese nationals with plastic air-filled batons and heckled by a crowd of Chinese citizens during the confrontation at Independence Square where the relay began, and the Chinese group shouted: ""Taiwan and Tibet belong to China.""', 'Up to 600 pro-Tibet protesters were expected to attend the relay, along with between 2,000 and 10,000 Chinese supporters. Taking note of the high number of Chinese supporters, Ted Quinlan, head of the Canberra torch relay committee, said: ""We didn\'t expect this reaction from the Chinese community. It is obviously a well-coordinated plan to take the day by weight of numbers.', ""In 1980, General Secretary and reformist Hu Yaobang visited Tibet and ushered in a period of social, political, and economic liberalization. At the end of the decade, however, analogously to the Tiananmen Square protests of 1989, monks in the Drepung and Sera monasteries started protesting for independence, and so the government halted reforms and started an anti-separatist campaign. Human rights organisations have been critical of the Beijing and Lhasa governments' approach to human rights in the region when cracking down on separatist convulsions that have occurred around monasteries and cities, most recently in the 2008 Tibetan unrest.""]",,the Chinese embassy,67.06819997634739,699.2381999734789
What does the Protocol on Environmental Protection seek to regulate?,"['Estonia has also signed the Kyoto Protocol.', 'Although coal, hydrocarbons, iron ore, platinum, copper, chromium, nickel, gold and other minerals have been found, they have not been in large enough quantities to exploit. The 1991 Protocol on Environmental Protection to the Antarctic Treaty also restricts a struggle for resources. In 1998, a compromise agreement was reached to place an indefinite ban on mining, to be reviewed in 2048, further limiting economic development and exploitation.', 'The ""Safe Harbor"" agreement is a voluntary agreement between the private landowner and FWS. The landowner agrees to alter the property to benefit or even attract a listed or proposed species in exchange for assurances that the FWS will permit future ""takes"" above a pre-determined level. The policy relies on the ""enhancement of survival"" provision of Section §1539(a)(1)(A).', 'Tuvalu participates in the operations of the Pacific Islands Applied Geoscience Commission (SOPAC) and the Secretariat of the Pacific Regional Environment Programme (SPREP).', 'Under European law, the governing principles for Internet Service Providers are ""mere conduit"", meaning that they are neutral \'pipes\' with no knowledge of what they are carrying; and \'no obligation to monitor\' meaning that they cannot be given a general mandate by governments to monitor content. These two principles are a barrier for certain forms of online copyright enforcement and they were the reason behind an attempt to amend the European Telecoms Package in 2009 to support new measures against copyright infringement.']",,resources,63.94289992749691,389.96339996811
In what year was an agreement reached to ban mining in Antarctica?,"['Although coal, hydrocarbons, iron ore, platinum, copper, chromium, nickel, gold and other minerals have been found, they have not been in large enough quantities to exploit. The 1991 Protocol on Environmental Protection to the Antarctic Treaty also restricts a struggle for resources. In 1998, a compromise agreement was reached to place an indefinite ban on mining, to be reviewed in 2048, further limiting economic development and exploitation.', 'The first documented landing on Antarctica was by the American sealer John Davis, apparently at Hughes Bay, near Cape Charles, in West Antarctica on 7 February 1821, although some historians dispute this claim. The first recorded and confirmed landing was at Cape Adair in 1895.', 'There are four categories of terra nullius, land that is unclaimed by any state: the small unclaimed territory of Bir Tawil between Egypt and Sudan, Antarctica, the oceans, and celestial bodies such as the Moon or Mars. In the last three of these, international treaties (the Antarctic Treaty, the United Nations Convention on the Law of the Sea, and the Outer Space Treaty respectively) prevent colonization and potential statehood of any of these uninhabited (and, given current technology, not permanently inhabitable) territories.', ""In spring 1987, a protest movement arose against new phosphate mines in Estonia. Signatures were collected in Tartu, and students assembled in the university's main hall to express lack of confidence in the government. At a demonstration on May 1, 1987, young people showed up with banners and slogans despite an official ban."", 'The primary economic activity is the capture and offshore trading of fish. Antarctic fisheries in 2000–01 reported landing 112,934 tonnes.']",,1998,63.27169993892312,340.77210002578795
When will the mining ban be reviewed?,"['Although coal, hydrocarbons, iron ore, platinum, copper, chromium, nickel, gold and other minerals have been found, they have not been in large enough quantities to exploit. The 1991 Protocol on Environmental Protection to the Antarctic Treaty also restricts a struggle for resources. In 1998, a compromise agreement was reached to place an indefinite ban on mining, to be reviewed in 2048, further limiting economic development and exploitation.', 'These proposals were put to a referendum on 23 March 2013 where they were defeated by 158 votes to 42 on a 10% turnout.', ""In spring 1987, a protest movement arose against new phosphate mines in Estonia. Signatures were collected in Tartu, and students assembled in the university's main hall to express lack of confidence in the government. At a demonstration on May 1, 1987, young people showed up with banners and slogans despite an official ban."", 'It was probably discovered independently in China before 2800 BC, in Central America perhaps around 600 AD, and in West Africa about the 9th or 10th century AD. Investment casting was invented in 4500–4000 BC in Southeast Asia and carbon dating has established mining at Alderley Edge in Cheshire, UK at 2280 to 1890 BC. Ötzi the Iceman, a male dated from 3300–3200 BC, was found with an axe with a copper head 99.7% pure; high levels of arsenic in his hair suggest his involvement in copper smelting.', 'The plans to drill in the Arctic led to protests from environmental groups, particularly Greenpeace; furthermore, analysts in the energy field, as well as related industries, also expressed skepticism due to perceptions that drilling in the region is ""too dangerous because of harsh conditions and remote locations"".']",,2048,56.033600005321205,344.35669996310025
What is the major economic activity near Antarctica?,"['The primary economic activity is the capture and offshore trading of fish. Antarctic fisheries in 2000–01 reported landing 112,934 tonnes.', 'Although coal, hydrocarbons, iron ore, platinum, copper, chromium, nickel, gold and other minerals have been found, they have not been in large enough quantities to exploit. The 1991 Protocol on Environmental Protection to the Antarctic Treaty also restricts a struggle for resources. In 1998, a compromise agreement was reached to place an indefinite ban on mining, to be reviewed in 2048, further limiting economic development and exploitation.', 'There is no irrigated land. The island uses the Australian dollar as its currency.', ""The Australian government controls the exclusive economic zone (EEZ) and revenue from it extending 200 nautical miles (370 km) around Norfolk Island (roughly 428,000km2) and territorial sea claims to three nautical miles (6 km) from the island. There is a strong belief on the island that some of the revenue generated from Norfolk's EEZ should be available to providing services such as health and infrastructure on the island, which the island has been responsible for, similar to how the Northern Territory is able to access revenue from their mineral resources. The exclusive economic zone provides the islanders with fish, its only major natural resource."", 'There are four categories of terra nullius, land that is unclaimed by any state: the small unclaimed territory of Bir Tawil between Egypt and Sudan, Antarctica, the oceans, and celestial bodies such as the Moon or Mars. In the last three of these, international treaties (the Antarctic Treaty, the United Nations Convention on the Law of the Sea, and the Outer Space Treaty respectively) prevent colonization and potential statehood of any of these uninhabited (and, given current technology, not permanently inhabitable) territories.']",,trading of fish,60.11620000936091,350.3981999820098
How many tonnes of fish were reported caught in 2000-01?,"['The primary economic activity is the capture and offshore trading of fish. Antarctic fisheries in 2000–01 reported landing 112,934 tonnes.', ""In October 2011, the government declared that an area covering nearly 2,000,000 square kilometres (772,000 sq mi) of ocean shall be reserved as a shark sanctuary. This is the world's largest shark sanctuary, extending the worldwide ocean area in which sharks are protected from 2,700,000 to 4,600,000 square kilometres (1,042,000 to 1,776,000 sq mi). In protected waters, all shark fishing is banned and all by-catch must be released."", ""Scientists observe annelids to monitor the quality of marine and fresh water. Although blood-letting is no longer in favor with doctors, some leech species are regarded as endangered species because they have been over-harvested for this purpose in the last few centuries. Ragworms' jaws are now being studied by engineers as they offer an exceptional combination of lightness and strength."", 'Norfolk Island has no direct control over any marine areas but has an agreement with the Commonwealth through the Australian Fisheries Management Authority (AFMA) to fish ""recreationally"" in a small section of the EEZ known locally as ""the Box"". While there is speculation that the zone may include oil and gas deposits, this is not proven. There are no major arable lands or permanent farmlands, though about 25 per cent of the island is a permanent pasture.', 'A 2007 study conducted by the National Science Foundation found that biodiversity and genetic diversity are codependent—that diversity among species requires diversity within a species, and vice versa. "" If any one type is removed from the system, the cycle can break down, and the community becomes dominated by a single species."" At present, the most threatened ecosystems are found in fresh water, according to the Millennium Ecosystem Assessment 2005, which was confirmed by the ""Freshwater Animal Diversity Assessment"", organised by the biodiversity platform, and the French Institut de recherche pour le développement (MNHNP).']",,"112,934 tonnes",83.27509998343885,362.31240001507103
How many workers commute into the municipality?,"['In 2000[update], there were 94,367 workers who commuted into the municipality and 16,424 workers who commuted away. The municipality is a net importer of workers, with about 5.7 workers entering the municipality for every one leaving. Of the working population, 50.6% used public transport to get to work, and 20.6% used a private car.', 'As of 2011[update], the city had one employee for every 137 residents, with a payroll greater than $733 million.', ""In June 2013, Mexico City's mayor announced two more lines to come: Line 5 serving Eje 3 Oriente and Line 6 serving Eje 5 Norte. As of June 2013, 367 Metrobús buses transported 850,000 passengers daily."", 'All major cities and towns have their own local urban transport network, as well as taxi services.', 'The second-largest business district in terms of employment is La Défense, just west of the city, where many companies installed their offices in the 1990s. In 2010 it was the workplace of 144,600 employees, of whom 38 percent worked in finance and insurance, 16 percent in business support services. Two other important districts, Neuilly-sur-Seine and Levallois-Perret, are extensions of the Paris business district and of La Defense.']",,"94,367",63.94919997546822,355.41790002025664
How many workers had to commute away from the municipality?,"['In 2000[update], there were 94,367 workers who commuted into the municipality and 16,424 workers who commuted away. The municipality is a net importer of workers, with about 5.7 workers entering the municipality for every one leaving. Of the working population, 50.6% used public transport to get to work, and 20.6% used a private car.', 'As of 2011[update], the city had one employee for every 137 residents, with a payroll greater than $733 million.', 'Jobs expanded so rapidly that 400,000 people were attracted to the city from 1941 to 1943, including 50,000 blacks in the second wave of the Great Migration, and 350,000 whites, many of them from the South. Some European immigrants and their descendants feared black competition for jobs and housing. The federal government prohibited discrimination in defense work but when in June 1943, Packard promoted three blacks to work next to whites on its assembly lines, 25,000 whites walked off the job.', 'The population of Paris today is lower than its historical peak of 2.9 million in 1921. The principal reasons were a significant decline in household size, and a dramatic migration of residents to the suburbs between 1962 and 1975. Factors in the migration included de-industrialisation, high rent, the gentrification of many inner quarters, the transformation of living space into offices, and greater affluence among working families.', ""In June 2013, Mexico City's mayor announced two more lines to come: Line 5 serving Eje 3 Oriente and Line 6 serving Eje 5 Norte. As of June 2013, 367 Metrobús buses transported 850,000 passengers daily.""]",,"16,424",58.79869998898357,359.6176999853924
How much of the working population uses public transportation?,"['In 2000[update], there were 94,367 workers who commuted into the municipality and 16,424 workers who commuted away. The municipality is a net importer of workers, with about 5.7 workers entering the municipality for every one leaving. Of the working population, 50.6% used public transport to get to work, and 20.6% used a private car.', 'Like many Australian cities, Melbourne has a high dependency on the automobile for transport, particularly in the outer suburban areas where the largest number of cars are bought, with a total of 3.6 million private vehicles using 22,320 km (13,870 mi) of road, and one of the highest lengths of road per capita in the world. The early 20th century saw an increase in popularity of automobiles, resulting in large-scale suburban expansion. By the mid 1950s there was just under 200 passenger vehicles per 1000 people by 2013 there was 600 passenger vehicles per 1000 people.', 'All major cities and towns have their own local urban transport network, as well as taxi services.', ""The region is serviced by 4,200 km (2,600 mi) of roads used by 6 million vehicles. Train travel is well established in the Alps, with, for instance 120 km (75 mi) of track for every 1,000 km2 (390 sq mi) in a country such as Switzerland. Most of Europe's highest railways are located there."", ""In June 2013, Mexico City's mayor announced two more lines to come: Line 5 serving Eje 3 Oriente and Line 6 serving Eje 5 Norte. As of June 2013, 367 Metrobús buses transported 850,000 passengers daily.""]",,50.6%,68.84880003053695,329.4830999802798
How many of the working population use private cars?,"['Like many Australian cities, Melbourne has a high dependency on the automobile for transport, particularly in the outer suburban areas where the largest number of cars are bought, with a total of 3.6 million private vehicles using 22,320 km (13,870 mi) of road, and one of the highest lengths of road per capita in the world. The early 20th century saw an increase in popularity of automobiles, resulting in large-scale suburban expansion. By the mid 1950s there was just under 200 passenger vehicles per 1000 people by 2013 there was 600 passenger vehicles per 1000 people.', 'In 2000[update], there were 94,367 workers who commuted into the municipality and 16,424 workers who commuted away. The municipality is a net importer of workers, with about 5.7 workers entering the municipality for every one leaving. Of the working population, 50.6% used public transport to get to work, and 20.6% used a private car.', 'Therefore, there is also a strong economic incentive to substitute other fuels for oil. Rail electrification is often considered an important route towards consumption pattern reform. However, there are no reliable, peer-reviewed studies available to assist in rational public debate on this critical issue, although there are untranslated Soviet studies from the 1980s.', ""The region is serviced by 4,200 km (2,600 mi) of roads used by 6 million vehicles. Train travel is well established in the Alps, with, for instance 120 km (75 mi) of track for every 1,000 km2 (390 sq mi) in a country such as Switzerland. Most of Europe's highest railways are located there."", 'All major cities and towns have their own local urban transport network, as well as taxi services.']",,20.6%,57.539000059477985,361.1282999627292
What queen set up the Banská Akadémia?,"[""The world's first institution of technology or technical university with tertiary technical education is the Banská Akadémia in Banská Štiavnica, Slovakia, founded in 1735, Academy since December 13, 1762 established by queen Maria Theresa in order to train specialists of silver and gold mining and metallurgy in neighbourhood. Teaching started in 1764. Later the department of Mathematics, Mechanics and Hydraulics and department of Forestry were settled."", ""During investitures, the Queen stands on the throne dais beneath a giant, domed velvet canopy, known as a shamiana or a baldachin, that was used at the Delhi Durbar in 1911. A military band plays in the musicians' gallery as award recipients approach the Queen and receive their honours, watched by their families and friends."", 'The royal family appoints a commoner maiden to be ""induna"" (captain) of the girls and she announces over the radio the dates of the ceremony. She will be an expert dancer and knowledgeable on royal protocol. One of the King\'s daughters will be her counterpart.', 'I got out of bed and went into my sitting-room (only in my dressing gown) and alone, and saw them. Lord Conyngham then acquainted me that my poor Uncle, the King, was no more, and had expired at 12 minutes past 2 this morning, and consequently that I am Queen."" Official documents prepared on the first day of her reign described her as Alexandrina Victoria, but the first name was withdrawn at her own wish and not used again.', ""She is the world's oldest reigning monarch as well as Britain's longest-lived. In 2015, she surpassed the reign of her great-great-grandmother, Queen Victoria, to become the longest-reigning British head of state and the longest-reigning queen regnant in world history.""]",,queen Maria Theresa,73.92190000973642,327.44590006768703
What year was the Banská Akadémia founded?,"[""The world's first institution of technology or technical university with tertiary technical education is the Banská Akadémia in Banská Štiavnica, Slovakia, founded in 1735, Academy since December 13, 1762 established by queen Maria Theresa in order to train specialists of silver and gold mining and metallurgy in neighbourhood. Teaching started in 1764. Later the department of Mathematics, Mechanics and Hydraulics and department of Forestry were settled."", 'Under the leadership of Vladimir Lenin, the Bolsheviks established the Soviet state on 7 November [O.S. 25 October] 1917, immediately after the Russian Provisional Government, which governed the Russian Republic, was overthrown during the October Revolution. Initially, the state did not have an official name and wasn\'t recognized by neighboring countries for five months. Meanwhile, anti-Bolsheviks coined the mocking label ""Sovdepia"" for the nascent state of the ""Soviets of Workers\' and Peasants\' Deputies"".', ""The event was established in 1049 by Tsong Khapa, the founder of the Dalai Lama and the Panchen Lama's order."", 'The Estonian Academy of Sciences is the national academy of science. The strongest public non-profit research institute that carries out fundamental and applied research is the National Institute of Chemical Physics and Biophysics (NICPB; Estonian KBFI). The first computer centres were established in the late 1950s in Tartu and Tallinn.', 'This production was promoted by the Ateneo Mercantil de Valencia (Mercantile Athenaeum of Valencia), especially by its chairman, Tomás Trénor y Palavicino, and had the support of the Government and the Crown; it was officially inaugurated by King Alfonso XIII himself.']",,1735,132.278100005351,374.6380000375211
The Banská Akadémia was originally intended for training workers in what two precious metals?,"[""The world's first institution of technology or technical university with tertiary technical education is the Banská Akadémia in Banská Štiavnica, Slovakia, founded in 1735, Academy since December 13, 1762 established by queen Maria Theresa in order to train specialists of silver and gold mining and metallurgy in neighbourhood. Teaching started in 1764. Later the department of Mathematics, Mechanics and Hydraulics and department of Forestry were settled."", 'The history of copper metallurgy is thought to have followed the following sequence: 1) cold working of native copper, 2) annealing, 3) smelting, and 4) the lost wax method. In southeastern Anatolia, all four of these metallurgical techniques appears more or less simultaneously at the beginning of the Neolithic c. 7500 BC. However, just as agriculture was independently invented in several parts of the world, copper smelting was invented locally in several different places.', 'Experience with copper has assisted the development of other metals; in particular, copper smelting led to the discovery of iron smelting. Production in the Old Copper Complex in Michigan and Wisconsin is dated between 6000 and 3000 BC. Natural bronze, a type of copper made from ores rich in silicon, arsenic, and (rarely) tin, came into general use in the Balkans around 5500 BC.[citation needed]', 'Many ancient civilizations alloyed metals for purely aesthetic purposes. In ancient Egypt and Mycenae, gold was often alloyed with copper to produce red-gold, or iron to produce a bright burgundy-gold. Gold was often found alloyed with silver or other metals to produce various types of colored gold.', 'It was probably discovered independently in China before 2800 BC, in Central America perhaps around 600 AD, and in West Africa about the 9th or 10th century AD. Investment casting was invented in 4500–4000 BC in Southeast Asia and carbon dating has established mining at Alderley Edge in Cheshire, UK at 2280 to 1890 BC. Ötzi the Iceman, a male dated from 3300–3200 BC, was found with an axe with a copper head 99.7% pure; high levels of arsenic in his hair suggest his involvement in copper smelting.']",,silver and gold,67.63369997497648,373.7173000117764
What year did teaching start at the Banská Akadémia?,"[""The world's first institution of technology or technical university with tertiary technical education is the Banská Akadémia in Banská Štiavnica, Slovakia, founded in 1735, Academy since December 13, 1762 established by queen Maria Theresa in order to train specialists of silver and gold mining and metallurgy in neighbourhood. Teaching started in 1764. Later the department of Mathematics, Mechanics and Hydraulics and department of Forestry were settled."", ""After that he did voluntary service in one of psychoanalyst Alfred Adler's clinics for children. In 1922, he did his matura by way of a second chance education and finally joined the University as an ordinary student. He completed his examination as an elementary teacher in 1924 and started working at an after-school care club for socially endangered children."", 'By the end of the early modern period, the structure and orientation of higher education had changed in ways that are eminently recognizable for the modern context. Aristotle was no longer a force providing the epistemological and methodological focus for universities and a more mechanistic orientation was emerging. The hierarchical place of theological knowledge had for the most part been displaced and the humanities had become a fixture, and a new openness was beginning to take hold in the construction and dissemination of knowledge that were to become imperative for the formation of the modern state.', 'In 1925, he went to the newly founded Pädagogisches Institut and continued studying philosophy and psychology. Around that time he started courting Josefine Anna Henninger, who later became his wife.', 'University buildings are still at their place today and are used for teaching. University has launched the first book of electrotechnics in the world.']",,1764,63.568799989297986,341.95170004386455
What are the university buildings still standing at the Banská Akadémia used for now?,"['University buildings are still at their place today and are used for teaching. University has launched the first book of electrotechnics in the world.', ""The world's first institution of technology or technical university with tertiary technical education is the Banská Akadémia in Banská Štiavnica, Slovakia, founded in 1735, Academy since December 13, 1762 established by queen Maria Theresa in order to train specialists of silver and gold mining and metallurgy in neighbourhood. Teaching started in 1764. Later the department of Mathematics, Mechanics and Hydraulics and department of Forestry were settled."", 'But the two most handsome and ornate buildings of these times are the École internationale des Pontonniers (the former Höhere Mädchenschule, girls college) with its towers, turrets and multiple round and square angles and the École des Arts décoratifs with its lavishly ornate façade of painted bricks, woodwork and majolica.', ""By the late Middle Ages university towns had grown in wealth and importance as well, and this was reflected in the buildings of some of Europe's ancient universities. Particularly remarkable examples still standing nowadays include the Collegio di Spagna in the University of Bologna, built during the 14th and 15th centuries; the Collegium Carolinum of the University of Prague in Bohemia; the Escuelas mayores of the University of Salamanca in Spain; the chapel of King's College, Cambridge; or the Collegium Maius of the Jagiellonian University in Kraków, Poland."", ""Since the construction of its oldest buildings, the university's physical plant has grown substantially. Over the years 29 residence halls have been built to accommodate students and each has been constructed with its own chapel. Many academic building were added together with a system of libraries, the most prominent of which is the Theodore Hesburgh Library, built in 1963 and today containing almost 4 million books.""]",,teaching,61.64780003018677,326.16349996533245
Who suggested that Jesus was the son of a Roman soldier?,"['From the early stages of Christianity, belief in the virginity of Mary and the virgin conception of Jesus, as stated in the gospels, holy and supernatural, was used by detractors, both political and religious, as a topic for discussions, debates and writings, specifically aimed to challenge the divinity of Jesus and thus Christians and Christianity alike. In the 2nd century, as part of the earliest anti-Christian polemics, Celsus suggested that Jesus was the illegitimate son of a Roman soldier named Panthera. The views of Celsus drew responses from Origen, the Church Father in Alexandria, Egypt, who considered it a fabricated story.', ""Conflict with Arius and Arianism as well as successive Roman emperors shaped Athanasius's career. In 325, at the age of 27, Athanasius began his leading role against the Arians as his bishop's assistant during the First Council of Nicaea. Roman emperor Constantine the Great had convened the council in May–August 325 to address the Arian position that the Son of God, Jesus of Nazareth, is of a distinct substance from the Father."", 'Saint Peter of Antioch referred to Christians that refused to venerate religious images as having ""Jewish minds"".', 'The baptism of Jesus and his crucifixion are considered to be two historically certain facts about Jesus. James Dunn states that these ""two facts in the life of Jesus command almost universal assent"" and ""rank so high on the \'almost impossible to doubt or deny\' scale of historical facts"" that they are often the starting points for the study of the historical Jesus. Bart Ehrman states that the crucifixion of Jesus on the orders of Pontius Pilate is the most certain element about him.', 'John Dominic Crossan states that the crucifixion of Jesus is as certain as any historical fact can be. Eddy and Boyd state that it is now ""firmly established"" that there is non-Christian confirmation of the crucifixion of Jesus. Craig Blomberg states that most scholars in the third quest for the historical Jesus consider the crucifixion indisputable.']",,Celsus,63.060900080017745,376.74700003117323
What was the name of the Roman soldier said by Celsus to be the father of Jesus?,"['From the early stages of Christianity, belief in the virginity of Mary and the virgin conception of Jesus, as stated in the gospels, holy and supernatural, was used by detractors, both political and religious, as a topic for discussions, debates and writings, specifically aimed to challenge the divinity of Jesus and thus Christians and Christianity alike. In the 2nd century, as part of the earliest anti-Christian polemics, Celsus suggested that Jesus was the illegitimate son of a Roman soldier named Panthera. The views of Celsus drew responses from Origen, the Church Father in Alexandria, Egypt, who considered it a fabricated story.', ""Conflict with Arius and Arianism as well as successive Roman emperors shaped Athanasius's career. In 325, at the age of 27, Athanasius began his leading role against the Arians as his bishop's assistant during the First Council of Nicaea. Roman emperor Constantine the Great had convened the council in May–August 325 to address the Arian position that the Son of God, Jesus of Nazareth, is of a distinct substance from the Father."", 'How far Celsus sourced his view from Jewish sources remains a subject of discussion.', 'The baptism of Jesus and his crucifixion are considered to be two historically certain facts about Jesus. James Dunn states that these ""two facts in the life of Jesus command almost universal assent"" and ""rank so high on the \'almost impossible to doubt or deny\' scale of historical facts"" that they are often the starting points for the study of the historical Jesus. Bart Ehrman states that the crucifixion of Jesus on the orders of Pontius Pilate is the most certain element about him.', 'However, early Christian writers who speak of the shape of the particular gibbet on which Jesus died invariably describe it as having a cross-beam. For instance, the Epistle of Barnabas, which was certainly earlier than 135, and may have been of the 1st century AD, the time when the gospel accounts of the death of Jesus were written, likened it to the letter T (the Greek letter tau, which had the numeric value of 300), and to the position assumed by Moses in Exodus 17:11–12. Justin Martyr (100–165) explicitly says the cross of Christ was of two-beam shape: ""That lamb which was commanded to be wholly roasted was a symbol of the suffering of the cross which Christ would undergo.']",,Panthera,68.42699996195734,409.89949996583164
Origen was a Church Father in which Egyptian city?,"['From the early stages of Christianity, belief in the virginity of Mary and the virgin conception of Jesus, as stated in the gospels, holy and supernatural, was used by detractors, both political and religious, as a topic for discussions, debates and writings, specifically aimed to challenge the divinity of Jesus and thus Christians and Christianity alike. In the 2nd century, as part of the earliest anti-Christian polemics, Celsus suggested that Jesus was the illegitimate son of a Roman soldier named Panthera. The views of Celsus drew responses from Origen, the Church Father in Alexandria, Egypt, who considered it a fabricated story.', 'Through the influence of the Eusebian faction at Constantinople, an Arian bishop, George of Cappadocia, was now appointed to rule the see of Alexandria. Athanasius, after remaining some days in the neighbourhood of the city, finally withdrew into the desert of Upper Egypt, where he remained for a period of six years, living the life of the monks, devoting himself to the composition of a group of writings; ""Apology to Constantius"", the ""Apology for his Flight"", the ""Letter to the Monks"", and the ""History of the Arians"".', 'Three years after that council, Athanasius succeeded his mentor as archbishop of Alexandria. In addition to the conflict with the Arians (including powerful and influential Arian churchmen led by Eusebius of Nicomedia), he struggled against the Emperors Constantine, Constantius II, Julian the Apostate and Valens. He was known as ""Athanasius Contra Mundum"" (Latin for Athanasius Against the World).', 'The Arsacid Kingdom of Armenia, itself a branch of the Arsacid dynasty of Parthia, was the first state to adopt Christianity as its religion (it had formerly been adherent to Armenian paganism, which was influenced by Zoroastrianism, while later on adopting a few elements regarding identification of its pantheon with Greco-Roman deities). in the early years of the 4th century, likely AD 301, partly in defiance of the Sassanids it seems. In the late Parthian period, Armenia was a predominantly Zoroastrian-adhering land, but by the Christianisation, previously predominant Zoroastrianism and paganism in Armenia gradually declined.', ""In c. 210 BC, the Greco-Bactrian kingdom was invaded by a resurgent Seleucid empire under Antiochus III. While victorious in the field, it seems Antiochus came to realise that there were advantages in the status quo (perhaps sensing that Bactria could not be governed from Syria), and married one of his daughters to Euthydemus's son, thus legitimising the Greco-Bactria dynasty. Soon afterwards the Greco-Bactrian kingdom seems to have expanded, possibly taking advantage of the defeat of the Parthian king Arsaces II by Antiochus.""]",,Alexandria,61.580699984915555,327.950399951078
In which century did Celsus suggest that Jesus' father was a Roman soldier?,"['From the early stages of Christianity, belief in the virginity of Mary and the virgin conception of Jesus, as stated in the gospels, holy and supernatural, was used by detractors, both political and religious, as a topic for discussions, debates and writings, specifically aimed to challenge the divinity of Jesus and thus Christians and Christianity alike. In the 2nd century, as part of the earliest anti-Christian polemics, Celsus suggested that Jesus was the illegitimate son of a Roman soldier named Panthera. The views of Celsus drew responses from Origen, the Church Father in Alexandria, Egypt, who considered it a fabricated story.', 'How far Celsus sourced his view from Jewish sources remains a subject of discussion.', ""Conflict with Arius and Arianism as well as successive Roman emperors shaped Athanasius's career. In 325, at the age of 27, Athanasius began his leading role against the Arians as his bishop's assistant during the First Council of Nicaea. Roman emperor Constantine the Great had convened the council in May–August 325 to address the Arian position that the Son of God, Jesus of Nazareth, is of a distinct substance from the Father."", 'The baptism of Jesus and his crucifixion are considered to be two historically certain facts about Jesus. James Dunn states that these ""two facts in the life of Jesus command almost universal assent"" and ""rank so high on the \'almost impossible to doubt or deny\' scale of historical facts"" that they are often the starting points for the study of the historical Jesus. Bart Ehrman states that the crucifixion of Jesus on the orders of Pontius Pilate is the most certain element about him.', 'John Dominic Crossan states that the crucifixion of Jesus is as certain as any historical fact can be. Eddy and Boyd state that it is now ""firmly established"" that there is non-Christian confirmation of the crucifixion of Jesus. Craig Blomberg states that most scholars in the third quest for the historical Jesus consider the crucifixion indisputable.']",,2nd,65.41959999594837,396.7928000492975
For what purpose did detractors use the idea of Mary's virginity and the virgin conception of Jesus?,"['From the early stages of Christianity, belief in the virginity of Mary and the virgin conception of Jesus, as stated in the gospels, holy and supernatural, was used by detractors, both political and religious, as a topic for discussions, debates and writings, specifically aimed to challenge the divinity of Jesus and thus Christians and Christianity alike. In the 2nd century, as part of the earliest anti-Christian polemics, Celsus suggested that Jesus was the illegitimate son of a Roman soldier named Panthera. The views of Celsus drew responses from Origen, the Church Father in Alexandria, Egypt, who considered it a fabricated story.', 'The doctrine of the immaculate conception (Mary being conceived free from original sin) is not to be confused with her virginal conception of her son Jesus. This misunderstanding of the term immaculate conception is frequently met in the mass media. Catholics believe that Mary was not the product of a virginal conception herself but was the daughter of a human father and mother, traditionally known by the names of Saint Joachim and Saint Anne.', 'In 1677, the Holy See condemned the belief that Mary was virginally conceived, which had been a belief surfacing occasionally since the 4th century. The Church celebrates the Feast of the Immaculate Conception (when Mary was conceived free from original sin) on 8 December, exactly nine months before celebrating the Nativity of Mary. The feast of the Annunciation (which commemorates the virginal conception and the Incarnation of Jesus) is celebrated on 25 March, nine months before Christmas Day.', 'The report ""Mary: Faith and Hope in Christ"", by the Anglican-Roman Catholic International Commission, concluded that the teaching about Mary in the two definitions of the Assumption and the Immaculate Conception can be said to be consonant with the teaching of the Scriptures and the ancient common traditions. But the report expressed concerns that the Roman Catholic dogmatic definitions of these concepts implies them to be ""revealed by God"", stating: ""The question arises for Anglicans, however, as to whether these doctrines concerning Mary are revealed by God in a way which must be held by believers as a matter of faith.""', ""Despite Martin Luther's harsh polemics against his Roman Catholic opponents over issues concerning Mary and the saints, theologians appear to agree that Luther adhered to the Marian decrees of the ecumenical councils and dogmas of the church. He held fast to the belief that Mary was a perpetual virgin and the Theotokos or Mother of God. Special attention is given to the assertion that Luther, some three-hundred years before the dogmatization of the Immaculate Conception by Pope Pius IX in 1854, was a firm adherent of that view.""]",,to challenge the divinity of Jesus,72.66870001330972,343.20250002201647
What is the most widely used way in learing?,"['Memorization is a method of learning that allows an individual to recall information verbatim. Rote learning is the method most often used. Methods of memorizing things have been the subject of much discussion over the years with some writers, such as Cosmos Rossellius using visual alphabets.', ""This study is reflective of several recent studies (i.e. Mike Manthei and Steve N. Kelly of the University of Nebraska at Omaha; Donald A. Hodges and Debra S. O'Connell of the University of North Carolina at Greensboro; etc.) and others who had significant results through the discourse of their work."", 'A literary technique or literary device can be used by authors in order to enhance the written framework of a piece of literature, and produce specific effects. Literary techniques encompass a wide range of approaches to crafting a work: whether a work is narrated in first-person or from another perspective, whether to use a traditional linear narrative or a nonlinear narrative, or the choice of literary genre, are all examples of literary technique. They may indicate to a reader that there is a familiar structure and presentation to a work, such as a conventional murder-mystery novel; or, the author may choose to experiment with their technique to surprise the reader.', 'The so-called Method of loci uses spatial memory to memorize non-spatial information.', 'The spacing effect shows that an individual is more likely to remember a list of items when rehearsal is spaced over an extended period of time. In contrast to this is cramming: an intensive memorization in a short period of time. Also relevant is the Zeigarnik effect which states that people remember uncompleted or interrupted tasks better than completed ones.']",,Rote learning,73.47219996154308,365.52360001951456
What is the Zeigarnik effect?,"[""This is especially pronounced when taking pictures of subjects near IR-bright areas (such as near a lamp), where the resulting infrared interference can wash out the image. There is also a technique called 'T-ray' imaging, which is imaging using far-infrared or terahertz radiation. Lack of bright sources can make terahertz photography more challenging than most other infrared imaging techniques."", 'The spacing effect shows that an individual is more likely to remember a list of items when rehearsal is spaced over an extended period of time. In contrast to this is cramming: an intensive memorization in a short period of time. Also relevant is the Zeigarnik effect which states that people remember uncompleted or interrupted tasks better than completed ones.', 'Glass has the ability to refract, reflect, and transmit light following geometrical optics, without scattering it. It is used in the manufacture of lenses and windows. Common glass has a refraction index around 1.5.', 'This may be modified by adding low-density materials such as boron, which lowers the index of refraction (see crown glass), or increased (to as much as 1.8) with high-density materials such as (classically) lead oxide (see flint glass and lead glass), or in modern uses, less toxic oxides of zirconium, titanium, or barium. These high-index glasses (inaccurately known as ""crystal"" when used in glass vessels) cause more chromatic dispersion of light, and are prized for their diamond-like optical properties.', 'A subtle form of distortion was introduced. Up to nine special transmitters directed their signals at the beams in a manner that widened its path, negating its ability to accurately locate targets. Confidence in the device was diminished by the time the Luftwaffe decided to launch large-scale raids.']",,states that people remember uncompleted or interrupted tasks better than completed ones.,52.72780009545386,358.6131000192836
What does memorization mean?,"['Memorization is a method of learning that allows an individual to recall information verbatim. Rote learning is the method most often used. Methods of memorizing things have been the subject of much discussion over the years with some writers, such as Cosmos Rossellius using visual alphabets.', 'In psychology, memory is the process in which information is encoded, stored, and retrieved. Encoding allows information from the outside world to be sensed in the form of chemical and physical stimuli. In the first stage the information must be changed so that it may be put into the encoding process.', 'The spacing effect shows that an individual is more likely to remember a list of items when rehearsal is spaced over an extended period of time. In contrast to this is cramming: an intensive memorization in a short period of time. Also relevant is the Zeigarnik effect which states that people remember uncompleted or interrupted tasks better than completed ones.', 'Cognitive neuroscientists consider memory as the retention, reactivation, and reconstruction of the experience-independent internal representation. The term of internal representation implies that such definition of memory contains two components: the expression of memory at the behavioral or conscious level, and the underpinning physical neural changes (Dudai 2007). The latter component is also called engram or memory traces (Semon 1904).', 'The so-called Method of loci uses spatial memory to memorize non-spatial information.']",,a method of learning that allows an individual to recall information verbatim,69.11699997726828,381.65859994478524
What learning tool did Cosmos rosselliius write about?,"['Many mechanical aids to calculation and measurement were constructed for astronomical and navigation use. The planisphere was a star chart invented by Abū Rayhān al-Bīrūnī in the early 11th century. The astrolabe was invented in the Hellenistic world in either the 1st or 2nd centuries BC and is often attributed to Hipparchus.', 'During the 1990s, several research papers and popular books wrote on what came to be called the ""Mozart effect"": an observed temporary, small elevation of scores on certain tests as a result of listening to Mozart\'s works. The approach has been popularized in a book by Don Campbell, and is based on an experiment published in Nature suggesting that listening to Mozart temporarily boosted students\' IQ by 8 to 9 points. This popularized version of the theory was expressed succinctly by the New York Times music columnist Alex Ross: ""researchers... have determined that listening to Mozart actually makes you smarter.""', 'The level of Hellenistic achievement in astronomy and engineering is impressively shown by the Antikythera mechanism (150–100 BC). It is a 37-gear mechanical computer which computed the motions of the Sun and Moon, including lunar and solar eclipses predicted on the basis of astronomical periods believed to have been learned from the Babylonians. Devices of this sort are not found again until the 10th century, when a simpler eight-geared luni-solar calculator incorporated into an astrolabe was described by the Persian scholar, Al-Biruni.[not in citation given] Similarly complex devices were also developed by other Muslim engineers and astronomers during the Middle Ages.[not in citation given]', 'Similarly Robert Boyle, a prominent advocate of the experimental method, held that we have innate ideas. The main continental rationalists (Descartes, Spinoza, and Leibniz) were also advocates of the empirical ""scientific method"".', ""More formal works included explanations of scientific theories for individuals lacking the educational background to comprehend the original scientific text. Sir Isaac Newton's celebrated Philosophiae Naturalis Principia Mathematica was published in Latin and remained inaccessible to readers without education in the classics until Enlightenment writers began to translate and analyze the text in the vernacular.""]",,using visual alphabets.,61.600100016221404,338.94040004815906
What is the spacing effect?,"['The spacing effect shows that an individual is more likely to remember a list of items when rehearsal is spaced over an extended period of time. In contrast to this is cramming: an intensive memorization in a short period of time. Also relevant is the Zeigarnik effect which states that people remember uncompleted or interrupted tasks better than completed ones.', 'It also used the earlier advanced method of forward-looking control on groove spacing with respect to volume of sound and position on the disk. Lower recorded volume used closer spacing; higher recorded volume used wider spacing, especially with lower frequencies. Also, the higher track density at lower volumes enabled disk recordings to end farther away from the disk center than usual, helping to reduce endtrack distortion even further.', ""The width and height of the bars may be adjusted. In the past, the uneven parallel bars were closer together. They've been moved increasingly further apart, allowing gymnasts to perform swinging, circling, transitional, and release moves, that may pass over, under, and between the two bars."", 'Some video compression schemes typically operate on square-shaped groups of neighboring pixels, often called macroblocks. These pixel groups or blocks of pixels are compared from one frame to the next, and the video compression codec sends only the differences within those blocks. In areas of video with more motion, the compression must encode more data to keep up with the larger number of pixels that are changing.', 'Commonly during explosions, flames, flocks of animals, and in some panning shots, the high-frequency detail leads to quality decreases or to increases in the variable bitrate.']",,shows that an individual is more likely to remember a list of items when rehearsal is spaced over an extended period of time,57.78499995358288,370.99620001390576
On What date was Pope Paul VI born?,"[""Pope Paul VI (Latin: Paulus VI; Italian: Paolo VI), born Giovanni Battista Enrico Antonio Maria Montini (Italian pronunciation: [dʒioˈvani baˈtista enˈriko anˈtonjo marˈija monˈtini]; 26 September 1897 – 6 August 1978), reigned as Pope from 21 June 1963 to his death in 1978. Succeeding Pope John XXIII, he continued the Second Vatican Council which he closed in 1965, implementing its numerous reforms, and fostered improved ecumenical relations with Eastern Orthodox and Protestants, which resulted in many historic meetings and agreements. Montini served in the Vatican's Secretariat of State from 1922 to 1954."", 'He suffered for the attacks on Pius XII for his alleged silences during the Holocaust. Pope Paul VI was less outstanding than his predecessors: he was not credited with an encyclopedic memory, nor a gift for languages, nor the brilliant writing style of Pius XII, nor did he have the charisma and outpouring love, sense of humor and human warmth of John XXIII. He took on himself the unfinished reform work of these two popes, bringing them diligently with great humility and common sense and without much fanfare to conclusion.', 'Pope Paul VI became the first pope to visit six continents, and was the most travelled pope in history to that time, earning the nickname ""the Pilgrim Pope"". With his travels he opened new avenues for the papacy, which were continued by his successors John Paul II and Benedict XVI. He travelled to the Holy Land in 1964, to the Eucharistic Congresses in Bombay, India and Bogotá, Colombia.', 'Paul VI systematically continued and completed the efforts of his predecessors, to turn the Euro-centric Church into a Church of the world, by integrating the bishops from all continents in its government and in the Synods which he convened. His 6 August 1967 motu proprio Pro Comperto Sane opened the Roman Curia to the bishops of the world. Until then, only Cardinals could be leading members of the Curia.', 'On 20 December 2012, Pope Benedict XVI, in an audience with the Cardinal Prefect of the Congregation for the Causes of Saints, declared that the late pontiff had lived a life of heroic virtue, which means that he could be called ""Venerable"". A miracle attributed to the intercession of Paul VI was approved on 9 May 2014 by Pope Francis. The beatification ceremony for Paul VI was held on 19 October 2014, which means that he can now be called ""Blessed"".']",,26 September 1897,58.32930002361536,351.31299996282905
On what date did Pope Paul VI die?,"[""Pope Paul VI (Latin: Paulus VI; Italian: Paolo VI), born Giovanni Battista Enrico Antonio Maria Montini (Italian pronunciation: [dʒioˈvani baˈtista enˈriko anˈtonjo marˈija monˈtini]; 26 September 1897 – 6 August 1978), reigned as Pope from 21 June 1963 to his death in 1978. Succeeding Pope John XXIII, he continued the Second Vatican Council which he closed in 1965, implementing its numerous reforms, and fostered improved ecumenical relations with Eastern Orthodox and Protestants, which resulted in many historic meetings and agreements. Montini served in the Vatican's Secretariat of State from 1922 to 1954."", 'On 20 December 2012, Pope Benedict XVI, in an audience with the Cardinal Prefect of the Congregation for the Causes of Saints, declared that the late pontiff had lived a life of heroic virtue, which means that he could be called ""Venerable"". A miracle attributed to the intercession of Paul VI was approved on 9 May 2014 by Pope Francis. The beatification ceremony for Paul VI was held on 19 October 2014, which means that he can now be called ""Blessed"".', 'He suffered for the attacks on Pius XII for his alleged silences during the Holocaust. Pope Paul VI was less outstanding than his predecessors: he was not credited with an encyclopedic memory, nor a gift for languages, nor the brilliant writing style of Pius XII, nor did he have the charisma and outpouring love, sense of humor and human warmth of John XXIII. He took on himself the unfinished reform work of these two popes, bringing them diligently with great humility and common sense and without much fanfare to conclusion.', ""On 27 November 1970 he was the target of an assassination attempt at Manila International Airport in the Philippines. He was only lightly stabbed by the would-be assassin Benjamín Mendoza y Amor Flores, who was subdued by the pope's personal bodyguard and trip organizer, Msgr. Paul Marcinkus."", '""At 11 am Petrus Canisius Van Lierde as Papal Sacristan was at the bedside of the dying pope, ready to anoint him. The pope began to speak for the very last time: ""I had the great grace to be born into a Christian family, modest and poor, but with the fear of the Lord. My time on earth is drawing to a close.']",,6 August 1978),59.1949000954628,365.5554000288248
In what year did Pope Paul VI close the Second Vatican Counsel?,"[""Pope Paul VI (Latin: Paulus VI; Italian: Paolo VI), born Giovanni Battista Enrico Antonio Maria Montini (Italian pronunciation: [dʒioˈvani baˈtista enˈriko anˈtonjo marˈija monˈtini]; 26 September 1897 – 6 August 1978), reigned as Pope from 21 June 1963 to his death in 1978. Succeeding Pope John XXIII, he continued the Second Vatican Council which he closed in 1965, implementing its numerous reforms, and fostered improved ecumenical relations with Eastern Orthodox and Protestants, which resulted in many historic meetings and agreements. Montini served in the Vatican's Secretariat of State from 1922 to 1954."", 'Paul VI systematically continued and completed the efforts of his predecessors, to turn the Euro-centric Church into a Church of the world, by integrating the bishops from all continents in its government and in the Synods which he convened. His 6 August 1967 motu proprio Pro Comperto Sane opened the Roman Curia to the bishops of the world. Until then, only Cardinals could be leading members of the Curia.', ""Some critiqued Paul VI's decision; the newly created Synod of Bishops had an advisory role only and could not make decisions on their own, although the Council decided exactly that. During the pontificate of Paul VI, five such synods took place, and he is on record of implementing all their decisions. Related questions were raised about the new National Bishop Conferences, which became mandatory after Vatican II."", 'He suffered for the attacks on Pius XII for his alleged silences during the Holocaust. Pope Paul VI was less outstanding than his predecessors: he was not credited with an encyclopedic memory, nor a gift for languages, nor the brilliant writing style of Pius XII, nor did he have the charisma and outpouring love, sense of humor and human warmth of John XXIII. He took on himself the unfinished reform work of these two popes, bringing them diligently with great humility and common sense and without much fanfare to conclusion.', 'Paul VI did renounce many traditional symbols of the papacy and the Catholic Church; some of his changes to the papal dress were reversed by Pope Benedict XVI in the early 21st century. Refusing a Vatican army of colourful military uniforms from centuries, he got rid of them. He became the first pope to visit five continents.']",,1965,71.98400003835559,362.40879993420094
When was Pope Paul VI elected as Pope?,"[""Pope Paul VI (Latin: Paulus VI; Italian: Paolo VI), born Giovanni Battista Enrico Antonio Maria Montini (Italian pronunciation: [dʒioˈvani baˈtista enˈriko anˈtonjo marˈija monˈtini]; 26 September 1897 – 6 August 1978), reigned as Pope from 21 June 1963 to his death in 1978. Succeeding Pope John XXIII, he continued the Second Vatican Council which he closed in 1965, implementing its numerous reforms, and fostered improved ecumenical relations with Eastern Orthodox and Protestants, which resulted in many historic meetings and agreements. Montini served in the Vatican's Secretariat of State from 1922 to 1954."", 'Paul VI systematically continued and completed the efforts of his predecessors, to turn the Euro-centric Church into a Church of the world, by integrating the bishops from all continents in its government and in the Synods which he convened. His 6 August 1967 motu proprio Pro Comperto Sane opened the Roman Curia to the bishops of the world. Until then, only Cardinals could be leading members of the Curia.', 'On 20 December 2012, Pope Benedict XVI, in an audience with the Cardinal Prefect of the Congregation for the Causes of Saints, declared that the late pontiff had lived a life of heroic virtue, which means that he could be called ""Venerable"". A miracle attributed to the intercession of Paul VI was approved on 9 May 2014 by Pope Francis. The beatification ceremony for Paul VI was held on 19 October 2014, which means that he can now be called ""Blessed"".', 'Pope Paul VI became the first pope to visit six continents, and was the most travelled pope in history to that time, earning the nickname ""the Pilgrim Pope"". With his travels he opened new avenues for the papacy, which were continued by his successors John Paul II and Benedict XVI. He travelled to the Holy Land in 1964, to the Eucharistic Congresses in Bombay, India and Bogotá, Colombia.', 'He suffered for the attacks on Pius XII for his alleged silences during the Holocaust. Pope Paul VI was less outstanding than his predecessors: he was not credited with an encyclopedic memory, nor a gift for languages, nor the brilliant writing style of Pius XII, nor did he have the charisma and outpouring love, sense of humor and human warmth of John XXIII. He took on himself the unfinished reform work of these two popes, bringing them diligently with great humility and common sense and without much fanfare to conclusion.']",,21 June 1963,59.982200036756694,608.1558999139816
What was Pope Paul VI's first name at birth?,"[""Pope Paul VI (Latin: Paulus VI; Italian: Paolo VI), born Giovanni Battista Enrico Antonio Maria Montini (Italian pronunciation: [dʒioˈvani baˈtista enˈriko anˈtonjo marˈija monˈtini]; 26 September 1897 – 6 August 1978), reigned as Pope from 21 June 1963 to his death in 1978. Succeeding Pope John XXIII, he continued the Second Vatican Council which he closed in 1965, implementing its numerous reforms, and fostered improved ecumenical relations with Eastern Orthodox and Protestants, which resulted in many historic meetings and agreements. Montini served in the Vatican's Secretariat of State from 1922 to 1954."", 'He suffered for the attacks on Pius XII for his alleged silences during the Holocaust. Pope Paul VI was less outstanding than his predecessors: he was not credited with an encyclopedic memory, nor a gift for languages, nor the brilliant writing style of Pius XII, nor did he have the charisma and outpouring love, sense of humor and human warmth of John XXIII. He took on himself the unfinished reform work of these two popes, bringing them diligently with great humility and common sense and without much fanfare to conclusion.', 'Pope Paul VI became the first pope to visit six continents, and was the most travelled pope in history to that time, earning the nickname ""the Pilgrim Pope"". With his travels he opened new avenues for the papacy, which were continued by his successors John Paul II and Benedict XVI. He travelled to the Holy Land in 1964, to the Eucharistic Congresses in Bombay, India and Bogotá, Colombia.', 'On 20 December 2012, Pope Benedict XVI, in an audience with the Cardinal Prefect of the Congregation for the Causes of Saints, declared that the late pontiff had lived a life of heroic virtue, which means that he could be called ""Venerable"". A miracle attributed to the intercession of Paul VI was approved on 9 May 2014 by Pope Francis. The beatification ceremony for Paul VI was held on 19 October 2014, which means that he can now be called ""Blessed"".', ""On 27 November 1970 he was the target of an assassination attempt at Manila International Airport in the Philippines. He was only lightly stabbed by the would-be assassin Benjamín Mendoza y Amor Flores, who was subdued by the pope's personal bodyguard and trip organizer, Msgr. Paul Marcinkus.""]",,Giovanni,59.39469998702407,336.77630010060966
What was focused in March?,"['They emphasised the core strategic interest was attacking ports but they insisted in maintaining pressure, or diverting strength, onto industries building aircraft, anti-aircraft guns, and explosives. Other targets would be considered if the primary ones could not be attacked because of weather conditions.', ""In spring 1987, a protest movement arose against new phosphate mines in Estonia. Signatures were collected in Tartu, and students assembled in the university's main hall to express lack of confidence in the government. At a demonstration on May 1, 1987, young people showed up with banners and slogans despite an official ban."", 'From the German point of view, March 1941 saw an improvement. The Luftwaffe flew 4,000 sorties that month, including 12 major and three heavy attacks. The electronic war intensified but the Luftwaffe flew major inland missions only on moonlit nights.', 'Planning and Directing is ""the determination of intelligence requirements, development of appropriate intelligence architecture, preparation of a collection plan, and issuance of orders and requests to information collection agencies"" (JP 2-01, Joint and National Intelligence Support to Military Operations). These activities enable the synchronization and integration of collection, processing, exploitation, analysis, and dissemination activities/resources to meet information requirements of national and military decision makers.', ""The attacks were focused against western ports in March. These attacks produced some breaks in morale, with civil leaders fleeing the cities before the offensive reached its height. But the Luftwaffe's effort eased in the last 10 attacks as seven Kampfgruppen moved to Austria in preparation for the Balkans Campaign in Yugoslavia and Greece.""]",,western ports,55.41919998358935,329.7475000144914
What did these attacks accomplish?,"['They emphasised the core strategic interest was attacking ports but they insisted in maintaining pressure, or diverting strength, onto industries building aircraft, anti-aircraft guns, and explosives. Other targets would be considered if the primary ones could not be attacked because of weather conditions.', ""The attacks were focused against western ports in March. These attacks produced some breaks in morale, with civil leaders fleeing the cities before the offensive reached its height. But the Luftwaffe's effort eased in the last 10 attacks as seven Kampfgruppen moved to Austria in preparation for the Balkans Campaign in Yugoslavia and Greece."", 'Cities were taken over by the terrorist group which enforced its brand of Sharia law. The kidnapping and decapitation of numerous Western journalists and aid-workers also garnered interest and outrage among Western powers. The US intervened with airstrikes in Iraq over ISIL held territories and assets in August, and in September a coalition of US and Middle Eastern powers initiated a bombing campaign in Syria aimed at degrading and destroying ISIL and Al-Nusra-held territory.', 'With the emergence of ISIL and its capture of large areas of Iraq and Syria, a number of crises resulted that sparked international attention. ISIL had perpetrated sectarian killings and war crimes in both Iraq and Syria. Gains made in the Iraq war were rolled back as Iraqi army units abandoned their posts.', 'Ports were easier to find and made better targets. To confuse the British, radio silence was observed until the bombs fell. X- and Y-Gerät beams were placed over false targets and switched only at the last minute.']",,breaks in morale,79.43939999677241,357.97779995482415
Why was the OKL forced to improvise?,"['The decision to change strategy is sometimes claimed as a major mistake by the Oberkommando der Luftwaffe (OKL). It is argued that persisting with attacks on RAF airfields might have won air superiority for the Luftwaffe. Others argue that the Luftwaffe made little impression on Fighter Command in the last week of August and first week of September and that the shift in strategy was not decisive.', ""Even so, the decision by OKL to support the strategy in Directive 23 was instigated by two considerations, both of which had little to do with wanting to destroy Britain's sea communications in conjunction with the Kriegsmarine. First, the difficulty in estimating the impact of bombing upon war production was becoming apparent, and second, the conclusion British morale was unlikely to break led OKL to adopt the naval option. The indifference displayed by OKL to Directive 23 was perhaps best demonstrated in operational directives which diluted its effect."", 'The shortage of bombers caused the OKL to improvise. Some 50 Junkers Ju 87 Stuka dive-bombers and Jabos (fighter-bombers) were used, officially classed as Leichte Kampfflugzeuge (""light bombers"") and sometimes called Leichte Kesselringe (""Light Kesselrings""). The defences failed to prevent widespread damage but on some occasions did prevent German bombers concentrating on their targets.', ""Ozawa's pilots were outnumbered 2:1 and their aircraft were becoming or were already obsolete. The Japanese had considerable antiaircraft defenses but lacked proximity fuzes or good radar. With the odds against him, Ozawa devised an appropriate strategy."", 'On the French side, planning after the disaster at Wissembourg had become essential. General Le Bœuf, flushed with anger, was intent upon going on the offensive over the Saar and countering their loss. However, planning for the next encounter was more based upon the reality of unfolding events rather than emotion or pride, as Intendant General Wolff told him and his staff that supply beyond the Saar would be impossible.']",,shortage of bombers,61.99729989748448,323.77130002714694
How many Ju 87 Stuka dive-bombers and Jabos were used?,"['The shortage of bombers caused the OKL to improvise. Some 50 Junkers Ju 87 Stuka dive-bombers and Jabos (fighter-bombers) were used, officially classed as Leichte Kampfflugzeuge (""light bombers"") and sometimes called Leichte Kesselringe (""Light Kesselrings""). The defences failed to prevent widespread damage but on some occasions did prevent German bombers concentrating on their targets.', ""It was imperative for Japanese commanders to hold Saipan. The only way to do this was to destroy the U.S. Fifth Fleet, which had 15 fleet carriers and 956 planes, 7 battleships, 28 submarines, and 69 destroyers, as well as several light and heavy cruisers. Vice Admiral Jisaburo Ozawa attacked with nine-tenths of Japan's fighting fleet, which included nine carriers with 473 planes, 5 battleships, several cruisers, and 28 destroyers."", 'The Army (21,000 personnel) comprises three brigades and other small units. An infantry brigade (mainly equipped with Pandur II APC), a mechanized brigade (mainly equipped with Leopard 2 A6 tanks and M113 APC) and a Rapid Reaction Brigade (consisting of paratroopers, commandos and rangers). The Navy (10,700 personnel, of which 1,580 are marines) has five frigates, seven corvettes, two submarines, and 28 patrol and auxiliary vessels.', 'The Japanese planes would hit the U.S. carriers, land at Guam to refuel, then hit the enemy again when returning to their carriers. Ozawa also counted on about 500 land-based planes at Guam and other islands.', 'The Air Force (7,500 personnel) has the Lockheed F-16 Fighting Falcon and the Dassault/Dornier Alpha Jet as the main combat aircraft.']",,50,77.09549996070564,335.4103999445215
How many German bombs hit their target?,"['On occasion, only one-third of German bombs hit their targets.', 'Based on experience with German strategic bombing during World War I against the United Kingdom, the British government estimated after the war that 50 casualties— with about one third killed— would result for every tonne of bombs dropped on London. The estimate of tonnes of bombs an enemy could drop per day grew as aircraft technology advanced, from 75 in 1922, to 150 in 1934, to 644 in 1937. That year the Committee on Imperial Defence estimated that an attack of 60 days would result in 600,000 dead and 1,200,000 wounded.', 'News reports of the Spanish Civil War, such as the bombing of Barcelona, supported the 50-casualties-per-tonne estimate. By 1938 experts generally expected that Germany would attempt to drop as much as 3,500 tonnes in the first 24 hours of war and average 700 tonnes a day for several weeks. In addition to high explosive and incendiary bombs the enemy would possibly use poison gas and even bacteriological warfare, all with a high degree of accuracy.', 'For example, in two months of bombing, Battersea Power Station, perhaps the largest single target in London, had only received one minor hit (""a nick""). No bridge over the Thames had been hit, and the docks were still functioning despite great damage. An airfield was hit 56 times but the runways were never damaged and the field was never out of operation, despite German pilots\' familiarity with it from prewar commercial flights.', 'The American observer Ingersoll reported at this time that ""as to the accuracy of the bombing of military objectives, here I make no qualifications. The aim is surprisingly, astonishingly, amazingly inaccurate ... The physical damage to civilian London, to sum up, was more general and more extensive than I had imagined. The damage to military targets much less"", and stated that he had seen numerous examples of untouched targets surrounded by buildings destroyed by errant bombs.']",,only one-third,56.25309993047267,364.63670001830906
How many awards did Beyonce take home with her at the 57th Grammy Awards?,"['At the 57th Annual Grammy Awards in February 2015, Beyoncé was nominated for six awards, ultimately winning three: Best R&B Performance and Best R&B Song for ""Drunk in Love"", and Best Surround Sound Album for Beyoncé. She was nominated for Album of the Year but the award was won by Beck for his Morning Phase album. In August, the cover of the September issue of Vogue magazine was unveiled online, Beyoncé as the cover star, becoming the first African-American artist and third African-American woman in general to cover the September issue.', 'Knowles has previously performed at four Super Bowl shows throughout her career, serving as the main headliner of the 47th Super Bowl halftime show in 2013.', 'Their hiatus saw the release of Beyoncé\'s debut album, Dangerously in Love (2003), which established her as a solo artist worldwide, earned five Grammy Awards and featured the Billboard Hot 100 number-one singles ""Crazy in Love"" and ""Baby Boy"".', 'The final showdown was between Justin Guarini, one of the early favorites, and Kelly Clarkson. Clarkson was not initially thought of as a contender, but impressed the judges with some good performances in the final rounds, such as her performance of Aretha Franklin\'s ""Natural Woman"", and Betty Hutton\'s ""Stuff Like That There"", and eventually won the crown on September 4, 2002.', 'In August, the couple attended the 2011 MTV Video Music Awards, at which Beyoncé performed ""Love on Top"" and started the performance saying ""Tonight I want you to stand up on your feet, I want you to feel the love that\'s growing inside of me"". At the end of the performance, she dropped her microphone, unbuttoned her blazer and rubbed her stomach, confirming her pregnancy she had alluded to earlier in the evening. Her appearance helped that year\'s MTV Video Music Awards become the most-watched broadcast in MTV history, pulling in 12.4 million viewers; the announcement was listed in Guinness World Records for ""most tweets per second recorded for a single event"" on Twitter, receiving 8,868 tweets per second and ""Beyonce pregnant"" was the most Googled term the week of August 29, 2011.']",,three,58.26389999128878,372.1376999747008
Which artist beat Beyonce out for Album of the year?,"['At the 57th Annual Grammy Awards in February 2015, Beyoncé was nominated for six awards, ultimately winning three: Best R&B Performance and Best R&B Song for ""Drunk in Love"", and Best Surround Sound Album for Beyoncé. She was nominated for Album of the Year but the award was won by Beck for his Morning Phase album. In August, the cover of the September issue of Vogue magazine was unveiled online, Beyoncé as the cover star, becoming the first African-American artist and third African-American woman in general to cover the September issue.', 'Their hiatus saw the release of Beyoncé\'s debut album, Dangerously in Love (2003), which established her as a solo artist worldwide, earned five Grammy Awards and featured the Billboard Hot 100 number-one singles ""Crazy in Love"" and ""Baby Boy"".', 'The Pitchfork online music publication ranked My Beautiful Dark Twisted Fantasy as the world\'s best album of the decade ""so far""—between 2010 and 2014—on August 19, 2014, while Yeezus was ranked in the eighth position of a list of 100 albums. During the same week, the song ""Runaway"" (featuring Pusha T) was ranked in the third position in the publication\'s list of the 200 ""best tracks"" released since 2010.', 'The final showdown was between Justin Guarini, one of the early favorites, and Kelly Clarkson. Clarkson was not initially thought of as a contender, but impressed the judges with some good performances in the final rounds, such as her performance of Aretha Franklin\'s ""Natural Woman"", and Betty Hutton\'s ""Stuff Like That There"", and eventually won the crown on September 4, 2002.', 'Following a headlining set at Coachella 2011 that was described by The Hollywood Reporter as ""one of greatest hip-hop sets of all time"", West released the collaborative album Watch the Throne with Jay-Z. By employing a sales strategy that released the album digitally weeks before its physical counterpart, Watch the Throne became one of the few major label albums in the Internet age to avoid a leak. "" Niggas in Paris"" became the record\'s highest charting single, peaking at number five on the Billboard Hot 100. In 2012, West released the compilation album Cruel Summer, a collection of tracks by artists from West\'s record label GOOD Music.']",,Beck,54.10520010627806,373.5944000072777
Which magazine did Beyonce pose on the cover for in August of 2015?,"['In September 2010, Beyoncé made her runway modelling debut at Tom Ford\'s Spring/Summer 2011 fashion show. She was named ""World\'s Most Beautiful Woman"" by People and the ""Hottest Female Singer of All Time"" by Complex in 2012. In January 2013, GQ placed her on its cover, featuring her atop its ""100 Sexiest Women of the 21st Century"" list.', 'At the 57th Annual Grammy Awards in February 2015, Beyoncé was nominated for six awards, ultimately winning three: Best R&B Performance and Best R&B Song for ""Drunk in Love"", and Best Surround Sound Album for Beyoncé. She was nominated for Album of the Year but the award was won by Beck for his Morning Phase album. In August, the cover of the September issue of Vogue magazine was unveiled online, Beyoncé as the cover star, becoming the first African-American artist and third African-American woman in general to cover the September issue.', 'Her vocal abilities mean she is identified as the centerpiece of Destiny\'s Child. The Daily Mail calls Beyoncé\'s voice ""versatile"", capable of exploring power ballads, soul, rock belting, operatic flourishes, and hip hop. Jon Pareles of The New York Times commented that her voice is ""velvety yet tart, with an insistent flutter and reserves of soul belting"".', 'In August, the couple attended the 2011 MTV Video Music Awards, at which Beyoncé performed ""Love on Top"" and started the performance saying ""Tonight I want you to stand up on your feet, I want you to feel the love that\'s growing inside of me"". At the end of the performance, she dropped her microphone, unbuttoned her blazer and rubbed her stomach, confirming her pregnancy she had alluded to earlier in the evening. Her appearance helped that year\'s MTV Video Music Awards become the most-watched broadcast in MTV history, pulling in 12.4 million viewers; the announcement was listed in Guinness World Records for ""most tweets per second recorded for a single event"" on Twitter, receiving 8,868 tweets per second and ""Beyonce pregnant"" was the most Googled term the week of August 29, 2011.', ""Beyoncé Giselle Knowles-Carter (/biːˈjɒnseɪ/ bee-YON-say) (born September 4, 1981) is an American singer, songwriter, record producer and actress. Born and raised in Houston, Texas, she performed in various singing and dancing competitions as a child, and rose to fame in the late 1990s as lead singer of R&B girl-group Destiny's Child. Managed by her father, Mathew Knowles, the group became one of the world's best-selling girl groups of all time.""]",,Vogue,63.88430006336421,317.99080001655966
Beyonce would perform with who at Superbowl 50?,"['She headlined the 2015 Made in America festival in early September and also the Global Citizen Festival later that month. Beyoncé made an uncredited featured appearance on the track ""Hymn for the Weekend"" by British rock band Coldplay, on their seventh studio album A Head Full of Dreams (2015), which saw release in December. On January 7, 2016, Pepsi announced Beyoncé would perform alongside Coldplay at Super Bowl 50 in February.', 'Knowles has previously performed at four Super Bowl shows throughout her career, serving as the main headliner of the 47th Super Bowl halftime show in 2013.', 'At the 57th Annual Grammy Awards in February 2015, Beyoncé was nominated for six awards, ultimately winning three: Best R&B Performance and Best R&B Song for ""Drunk in Love"", and Best Surround Sound Album for Beyoncé. She was nominated for Album of the Year but the award was won by Beck for his Morning Phase album. In August, the cover of the September issue of Vogue magazine was unveiled online, Beyoncé as the cover star, becoming the first African-American artist and third African-American woman in general to cover the September issue.', 'To promote the film, Beyoncé released ""Listen"" as the lead single from the soundtrack album. In April 2007, Beyoncé embarked on The Beyoncé Experience, her first worldwide concert tour, visiting 97 venues and grossed over $24 million.[note 1] Beyoncé conducted pre-concert food donation drives during six major stops in conjunction with her pastor at St. John\'s and America\'s Second Harvest. At the same time, B\'Day was re-released with five additional songs, including her duet with Shakira ""Beautiful Liar"".', 'Rosen notes that the hip hop era highly influenced Beyoncé\'s strange rhythmic vocal style, but also finds her quite traditionalist in her use of balladry, gospel and falsetto. Other critics praise her range and power, with Chris Richards of The Washington Post saying she was ""capable of punctuating any beat with goose-bump-inducing whispers or full-bore diva-roars.""']",,Coldplay,61.78879993967712,323.5901999287307
Beyonce took home how many awards at the 57th Grammy Awards?,"['At the 57th Annual Grammy Awards in February 2015, Beyoncé was nominated for six awards, ultimately winning three: Best R&B Performance and Best R&B Song for ""Drunk in Love"", and Best Surround Sound Album for Beyoncé. She was nominated for Album of the Year but the award was won by Beck for his Morning Phase album. In August, the cover of the September issue of Vogue magazine was unveiled online, Beyoncé as the cover star, becoming the first African-American artist and third African-American woman in general to cover the September issue.', 'Knowles has previously performed at four Super Bowl shows throughout her career, serving as the main headliner of the 47th Super Bowl halftime show in 2013.', 'Their hiatus saw the release of Beyoncé\'s debut album, Dangerously in Love (2003), which established her as a solo artist worldwide, earned five Grammy Awards and featured the Billboard Hot 100 number-one singles ""Crazy in Love"" and ""Baby Boy"".', 'The final showdown was between Justin Guarini, one of the early favorites, and Kelly Clarkson. Clarkson was not initially thought of as a contender, but impressed the judges with some good performances in the final rounds, such as her performance of Aretha Franklin\'s ""Natural Woman"", and Betty Hutton\'s ""Stuff Like That There"", and eventually won the crown on September 4, 2002.', 'In August, the couple attended the 2011 MTV Video Music Awards, at which Beyoncé performed ""Love on Top"" and started the performance saying ""Tonight I want you to stand up on your feet, I want you to feel the love that\'s growing inside of me"". At the end of the performance, she dropped her microphone, unbuttoned her blazer and rubbed her stomach, confirming her pregnancy she had alluded to earlier in the evening. Her appearance helped that year\'s MTV Video Music Awards become the most-watched broadcast in MTV history, pulling in 12.4 million viewers; the announcement was listed in Guinness World Records for ""most tweets per second recorded for a single event"" on Twitter, receiving 8,868 tweets per second and ""Beyonce pregnant"" was the most Googled term the week of August 29, 2011.']",,three,73.5325999557972,358.1146999495104
Beyonce lost to which artist for Album of the year?,"['At the 57th Annual Grammy Awards in February 2015, Beyoncé was nominated for six awards, ultimately winning three: Best R&B Performance and Best R&B Song for ""Drunk in Love"", and Best Surround Sound Album for Beyoncé. She was nominated for Album of the Year but the award was won by Beck for his Morning Phase album. In August, the cover of the September issue of Vogue magazine was unveiled online, Beyoncé as the cover star, becoming the first African-American artist and third African-American woman in general to cover the September issue.', 'Their hiatus saw the release of Beyoncé\'s debut album, Dangerously in Love (2003), which established her as a solo artist worldwide, earned five Grammy Awards and featured the Billboard Hot 100 number-one singles ""Crazy in Love"" and ""Baby Boy"".', 'The final showdown was between Justin Guarini, one of the early favorites, and Kelly Clarkson. Clarkson was not initially thought of as a contender, but impressed the judges with some good performances in the final rounds, such as her performance of Aretha Franklin\'s ""Natural Woman"", and Betty Hutton\'s ""Stuff Like That There"", and eventually won the crown on September 4, 2002.', 'To promote the film, Beyoncé released ""Listen"" as the lead single from the soundtrack album. In April 2007, Beyoncé embarked on The Beyoncé Experience, her first worldwide concert tour, visiting 97 venues and grossed over $24 million.[note 1] Beyoncé conducted pre-concert food donation drives during six major stops in conjunction with her pastor at St. John\'s and America\'s Second Harvest. At the same time, B\'Day was re-released with five additional songs, including her duet with Shakira ""Beautiful Liar"".', 'The Pitchfork online music publication ranked My Beautiful Dark Twisted Fantasy as the world\'s best album of the decade ""so far""—between 2010 and 2014—on August 19, 2014, while Yeezus was ranked in the eighth position of a list of 100 albums. During the same week, the song ""Runaway"" (featuring Pusha T) was ranked in the third position in the publication\'s list of the 200 ""best tracks"" released since 2010.']",,Beck,68.69500002358109,335.5490000685677
Who did Beyonce perform next to during Superbowl 50?,"['Knowles has previously performed at four Super Bowl shows throughout her career, serving as the main headliner of the 47th Super Bowl halftime show in 2013.', 'She headlined the 2015 Made in America festival in early September and also the Global Citizen Festival later that month. Beyoncé made an uncredited featured appearance on the track ""Hymn for the Weekend"" by British rock band Coldplay, on their seventh studio album A Head Full of Dreams (2015), which saw release in December. On January 7, 2016, Pepsi announced Beyoncé would perform alongside Coldplay at Super Bowl 50 in February.', 'At the 57th Annual Grammy Awards in February 2015, Beyoncé was nominated for six awards, ultimately winning three: Best R&B Performance and Best R&B Song for ""Drunk in Love"", and Best Surround Sound Album for Beyoncé. She was nominated for Album of the Year but the award was won by Beck for his Morning Phase album. In August, the cover of the September issue of Vogue magazine was unveiled online, Beyoncé as the cover star, becoming the first African-American artist and third African-American woman in general to cover the September issue.', 'Blue Ivy\'s cries are included at the end of the song, and she was officially credited as ""B.I.C."" on it. At two days old, she became the youngest person ever to appear on a Billboard chart when ""Glory"" debuted on the Hot R&B/Hip-Hop Songs chart.', 'To promote the film, Beyoncé released ""Listen"" as the lead single from the soundtrack album. In April 2007, Beyoncé embarked on The Beyoncé Experience, her first worldwide concert tour, visiting 97 venues and grossed over $24 million.[note 1] Beyoncé conducted pre-concert food donation drives during six major stops in conjunction with her pastor at St. John\'s and America\'s Second Harvest. At the same time, B\'Day was re-released with five additional songs, including her duet with Shakira ""Beautiful Liar"".']",,Coldplay,63.33829998038709,349.15030002593994
"If Beyonce won three Grammies in 2015, how many was she nominated for?","['At the 57th Annual Grammy Awards in February 2015, Beyoncé was nominated for six awards, ultimately winning three: Best R&B Performance and Best R&B Song for ""Drunk in Love"", and Best Surround Sound Album for Beyoncé. She was nominated for Album of the Year but the award was won by Beck for his Morning Phase album. In August, the cover of the September issue of Vogue magazine was unveiled online, Beyoncé as the cover star, becoming the first African-American artist and third African-American woman in general to cover the September issue.', 'As of 2013, West has won a total of 21 Grammy Awards, making him one of the most awarded artists of all-time. About.com ranked Kanye West No. 8 on their ""Top 50 Hip-Hop Producers"" list.', 'Knowles has previously performed at four Super Bowl shows throughout her career, serving as the main headliner of the 47th Super Bowl halftime show in 2013.', 'Their hiatus saw the release of Beyoncé\'s debut album, Dangerously in Love (2003), which established her as a solo artist worldwide, earned five Grammy Awards and featured the Billboard Hot 100 number-one singles ""Crazy in Love"" and ""Baby Boy"".', ""American Idol was nominated for the Emmy's Outstanding Reality Competition Program for nine years but never won. Director Bruce Gower won a Primetime Emmy Award for Outstanding Directing For A Variety, Music Or Comedy Series in 2009, and the show won a Creative Arts Emmys each in 2007 and 2008, three in 2009, and two in 2011, as well as a Governor's Award in 2007 for its Idol Gives Back edition. It won the People's Choice Award, which honors the popular culture of the previous year as voted by the public, for favorite competition/reality show in 2005, 2006, 2007, 2010, 2011 and 2012.""]",,six awards,58.491499978117645,378.77349997870624
On what magazine was she the cover model?,"['In September 2010, Beyoncé made her runway modelling debut at Tom Ford\'s Spring/Summer 2011 fashion show. She was named ""World\'s Most Beautiful Woman"" by People and the ""Hottest Female Singer of All Time"" by Complex in 2012. In January 2013, GQ placed her on its cover, featuring her atop its ""100 Sexiest Women of the 21st Century"" list.', 'At the 57th Annual Grammy Awards in February 2015, Beyoncé was nominated for six awards, ultimately winning three: Best R&B Performance and Best R&B Song for ""Drunk in Love"", and Best Surround Sound Album for Beyoncé. She was nominated for Album of the Year but the award was won by Beck for his Morning Phase album. In August, the cover of the September issue of Vogue magazine was unveiled online, Beyoncé as the cover star, becoming the first African-American artist and third African-American woman in general to cover the September issue.', 'After its release, Evita garnered critical appreciation. Zach Conner from Time magazine commented, ""It\'s a relief to say that Evita is pretty damn fine, well cast and handsomely visualized. Madonna once again confounds our expectations.', 'Madonna was criticized for her performance of ""Like a Virgin"" at the first 1984 MTV Video Music Awards (VMA). She appeared on stage atop a giant wedding cake, wearing a wedding dress and white gloves. The performance is noted by MTV as an iconic moment in VMA history.', 'These effects came at the expense of live singing."" Thor Christensen of The Dallas Morning News commented that while Madonna earned a reputation for lip-syncing during her 1990 Blond Ambition World Tour, she has subsequently reorganized her performances by ""stay[ing] mostly still during her toughest singing parts and [leaves] the dance routines to her backup troupe ... [r]ather than try to croon and dance up a storm at the same time.""']",,Vogue,58.56450006831437,359.2235000105575
Who would she perform with at Superbowl 50?,"['Knowles has previously performed at four Super Bowl shows throughout her career, serving as the main headliner of the 47th Super Bowl halftime show in 2013.', 'She headlined the 2015 Made in America festival in early September and also the Global Citizen Festival later that month. Beyoncé made an uncredited featured appearance on the track ""Hymn for the Weekend"" by British rock band Coldplay, on their seventh studio album A Head Full of Dreams (2015), which saw release in December. On January 7, 2016, Pepsi announced Beyoncé would perform alongside Coldplay at Super Bowl 50 in February.', 'Rosen notes that the hip hop era highly influenced Beyoncé\'s strange rhythmic vocal style, but also finds her quite traditionalist in her use of balladry, gospel and falsetto. Other critics praise her range and power, with Chris Richards of The Washington Post saying she was ""capable of punctuating any beat with goose-bump-inducing whispers or full-bore diva-roars.""', 'At the 57th Annual Grammy Awards in February 2015, Beyoncé was nominated for six awards, ultimately winning three: Best R&B Performance and Best R&B Song for ""Drunk in Love"", and Best Surround Sound Album for Beyoncé. She was nominated for Album of the Year but the award was won by Beck for his Morning Phase album. In August, the cover of the September issue of Vogue magazine was unveiled online, Beyoncé as the cover star, becoming the first African-American artist and third African-American woman in general to cover the September issue.', 'Her vocal abilities mean she is identified as the centerpiece of Destiny\'s Child. The Daily Mail calls Beyoncé\'s voice ""versatile"", capable of exploring power ballads, soul, rock belting, operatic flourishes, and hip hop. Jon Pareles of The New York Times commented that her voice is ""velvety yet tart, with an insistent flutter and reserves of soul belting"".']",,Coldplay,56.93550000432879,365.35590002313256
With what British band did Beyonce perform on their album?,"['To promote the film, Beyoncé released ""Listen"" as the lead single from the soundtrack album. In April 2007, Beyoncé embarked on The Beyoncé Experience, her first worldwide concert tour, visiting 97 venues and grossed over $24 million.[note 1] Beyoncé conducted pre-concert food donation drives during six major stops in conjunction with her pastor at St. John\'s and America\'s Second Harvest. At the same time, B\'Day was re-released with five additional songs, including her duet with Shakira ""Beautiful Liar"".', 'She headlined the 2015 Made in America festival in early September and also the Global Citizen Festival later that month. Beyoncé made an uncredited featured appearance on the track ""Hymn for the Weekend"" by British rock band Coldplay, on their seventh studio album A Head Full of Dreams (2015), which saw release in December. On January 7, 2016, Pepsi announced Beyoncé would perform alongside Coldplay at Super Bowl 50 in February.', 'Their hiatus saw the release of Beyoncé\'s debut album, Dangerously in Love (2003), which established her as a solo artist worldwide, earned five Grammy Awards and featured the Billboard Hot 100 number-one singles ""Crazy in Love"" and ""Baby Boy"".', ""Beyoncé Giselle Knowles-Carter (/biːˈjɒnseɪ/ bee-YON-say) (born September 4, 1981) is an American singer, songwriter, record producer and actress. Born and raised in Houston, Texas, she performed in various singing and dancing competitions as a child, and rose to fame in the late 1990s as lead singer of R&B girl-group Destiny's Child. Managed by her father, Mathew Knowles, the group became one of the world's best-selling girl groups of all time."", ""Mathew cut the original line-up to four and the group continued performing as an opening act for other established R&B girl groups. The girls auditioned before record labels and were finally signed to Elektra Records, moving to Atlanta Records briefly to work on their first recording, only to be cut by the company. This put further strain on the family, and Beyoncé's parents separated.""]",,Coldplay,53.08569991029799,365.6745000043884
How many awards was Beyoncé nominated for at the 57th annual Grammys?,"['At the 57th Annual Grammy Awards in February 2015, Beyoncé was nominated for six awards, ultimately winning three: Best R&B Performance and Best R&B Song for ""Drunk in Love"", and Best Surround Sound Album for Beyoncé. She was nominated for Album of the Year but the award was won by Beck for his Morning Phase album. In August, the cover of the September issue of Vogue magazine was unveiled online, Beyoncé as the cover star, becoming the first African-American artist and third African-American woman in general to cover the September issue.', 'Knowles has previously performed at four Super Bowl shows throughout her career, serving as the main headliner of the 47th Super Bowl halftime show in 2013.', 'Their hiatus saw the release of Beyoncé\'s debut album, Dangerously in Love (2003), which established her as a solo artist worldwide, earned five Grammy Awards and featured the Billboard Hot 100 number-one singles ""Crazy in Love"" and ""Baby Boy"".', 'As of 2013, West has won a total of 21 Grammy Awards, making him one of the most awarded artists of all-time. About.com ranked Kanye West No. 8 on their ""Top 50 Hip-Hop Producers"" list.', ""American Idol was nominated for the Emmy's Outstanding Reality Competition Program for nine years but never won. Director Bruce Gower won a Primetime Emmy Award for Outstanding Directing For A Variety, Music Or Comedy Series in 2009, and the show won a Creative Arts Emmys each in 2007 and 2008, three in 2009, and two in 2011, as well as a Governor's Award in 2007 for its Idol Gives Back edition. It won the People's Choice Award, which honors the popular culture of the previous year as voted by the public, for favorite competition/reality show in 2005, 2006, 2007, 2010, 2011 and 2012.""]",,six,57.679399964399636,338.18769990466535
How many awards did Beyoncé win at the 57th Annual Grammys?,"['At the 57th Annual Grammy Awards in February 2015, Beyoncé was nominated for six awards, ultimately winning three: Best R&B Performance and Best R&B Song for ""Drunk in Love"", and Best Surround Sound Album for Beyoncé. She was nominated for Album of the Year but the award was won by Beck for his Morning Phase album. In August, the cover of the September issue of Vogue magazine was unveiled online, Beyoncé as the cover star, becoming the first African-American artist and third African-American woman in general to cover the September issue.', 'Knowles has previously performed at four Super Bowl shows throughout her career, serving as the main headliner of the 47th Super Bowl halftime show in 2013.', 'Their hiatus saw the release of Beyoncé\'s debut album, Dangerously in Love (2003), which established her as a solo artist worldwide, earned five Grammy Awards and featured the Billboard Hot 100 number-one singles ""Crazy in Love"" and ""Baby Boy"".', 'The final showdown was between Justin Guarini, one of the early favorites, and Kelly Clarkson. Clarkson was not initially thought of as a contender, but impressed the judges with some good performances in the final rounds, such as her performance of Aretha Franklin\'s ""Natural Woman"", and Betty Hutton\'s ""Stuff Like That There"", and eventually won the crown on September 4, 2002.', ""American Idol was nominated for the Emmy's Outstanding Reality Competition Program for nine years but never won. Director Bruce Gower won a Primetime Emmy Award for Outstanding Directing For A Variety, Music Or Comedy Series in 2009, and the show won a Creative Arts Emmys each in 2007 and 2008, three in 2009, and two in 2011, as well as a Governor's Award in 2007 for its Idol Gives Back edition. It won the People's Choice Award, which honors the popular culture of the previous year as voted by the public, for favorite competition/reality show in 2005, 2006, 2007, 2010, 2011 and 2012.""]",,three,63.210700056515634,352.7042999630794
Beyoncé lost the Album of the Year award to which entertainer?,"['At the 57th Annual Grammy Awards in February 2015, Beyoncé was nominated for six awards, ultimately winning three: Best R&B Performance and Best R&B Song for ""Drunk in Love"", and Best Surround Sound Album for Beyoncé. She was nominated for Album of the Year but the award was won by Beck for his Morning Phase album. In August, the cover of the September issue of Vogue magazine was unveiled online, Beyoncé as the cover star, becoming the first African-American artist and third African-American woman in general to cover the September issue.', 'Their hiatus saw the release of Beyoncé\'s debut album, Dangerously in Love (2003), which established her as a solo artist worldwide, earned five Grammy Awards and featured the Billboard Hot 100 number-one singles ""Crazy in Love"" and ""Baby Boy"".', ""Beyoncé Giselle Knowles-Carter (/biːˈjɒnseɪ/ bee-YON-say) (born September 4, 1981) is an American singer, songwriter, record producer and actress. Born and raised in Houston, Texas, she performed in various singing and dancing competitions as a child, and rose to fame in the late 1990s as lead singer of R&B girl-group Destiny's Child. Managed by her father, Mathew Knowles, the group became one of the world's best-selling girl groups of all time."", 'To promote the film, Beyoncé released ""Listen"" as the lead single from the soundtrack album. In April 2007, Beyoncé embarked on The Beyoncé Experience, her first worldwide concert tour, visiting 97 venues and grossed over $24 million.[note 1] Beyoncé conducted pre-concert food donation drives during six major stops in conjunction with her pastor at St. John\'s and America\'s Second Harvest. At the same time, B\'Day was re-released with five additional songs, including her duet with Shakira ""Beautiful Liar"".', ""While West had encountered controversy a year prior when he stormed out of the American Music Awards of 2004 after losing Best New Artist, the rapper's first large-scale controversy came just days following Late Registration's release, during a benefit concert for Hurricane Katrina victims. In September 2005, NBC broadcast A Concert for Hurricane Relief, and West was a featured speaker. When West was presenting alongside actor Mike Myers, he deviated from the prepared script.""]",,Beck,57.92380007915199,351.57619998790324
"Which magazine did Beyoncé pose for the cover, making her the first black female artist to do so?","['In September 2010, Beyoncé made her runway modelling debut at Tom Ford\'s Spring/Summer 2011 fashion show. She was named ""World\'s Most Beautiful Woman"" by People and the ""Hottest Female Singer of All Time"" by Complex in 2012. In January 2013, GQ placed her on its cover, featuring her atop its ""100 Sexiest Women of the 21st Century"" list.', 'At the 57th Annual Grammy Awards in February 2015, Beyoncé was nominated for six awards, ultimately winning three: Best R&B Performance and Best R&B Song for ""Drunk in Love"", and Best Surround Sound Album for Beyoncé. She was nominated for Album of the Year but the award was won by Beck for his Morning Phase album. In August, the cover of the September issue of Vogue magazine was unveiled online, Beyoncé as the cover star, becoming the first African-American artist and third African-American woman in general to cover the September issue.', 'On January 7, 2012, Beyoncé gave birth to a daughter, Blue Ivy Carter, at Lenox Hill Hospital in New York under heavy security. Two days later, Jay Z released ""Glory"", a song dedicated to their child, on his website Lifeandtimes.com. The song detailed the couple\'s pregnancy struggles, including a miscarriage Beyoncé suffered before becoming pregnant with Blue Ivy.', ""Beyoncé Giselle Knowles-Carter (/biːˈjɒnseɪ/ bee-YON-say) (born September 4, 1981) is an American singer, songwriter, record producer and actress. Born and raised in Houston, Texas, she performed in various singing and dancing competitions as a child, and rose to fame in the late 1990s as lead singer of R&B girl-group Destiny's Child. Managed by her father, Mathew Knowles, the group became one of the world's best-selling girl groups of all time."", 'Her vocal abilities mean she is identified as the centerpiece of Destiny\'s Child. The Daily Mail calls Beyoncé\'s voice ""versatile"", capable of exploring power ballads, soul, rock belting, operatic flourishes, and hip hop. Jon Pareles of The New York Times commented that her voice is ""velvety yet tart, with an insistent flutter and reserves of soul belting"".']",,Vogue,67.80980003532022,333.90239998698235
Who did Beyonce perform with at Super Bowl 50?,"['Knowles has previously performed at four Super Bowl shows throughout her career, serving as the main headliner of the 47th Super Bowl halftime show in 2013.', 'She headlined the 2015 Made in America festival in early September and also the Global Citizen Festival later that month. Beyoncé made an uncredited featured appearance on the track ""Hymn for the Weekend"" by British rock band Coldplay, on their seventh studio album A Head Full of Dreams (2015), which saw release in December. On January 7, 2016, Pepsi announced Beyoncé would perform alongside Coldplay at Super Bowl 50 in February.', 'At the 57th Annual Grammy Awards in February 2015, Beyoncé was nominated for six awards, ultimately winning three: Best R&B Performance and Best R&B Song for ""Drunk in Love"", and Best Surround Sound Album for Beyoncé. She was nominated for Album of the Year but the award was won by Beck for his Morning Phase album. In August, the cover of the September issue of Vogue magazine was unveiled online, Beyoncé as the cover star, becoming the first African-American artist and third African-American woman in general to cover the September issue.', 'To promote the film, Beyoncé released ""Listen"" as the lead single from the soundtrack album. In April 2007, Beyoncé embarked on The Beyoncé Experience, her first worldwide concert tour, visiting 97 venues and grossed over $24 million.[note 1] Beyoncé conducted pre-concert food donation drives during six major stops in conjunction with her pastor at St. John\'s and America\'s Second Harvest. At the same time, B\'Day was re-released with five additional songs, including her duet with Shakira ""Beautiful Liar"".', 'The final showdown was between Justin Guarini, one of the early favorites, and Kelly Clarkson. Clarkson was not initially thought of as a contender, but impressed the judges with some good performances in the final rounds, such as her performance of Aretha Franklin\'s ""Natural Woman"", and Betty Hutton\'s ""Stuff Like That There"", and eventually won the crown on September 4, 2002.']",,Coldplay,59.39010006841272,330.4527000291273
In which sea was a large amount of naval vessels sent in order to remove Cilician pirates?,"['After having declined in size following the subjugation of the Mediterranean, the Roman navy underwent short-term upgrading and revitalisation in the late Republic to meet several new demands. Under Caesar, an invasion fleet was assembled in the English Channel to allow the invasion of Britannia; under Pompey, a large fleet was raised in the Mediterranean Sea to clear the sea of Cilician pirates. During the civil war that followed, as many as a thousand ships were either constructed or pressed into service from Greek cities.', 'Their sailing vessels were called pirate ships by Henry of Latvia in his Latin chronicles written at the beginning of the 13th century.', ""In 941, Igor led another major Rus' attack on Constantinople, probably over trading rights again. A navy of 10,000 vessels, including Pecheneg allies, landed on the Bithynian coast and devastated the Asiatic shore of the Bosphorus. The attack was well-timed, perhaps due to intelligence, as the Byzantine fleet was occupied with the Arabs in the Mediterranean, and the bulk of its army was stationed in the east."", 'Some sank, weighed down by the weight of their breastplates and helmets; others caught fire."" Those captured were beheaded. The ploy dispelled the Rus’ fleet, but their attacks continued into the hinterland as far as Nicomedia, with many atrocities reported as victims were crucified and set up for use as targets.', 'The Crimean campaign opened in September 1854. 360 ships sailed in seven columns, each steamer towing two sailing ships.:422 Anchoring on 13 September in the bay of Eupatoria, the town surrendered and 500 Marines landed to occupy it. This town and bay would provide a fall back position in case of disaster.:201 The ships then sailed east to make the landing of the allied expeditionary force on the sandy beaches of Calamita Bay on the south west coast of the Crimean Peninsula.']",,Mediterranean Sea,74.37490008305758,345.11839994229376
Around how many ships were sent into service from Greek cities?,"['After having declined in size following the subjugation of the Mediterranean, the Roman navy underwent short-term upgrading and revitalisation in the late Republic to meet several new demands. Under Caesar, an invasion fleet was assembled in the English Channel to allow the invasion of Britannia; under Pompey, a large fleet was raised in the Mediterranean Sea to clear the sea of Cilician pirates. During the civil war that followed, as many as a thousand ships were either constructed or pressed into service from Greek cities.', 'Greece, an Orthodox nation, had considerable support in Russia, but the Russian government decided it was too dangerous to help Greece expand its holdings.:32–40 When the Russians invaded the Principalities, the Ottoman forces were tied down so Greece invaded Thessaly and Epirus. To block further Greek moves, the British and French occupied the main Greek port at Piraeus from April 1854 to February 1857, and effectively neutralized the Greek army. Greeks, gambling on a Russian victory, incited the large-scale Epirus Revolt of 1854 as well as uprisings in Crete.', 'The roots of Greek success in the Ottoman Empire can be traced to the Greek tradition of education and commerce. It was the wealth of the extensive merchant class that provided the material basis for the intellectual revival that was the prominent feature of Greek life in the half century and more leading to the outbreak of the Greek War of Independence in 1821. Not coincidentally, on the eve of 1821, the three most important centres of Greek learning were situated in Chios, Smyrna and Aivali, all three major centres of Greek commerce.', 'The Crimean campaign opened in September 1854. 360 ships sailed in seven columns, each steamer towing two sailing ships.:422 Anchoring on 13 September in the bay of Eupatoria, the town surrendered and 500 Marines landed to occupy it. This town and bay would provide a fall back position in case of disaster.:201 The ships then sailed east to make the landing of the allied expeditionary force on the sandy beaches of Calamita Bay on the south west coast of the Crimean Peninsula.', ""It led to a steady emigration, particularly of the young and ambitious, to the new Greek empires in the east. Many Greeks migrated to Alexandria, Antioch and the many other new Hellenistic cities founded in Alexander's wake, as far away as modern Afghanistan and Pakistan.""]",,as many as a thousand ships,55.152100045233965,456.9441999774426
Who was ultimately responsible for the naval ships that were sent to the English Channel?,"['This meant that British coastal centres and shipping at sea west of Ireland were the prime targets.', 'and in March 1604 Sir Henry Middleton commanded the second voyage. General William Keeling, a captain during the second voyage, led the third voyage from 1607 to 1610.', 'After having declined in size following the subjugation of the Mediterranean, the Roman navy underwent short-term upgrading and revitalisation in the late Republic to meet several new demands. Under Caesar, an invasion fleet was assembled in the English Channel to allow the invasion of Britannia; under Pompey, a large fleet was raised in the Mediterranean Sea to clear the sea of Cilician pirates. During the civil war that followed, as many as a thousand ships were either constructed or pressed into service from Greek cities.', 'In 1941, the Luftwaffe shifted strategy again. Erich Raeder—commander-in-chief of the Kriegsmarine—had long argued the Luftwaffe should support the German submarine force (U-Bootwaffe) in the Battle of the Atlantic by attacking shipping in the Atlantic Ocean and attacking British ports. Eventually, he convinced Hitler of the need to attack British port facilities.', 'This time they succeeded, and on 31 December 1600, the Queen granted a Royal Charter to ""George, Earl of Cumberland, and 215 Knights, Aldermen, and Burgesses"" under the name, Governor and Company of Merchants of London trading with the East Indies. For a period of fifteen years the charter awarded the newly formed company a monopoly on trade with all countries east of the Cape of Good Hope and west of the Straits of Magellan. Sir James Lancaster commanded the first East India Company voyage in 1601 and returned in 1603.']",,Caesar,57.24920006468892,396.8067999230698
What was the driving force behind the revitalization of the Roman naval forces?,"['After having declined in size following the subjugation of the Mediterranean, the Roman navy underwent short-term upgrading and revitalisation in the late Republic to meet several new demands. Under Caesar, an invasion fleet was assembled in the English Channel to allow the invasion of Britannia; under Pompey, a large fleet was raised in the Mediterranean Sea to clear the sea of Cilician pirates. During the civil war that followed, as many as a thousand ships were either constructed or pressed into service from Greek cities.', 'Hellenistic military equipment was generally characterized by an increase in size. Hellenistic-era warships grew from the trireme to include more banks of oars and larger numbers of rowers and soldiers as in the Quadrireme and Quinquereme. The Ptolemaic Tessarakonteres was the largest ship constructed in Antiquity.', 'The Roman Empire reached its greatest territorial extent during the 2nd century AD; the following two centuries witnessed the slow decline of Roman control over its outlying territories. Economic issues, including inflation, and external pressure on the frontiers combined to make the 3rd century politically unstable, with emperors coming to the throne only to be rapidly replaced by new usurpers. Military expenses increased steadily during the 3rd century, mainly in response to the war with Sassanid Persia, which revived in the middle of the 3rd century.', 'In 1941, the Luftwaffe shifted strategy again. Erich Raeder—commander-in-chief of the Kriegsmarine—had long argued the Luftwaffe should support the German submarine force (U-Bootwaffe) in the Battle of the Atlantic by attacking shipping in the Atlantic Ocean and attacking British ports. Eventually, he convinced Hitler of the need to attack British port facilities.', 'Xanthippus reformed the Carthaginian military along Macedonian army lines.']",,to meet several new demands,61.7104999255389,378.45129997003824
What aspect of the Roman military saw a decline in size after the subjugation of the Mediterranean?,"['After having declined in size following the subjugation of the Mediterranean, the Roman navy underwent short-term upgrading and revitalisation in the late Republic to meet several new demands. Under Caesar, an invasion fleet was assembled in the English Channel to allow the invasion of Britannia; under Pompey, a large fleet was raised in the Mediterranean Sea to clear the sea of Cilician pirates. During the civil war that followed, as many as a thousand ships were either constructed or pressed into service from Greek cities.', 'The Roman Empire reached its greatest territorial extent during the 2nd century AD; the following two centuries witnessed the slow decline of Roman control over its outlying territories. Economic issues, including inflation, and external pressure on the frontiers combined to make the 3rd century politically unstable, with emperors coming to the throne only to be rapidly replaced by new usurpers. Military expenses increased steadily during the 3rd century, mainly in response to the war with Sassanid Persia, which revived in the middle of the 3rd century.', ""Rome's military confederation with the other peoples of the Italian peninsula meant that half of Rome's army was provided by the Socii, such as the Etruscans, Umbrians, Apulians, Campanians, Samnites, Lucani, Bruttii, and the various southern Greek cities. Polybius states that Rome could draw on 770,000 men at the beginning of the Second Punic War, of which 700,000 were infantry and 70,000 met the requirements for cavalry. Rome's Italian allies would be organized in alae, or wings, roughly equal in manpower to the Roman legions, though with 900 cavalry instead of 300."", 'The army doubled in size, and cavalry and smaller units replaced the legion as the main tactical unit. The need for revenue led to increased taxes and a decline in numbers of the curial, or landowning, class, and decreasing numbers of them willing to shoulder the burdens of holding office in their native towns. More bureaucrats were needed in the central administration to deal with the needs of the army, which led to complaints from civilians that there were more tax-collectors in the empire than tax-payers.', 'Hellenistic military equipment was generally characterized by an increase in size. Hellenistic-era warships grew from the trireme to include more banks of oars and larger numbers of rowers and soldiers as in the Quadrireme and Quinquereme. The Ptolemaic Tessarakonteres was the largest ship constructed in Antiquity.']",,Roman navy,84.31599999312311,343.54070003610104
What are the newer micro-USB receptacles designed for?,"['The newer micro-USB receptacles are designed for a minimum rated lifetime of 10,000 cycles of insertion and removal between the receptacle and plug, compared to 1,500 for the standard USB and 5,000 for the mini-USB receptacle. Features intended to accomplish include, a locking device was added and the leaf-spring was moved from the jack to the plug, so that the most-stressed part is on the cable side of the connection. This change was made so that the connector on the less expensive cable would bear the most wear instead of the more expensive micro-USB device.', 'The standard connectors were designed to be robust. Because USB is hot-pluggable, the connectors would be used more frequently, and perhaps with less care, than other connectors. Many previous connector designs were fragile, specifying embedded component pins or other delicate parts that were vulnerable to bending or breaking.', 'A group of seven companies began the development of USB in 1994: Compaq, DEC, IBM, Intel, Microsoft, NEC, and Nortel. The goal was to make it fundamentally easier to connect external devices to PCs by replacing the multitude of connectors at the back of PCs, addressing the usability issues of existing interfaces, and simplifying software configuration of all devices connected to USB, as well as permitting greater data rates for external devices. A team including Ajay Bhatt worked on the standard at Intel; the first integrated circuits supporting USB were produced by Intel in 1995.', 'Firstly conceived and still used today for optical storage devices (CD-RW drives, DVD drives, etc.), several manufacturers offer external portable USB hard disk drives, or empty enclosures for disk drives. These offer performance comparable to internal drives, limited by the current number and types of attached USB devices, and by the upper limit of the USB interface (in practice about 30 MB/s for USB 2.0 and potentially 400 MB/s or more for USB 3.0).', 'These external drives typically include a ""translating device"" that bridges between a drive\'s interface to a USB interface port. Functionally, the drive appears to the user much like an internal drive. Other competing standards for external drive connectivity include eSATA, ExpressCard, FireWire (IEEE 1394), and most recently Thunderbolt.']",,"a minimum rated lifetime of 10,000 cycles of insertion",74.95829998515546,342.73209993261844
What is the minimum rated lifetime for the standard USB receptacle?,"['The newer micro-USB receptacles are designed for a minimum rated lifetime of 10,000 cycles of insertion and removal between the receptacle and plug, compared to 1,500 for the standard USB and 5,000 for the mini-USB receptacle. Features intended to accomplish include, a locking device was added and the leaf-spring was moved from the jack to the plug, so that the most-stressed part is on the cable side of the connection. This change was made so that the connector on the less expensive cable would bear the most wear instead of the more expensive micro-USB device.', 'The standard connectors were designed to be robust. Because USB is hot-pluggable, the connectors would be used more frequently, and perhaps with less care, than other connectors. Many previous connector designs were fragile, specifying embedded component pins or other delicate parts that were vulnerable to bending or breaking.', 'The electrical contacts in a USB connector are protected by an adjacent plastic tongue, and the entire connecting assembly is usually protected by an enclosing metal sheath.', 'With the development of high-power LEDs the devices are subjected to higher junction temperatures and higher current densities than traditional devices. This causes stress on the material and may cause early light-output degradation. To quantitatively classify useful lifetime in a standardized manner it has been suggested to use L70 or L50, which are the runtimes (typically given in thousands of hours) at which a given LED reaches 70% and 50% of initial light output, respectively.', 'Firstly conceived and still used today for optical storage devices (CD-RW drives, DVD drives, etc.), several manufacturers offer external portable USB hard disk drives, or empty enclosures for disk drives. These offer performance comparable to internal drives, limited by the current number and types of attached USB devices, and by the upper limit of the USB interface (in practice about 30 MB/s for USB 2.0 and potentially 400 MB/s or more for USB 3.0).']",,"1,500",64.72919997759163,333.61440000589937
"After a leaf-spring was moved from jack to the plug, the most stressed part was found where?","['The newer micro-USB receptacles are designed for a minimum rated lifetime of 10,000 cycles of insertion and removal between the receptacle and plug, compared to 1,500 for the standard USB and 5,000 for the mini-USB receptacle. Features intended to accomplish include, a locking device was added and the leaf-spring was moved from the jack to the plug, so that the most-stressed part is on the cable side of the connection. This change was made so that the connector on the less expensive cable would bear the most wear instead of the more expensive micro-USB device.', 'The ""mothers"" are then used as mandrels for electroforming more negative discs known as ""sons"". Each ""mother"" can be used to make many ""sons"" before deteriorating. The ""sons"" are then converted into ""stampers"" by center-punching a spindle hole (which was lost from the lacquer sound disc during initial electroforming of the ""father""), and by custom-forming the target pressing profile.', 'Differential thermal expansion of the component could put pressure on the leads of the components and the PCB traces and cause physical damage (as was seen in several modules on the Apollo program). Additionally, components located in the interior are difficult to replace. Some versions of cordwood construction used soldered single-sided PCBs as the interconnection method (as pictured), allowing the use of normal-leaded components.', 'However the idea that these changes did in fact make the connector more durable in real world use has been widely disputed, with many contending that they are in fact, much less durable.', 'The electrical contacts in a USB connector are protected by an adjacent plastic tongue, and the entire connecting assembly is usually protected by an enclosing metal sheath.']",,on the cable side of the connection,67.44799995794892,355.2479000063613
Why was the change made for the USB device?,"['The newer micro-USB receptacles are designed for a minimum rated lifetime of 10,000 cycles of insertion and removal between the receptacle and plug, compared to 1,500 for the standard USB and 5,000 for the mini-USB receptacle. Features intended to accomplish include, a locking device was added and the leaf-spring was moved from the jack to the plug, so that the most-stressed part is on the cable side of the connection. This change was made so that the connector on the less expensive cable would bear the most wear instead of the more expensive micro-USB device.', 'A group of seven companies began the development of USB in 1994: Compaq, DEC, IBM, Intel, Microsoft, NEC, and Nortel. The goal was to make it fundamentally easier to connect external devices to PCs by replacing the multitude of connectors at the back of PCs, addressing the usability issues of existing interfaces, and simplifying software configuration of all devices connected to USB, as well as permitting greater data rates for external devices. A team including Ajay Bhatt worked on the standard at Intel; the first integrated circuits supporting USB were produced by Intel in 1995.', 'The standard connectors were designed to be robust. Because USB is hot-pluggable, the connectors would be used more frequently, and perhaps with less care, than other connectors. Many previous connector designs were fragile, specifying embedded component pins or other delicate parts that were vulnerable to bending or breaking.', 'Firstly conceived and still used today for optical storage devices (CD-RW drives, DVD drives, etc.), several manufacturers offer external portable USB hard disk drives, or empty enclosures for disk drives. These offer performance comparable to internal drives, limited by the current number and types of attached USB devices, and by the upper limit of the USB interface (in practice about 30 MB/s for USB 2.0 and potentially 400 MB/s or more for USB 3.0).', 'These external drives typically include a ""translating device"" that bridges between a drive\'s interface to a USB interface port. Functionally, the drive appears to the user much like an internal drive. Other competing standards for external drive connectivity include eSATA, ExpressCard, FireWire (IEEE 1394), and most recently Thunderbolt.']",,so that the connector on the less expensive cable would bear the most wear,62.16640002094209,371.77189998328686
What is subject to the Orphan Drug Act?,"['There are special rules for certain rare diseases (""orphan diseases"") in several major drug regulatory territories. For example, diseases involving fewer than 200,000 patients in the United States, or larger populations in certain circumstances are subject to the Orphan Drug Act. Because medical research and development of drugs to treat such diseases is financially disadvantageous, companies that do so are rewarded with tax reductions, fee waivers, and market exclusivity on that drug for a limited time (seven years), regardless of whether the drug is protected by patents.', 'The Biologics Control Act of 1902 required that federal government grant premarket approval for every biological drug and for the process and facility producing such drugs. This was followed in 1906 by the Pure Food and Drugs Act, which forbade the interstate distribution of adulterated or misbranded foods and drugs. A drug was considered misbranded if it contained alcohol, morphine, opium, cocaine, or any of several other potentially dangerous or addictive drugs, and if its label failed to indicate the quantity or proportion of such drugs.', 'Prior to the 20th century drugs were generally produced by small scale manufacturers with little regulatory control over manufacturing or claims of safety and efficacy. To the extent that such laws did exist, enforcement was lax. In the United States, increased regulation of vaccines and other biological drugs was spurred by tetanus outbreaks and deaths caused by the distribution of contaminated smallpox vaccine and diphtheria antitoxin.', 'In the UK, the Medicines and Healthcare Products Regulatory Agency approves drugs for use, though the evaluation is done by the European Medicines Agency, an agency of the European Union based in London. Normally an approval in the UK and other European countries comes later than one in the USA. Then it is the National Institute for Health and Care Excellence (NICE), for England and Wales, who decides if and how the National Health Service (NHS) will allow (in the sense of paying for) their use.', ""The government's attempts to use the law to prosecute manufacturers for making unsupported claims of efficacy were undercut by a Supreme Court ruling restricting the federal government's enforcement powers to cases of incorrect specification of the drug's ingredients.""]",,"diseases involving fewer than 200,000 patients in the United States, or larger populations in certain circumstances",65.29660010710359,349.6319999685511
"What is given to companies who develop drugs for ""orphan diseases""?","['There are special rules for certain rare diseases (""orphan diseases"") in several major drug regulatory territories. For example, diseases involving fewer than 200,000 patients in the United States, or larger populations in certain circumstances are subject to the Orphan Drug Act. Because medical research and development of drugs to treat such diseases is financially disadvantageous, companies that do so are rewarded with tax reductions, fee waivers, and market exclusivity on that drug for a limited time (seven years), regardless of whether the drug is protected by patents.', 'In contrast to this viewpoint, an article and associated editorial in the New England Journal of Medicine in May 2015 emphasized the importance of pharmaceutical industry-physician interactions for the development of novel treatments, and argued that moral outrage over industry malfeasance had unjustifiably led many to overemphasize the problems created by financial conflicts of interest. The article noted that major healthcare organizations such as National Center for Advancing Translational Sciences of the National Institutes of Health, the President’s Council of Advisors on Science and Technology, the World Economic Forum, the Gates Foundation, the Wellcome Trust, and the Food and Drug Administration had encouraged greater interactions between physicians and industry in order to bring greater benefits to patients.', 'In March 2001, 40 multi-national pharmaceutical companies brought litigation against South Africa for its Medicines Act, which allowed the generic production of antiretroviral drugs (ARVs) for treating HIV, despite the fact that these drugs were on-patent. HIV was and is an epidemic in South Africa, and ARVs at the time cost between 10,000 and 15,000 USD per patient per year. This was unaffordable for most South African citizens, and so the South African government committed to providing ARVs at prices closer to what people could afford.', 'Prior to the 20th century drugs were generally produced by small scale manufacturers with little regulatory control over manufacturing or claims of safety and efficacy. To the extent that such laws did exist, enforcement was lax. In the United States, increased regulation of vaccines and other biological drugs was spurred by tetanus outbreaks and deaths caused by the distribution of contaminated smallpox vaccine and diphtheria antitoxin.', 'To do so, they would need to ignore the patents on drugs and produce generics within the country (using a compulsory license), or import them from abroad. After international protest in favour of public health rights (including the collection of 250,000 signatures by MSF), the governments of several developed countries (including The Netherlands, Germany, France, and later the US) backed the South African government, and the case was dropped in April of that year.']",,"tax reductions, fee waivers, and market exclusivity on that drug for a limited time (seven years), regardless of whether the drug is protected by patents",69.05289995484054,340.4852000530809
Why are these companies rewarded?,"['The company stated that this would give IBM a competitive advantage because IBM would then be able to hire talented people its competitors would turn down.', 'Legal expert Susan P. Crawford has said this gives him ""effective control over its [Comcast\'s] every step"". In 2010, he was one of the highest-paid executives in the United States, with total compensation of about $31 million.', ""Premium services may sometimes be open to passengers who are members of a different airline's frequent flyer program. This can sometimes be part of a reciprocal deal, as when multiple airlines are part of the same alliance, or as a ploy to attract premium customers away from rival airlines."", ""Competition for employees with the public and private sector is another problem that Nonprofit organizations will inevitably face, particularly for management positions. There are reports of major talent shortages in the nonprofit sector today regarding newly graduated workers, and NPOs have for too long relegated hiring to a secondary priority, which could be why they find themselves in the position many do. While many established NPO's are well-funded and comparative to their public sector competetitors, many more are independent and must be creative with which incentives they use to attract and maintain vibrant personalities."", 'There are special rules for certain rare diseases (""orphan diseases"") in several major drug regulatory territories. For example, diseases involving fewer than 200,000 patients in the United States, or larger populations in certain circumstances are subject to the Orphan Drug Act. Because medical research and development of drugs to treat such diseases is financially disadvantageous, companies that do so are rewarded with tax reductions, fee waivers, and market exclusivity on that drug for a limited time (seven years), regardless of whether the drug is protected by patents.']",,Because medical research and development of drugs to treat such diseases is financially disadvantageous,59.30969992186874,322.08010007161647
What size of disease populations are subject to the Orphan Drug Act?,"['There are special rules for certain rare diseases (""orphan diseases"") in several major drug regulatory territories. For example, diseases involving fewer than 200,000 patients in the United States, or larger populations in certain circumstances are subject to the Orphan Drug Act. Because medical research and development of drugs to treat such diseases is financially disadvantageous, companies that do so are rewarded with tax reductions, fee waivers, and market exclusivity on that drug for a limited time (seven years), regardless of whether the drug is protected by patents.', 'Prior to the 20th century drugs were generally produced by small scale manufacturers with little regulatory control over manufacturing or claims of safety and efficacy. To the extent that such laws did exist, enforcement was lax. In the United States, increased regulation of vaccines and other biological drugs was spurred by tetanus outbreaks and deaths caused by the distribution of contaminated smallpox vaccine and diphtheria antitoxin.', ""Under this Act, FDA can approve antibiotics and antifungals treating life-threatening infections based on smaller clinical trials. The CDC will monitor the use of antibiotics and the emerging resistance, and publish the data. The FDA antibiotics labeling process, 'Susceptibility Test Interpretive Criteria for Microbial Organisms' or 'breakpoints', will provide accurate data to healthcare professionals."", 'The Biologics Control Act of 1902 required that federal government grant premarket approval for every biological drug and for the process and facility producing such drugs. This was followed in 1906 by the Pure Food and Drugs Act, which forbade the interstate distribution of adulterated or misbranded foods and drugs. A drug was considered misbranded if it contained alcohol, morphine, opium, cocaine, or any of several other potentially dangerous or addictive drugs, and if its label failed to indicate the quantity or proportion of such drugs.', 'The prevalence of HIV-infection among the adult population is 1.8%. Only 20% of infected pregnant women receive anti retroviral coverage to prevent transmission to newborns.']",,"fewer than 200,000 patients",64.35540004167706,522.2784000216052
What is one financial benefit to researching orphan drugs?,"['There are special rules for certain rare diseases (""orphan diseases"") in several major drug regulatory territories. For example, diseases involving fewer than 200,000 patients in the United States, or larger populations in certain circumstances are subject to the Orphan Drug Act. Because medical research and development of drugs to treat such diseases is financially disadvantageous, companies that do so are rewarded with tax reductions, fee waivers, and market exclusivity on that drug for a limited time (seven years), regardless of whether the drug is protected by patents.', 'In contrast to this viewpoint, an article and associated editorial in the New England Journal of Medicine in May 2015 emphasized the importance of pharmaceutical industry-physician interactions for the development of novel treatments, and argued that moral outrage over industry malfeasance had unjustifiably led many to overemphasize the problems created by financial conflicts of interest. The article noted that major healthcare organizations such as National Center for Advancing Translational Sciences of the National Institutes of Health, the President’s Council of Advisors on Science and Technology, the World Economic Forum, the Gates Foundation, the Wellcome Trust, and the Food and Drug Administration had encouraged greater interactions between physicians and industry in order to bring greater benefits to patients.', ""Others have argued that excessive regulation suppresses therapeutic innovation, and that the current cost of regulator-required clinical trials prevents the full exploitation of new genetic and biological knowledge for the treatment of human disease. A 2012 report by the President's Council of Advisors on Science and Technology made several key recommendations to reduce regulatory burdens to new drug development, including 1) expanding the FDA's use of accelerated approval processes, 2) creating an expedited approval pathway for drugs intended for use in narrowly defined populations, and 3) undertaking pilot projects designed to evaluate the feasibility of a new, adaptive drug approval process."", ""Possible improvements include clarification of clinical trial regulations by FDA. Furthermore, appropriate economic incentives could persuade pharmaceutical companies to invest in this endeavor. Antibiotic Development to Advance Patient Treatment (ADAPT) Act aims to fast track the drug development to combat the growing threat of 'superbugs'."", 'In the US, starting in 2013, under the Physician Financial Transparency Reports (part of the Sunshine Act), the Centers for Medicare & Medicaid Services has to collect information from applicable manufacturers and group purchasing organizations in order to report information about their financial relationships with physicians and hospitals. Data are made public in the Centers for Medicare & Medicaid Services website. The expectation is that relationship between doctors and Pharmaceutical industry will become fully transparent.']",,tax reductions,58.074999949894845,338.34400004707277
What is the length of time of market exclusivity of an orphan drug?,"['There are special rules for certain rare diseases (""orphan diseases"") in several major drug regulatory territories. For example, diseases involving fewer than 200,000 patients in the United States, or larger populations in certain circumstances are subject to the Orphan Drug Act. Because medical research and development of drugs to treat such diseases is financially disadvantageous, companies that do so are rewarded with tax reductions, fee waivers, and market exclusivity on that drug for a limited time (seven years), regardless of whether the drug is protected by patents.', 'In the UK, the Medicines and Healthcare Products Regulatory Agency approves drugs for use, though the evaluation is done by the European Medicines Agency, an agency of the European Union based in London. Normally an approval in the UK and other European countries comes later than one in the USA. Then it is the National Institute for Health and Care Excellence (NICE), for England and Wales, who decides if and how the National Health Service (NHS) will allow (in the sense of paying for) their use.', 'The Biologics Control Act of 1902 required that federal government grant premarket approval for every biological drug and for the process and facility producing such drugs. This was followed in 1906 by the Pure Food and Drugs Act, which forbade the interstate distribution of adulterated or misbranded foods and drugs. A drug was considered misbranded if it contained alcohol, morphine, opium, cocaine, or any of several other potentially dangerous or addictive drugs, and if its label failed to indicate the quantity or proportion of such drugs.', 'Prior to the 20th century drugs were generally produced by small scale manufacturers with little regulatory control over manufacturing or claims of safety and efficacy. To the extent that such laws did exist, enforcement was lax. In the United States, increased regulation of vaccines and other biological drugs was spurred by tetanus outbreaks and deaths caused by the distribution of contaminated smallpox vaccine and diphtheria antitoxin.', 'To do so, they would need to ignore the patents on drugs and produce generics within the country (using a compulsory license), or import them from abroad. After international protest in favour of public health rights (including the collection of 250,000 signatures by MSF), the governments of several developed countries (including The Netherlands, Germany, France, and later the US) backed the South African government, and the case was dropped in April of that year.']",,seven years,61.68479996267706,343.904500012286
What is a term for rare diseases in some territories?,"['There are special rules for certain rare diseases (""orphan diseases"") in several major drug regulatory territories. For example, diseases involving fewer than 200,000 patients in the United States, or larger populations in certain circumstances are subject to the Orphan Drug Act. Because medical research and development of drugs to treat such diseases is financially disadvantageous, companies that do so are rewarded with tax reductions, fee waivers, and market exclusivity on that drug for a limited time (seven years), regardless of whether the drug is protected by patents.', 'Lack of progress eradicating the disease may also be due to lack of patient follow-up – as among the 250M rural migrants in China.', 'Thus, polygny may also be due to a lower male:female ratio in these areas but this may ultimately be due to male infants having increased mortality from infectious diseases. Another example is that poor socioeconomic factors may ultimately in part be due to high pathogen load preventing economic development.', 'Resistance to infection (immunity) may be acquired following a disease, by asymptomatic carriage of the pathogen, by harboring an organism with a similar structure (crossreacting), or by vaccination. Knowledge of the protective antigens and specific acquired host immune factors is more complete for primary pathogens than for opportunistic pathogens. There is also the phenomenon of herd immunity which offers a measure of protection to those otherwise vulnerable people when a large enough proportion of the population has acquired immunity from certain infections.', 'Typhus (probably) in 1546, influenza and smallpox together in 1558, smallpox again in 1589, diphtheria in 1614, measles in 1618—all ravaged the remains of Inca culture.']",,orphan diseases,62.410200014710426,358.07980003301054
In what year did Dominic establish a convent?,"['Dominic became the spiritual father to several Albigensian women he had reconciled to the faith, and in 1206 he established them in a convent in Prouille. This convent would become the foundation of the Dominican nuns, thus making the Dominican nuns older than the Dominican friars. Prior Diego sanctioned the building of a monastery for girls whose parents had sent them to the care of the Albigensians because their families were too poor to fulfill their basic needs.', ""As an adolescent, he had a particular love of theology and the Scriptures became the foundation of his spirituality. During his studies in Palencia, Spain, he experienced a dreadful famine, prompting Dominic to sell all of his beloved books and other equipment to help his neighbors. After he completed his studies, Bishop Martin Bazan and Prior Diego d'Achebes appointed Dominic to the cathedral chapter and he became a regular canon under the Rule of St. Augustine and the Constitutions for the cathedral church of Osma."", 'When the brethren left Prouille, then, to begin their apostolic work, Dominic sent Matthew of Paris to establish a school near the University of Paris. This was the first of many Dominican schools established by the brethren, some near large universities throughout Europe.', 'Founded in 1805 by Edward Fenwick, afterwards first Bishop of Cincinnati, Ohio (1821–1832), this province has developed slowly, but now ranks among the most flourishing and active provinces of the order. In 1910 it numbered seventeen convents or secondary houses. In 1905, it established a large house of studies at Washington, D.C., called the Dominican House of Studies.', 'The first Dominican site in England was at Oxford, in the parishes of St. Edward and St. Adelaide. The friars built an oratory to the Blessed Virgin Mary and by 1265, the brethren, in keeping with their devotion to study, began erecting a school. Actually, the Dominican brothers likely began a school immediately after their arrival, as priories were legally schools.']",,1206,57.070499984547496,346.68620000593364
What women did Dominic convert for his convent?,"['Dominic became the spiritual father to several Albigensian women he had reconciled to the faith, and in 1206 he established them in a convent in Prouille. This convent would become the foundation of the Dominican nuns, thus making the Dominican nuns older than the Dominican friars. Prior Diego sanctioned the building of a monastery for girls whose parents had sent them to the care of the Albigensians because their families were too poor to fulfill their basic needs.', ""As an adolescent, he had a particular love of theology and the Scriptures became the foundation of his spirituality. During his studies in Palencia, Spain, he experienced a dreadful famine, prompting Dominic to sell all of his beloved books and other equipment to help his neighbors. After he completed his studies, Bishop Martin Bazan and Prior Diego d'Achebes appointed Dominic to the cathedral chapter and he became a regular canon under the Rule of St. Augustine and the Constitutions for the cathedral church of Osma."", ""Dominic's education at Palencia gave him the knowledge he needed to overcome the Manicheans. With charity, the other concept that most defines the work and spirituality of the order, study became the method most used by the Dominicans in working to defend the Church against the perils that hounded it, and also of enlarging its authority over larger areas of the known world. In Dominic's thinking, it was impossible for men to preach what they did not or could not understand."", ""The monastery was at Prouille would later become Dominic's headquarters for his missionary effort there. After two years on the mission field, Prior Diego died while traveling back to Spain. When his preaching companions heard of his death, all save Dominic and a very small number of others returned to their homes."", 'When the brethren left Prouille, then, to begin their apostolic work, Dominic sent Matthew of Paris to establish a school near the University of Paris. This was the first of many Dominican schools established by the brethren, some near large universities throughout Europe.']",,Albigensian,58.34129999857396,361.82620003819466
What group are older than the Dominican Friars?,"['Founded in 1805 by Edward Fenwick, afterwards first Bishop of Cincinnati, Ohio (1821–1832), this province has developed slowly, but now ranks among the most flourishing and active provinces of the order. In 1910 it numbered seventeen convents or secondary houses. In 1905, it established a large house of studies at Washington, D.C., called the Dominican House of Studies.', 'Dominic became the spiritual father to several Albigensian women he had reconciled to the faith, and in 1206 he established them in a convent in Prouille. This convent would become the foundation of the Dominican nuns, thus making the Dominican nuns older than the Dominican friars. Prior Diego sanctioned the building of a monastery for girls whose parents had sent them to the care of the Albigensians because their families were too poor to fulfill their basic needs.', 'The first Dominican site in England was at Oxford, in the parishes of St. Edward and St. Adelaide. The friars built an oratory to the Blessed Virgin Mary and by 1265, the brethren, in keeping with their devotion to study, began erecting a school. Actually, the Dominican brothers likely began a school immediately after their arrival, as priories were legally schools.', 'When the brethren left Prouille, then, to begin their apostolic work, Dominic sent Matthew of Paris to establish a school near the University of Paris. This was the first of many Dominican schools established by the brethren, some near large universities throughout Europe.', ""Dominic's education at Palencia gave him the knowledge he needed to overcome the Manicheans. With charity, the other concept that most defines the work and spirituality of the order, study became the method most used by the Dominicans in working to defend the Church against the perils that hounded it, and also of enlarging its authority over larger areas of the known world. In Dominic's thinking, it was impossible for men to preach what they did not or could not understand.""]",,Dominican nuns,56.4503000350669,356.97219998110086
Why did families send their girls to Diego's monastery? ,"[""The monastery was at Prouille would later become Dominic's headquarters for his missionary effort there. After two years on the mission field, Prior Diego died while traveling back to Spain. When his preaching companions heard of his death, all save Dominic and a very small number of others returned to their homes."", 'After discovering that the couple were not married, the deeply traditional Catholic people of Majorca became inhospitable, making accommodation difficult to find. This compelled the group to take lodgings in a former Carthusian monastery in Valldemossa, which gave little shelter from the cold winter weather.', 'Dominic became the spiritual father to several Albigensian women he had reconciled to the faith, and in 1206 he established them in a convent in Prouille. This convent would become the foundation of the Dominican nuns, thus making the Dominican nuns older than the Dominican friars. Prior Diego sanctioned the building of a monastery for girls whose parents had sent them to the care of the Albigensians because their families were too poor to fulfill their basic needs.', 'Besides their own festival of Vestalia, they participated directly in the rites of Parilia, Parentalia and Fordicidia. Indirectly, they played a role in every official sacrifice; among their duties was the preparation of the mola salsa, the salted flour that was sprinkled on every sacrificial victim as part of its immolation.', 'In Anglo-Saxon society the lack of many child rulers meant a lesser role for women as queen mothers, but this was compensated for by the increased role played by abbesses of monasteries. Only in Italy does it appear that women were always considered under the protection and control of a male relative.']",,too poor,77.60750001762062,353.97730011027306
How long after his mission did Prior Diego die?,"[""The monastery was at Prouille would later become Dominic's headquarters for his missionary effort there. After two years on the mission field, Prior Diego died while traveling back to Spain. When his preaching companions heard of his death, all save Dominic and a very small number of others returned to their homes."", ""On 27 November 1970 he was the target of an assassination attempt at Manila International Airport in the Philippines. He was only lightly stabbed by the would-be assassin Benjamín Mendoza y Amor Flores, who was subdued by the pope's personal bodyguard and trip organizer, Msgr. Paul Marcinkus."", 'In August 1859, Zuloaga and his forces were defeated by the liberal Orozco and his forces; Orozco soon after deposed the state governor, but had to flee to Durango two months later. In the late 1860s the conservative General Cajen briefly entered the state after his campaign through the state of Jalisco and helped establish conservative politicians and ran out the liberal leaders Jesús González Ortega and José María Patoni. Cajen took possession of the state capital and established himself as governor; he brooked no delay in uniting a large force to combat the liberal forces which he defeated in La Batalla del Gallo.', 'After the televised message of King Juan Carlos I, those in the military who had not yet aligned themselves decided to remain loyal to the government, and the coup failed. Despite this lack of support, Milans del Bosch only surrendered at 5 a.m. on the next day, 24 February.', ""The city remained in the hands of Christian troops until 1102, when the Almoravids retook the city and restored the Muslim religion. Although the self-styled 'Emperor of All Spain', Alfonso VI of León and Castile, drove them from the city, he was not strong enough to hold it. The Christians set it afire before abandoning it, and the Almoravid Masdali took possession on 5 May 1109.""]",,two years,58.63099999260157,350.3798999590799
Name the six largest European ethnic groups in the city?,"['Irish, Italians, Polish, Germans, English, and Greeks are the largest ethnic European groups in the city. Philadelphia has the second-largest Irish and Italian populations in the United States, after New York City. South Philadelphia remains one of the largest Italian neighborhoods in the country and is home to the Italian Market.', 'Throughout its history, the city has been a major port of entry for immigrants into the United States; more than 12 million European immigrants were received at Ellis Island between 1892 and 1924. The term ""melting pot"" was first coined to describe densely populated immigrant neighborhoods on the Lower East Side. By 1900, Germans constituted the largest immigrant group, followed by the Irish, Jews, and Italians.', ""Modern Estonia is a fairly ethnically heterogeneous country, but this heterogeneity is not a feature of much of the country as the non-Estonian population is concentrated in two of Estonia's counties. Thirteen of Estonia's 15 counties are over 80% ethnic Estonian, the most homogeneous being Hiiumaa, where Estonians account for 98.4% of the population. In the counties of Harju (including the capital city, Tallinn) and Ida-Viru, however, ethnic Estonians make up 60% and 20% of the population, respectively."", 'Northeast Philadelphia, although known for its Irish and Irish-American population, is also home to a large Jewish and Russian population. Mount Airy in Northwest Philadelphia also contains a large Jewish community, while nearby Chestnut Hill is historically known as an Anglo-Saxon Protestant stronghold.', ""The Pennsport neighborhood and Gray's Ferry section of South Philadelphia, home to many Mummer clubs, are well known as Irish neighborhoods. The Kensington section, Port Richmond, and Fishtown have historically been heavily Irish and Polish. Port Richmond is well known in particular as the center of the Polish immigrant and Polish-American community in Philadelphia, and it remains a common destination for Polish immigrants.""]",,"Irish, Italians, Polish, Germans, English, and Greeks",68.83220002055168,357.6875999569893
Which city has the largest Irish and Italian populations?,"['Irish, Italians, Polish, Germans, English, and Greeks are the largest ethnic European groups in the city. Philadelphia has the second-largest Irish and Italian populations in the United States, after New York City. South Philadelphia remains one of the largest Italian neighborhoods in the country and is home to the Italian Market.', 'Northeast Philadelphia, although known for its Irish and Irish-American population, is also home to a large Jewish and Russian population. Mount Airy in Northwest Philadelphia also contains a large Jewish community, while nearby Chestnut Hill is historically known as an Anglo-Saxon Protestant stronghold.', ""The Pennsport neighborhood and Gray's Ferry section of South Philadelphia, home to many Mummer clubs, are well known as Irish neighborhoods. The Kensington section, Port Richmond, and Fishtown have historically been heavily Irish and Polish. Port Richmond is well known in particular as the center of the Polish immigrant and Polish-American community in Philadelphia, and it remains a common destination for Polish immigrants."", ""The Great Irish Famine brought a large influx of Irish immigrants. Over 200,000 were living in New York by 1860, upwards of a quarter of the city's population. There was also extensive immigration from the German provinces, where revolutions had disrupted societies, and Germans comprised another 25% of New York's population by 1860."", ""Modern Estonia is a fairly ethnically heterogeneous country, but this heterogeneity is not a feature of much of the country as the non-Estonian population is concentrated in two of Estonia's counties. Thirteen of Estonia's 15 counties are over 80% ethnic Estonian, the most homogeneous being Hiiumaa, where Estonians account for 98.4% of the population. In the counties of Harju (including the capital city, Tallinn) and Ida-Viru, however, ethnic Estonians make up 60% and 20% of the population, respectively.""]",,New York City,58.34910005796701,338.80789997056127
What area of the city has a large Italian neighborhood?,"['Irish, Italians, Polish, Germans, English, and Greeks are the largest ethnic European groups in the city. Philadelphia has the second-largest Irish and Italian populations in the United States, after New York City. South Philadelphia remains one of the largest Italian neighborhoods in the country and is home to the Italian Market.', ""The Pennsport neighborhood and Gray's Ferry section of South Philadelphia, home to many Mummer clubs, are well known as Irish neighborhoods. The Kensington section, Port Richmond, and Fishtown have historically been heavily Irish and Polish. Port Richmond is well known in particular as the center of the Polish immigrant and Polish-American community in Philadelphia, and it remains a common destination for Polish immigrants."", 'Northeast Philadelphia, although known for its Irish and Irish-American population, is also home to a large Jewish and Russian population. Mount Airy in Northwest Philadelphia also contains a large Jewish community, while nearby Chestnut Hill is historically known as an Anglo-Saxon Protestant stronghold.', 'Boston is sometimes called a ""city of neighborhoods"" because of the profusion of diverse subsections; the city government\'s Office of Neighborhood Services has officially designated 23 neighborhoods.', 'The so-called ""Sack of Palermo"" is one of the major visible faces of the problem. The term is used to indicate the speculative building practices that have filled the city with poor buildings. The reduced importance of agriculture in the Sicilian economy has led to a massive migration to the cities, especially Palermo, which swelled in size, leading to rapid expansion towards the north.']",,South Philadelphia,61.71109993010759,351.665599970147
Which three areas are high in Irish and Polish?,"['Irish, Italians, Polish, Germans, English, and Greeks are the largest ethnic European groups in the city. Philadelphia has the second-largest Irish and Italian populations in the United States, after New York City. South Philadelphia remains one of the largest Italian neighborhoods in the country and is home to the Italian Market.', ""The Pennsport neighborhood and Gray's Ferry section of South Philadelphia, home to many Mummer clubs, are well known as Irish neighborhoods. The Kensington section, Port Richmond, and Fishtown have historically been heavily Irish and Polish. Port Richmond is well known in particular as the center of the Polish immigrant and Polish-American community in Philadelphia, and it remains a common destination for Polish immigrants."", 'Northeast Philadelphia, although known for its Irish and Irish-American population, is also home to a large Jewish and Russian population. Mount Airy in Northwest Philadelphia also contains a large Jewish community, while nearby Chestnut Hill is historically known as an Anglo-Saxon Protestant stronghold.', 'Beer is composed mostly of water. Regions have water with different mineral components; as a result, different regions were originally better suited to making certain types of beer, thus giving them a regional character. For example, Dublin has hard water well-suited to making stout, such as Guinness; while the Plzeň Region has soft water well-suited to making Pilsner (pale lager), such as Pilsner Urquell.', ""Modern Estonia is a fairly ethnically heterogeneous country, but this heterogeneity is not a feature of much of the country as the non-Estonian population is concentrated in two of Estonia's counties. Thirteen of Estonia's 15 counties are over 80% ethnic Estonian, the most homogeneous being Hiiumaa, where Estonians account for 98.4% of the population. In the counties of Harju (including the capital city, Tallinn) and Ida-Viru, however, ethnic Estonians make up 60% and 20% of the population, respectively.""]",,"Kensington section, Port Richmond, and Fishtown",49.14020001888275,375.7319999858737
Which part of the city has a large Jewish area?,"[""Christianity (59%), particularly Catholicism (33%), was the most prevalently practiced religion in New York as of 2014, followed by Judaism, with approximately 1.1 million Jews in New York City, over half living in Brooklyn. Islam ranks third in New York City, with official estimates ranging between 600,000 and 1,000,000 observers and including 10% of the city's public schoolchildren, followed by Hinduism, Buddhism, and a variety of other religions, as well as atheism. In 2014, 24% self-identified with no organized religious affiliation."", 'Northeast Philadelphia, although known for its Irish and Irish-American population, is also home to a large Jewish and Russian population. Mount Airy in Northwest Philadelphia also contains a large Jewish community, while nearby Chestnut Hill is historically known as an Anglo-Saxon Protestant stronghold.', ""15% of the population follows traditional religions; other non-Christian religions practised in the country include Islam (1%), the Bahá'í Faith (0.5%), and Hinduism (0.2%). There are 14 Jewish families."", ""A 5th-century building in Huldah may be a Samaritan synagogue. Its mosaic floor contains typical Jewish symbols (menorah, lulav, etrog) but the inscriptions are Greek. Another Samaritan synagogue with a mosaic floor was located in Bet She'an (excavated in 1960)."", 'According to a 2014 study by the Pew Research Center, 57% of the population of the city identified themselves as Christians, with 25% professing attendance at a variety of churches that could be considered Protestant, and 29% professing Roman Catholic beliefs. while 33% claim no religious affiliation. The same study says that other religions (including Judaism, Buddhism, Islam, and Hinduism) collectively make up about 10% of the population.']",,Mount Airy,59.343600063584745,352.7065000962466
What is Germany's constitution called?,"['Final interpretation of and amendments to the German Constitution, the Grundgesetz, is the task of the Bundesverfassungsgericht (Federal Constitutional Court), which is the de facto highest German court, as it can declare both federal and state legislation ineffective, and has the power to overrule decisions of all other federal courts, despite not being a regular court of appeals on itself in the German court system. It is also the only court possessing the power and authority to outlaw political parties, if it is deemed that these parties have repeatedly violated articles of the Constitution.', 'However, this term is not used officially, neither by the constitution of 1919 nor by the Basic Law (Constitution) of 1949. Three Länder call themselves Freistaaten (Free States, which is the old-fashioned German expression for Republic), Bavaria (since 1919), Saxony (originally since 1919 and again since 1990), and Thuringia (since 1994). There is little continuity between the current states and their predecessors of the Weimar Republic with the exception of the three free states, and the two city-states of Hamburg and Bremen.', 'Later, the constitution was amended to state that the citizens of the 16 states had successfully achieved the unity of Germany in free self-determination and that the Basic Law thus applied to the entire German people. Article 23, which had allowed ""any other parts of Germany"" to join, was rephrased. It had been used in 1957 to reintegrate the Saar Protectorate as the Saarland into the Federal Republic, and this was used as a model for German reunification in 1990.', 'The use of the term Länder (Lands) dates back to the Weimar Constitution of 1919. Before this time, the constituent states of the German Empire were called Staaten (States). Today, it is very common to use the term Bundesland (Federal Land).', 'The amended article now defines the participation of the Federal Council and the 16 German states in matters concerning the European Union.']",,the Grundgesetz,50.98689999431372,353.4561999840662
What German high court has the responsibility for interpreting this document?,"['Final interpretation of and amendments to the German Constitution, the Grundgesetz, is the task of the Bundesverfassungsgericht (Federal Constitutional Court), which is the de facto highest German court, as it can declare both federal and state legislation ineffective, and has the power to overrule decisions of all other federal courts, despite not being a regular court of appeals on itself in the German court system. It is also the only court possessing the power and authority to outlaw political parties, if it is deemed that these parties have repeatedly violated articles of the Constitution.', 'The amended article now defines the participation of the Federal Council and the 16 German states in matters concerning the European Union.', 'Later, the constitution was amended to state that the citizens of the 16 states had successfully achieved the unity of Germany in free self-determination and that the Basic Law thus applied to the entire German people. Article 23, which had allowed ""any other parts of Germany"" to join, was rephrased. It had been used in 1957 to reintegrate the Saar Protectorate as the Saarland into the Federal Republic, and this was used as a model for German reunification in 1990.', 'Courts exercising the judicial power are called ""constitutional courts.""', ""France's highest courts are located in Paris. The Court of Cassation, the highest court in the judicial order, which reviews criminal and civil cases, is located in the Palais de Justice on the Île de la Cité, while the Conseil d'État, which provides legal advice to the executive and acts as the highest court in the administrative order, judging litigation against public bodies, is located in the Palais-Royal in the 1st arrondissement. The Constitutional Council, an advisory body with ultimate authority on the constitutionality of laws and government decrees, also meets in the Montpensier wing of the Palais Royal.""]",,Bundesverfassungsgericht,56.41540000215173,352.6338000083342
The english translation of this court and its duties is what?,"['Courts exercising the judicial power are called ""constitutional courts.""', ""France's highest courts are located in Paris. The Court of Cassation, the highest court in the judicial order, which reviews criminal and civil cases, is located in the Palais de Justice on the Île de la Cité, while the Conseil d'État, which provides legal advice to the executive and acts as the highest court in the administrative order, judging litigation against public bodies, is located in the Palais-Royal in the 1st arrondissement. The Constitutional Council, an advisory body with ultimate authority on the constitutionality of laws and government decrees, also meets in the Montpensier wing of the Palais Royal."", 'Final interpretation of and amendments to the German Constitution, the Grundgesetz, is the task of the Bundesverfassungsgericht (Federal Constitutional Court), which is the de facto highest German court, as it can declare both federal and state legislation ineffective, and has the power to overrule decisions of all other federal courts, despite not being a regular court of appeals on itself in the German court system. It is also the only court possessing the power and authority to outlaw political parties, if it is deemed that these parties have repeatedly violated articles of the Constitution.', ""Judicial power—the power to decide cases and controversies—is vested in the Supreme Court and inferior courts established by Congress. The judges must be appointed by the president with the advice and consent of the Senate, hold office during good behavior and receive compensations that may not be diminished during their continuance in office. If a court's judges do not have such attributes, the court may not exercise the judicial power of the United States."", 'Normally, state supreme courts are the final interpreters of state constitutions and state law, unless their interpretation itself presents a federal issue, in which case a decision may be appealed to the U.S. Supreme Court by way of a petition for writ of certiorari. State laws have dramatically diverged in the centuries since independence, to the extent that the United States cannot be regarded as one legal system as to the majority of types of law traditionally under state control, but must be regarded as 50 separate systems of tort law, family law, property law, contract law, criminal law, and so on.']",,Federal Constitutional Court,59.77870000060648,337.3002000153065
What unique electoral power does this German high court possess?,"['Final interpretation of and amendments to the German Constitution, the Grundgesetz, is the task of the Bundesverfassungsgericht (Federal Constitutional Court), which is the de facto highest German court, as it can declare both federal and state legislation ineffective, and has the power to overrule decisions of all other federal courts, despite not being a regular court of appeals on itself in the German court system. It is also the only court possessing the power and authority to outlaw political parties, if it is deemed that these parties have repeatedly violated articles of the Constitution.', 'Courts exercising the judicial power are called ""constitutional courts.""', ""Judicial power—the power to decide cases and controversies—is vested in the Supreme Court and inferior courts established by Congress. The judges must be appointed by the president with the advice and consent of the Senate, hold office during good behavior and receive compensations that may not be diminished during their continuance in office. If a court's judges do not have such attributes, the court may not exercise the judicial power of the United States."", 'The amended article now defines the participation of the Federal Council and the 16 German states in matters concerning the European Union.', 'According to the Constitution of Estonia (Estonian: Põhiseadus) the supreme power of the state is vested in the people. The people exercise their supreme power of the state on the elections of the Riigikogu through citizens who have the right to vote. The supreme judicial power is vested in the Supreme Court or Riigikohus, with nineteen justices.']",,the power and authority to outlaw political parties,59.84010000247508,330.5336000630632
Under what circumstances may the court enact this responsibility?,"['Courts exercising the judicial power are called ""constitutional courts.""', ""Judicial power—the power to decide cases and controversies—is vested in the Supreme Court and inferior courts established by Congress. The judges must be appointed by the president with the advice and consent of the Senate, hold office during good behavior and receive compensations that may not be diminished during their continuance in office. If a court's judges do not have such attributes, the court may not exercise the judicial power of the United States."", ""Treaties may be seen as 'self-executing', in that merely becoming a party puts the treaty and all of its obligations in action. Other treaties may be non-self-executing and require 'implementing legislation'—a change in the domestic law of a state party that will direct or enable it to fulfill treaty obligations. An example of a treaty requiring such legislation would be one mandating local prosecution by a party for particular crimes."", 'Other powers—the reserved powers—are reserved to the people or the states. The power delegated to the federal government was significantly expanded by the Supreme Court decision in McCulloch v. Maryland (1819), amendments to the Constitution following the Civil War, and by some later amendments—as well as the overall claim of the Civil War, that the states were legally subject to the final dictates of the federal government.', 'In 1430 with the Privileges of Jedlnia, confirmed at Kraków in 1433 (Polish: ""przywileje jedlneńsko-krakowskie""), based partially on his earlier Brześć Kujawski privilege (April 25, 1425), King Władysław II Jagiełło granted the nobility a guarantee against arbitrary arrest, similar to the English Magna Carta\'s Habeas corpus, known from its own Latin name as ""neminem captivabimus (nisi jure victum)."" Henceforth no member of the nobility could be imprisoned without a warrant from a court of justice: the king could neither punish nor imprison any noble at his whim. King Władysław\'s quid pro quo for this boon was the nobles\' guarantee that his throne would be inherited by one of his sons (who would be bound to honour the privileges theretofore granted to the nobility).']",,it is deemed that these parties have repeatedly violated articles of the Constitution,58.3617000374943,352.23830002360046
When did the first aeroplane reach Bermuda?,"[""After several failed attempts, in 1930 the first aeroplane reached Bermuda. A Stinson Detroiter seaplane flying from New York, it had to land twice in the ocean: once because of darkness and again to refuel. Navigation and weather forecasting improved in 1933 when the Royal Air Force (then responsible for providing equipment and personnel for the Royal Navy's Fleet Air Arm) established a station at the Royal Naval Dockyard to repair (and supply replacement) float planes for the fleet."", 'The first known European explorer to reach Bermuda was Spanish sea captain Juan de Bermúdez in 1503, after whom the islands are named. He claimed the apparently uninhabited islands for the Spanish Empire. Paying two visits to the archipelago, Bermúdez never landed on the islands, but did create a recognisable map of the archipelago.', 'In 1936 Luft Hansa began to experiment with seaplane flights from Berlin via the Azores with continuation to New York City.', ""Construction began in 1941 of two airbases consisting of 5.8 km2 (2.2 sq mi) of land, largely reclaimed from the sea. For many years, Bermuda's bases were used by US Air Force transport and refuelling aircraft and by US Navy aircraft patrolling the Atlantic for enemy submarines, first German and, later, Soviet. The principal installation, Kindley Air Force Base on the eastern coast, was transferred to the US Navy in 1970 and redesignated Naval Air Station Bermuda."", 'Shipwrecked Portuguese mariners are now thought to have been responsible for the 1543 inscription in Portuguese Rock (previously called Spanish Rock). Subsequent Spanish or other European parties are believed to have released pigs there, which had become feral and abundant on the island by the time European settlement began. In 1609, the English Virginia Company, which had established Jamestown in Virginia (a term originally applied to all of the North American continent) two years earlier, permanently settled Bermuda in the aftermath of a hurricane, when the crew and passengers of the Sea Venture steered the ship onto the surrounding reef to prevent its sinking, then landed ashore.']",,1930,58.18579997867346,355.7349999900907
Why did the plane have to land twice before reaching Bermuda?,"[""After several failed attempts, in 1930 the first aeroplane reached Bermuda. A Stinson Detroiter seaplane flying from New York, it had to land twice in the ocean: once because of darkness and again to refuel. Navigation and weather forecasting improved in 1933 when the Royal Air Force (then responsible for providing equipment and personnel for the Royal Navy's Fleet Air Arm) established a station at the Royal Naval Dockyard to repair (and supply replacement) float planes for the fleet."", ""Construction began in 1941 of two airbases consisting of 5.8 km2 (2.2 sq mi) of land, largely reclaimed from the sea. For many years, Bermuda's bases were used by US Air Force transport and refuelling aircraft and by US Navy aircraft patrolling the Atlantic for enemy submarines, first German and, later, Soviet. The principal installation, Kindley Air Force Base on the eastern coast, was transferred to the US Navy in 1970 and redesignated Naval Air Station Bermuda."", 'The first known European explorer to reach Bermuda was Spanish sea captain Juan de Bermúdez in 1503, after whom the islands are named. He claimed the apparently uninhabited islands for the Spanish Empire. Paying two visits to the archipelago, Bermúdez never landed on the islands, but did create a recognisable map of the archipelago.', 'The Japanese planes would hit the U.S. carriers, land at Guam to refuel, then hit the enemy again when returning to their carriers. Ozawa also counted on about 500 land-based planes at Guam and other islands.', 'Shipwrecked Portuguese mariners are now thought to have been responsible for the 1543 inscription in Portuguese Rock (previously called Spanish Rock). Subsequent Spanish or other European parties are believed to have released pigs there, which had become feral and abundant on the island by the time European settlement began. In 1609, the English Virginia Company, which had established Jamestown in Virginia (a term originally applied to all of the North American continent) two years earlier, permanently settled Bermuda in the aftermath of a hurricane, when the crew and passengers of the Sea Venture steered the ship onto the surrounding reef to prevent its sinking, then landed ashore.']",,once because of darkness and again to refuel,55.34179997630417,349.9194000614807
What improved thanks to the Royal Air Force in 1933?,"[""The general neglect of the RAF until the late spurt in 1938 had left sparse resources to build defences. While it was permissible to disagree with Dowding's operational and tactical deployment of forces, the failure of the Government and Air Ministry to allot resources was ultimately the responsibility of the civil and military institutions at large. In the pre-war period, the Chamberlain Government stated that night defence from air attack should not take up much of the national effort and, along with the Air Ministry, did not make it a priority."", ""After several failed attempts, in 1930 the first aeroplane reached Bermuda. A Stinson Detroiter seaplane flying from New York, it had to land twice in the ocean: once because of darkness and again to refuel. Navigation and weather forecasting improved in 1933 when the Royal Air Force (then responsible for providing equipment and personnel for the Royal Navy's Fleet Air Arm) established a station at the Royal Naval Dockyard to repair (and supply replacement) float planes for the fleet."", 'Ingersoll wrote that the difference between the failure of the German campaign against military targets versus its success in continental Europe was the RAF retaining control of the air.:79–80,174', ""The Army's Anti-aircraft command, which was under command of the Air Defence UK organisation, grew to 12 AA divisions in 3 AA corps. 40-mm Bofors entered service in increasing numbers. In addition the RAF regiment was formed in 1941 with responsibility for airfield air defence, eventually with Bofors 40mm as their main armament."", 'From the German point of view, March 1941 saw an improvement. The Luftwaffe flew 4,000 sorties that month, including 12 major and three heavy attacks. The electronic war intensified but the Luftwaffe flew major inland missions only on moonlit nights.']",,Navigation and weather forecasting,60.064799967221916,365.51050003618
"Who began experimenting with flights from Berlin to New York, stopping in the azores?","['In 1936 Luft Hansa began to experiment with seaplane flights from Berlin via the Azores with continuation to New York City.', ""After several failed attempts, in 1930 the first aeroplane reached Bermuda. A Stinson Detroiter seaplane flying from New York, it had to land twice in the ocean: once because of darkness and again to refuel. Navigation and weather forecasting improved in 1933 when the Royal Air Force (then responsible for providing equipment and personnel for the Royal Navy's Fleet Air Arm) established a station at the Royal Naval Dockyard to repair (and supply replacement) float planes for the fleet."", 'The first known European explorer to reach Bermuda was Spanish sea captain Juan de Bermúdez in 1503, after whom the islands are named. He claimed the apparently uninhabited islands for the Spanish Empire. Paying two visits to the archipelago, Bermúdez never landed on the islands, but did create a recognisable map of the archipelago.', 'By 1874, almost 500,000 passengers a year were coming to Atlantic City by rail. In Boardwalk Empire: The Birth, High Times, and Corruption of Atlantic City, ""Atlantic City\'s Godfather"" Nelson Johnson describes the inspiration of Dr. Jonathan Pitney (the ""Father of Atlantic City"") to develop Atlantic City as a health resort, his efforts to convince the municipal authorities that a railroad to the beach would be beneficial, his successful alliance with Samuel Richards (entrepreneur and member of the most influential family in southern New Jersey at the time) to achieve that goal, the actual building of the railroad, and the experience of the first 600 riders, who ""were chosen carefully by Samuel Richards and Jonathan Pitney"":', 'Some bar-tailed godwits Limosa lapponica have the longest known non-stop flight of any migrant, flying 11,000 km from Alaska to their New Zealand non-breeding areas. Prior to migration, 55 percent of their bodyweight is stored as fat to fuel this uninterrupted journey.']",,Luft Hansa,67.54089996684343,346.0506000556052
When is it thought that early speakers of Sanskrit came to India?,"['In order to explain the common features shared by Sanskrit and other Indo-European languages, many scholars have proposed the Indo-Aryan migration theory, asserting that the original speakers of what became Sanskrit arrived in what is now India and Pakistan from the north-west some time during the early second millennium BCE. Evidence for such a theory includes the close relationship between the Indo-Iranian tongues and the Baltic and Slavic languages, vocabulary exchange with the non-Indo-European Uralic languages, and the nature of the attested Indo-European words for flora and fauna.', 'Sanskrit linguist Madhav Deshpande says that when the term ""Sanskrit"" arose it was not thought of as a specific language set apart from other languages, but rather as a particularly refined or perfected manner of speaking. Knowledge of Sanskrit was a marker of social class and educational attainment in ancient India, and the language was taught mainly to members of the higher castes through the close analysis of Vyākaraṇins such as Pāṇini and Patanjali, who exhorted proper Sanskrit at all times, especially during ritual. Sanskrit, as the learned language of Ancient India, thus existed alongside the vernacular Prakrits, which were Middle Indo-Aryan languages.', 'Sanskrit has also influenced Sino-Tibetan languages through the spread of Buddhist texts in translation. Buddhism was spread to China by Mahayana missionaries sent by Ashoka, mostly through translations of Buddhist Hybrid Sanskrit. Many terms were transliterated directly and added to the Chinese vocabulary.', ""Chinese words like 剎那 chànà (Devanagari: क्षण kṣaṇa 'instantaneous period') were borrowed from Sanskrit. Many Sanskrit texts survive only in Tibetan collections of commentaries to the Buddhist teachings, the Tengyur."", 'Orientalist scholars of the 18th century like Sir William Jones marked a wave of enthusiasm for Indian culture and for Sanskrit. According to Thomas Trautmann, after this period of ""Indomania"", a certain hostility to Sanskrit and to Indian culture in general began to assert itself in early 19th century Britain, manifested by a neglect of Sanskrit in British academia. This was the beginning of a general push in favor of the idea that India should be culturally, religiously and linguistically assimilated to Britain as far as possible.']",,early second millennium BCE,63.10889997985214,324.6144999284297
What is the relationship between Indo-Iranian and Baltic languages?,"['In order to explain the common features shared by Sanskrit and other Indo-European languages, many scholars have proposed the Indo-Aryan migration theory, asserting that the original speakers of what became Sanskrit arrived in what is now India and Pakistan from the north-west some time during the early second millennium BCE. Evidence for such a theory includes the close relationship between the Indo-Iranian tongues and the Baltic and Slavic languages, vocabulary exchange with the non-Indo-European Uralic languages, and the nature of the attested Indo-European words for flora and fauna.', 'The Iranian languages or Iranic languages form a branch of the Indo-Iranian languages, which in turn are a branch of the Indo-European language family. The speakers of Iranian languages are known as Iranian peoples. Historical Iranian languages are grouped in three stages: Old Iranian (until 400 BCE), Middle Iranian (400 BCE – 900 CE), and New Iranian (since 900 CE).', 'Of the Old Iranian languages, the better understood and recorded ones are Old Persian (a language of Achaemenid Iran) and Avestan (the language of the Avesta). Middle Iranian languages included Middle Persian (a language of Sassanid Iran), Parthian, and Bactrian.', 'Although the Estonian and Germanic languages are of very different origins, one can identify many similar words in Estonian and English, for example. This is primarily because the Estonian language has borrowed nearly one third of its vocabulary from Germanic languages, mainly from Low Saxon (Middle Low German) during the period of German rule, and High German (including standard German). The percentage of Low Saxon and High German loanwords can be estimated at 22–25 percent, with Low Saxon making up about 15 percent.[citation needed]', 'Russian distinguishes between consonant phonemes with palatal secondary articulation and those without, the so-called soft and hard sounds. This distinction is found between pairs of almost all consonants and is one of the most distinguishing features of the language. Another important aspect is the reduction of unstressed vowels.']",,close,58.20480000693351,350.1737000187859
From what direction did Sanskrit travel to come to India?,"['In order to explain the common features shared by Sanskrit and other Indo-European languages, many scholars have proposed the Indo-Aryan migration theory, asserting that the original speakers of what became Sanskrit arrived in what is now India and Pakistan from the north-west some time during the early second millennium BCE. Evidence for such a theory includes the close relationship between the Indo-Iranian tongues and the Baltic and Slavic languages, vocabulary exchange with the non-Indo-European Uralic languages, and the nature of the attested Indo-European words for flora and fauna.', 'Sanskrit linguist Madhav Deshpande says that when the term ""Sanskrit"" arose it was not thought of as a specific language set apart from other languages, but rather as a particularly refined or perfected manner of speaking. Knowledge of Sanskrit was a marker of social class and educational attainment in ancient India, and the language was taught mainly to members of the higher castes through the close analysis of Vyākaraṇins such as Pāṇini and Patanjali, who exhorted proper Sanskrit at all times, especially during ritual. Sanskrit, as the learned language of Ancient India, thus existed alongside the vernacular Prakrits, which were Middle Indo-Aryan languages.', 'Sanskrit has also influenced Sino-Tibetan languages through the spread of Buddhist texts in translation. Buddhism was spread to China by Mahayana missionaries sent by Ashoka, mostly through translations of Buddhist Hybrid Sanskrit. Many terms were transliterated directly and added to the Chinese vocabulary.', 'The history of India includes the prehistoric settlements and societies in the Indian subcontinent; the blending of the Indus Valley Civilization and Indo-Aryan culture into the Vedic Civilization; the development of Hinduism as a synthesis of various Indian cultures and traditions; the rise of the Śramaṇa movement; the decline of Śrauta sacrifices and the birth of the initiatory traditions of Jainism, Buddhism, Shaivism, Vaishnavism and Shaktism; the onset of a succession of powerful dynasties and empires for more than two millennia throughout various geographic areas of the subcontinent, including the growth of Muslim dynasties during the Medieval period intertwined with Hindu powers; the advent of European traders resulting in the establishment of the British rule; and the subsequent independence movement that led to the Partition of India and the creation of the Republic of India.', 'Orientalist scholars of the 18th century like Sir William Jones marked a wave of enthusiasm for Indian culture and for Sanskrit. According to Thomas Trautmann, after this period of ""Indomania"", a certain hostility to Sanskrit and to Indian culture in general began to assert itself in early 19th century Britain, manifested by a neglect of Sanskrit in British academia. This was the beginning of a general push in favor of the idea that India should be culturally, religiously and linguistically assimilated to Britain as far as possible.']",,north-west,55.359199992381036,353.6912000272423
Sanskrit came from the north west and traveled to what present day countries?,"['In order to explain the common features shared by Sanskrit and other Indo-European languages, many scholars have proposed the Indo-Aryan migration theory, asserting that the original speakers of what became Sanskrit arrived in what is now India and Pakistan from the north-west some time during the early second millennium BCE. Evidence for such a theory includes the close relationship between the Indo-Iranian tongues and the Baltic and Slavic languages, vocabulary exchange with the non-Indo-European Uralic languages, and the nature of the attested Indo-European words for flora and fauna.', 'Sanskrit has also influenced Sino-Tibetan languages through the spread of Buddhist texts in translation. Buddhism was spread to China by Mahayana missionaries sent by Ashoka, mostly through translations of Buddhist Hybrid Sanskrit. Many terms were transliterated directly and added to the Chinese vocabulary.', 'Sanskrit linguist Madhav Deshpande says that when the term ""Sanskrit"" arose it was not thought of as a specific language set apart from other languages, but rather as a particularly refined or perfected manner of speaking. Knowledge of Sanskrit was a marker of social class and educational attainment in ancient India, and the language was taught mainly to members of the higher castes through the close analysis of Vyākaraṇins such as Pāṇini and Patanjali, who exhorted proper Sanskrit at all times, especially during ritual. Sanskrit, as the learned language of Ancient India, thus existed alongside the vernacular Prakrits, which were Middle Indo-Aryan languages.', ""Chinese words like 剎那 chànà (Devanagari: क्षण kṣaṇa 'instantaneous period') were borrowed from Sanskrit. Many Sanskrit texts survive only in Tibetan collections of commentaries to the Buddhist teachings, the Tengyur."", 'The history of India includes the prehistoric settlements and societies in the Indian subcontinent; the blending of the Indus Valley Civilization and Indo-Aryan culture into the Vedic Civilization; the development of Hinduism as a synthesis of various Indian cultures and traditions; the rise of the Śramaṇa movement; the decline of Śrauta sacrifices and the birth of the initiatory traditions of Jainism, Buddhism, Shaivism, Vaishnavism and Shaktism; the onset of a succession of powerful dynasties and empires for more than two millennia throughout various geographic areas of the subcontinent, including the growth of Muslim dynasties during the Medieval period intertwined with Hindu powers; the advent of European traders resulting in the establishment of the British rule; and the subsequent independence movement that led to the Partition of India and the creation of the Republic of India.']",,India and Pakistan,54.211199982091784,369.7505999589339
What is the theory called dealing with the transfer of Sanskrit to India?,"['In order to explain the common features shared by Sanskrit and other Indo-European languages, many scholars have proposed the Indo-Aryan migration theory, asserting that the original speakers of what became Sanskrit arrived in what is now India and Pakistan from the north-west some time during the early second millennium BCE. Evidence for such a theory includes the close relationship between the Indo-Iranian tongues and the Baltic and Slavic languages, vocabulary exchange with the non-Indo-European Uralic languages, and the nature of the attested Indo-European words for flora and fauna.', 'Sanskrit linguist Madhav Deshpande says that when the term ""Sanskrit"" arose it was not thought of as a specific language set apart from other languages, but rather as a particularly refined or perfected manner of speaking. Knowledge of Sanskrit was a marker of social class and educational attainment in ancient India, and the language was taught mainly to members of the higher castes through the close analysis of Vyākaraṇins such as Pāṇini and Patanjali, who exhorted proper Sanskrit at all times, especially during ritual. Sanskrit, as the learned language of Ancient India, thus existed alongside the vernacular Prakrits, which were Middle Indo-Aryan languages.', 'Sanskrit has also influenced Sino-Tibetan languages through the spread of Buddhist texts in translation. Buddhism was spread to China by Mahayana missionaries sent by Ashoka, mostly through translations of Buddhist Hybrid Sanskrit. Many terms were transliterated directly and added to the Chinese vocabulary.', 'Orientalist scholars of the 18th century like Sir William Jones marked a wave of enthusiasm for Indian culture and for Sanskrit. According to Thomas Trautmann, after this period of ""Indomania"", a certain hostility to Sanskrit and to Indian culture in general began to assert itself in early 19th century Britain, manifested by a neglect of Sanskrit in British academia. This was the beginning of a general push in favor of the idea that India should be culturally, religiously and linguistically assimilated to Britain as far as possible.', 'The history of India includes the prehistoric settlements and societies in the Indian subcontinent; the blending of the Indus Valley Civilization and Indo-Aryan culture into the Vedic Civilization; the development of Hinduism as a synthesis of various Indian cultures and traditions; the rise of the Śramaṇa movement; the decline of Śrauta sacrifices and the birth of the initiatory traditions of Jainism, Buddhism, Shaivism, Vaishnavism and Shaktism; the onset of a succession of powerful dynasties and empires for more than two millennia throughout various geographic areas of the subcontinent, including the growth of Muslim dynasties during the Medieval period intertwined with Hindu powers; the advent of European traders resulting in the establishment of the British rule; and the subsequent independence movement that led to the Partition of India and the creation of the Republic of India.']",,Indo-Aryan migration theory,56.8672000663355,353.2688000705093
How large is the membership of Freemasonry?,"['Freemasonry, as it exists in various forms all over the world, has a membership estimated by the United Grand Lodge of England at around six million worldwide. The fraternity is administratively organised into independent Grand Lodges (or sometimes Grand Orients), each of which governs its own Masonic jurisdiction, which consists of subordinate (or constituent) Lodges. The largest single jurisdiction, in terms of membership, is the United Grand Lodge of England (with a membership estimated at around a quarter million).', 'The Grand Lodge of Scotland and Grand Lodge of Ireland (taken together) have approximately 150,000 members. In the United States total membership is just under two million.', 'His writings represented his personal opinion only, and furthermore an opinion grounded in the attitudes and understandings of late 19th century Southern Freemasonry of the USA. Notably, his book carries in the preface a form of disclaimer from his own Grand Lodge. No one voice has ever spoken for the whole of Freemasonry.', 'Even in modern democracies, Freemasonry is sometimes viewed with distrust. In the UK, Masons working in the justice system, such as judges and police officers, were from 1999 to 2009 required to disclose their membership. While a parliamentary inquiry found that there has been no evidence of wrongdoing, it was felt that any potential loyalties Masons might have, based on their vows to support fellow Masons, should be transparent to the public.', 'Since the founding of Freemasonry, many Bishops of the Church of England have been Freemasons, such as Archbishop Geoffrey Fisher. In the past, few members of the Church of England would have seen any incongruity in concurrently adhering to Anglican Christianity and practicing Freemasonry. In recent decades, however, reservations about Freemasonry have increased within Anglicanism, perhaps due to the increasing prominence of the evangelical wing of the church.']",,around six million worldwide,56.407200056128204,370.0941000133753
What is the largest single jurisdiction of Freemasonry?,"['Freemasonry, as it exists in various forms all over the world, has a membership estimated by the United Grand Lodge of England at around six million worldwide. The fraternity is administratively organised into independent Grand Lodges (or sometimes Grand Orients), each of which governs its own Masonic jurisdiction, which consists of subordinate (or constituent) Lodges. The largest single jurisdiction, in terms of membership, is the United Grand Lodge of England (with a membership estimated at around a quarter million).', 'His writings represented his personal opinion only, and furthermore an opinion grounded in the attitudes and understandings of late 19th century Southern Freemasonry of the USA. Notably, his book carries in the preface a form of disclaimer from his own Grand Lodge. No one voice has ever spoken for the whole of Freemasonry.', 'The Grand Lodge of Scotland and Grand Lodge of Ireland (taken together) have approximately 150,000 members. In the United States total membership is just under two million.', 'Even in modern democracies, Freemasonry is sometimes viewed with distrust. In the UK, Masons working in the justice system, such as judges and police officers, were from 1999 to 2009 required to disclose their membership. While a parliamentary inquiry found that there has been no evidence of wrongdoing, it was felt that any potential loyalties Masons might have, based on their vows to support fellow Masons, should be transparent to the public.', 'Since the founding of Freemasonry, many Bishops of the Church of England have been Freemasons, such as Archbishop Geoffrey Fisher. In the past, few members of the Church of England would have seen any incongruity in concurrently adhering to Anglican Christianity and practicing Freemasonry. In recent decades, however, reservations about Freemasonry have increased within Anglicanism, perhaps due to the increasing prominence of the evangelical wing of the church.']",,United Grand Lodge of England,68.21009994018823,349.56400003284216
How many members does the UGLE have?,"['The Grand Lodge of Scotland and Grand Lodge of Ireland (taken together) have approximately 150,000 members. In the United States total membership is just under two million.', 'Freemasonry, as it exists in various forms all over the world, has a membership estimated by the United Grand Lodge of England at around six million worldwide. The fraternity is administratively organised into independent Grand Lodges (or sometimes Grand Orients), each of which governs its own Masonic jurisdiction, which consists of subordinate (or constituent) Lodges. The largest single jurisdiction, in terms of membership, is the United Grand Lodge of England (with a membership estimated at around a quarter million).', 'The unicameral legislature (the Fono) consists of 49 members serving 5-year terms. Forty-seven are matai title-holders elected from territorial districts by Samoans; the other two are chosen by non-Samoans with no chiefly affiliation on separate electoral rolls. Universal suffrage was adopted in 1990, but only chiefs (matai) may stand for election to the Samoan seats.', 'The Socialists had governed the region for seventeen years. In 2016, the new regional council will have 121 members from the Union of the Right, 66 from the Union of the Left and 22 from the extreme right National Front.', 'Jehovah\'s Witnesses are organized hierarchically, in what the leadership calls a ""theocratic organization"", reflecting their belief that it is God\'s ""visible organization"" on earth. The organization is led by the Governing Body—an all-male group that varies in size, but since early 2014 has comprised seven members,[note 1] all of whom profess to be of the ""anointed"" class with a hope of heavenly life—based in the Watch Tower Society\'s Brooklyn headquarters. There is no election for membership; new members are selected by the existing body.']",,around a quarter million,56.8328999215737,335.7270999113098
What are the membership numbers of the United States?,"['The Grand Lodge of Scotland and Grand Lodge of Ireland (taken together) have approximately 150,000 members. In the United States total membership is just under two million.', 'Native Americans in the United States make up 0.97% to 2% of the population. In the 2010 census, 2.9 million people self-identified as Native American, Native Hawaiian, and Alaska Native alone, and 5.2 million people identified as U.S. Native Americans, either alone or in combination with one or more ethnicity or other races. 1.8 million are recognized as enrolled tribal members.[citation needed] Tribes have established their own criteria for membership, which are often based on blood quantum, lineal descent, or residency.', 'Part VI, section A, question 7a of the Form 990 asks ""members, stockholders, or other persons who had the power to elect or appoint one or more members of the governing body?"".', 'Freemasonry, as it exists in various forms all over the world, has a membership estimated by the United Grand Lodge of England at around six million worldwide. The fraternity is administratively organised into independent Grand Lodges (or sometimes Grand Orients), each of which governs its own Masonic jurisdiction, which consists of subordinate (or constituent) Lodges. The largest single jurisdiction, in terms of membership, is the United Grand Lodge of England (with a membership estimated at around a quarter million).', 'The victorious great powers also gained an acknowledgement of their status through permanent seats at the League of Nations Council, where they acted as a type of executive body directing the Assembly of the League. However, the Council began with only four permanent members—the United Kingdom, France, Italy, and Japan—because the United States, meant to be the fifth permanent member, left because the US Senate voted on 19 March 1920 against the ratification of the Treaty of Versailles, thus preventing American participation in the League.']",,just under two million,52.85300000105053,362.83360002562404
"How many members does the Grand Lodge of Scotland and the Grand Lodge of Ireland have, together?","['The Grand Lodge of Scotland and Grand Lodge of Ireland (taken together) have approximately 150,000 members. In the United States total membership is just under two million.', 'Freemasonry, as it exists in various forms all over the world, has a membership estimated by the United Grand Lodge of England at around six million worldwide. The fraternity is administratively organised into independent Grand Lodges (or sometimes Grand Orients), each of which governs its own Masonic jurisdiction, which consists of subordinate (or constituent) Lodges. The largest single jurisdiction, in terms of membership, is the United Grand Lodge of England (with a membership estimated at around a quarter million).', ""The Order has six officials: the Prelate; the Dean; the Secretary; the Registrar; the King of Arms; and the Usher. The Bishop of London, a senior bishop in the Church of England, serves as the Order's Prelate. The Dean of St Paul's is ex officio the Dean of the Order."", 'Maria Deraismes was initiated into Freemasonry in 1882, then resigned to allow her lodge to rejoin their Grand Lodge. Having failed to achieve acceptance from any masonic governing body, she and Georges Martin started a mixed masonic lodge that actually worked masonic ritual. Annie Besant spread the phenomenon to the English speaking world.', 'Even in modern democracies, Freemasonry is sometimes viewed with distrust. In the UK, Masons working in the justice system, such as judges and police officers, were from 1999 to 2009 required to disclose their membership. While a parliamentary inquiry found that there has been no evidence of wrongdoing, it was felt that any potential loyalties Masons might have, based on their vows to support fellow Masons, should be transparent to the public.']",,"150,000",68.47119994927198,322.4374999990687
How many members are in Freemasonry?,"['Freemasonry, as it exists in various forms all over the world, has a membership estimated by the United Grand Lodge of England at around six million worldwide. The fraternity is administratively organised into independent Grand Lodges (or sometimes Grand Orients), each of which governs its own Masonic jurisdiction, which consists of subordinate (or constituent) Lodges. The largest single jurisdiction, in terms of membership, is the United Grand Lodge of England (with a membership estimated at around a quarter million).', 'The Grand Lodge of Scotland and Grand Lodge of Ireland (taken together) have approximately 150,000 members. In the United States total membership is just under two million.', 'His writings represented his personal opinion only, and furthermore an opinion grounded in the attitudes and understandings of late 19th century Southern Freemasonry of the USA. Notably, his book carries in the preface a form of disclaimer from his own Grand Lodge. No one voice has ever spoken for the whole of Freemasonry.', 'Even in modern democracies, Freemasonry is sometimes viewed with distrust. In the UK, Masons working in the justice system, such as judges and police officers, were from 1999 to 2009 required to disclose their membership. While a parliamentary inquiry found that there has been no evidence of wrongdoing, it was felt that any potential loyalties Masons might have, based on their vows to support fellow Masons, should be transparent to the public.', 'Since the founding of Freemasonry, many Bishops of the Church of England have been Freemasons, such as Archbishop Geoffrey Fisher. In the past, few members of the Church of England would have seen any incongruity in concurrently adhering to Anglican Christianity and practicing Freemasonry. In recent decades, however, reservations about Freemasonry have increased within Anglicanism, perhaps due to the increasing prominence of the evangelical wing of the church.']",,around six million worldwide,53.01939998753369,343.98919995874166
What lodge has the single largest single jurisdiction of Freemasonry?,"['Freemasonry, as it exists in various forms all over the world, has a membership estimated by the United Grand Lodge of England at around six million worldwide. The fraternity is administratively organised into independent Grand Lodges (or sometimes Grand Orients), each of which governs its own Masonic jurisdiction, which consists of subordinate (or constituent) Lodges. The largest single jurisdiction, in terms of membership, is the United Grand Lodge of England (with a membership estimated at around a quarter million).', 'The Grand Lodge of Scotland and Grand Lodge of Ireland (taken together) have approximately 150,000 members. In the United States total membership is just under two million.', 'His writings represented his personal opinion only, and furthermore an opinion grounded in the attitudes and understandings of late 19th century Southern Freemasonry of the USA. Notably, his book carries in the preface a form of disclaimer from his own Grand Lodge. No one voice has ever spoken for the whole of Freemasonry.', 'Even in modern democracies, Freemasonry is sometimes viewed with distrust. In the UK, Masons working in the justice system, such as judges and police officers, were from 1999 to 2009 required to disclose their membership. While a parliamentary inquiry found that there has been no evidence of wrongdoing, it was felt that any potential loyalties Masons might have, based on their vows to support fellow Masons, should be transparent to the public.', 'Maria Deraismes was initiated into Freemasonry in 1882, then resigned to allow her lodge to rejoin their Grand Lodge. Having failed to achieve acceptance from any masonic governing body, she and Georges Martin started a mixed masonic lodge that actually worked masonic ritual. Annie Besant spread the phenomenon to the English speaking world.']",,the United Grand Lodge of England,58.62559995148331,343.7557000434026
How many members are in the Grand Lodge of England?,"['The Grand Lodge of Scotland and Grand Lodge of Ireland (taken together) have approximately 150,000 members. In the United States total membership is just under two million.', 'Freemasonry, as it exists in various forms all over the world, has a membership estimated by the United Grand Lodge of England at around six million worldwide. The fraternity is administratively organised into independent Grand Lodges (or sometimes Grand Orients), each of which governs its own Masonic jurisdiction, which consists of subordinate (or constituent) Lodges. The largest single jurisdiction, in terms of membership, is the United Grand Lodge of England (with a membership estimated at around a quarter million).', 'Even in modern democracies, Freemasonry is sometimes viewed with distrust. In the UK, Masons working in the justice system, such as judges and police officers, were from 1999 to 2009 required to disclose their membership. While a parliamentary inquiry found that there has been no evidence of wrongdoing, it was felt that any potential loyalties Masons might have, based on their vows to support fellow Masons, should be transparent to the public.', 'His writings represented his personal opinion only, and furthermore an opinion grounded in the attitudes and understandings of late 19th century Southern Freemasonry of the USA. Notably, his book carries in the preface a form of disclaimer from his own Grand Lodge. No one voice has ever spoken for the whole of Freemasonry.', 'Until late 2012, the Governing Body described itself as the representative and ""spokesman"" for God\'s ""faithful and discreet slave class"" (approximately 10,000 self-professed ""anointed"" Jehovah\'s Witnesses). At the 2012 Annual Meeting of the Watch Tower Society, the ""faithful and discreet slave"" was defined as referring to the Governing Body only. The Governing Body directs several committees that are responsible for administrative functions, including publishing, assembly programs and evangelizing activities.']",,around a quarter million,83.39819998946041,372.1194000681862
The Grand Lodges of Scotland and Ireland have how many member?,"['The Grand Lodge of Scotland and Grand Lodge of Ireland (taken together) have approximately 150,000 members. In the United States total membership is just under two million.', 'Freemasonry, as it exists in various forms all over the world, has a membership estimated by the United Grand Lodge of England at around six million worldwide. The fraternity is administratively organised into independent Grand Lodges (or sometimes Grand Orients), each of which governs its own Masonic jurisdiction, which consists of subordinate (or constituent) Lodges. The largest single jurisdiction, in terms of membership, is the United Grand Lodge of England (with a membership estimated at around a quarter million).', 'Even in modern democracies, Freemasonry is sometimes viewed with distrust. In the UK, Masons working in the justice system, such as judges and police officers, were from 1999 to 2009 required to disclose their membership. While a parliamentary inquiry found that there has been no evidence of wrongdoing, it was felt that any potential loyalties Masons might have, based on their vows to support fellow Masons, should be transparent to the public.', 'His writings represented his personal opinion only, and furthermore an opinion grounded in the attitudes and understandings of late 19th century Southern Freemasonry of the USA. Notably, his book carries in the preface a form of disclaimer from his own Grand Lodge. No one voice has ever spoken for the whole of Freemasonry.', 'Maria Deraismes was initiated into Freemasonry in 1882, then resigned to allow her lodge to rejoin their Grand Lodge. Having failed to achieve acceptance from any masonic governing body, she and Georges Martin started a mixed masonic lodge that actually worked masonic ritual. Annie Besant spread the phenomenon to the English speaking world.']",,"approximately 150,000 members",64.21679991763085,334.0184000553563
The United States has how many Freemason members?,"['Freemasonry, as it exists in various forms all over the world, has a membership estimated by the United Grand Lodge of England at around six million worldwide. The fraternity is administratively organised into independent Grand Lodges (or sometimes Grand Orients), each of which governs its own Masonic jurisdiction, which consists of subordinate (or constituent) Lodges. The largest single jurisdiction, in terms of membership, is the United Grand Lodge of England (with a membership estimated at around a quarter million).', 'The Grand Lodge of Scotland and Grand Lodge of Ireland (taken together) have approximately 150,000 members. In the United States total membership is just under two million.', 'His writings represented his personal opinion only, and furthermore an opinion grounded in the attitudes and understandings of late 19th century Southern Freemasonry of the USA. Notably, his book carries in the preface a form of disclaimer from his own Grand Lodge. No one voice has ever spoken for the whole of Freemasonry.', 'Even in modern democracies, Freemasonry is sometimes viewed with distrust. In the UK, Masons working in the justice system, such as judges and police officers, were from 1999 to 2009 required to disclose their membership. While a parliamentary inquiry found that there has been no evidence of wrongdoing, it was felt that any potential loyalties Masons might have, based on their vows to support fellow Masons, should be transparent to the public.', 'Since the founding of Freemasonry, many Bishops of the Church of England have been Freemasons, such as Archbishop Geoffrey Fisher. In the past, few members of the Church of England would have seen any incongruity in concurrently adhering to Anglican Christianity and practicing Freemasonry. In recent decades, however, reservations about Freemasonry have increased within Anglicanism, perhaps due to the increasing prominence of the evangelical wing of the church.']",,just under two million,56.095700012519956,334.41020001191646
"In 2011, what sort of Wikipedia addition did the National Archives make?","['In 2011 the National Archives initiated a Wikiproject on the English Wikipedia to expand collaboration in making its holdings widely available through Wikimedia.', 'To overcome inconsistencies in partially cached web sites, Archive-It.org was developed in 2005 by the Internet Archive as a means of allowing institutions and content creators to voluntarily harvest and preserve collections of digital content, and create digital archives.', 'Over the past two years,[clarification needed] dozens of rights-holders, including Sony Music, have sent complaints about Wikipedia.org directly to Google to have content removed.', 'In March 2011, it was said on the Wayback Machine forum that ""The Beta of the new Wayback Machine has a more complete and up-to-date index of all crawled materials into 2010, and will continue to be updated regularly. The index driving the classic Wayback Machine only has a little bit of material past 2008, and no further index updates are planned, as it will be phased out this year"".', ""Archival descriptions of the permanent holdings of the federal government in the custody of NARA are stored in Archival Research Catalog (ARC). The archival descriptions include information on traditional paper holdings, electronic records, and artifacts. As of December 2012, the catalog consisted of about 10 billion logical data records describing 527,000 artifacts and encompassing 81% of NARA's records.""]",,Wikiproject,63.537799986079335,342.45989995542914
What was the purpose of creating a Wikiproject?,"['In 2011 the National Archives initiated a Wikiproject on the English Wikipedia to expand collaboration in making its holdings widely available through Wikimedia.', 'The Macintosh project was begun in 1979 by Jef Raskin, an Apple employee who envisioned an easy-to-use, low-cost computer for the average consumer. He wanted to name the computer after his favorite type of apple, the McIntosh, but the spelling was changed to ""Macintosh"" for legal reasons as the original was the same spelling as that used by McIntosh Laboratory, Inc., the audio equipment manufacturer. Steve Jobs requested that McIntosh Laboratory give Apple a release for the name with its changed spelling so that Apple could use it, but the request was denied, forcing Apple to eventually buy the rights to use the name. (', ""Shortly before his death, when he was already quite ill, von Neumann headed the United States government's top secret ICBM committee, and it would sometimes meet in his home. Its purpose was to decide on the feasibility of building an ICBM large enough to carry a thermonuclear weapon. Von Neumann had long argued that while the technical obstacles were sizable, they could be overcome in time."", 'For Laemmle and other such entrepreneurs, the creation in 1908 of the Edison-backed Motion Picture Trust meant that exhibitors were expected to pay fees for Trust-produced films they showed. Based on the Latham Loop used in cameras and projectors, along with other patents, the Trust collected fees on all aspects of movie production and exhibition, and attempted to enforce a monopoly on distribution.', 'Over the past two years,[clarification needed] dozens of rights-holders, including Sony Music, have sent complaints about Wikipedia.org directly to Google to have content removed.']",,expand collaboration,68.38760001119226,347.0472999615595
Whose idea was it for the National Archives to work with Wikimedia?,"['In 2011 the National Archives initiated a Wikiproject on the English Wikipedia to expand collaboration in making its holdings widely available through Wikimedia.', 'The first Archivist, R.D.W. Connor, began serving in 1934, when the National Archives was established by Congress. As a result of a first Hoover Commission recommendation, in 1949 the National Archives was placed within the newly formed General Services Administration (GSA). The Archivist served as a subordinate official to the GSA Administrator until the National Archives and Records Administration became an independent agency on April 1, 1985.', 'To overcome inconsistencies in partially cached web sites, Archive-It.org was developed in 2005 by the Internet Archive as a means of allowing institutions and content creators to voluntarily harvest and preserve collections of digital content, and create digital archives.', 'Over the past two years,[clarification needed] dozens of rights-holders, including Sony Music, have sent complaints about Wikipedia.org directly to Google to have content removed.', 'In 1996 Brewster Kahle, with Bruce Gilliat, developed software to crawl and download all publicly accessible World Wide Web pages, the Gopher hierarchy, the Netnews (Usenet) bulletin board system, and downloadable software. The information collected by these ""crawlers"" does not include all the information available on the Internet, since much of the data is restricted by the publisher or stored in databases that are not accessible. These ""crawlers"" also respect the robots exclusion standard for websites whose owners opt for them not to appear in search results or be cached.']",,National Archives,60.37279998417944,351.7132999841124
What benefit does public reap from the National Archives working with Wikimedia?,"['In 2011 the National Archives initiated a Wikiproject on the English Wikipedia to expand collaboration in making its holdings widely available through Wikimedia.', 'To overcome inconsistencies in partially cached web sites, Archive-It.org was developed in 2005 by the Internet Archive as a means of allowing institutions and content creators to voluntarily harvest and preserve collections of digital content, and create digital archives.', 'Over the past two years,[clarification needed] dozens of rights-holders, including Sony Music, have sent complaints about Wikipedia.org directly to Google to have content removed.', ""Archival descriptions of the permanent holdings of the federal government in the custody of NARA are stored in Archival Research Catalog (ARC). The archival descriptions include information on traditional paper holdings, electronic records, and artifacts. As of December 2012, the catalog consisted of about 10 billion logical data records describing 527,000 artifacts and encompassing 81% of NARA's records."", 'The site is now listed on the National Register of Historic Places and receives thousands of visitors each year.']",,holdings widely available,63.802699907682836,359.0785999549553
Which language was the Wikiproject primarily created in?,"['In 2011 the National Archives initiated a Wikiproject on the English Wikipedia to expand collaboration in making its holdings widely available through Wikimedia.', ""French and Latin were the dominant languages of publication, but there was also a steady demand for material in German and Dutch. There was generally low demand for English publications on the Continent, which was echoed by England's similar lack of desire for French works. Languages commanding less of an international market – such as Danish, Spanish and Portuguese – found journal success more difficult, and more often than not, a more international language was used instead."", 'Scholars have translated and analyzed these documents in what is called the New Philology to write histories of indigenous peoples from indigenous viewpoints.', 'Translation has served as a school of writing for many authors. Translators, including monks who spread Buddhist texts in East Asia, and the early modern European translators of the Bible, in the course of their work have shaped the very languages into which they have translated. They have acted as bridges for conveying knowledge between cultures; and along with ideas, they have imported from the source languages, into their own languages, loanwords and calques of grammatical structures, idioms and vocabulary.', ""French slowly took over Latin's status as the lingua franca of learned circles. This in turn gave precedence to the publishing industry in Holland, where the vast majority of these French language periodicals were produced.""]",,English,67.18929996713996,390.6745999120176
Describe Gaddafi's humble upbringing.,"[""Gaddafi's upbringing in Bedouin culture influenced his personal tastes for the rest of his life. He repeatedly expressed a preference for the desert over the city and retreated to the desert to meditate."", 'Muammar Gaddafi was born in a tent near Qasr Abu Hadi, a rural area outside the town of Sirte in the deserts of western Libya. His family came from a small, relatively un-influential tribal group called the Qadhadhfa, who were Arabized Berber in heritage. His father, Mohammad Abdul Salam bin Hamed bin Mohammad, was known as Abu Meniar (died 1985), and his mother was named Aisha (died 1978); Abu Meniar earned a meager subsistence as a goat and camel herder.', 'Muammar Muhammad Abu Minyar al-Gaddafi (Arabic: معمر محمد أبو منيار القذافي\u200e Arabic pronunciation: [muʕamar al.qaðaːfiː]; /ˈmoʊ.əmɑːr ɡəˈdɑːfi/;  audio (help·info); c.\u20091942 – 20 October 2011), commonly known as Colonel Gaddafi,[b] was a Libyan revolutionary, politician, and political theorist. He governed Libya as Revolutionary Chairman of the Libyan Arab Republic from 1969 to 1977 and then as the ""Brotherly Leader"" of the Great Socialist People\'s Libyan Arab Jamahiriya from 1977 to 2011. Initially ideologically committed to Arab nationalism and Arab socialism, he came to rule according to his own Third International Theory before embracing Pan-Africanism and serving as Chairperson of the African Union from 2009 to 2010.', 'The son of an impoverished Bedouin goat herder, Gaddafi became involved in politics while at school in Sabha, subsequently enrolling in the Royal Military Academy, Benghazi. Founding a revolutionary cell within the military, in 1969 they seized power from the absolute monarchy of King Idris in a bloodless coup. Becoming Chairman of the governing Revolutionary Command Council (RCC), Gaddafi abolished the monarchy and proclaimed the Republic.', 'He later related that while he travelled to England believing it more advanced than Libya, he returned home ""more confident and proud of our values, ideals and social character.""']",,"was born in a tent near Qasr Abu Hadi, a rural area outside the town of Sirte in the deserts of western Libya",54.55010000150651,362.0521000120789
How did Gaddafi's father earn a living?,"['Muammar Gaddafi was born in a tent near Qasr Abu Hadi, a rural area outside the town of Sirte in the deserts of western Libya. His family came from a small, relatively un-influential tribal group called the Qadhadhfa, who were Arabized Berber in heritage. His father, Mohammad Abdul Salam bin Hamed bin Mohammad, was known as Abu Meniar (died 1985), and his mother was named Aisha (died 1978); Abu Meniar earned a meager subsistence as a goat and camel herder.', ""Nomadic Bedouins, they were illiterate and kept no birth records. As such, Gaddafi's date of birth is not known with certainty, and sources have set it in 1942 or in the spring of 1943, although biographers Blundy and Lycett noted that it could have been pre-1940. His parents' only surviving son, he had three older sisters."", 'The son of an impoverished Bedouin goat herder, Gaddafi became involved in politics while at school in Sabha, subsequently enrolling in the Royal Military Academy, Benghazi. Founding a revolutionary cell within the military, in 1969 they seized power from the absolute monarchy of King Idris in a bloodless coup. Becoming Chairman of the governing Revolutionary Command Council (RCC), Gaddafi abolished the monarchy and proclaimed the Republic.', 'Muammar Muhammad Abu Minyar al-Gaddafi (Arabic: معمر محمد أبو منيار القذافي\u200e Arabic pronunciation: [muʕamar al.qaðaːfiː]; /ˈmoʊ.əmɑːr ɡəˈdɑːfi/;  audio (help·info); c.\u20091942 – 20 October 2011), commonly known as Colonel Gaddafi,[b] was a Libyan revolutionary, politician, and political theorist. He governed Libya as Revolutionary Chairman of the Libyan Arab Republic from 1969 to 1977 and then as the ""Brotherly Leader"" of the Great Socialist People\'s Libyan Arab Jamahiriya from 1977 to 2011. Initially ideologically committed to Arab nationalism and Arab socialism, he came to rule according to his own Third International Theory before embracing Pan-Africanism and serving as Chairperson of the African Union from 2009 to 2010.', ""Starting in the 1980s, he travelled with his all-female Amazonian Guard, who were allegedly sworn to a life of celibacy. However, according to psychologist Seham Sergewa, after the civil war several of the guards told her they had been pressured into joining and raped by Gaddafi and senior officials. He hired several Ukrainian nurses to care for him and his family's health, and traveled everywhere with his trusted Ukrainian nurse Halyna Kolotnytska.""]",,as a goat and camel herder,52.31860000640154,356.8643000908196
How did his upbringing impact his later life preferences?,"[""Gaddafi's upbringing in Bedouin culture influenced his personal tastes for the rest of his life. He repeatedly expressed a preference for the desert over the city and retreated to the desert to meditate."", 'So in a pivotal moment he accepted milk and rice from a village girl and changed his approach. He devoted himself to anapanasati meditation, through which he discovered what Buddhists call the Middle Way (Skt. madhyamā-pratipad): a path of moderation between the extremes of self-indulgence and self-mortification.[web 2][web 3]', ""Hayek displayed an intellectual and academic bent from a very young age. He read fluently and frequently before going to school. At his father's suggestion, Hayek, as a teenager, read the genetic and evolutionary works of Hugo de Vries and the philosophical works of Ludwig Feuerbach."", ""In school Hayek was much taken by one instructor's lectures on Aristotle's ethics. In his unpublished autobiographical notes, Hayek recalled a division between him and his younger brothers who were only few years younger than him, but he believed that they were somehow of a different generation. He preferred to associate with adults."", ""After that he did voluntary service in one of psychoanalyst Alfred Adler's clinics for children. In 1922, he did his matura by way of a second chance education and finally joined the University as an ordinary student. He completed his examination as an elementary teacher in 1924 and started working at an after-school care club for socially endangered children.""]",,He repeatedly expressed a preference for the desert over the city and retreated to the desert to meditate.,57.8289000550285,323.9865000359714
What culture did Gaddafi experience as a child?,"[""Gaddafi's upbringing in Bedouin culture influenced his personal tastes for the rest of his life. He repeatedly expressed a preference for the desert over the city and retreated to the desert to meditate."", 'Muammar Gaddafi was born in a tent near Qasr Abu Hadi, a rural area outside the town of Sirte in the deserts of western Libya. His family came from a small, relatively un-influential tribal group called the Qadhadhfa, who were Arabized Berber in heritage. His father, Mohammad Abdul Salam bin Hamed bin Mohammad, was known as Abu Meniar (died 1985), and his mother was named Aisha (died 1978); Abu Meniar earned a meager subsistence as a goat and camel herder.', ""Nomadic Bedouins, they were illiterate and kept no birth records. As such, Gaddafi's date of birth is not known with certainty, and sources have set it in 1942 or in the spring of 1943, although biographers Blundy and Lycett noted that it could have been pre-1940. His parents' only surviving son, he had three older sisters."", 'The son of an impoverished Bedouin goat herder, Gaddafi became involved in politics while at school in Sabha, subsequently enrolling in the Royal Military Academy, Benghazi. Founding a revolutionary cell within the military, in 1969 they seized power from the absolute monarchy of King Idris in a bloodless coup. Becoming Chairman of the governing Revolutionary Command Council (RCC), Gaddafi abolished the monarchy and proclaimed the Republic.', 'Muammar Muhammad Abu Minyar al-Gaddafi (Arabic: معمر محمد أبو منيار القذافي\u200e Arabic pronunciation: [muʕamar al.qaðaːfiː]; /ˈmoʊ.əmɑːr ɡəˈdɑːfi/;  audio (help·info); c.\u20091942 – 20 October 2011), commonly known as Colonel Gaddafi,[b] was a Libyan revolutionary, politician, and political theorist. He governed Libya as Revolutionary Chairman of the Libyan Arab Republic from 1969 to 1977 and then as the ""Brotherly Leader"" of the Great Socialist People\'s Libyan Arab Jamahiriya from 1977 to 2011. Initially ideologically committed to Arab nationalism and Arab socialism, he came to rule according to his own Third International Theory before embracing Pan-Africanism and serving as Chairperson of the African Union from 2009 to 2010.']",,Bedouin,60.23109995294362,372.40240001119673
When was Gaddafi born?,"[""Nomadic Bedouins, they were illiterate and kept no birth records. As such, Gaddafi's date of birth is not known with certainty, and sources have set it in 1942 or in the spring of 1943, although biographers Blundy and Lycett noted that it could have been pre-1940. His parents' only surviving son, he had three older sisters."", 'Muammar Gaddafi was born in a tent near Qasr Abu Hadi, a rural area outside the town of Sirte in the deserts of western Libya. His family came from a small, relatively un-influential tribal group called the Qadhadhfa, who were Arabized Berber in heritage. His father, Mohammad Abdul Salam bin Hamed bin Mohammad, was known as Abu Meniar (died 1985), and his mother was named Aisha (died 1978); Abu Meniar earned a meager subsistence as a goat and camel herder.', 'Muammar Muhammad Abu Minyar al-Gaddafi (Arabic: معمر محمد أبو منيار القذافي\u200e Arabic pronunciation: [muʕamar al.qaðaːfiː]; /ˈmoʊ.əmɑːr ɡəˈdɑːfi/;  audio (help·info); c.\u20091942 – 20 October 2011), commonly known as Colonel Gaddafi,[b] was a Libyan revolutionary, politician, and political theorist. He governed Libya as Revolutionary Chairman of the Libyan Arab Republic from 1969 to 1977 and then as the ""Brotherly Leader"" of the Great Socialist People\'s Libyan Arab Jamahiriya from 1977 to 2011. Initially ideologically committed to Arab nationalism and Arab socialism, he came to rule according to his own Third International Theory before embracing Pan-Africanism and serving as Chairperson of the African Union from 2009 to 2010.', 'The son of an impoverished Bedouin goat herder, Gaddafi became involved in politics while at school in Sabha, subsequently enrolling in the Royal Military Academy, Benghazi. Founding a revolutionary cell within the military, in 1969 they seized power from the absolute monarchy of King Idris in a bloodless coup. Becoming Chairman of the governing Revolutionary Command Council (RCC), Gaddafi abolished the monarchy and proclaimed the Republic.', ""Gaddafi organized demonstrations and distributed posters criticizing the monarchy. In October 1961, he led a demonstration protesting Syria's secession from the United Arab Republic. During this they broke windows of a local hotel accused of serving alcohol.""]",,"Gaddafi's date of birth is not known with certainty, and sources have set it in 1942 or in the spring of 1943",52.53069999162108,347.2298999549821
Describe Gaddafi's early childhood.,"[""Nomadic Bedouins, they were illiterate and kept no birth records. As such, Gaddafi's date of birth is not known with certainty, and sources have set it in 1942 or in the spring of 1943, although biographers Blundy and Lycett noted that it could have been pre-1940. His parents' only surviving son, he had three older sisters."", 'Muammar Gaddafi was born in a tent near Qasr Abu Hadi, a rural area outside the town of Sirte in the deserts of western Libya. His family came from a small, relatively un-influential tribal group called the Qadhadhfa, who were Arabized Berber in heritage. His father, Mohammad Abdul Salam bin Hamed bin Mohammad, was known as Abu Meniar (died 1985), and his mother was named Aisha (died 1978); Abu Meniar earned a meager subsistence as a goat and camel herder.', 'Muammar Muhammad Abu Minyar al-Gaddafi (Arabic: معمر محمد أبو منيار القذافي\u200e Arabic pronunciation: [muʕamar al.qaðaːfiː]; /ˈmoʊ.əmɑːr ɡəˈdɑːfi/;  audio (help·info); c.\u20091942 – 20 October 2011), commonly known as Colonel Gaddafi,[b] was a Libyan revolutionary, politician, and political theorist. He governed Libya as Revolutionary Chairman of the Libyan Arab Republic from 1969 to 1977 and then as the ""Brotherly Leader"" of the Great Socialist People\'s Libyan Arab Jamahiriya from 1977 to 2011. Initially ideologically committed to Arab nationalism and Arab socialism, he came to rule according to his own Third International Theory before embracing Pan-Africanism and serving as Chairperson of the African Union from 2009 to 2010.', 'The son of an impoverished Bedouin goat herder, Gaddafi became involved in politics while at school in Sabha, subsequently enrolling in the Royal Military Academy, Benghazi. Founding a revolutionary cell within the military, in 1969 they seized power from the absolute monarchy of King Idris in a bloodless coup. Becoming Chairman of the governing Revolutionary Command Council (RCC), Gaddafi abolished the monarchy and proclaimed the Republic.', ""Gaddafi's upbringing in Bedouin culture influenced his personal tastes for the rest of his life. He repeatedly expressed a preference for the desert over the city and retreated to the desert to meditate.""]",,"Gaddafi was born in a tent near Qasr Abu Hadi, a rural area outside the town of Sirte in the deserts of western Libya",53.455299930647016,359.824400045909
How did Gaddafi's father earn a living?,"['Muammar Gaddafi was born in a tent near Qasr Abu Hadi, a rural area outside the town of Sirte in the deserts of western Libya. His family came from a small, relatively un-influential tribal group called the Qadhadhfa, who were Arabized Berber in heritage. His father, Mohammad Abdul Salam bin Hamed bin Mohammad, was known as Abu Meniar (died 1985), and his mother was named Aisha (died 1978); Abu Meniar earned a meager subsistence as a goat and camel herder.', ""Nomadic Bedouins, they were illiterate and kept no birth records. As such, Gaddafi's date of birth is not known with certainty, and sources have set it in 1942 or in the spring of 1943, although biographers Blundy and Lycett noted that it could have been pre-1940. His parents' only surviving son, he had three older sisters."", 'The son of an impoverished Bedouin goat herder, Gaddafi became involved in politics while at school in Sabha, subsequently enrolling in the Royal Military Academy, Benghazi. Founding a revolutionary cell within the military, in 1969 they seized power from the absolute monarchy of King Idris in a bloodless coup. Becoming Chairman of the governing Revolutionary Command Council (RCC), Gaddafi abolished the monarchy and proclaimed the Republic.', 'Muammar Muhammad Abu Minyar al-Gaddafi (Arabic: معمر محمد أبو منيار القذافي\u200e Arabic pronunciation: [muʕamar al.qaðaːfiː]; /ˈmoʊ.əmɑːr ɡəˈdɑːfi/;  audio (help·info); c.\u20091942 – 20 October 2011), commonly known as Colonel Gaddafi,[b] was a Libyan revolutionary, politician, and political theorist. He governed Libya as Revolutionary Chairman of the Libyan Arab Republic from 1969 to 1977 and then as the ""Brotherly Leader"" of the Great Socialist People\'s Libyan Arab Jamahiriya from 1977 to 2011. Initially ideologically committed to Arab nationalism and Arab socialism, he came to rule according to his own Third International Theory before embracing Pan-Africanism and serving as Chairperson of the African Union from 2009 to 2010.', ""Starting in the 1980s, he travelled with his all-female Amazonian Guard, who were allegedly sworn to a life of celibacy. However, according to psychologist Seham Sergewa, after the civil war several of the guards told her they had been pressured into joining and raped by Gaddafi and senior officials. He hired several Ukrainian nurses to care for him and his family's health, and traveled everywhere with his trusted Ukrainian nurse Halyna Kolotnytska.""]",,Abu Meniar earned a meager subsistence as a goat and camel herder,55.977500043809414,377.08160001784563
How come no one knows for sure when Gaddafi was born?,"[""Nomadic Bedouins, they were illiterate and kept no birth records. As such, Gaddafi's date of birth is not known with certainty, and sources have set it in 1942 or in the spring of 1943, although biographers Blundy and Lycett noted that it could have been pre-1940. His parents' only surviving son, he had three older sisters."", 'Muammar Gaddafi was born in a tent near Qasr Abu Hadi, a rural area outside the town of Sirte in the deserts of western Libya. His family came from a small, relatively un-influential tribal group called the Qadhadhfa, who were Arabized Berber in heritage. His father, Mohammad Abdul Salam bin Hamed bin Mohammad, was known as Abu Meniar (died 1985), and his mother was named Aisha (died 1978); Abu Meniar earned a meager subsistence as a goat and camel herder.', 'Muammar Muhammad Abu Minyar al-Gaddafi (Arabic: معمر محمد أبو منيار القذافي\u200e Arabic pronunciation: [muʕamar al.qaðaːfiː]; /ˈmoʊ.əmɑːr ɡəˈdɑːfi/;  audio (help·info); c.\u20091942 – 20 October 2011), commonly known as Colonel Gaddafi,[b] was a Libyan revolutionary, politician, and political theorist. He governed Libya as Revolutionary Chairman of the Libyan Arab Republic from 1969 to 1977 and then as the ""Brotherly Leader"" of the Great Socialist People\'s Libyan Arab Jamahiriya from 1977 to 2011. Initially ideologically committed to Arab nationalism and Arab socialism, he came to rule according to his own Third International Theory before embracing Pan-Africanism and serving as Chairperson of the African Union from 2009 to 2010.', 'The Nigerian newspaper Leadership reported that while many Libyans and Africans would mourn Gaddafi, this would be ignored by western media and that as such it would take 50 years before historians decided whether he was ""martyr or villain.""', 'The son of an impoverished Bedouin goat herder, Gaddafi became involved in politics while at school in Sabha, subsequently enrolling in the Royal Military Academy, Benghazi. Founding a revolutionary cell within the military, in 1969 they seized power from the absolute monarchy of King Idris in a bloodless coup. Becoming Chairman of the governing Revolutionary Command Council (RCC), Gaddafi abolished the monarchy and proclaimed the Republic.']",,"Nomadic Bedouins, they were illiterate and kept no birth records",58.07279993314296,320.9277999121696
How did his early childhood experiences impact his later life?,"[""After that he did voluntary service in one of psychoanalyst Alfred Adler's clinics for children. In 1922, he did his matura by way of a second chance education and finally joined the University as an ordinary student. He completed his examination as an elementary teacher in 1924 and started working at an after-school care club for socially endangered children."", 'He worked in street construction for a short amount of time, but was unable to cope with the heavy labour. Continuing to attend university as a guest student, he started an apprenticeship as cabinetmaker, which he completed as a journeyman. He was dreaming at that time of starting a daycare facility for children, for which he assumed the ability to make furniture might be useful.', 'So in a pivotal moment he accepted milk and rice from a village girl and changed his approach. He devoted himself to anapanasati meditation, through which he discovered what Buddhists call the Middle Way (Skt. madhyamā-pratipad): a path of moderation between the extremes of self-indulgence and self-mortification.[web 2][web 3]', 'In 1925, he went to the newly founded Pädagogisches Institut and continued studying philosophy and psychology. Around that time he started courting Josefine Anna Henninger, who later became his wife.', ""He believed that adolescence was a representation of our human ancestors' phylogenetic shift from being primitive to being civilized. Hall's assertions stood relatively uncontested until the 1950s when psychologists such as Erik Erikson and Anna Freud started to formulate their theories about adolescence. Freud believed that the psychological disturbances associated with youth were biologically based and culturally universal while Erikson focused on the dichotomy between identity formation and role fulfillment.""]",,He repeatedly expressed a preference for the desert over the city and retreated to the desert to meditate.,60.20449998322874,370.81569992005825
When did Gaddafi's parents die?,"[""Nomadic Bedouins, they were illiterate and kept no birth records. As such, Gaddafi's date of birth is not known with certainty, and sources have set it in 1942 or in the spring of 1943, although biographers Blundy and Lycett noted that it could have been pre-1940. His parents' only surviving son, he had three older sisters."", 'Muammar Gaddafi was born in a tent near Qasr Abu Hadi, a rural area outside the town of Sirte in the deserts of western Libya. His family came from a small, relatively un-influential tribal group called the Qadhadhfa, who were Arabized Berber in heritage. His father, Mohammad Abdul Salam bin Hamed bin Mohammad, was known as Abu Meniar (died 1985), and his mother was named Aisha (died 1978); Abu Meniar earned a meager subsistence as a goat and camel herder.', 'The son of an impoverished Bedouin goat herder, Gaddafi became involved in politics while at school in Sabha, subsequently enrolling in the Royal Military Academy, Benghazi. Founding a revolutionary cell within the military, in 1969 they seized power from the absolute monarchy of King Idris in a bloodless coup. Becoming Chairman of the governing Revolutionary Command Council (RCC), Gaddafi abolished the monarchy and proclaimed the Republic.', 'Muammar Muhammad Abu Minyar al-Gaddafi (Arabic: معمر محمد أبو منيار القذافي\u200e Arabic pronunciation: [muʕamar al.qaðaːfiː]; /ˈmoʊ.əmɑːr ɡəˈdɑːfi/;  audio (help·info); c.\u20091942 – 20 October 2011), commonly known as Colonel Gaddafi,[b] was a Libyan revolutionary, politician, and political theorist. He governed Libya as Revolutionary Chairman of the Libyan Arab Republic from 1969 to 1977 and then as the ""Brotherly Leader"" of the Great Socialist People\'s Libyan Arab Jamahiriya from 1977 to 2011. Initially ideologically committed to Arab nationalism and Arab socialism, he came to rule according to his own Third International Theory before embracing Pan-Africanism and serving as Chairperson of the African Union from 2009 to 2010.', ""In Operation El Dorado Canyon, orchestrated on 15 April 1986, U.S. military planes launched a series of air-strikes on Libya, bombing military installations in various parts of the country, killing around 100 Libyans, including several civilians. One of the targets had been Gaddafi's home. Himself unharmed, two of Gaddafi's sons were injured, and he claimed that his four-year-old adopted daughter Hanna was killed, although her existence has since been questioned.""]",,"His father, Mohammad Abdul Salam bin Hamed bin Mohammad, was known as Abu Meniar (died 1985), and his mother was named Aisha (died 1978)",55.029100039973855,342.8163001080975
"Other than Mohammad Abdul Salam bin Hamed bin Mohammad, what was Gaddafi's father called?","['Muammar Muhammad Abu Minyar al-Gaddafi (Arabic: معمر محمد أبو منيار القذافي\u200e Arabic pronunciation: [muʕamar al.qaðaːfiː]; /ˈmoʊ.əmɑːr ɡəˈdɑːfi/;  audio (help·info); c.\u20091942 – 20 October 2011), commonly known as Colonel Gaddafi,[b] was a Libyan revolutionary, politician, and political theorist. He governed Libya as Revolutionary Chairman of the Libyan Arab Republic from 1969 to 1977 and then as the ""Brotherly Leader"" of the Great Socialist People\'s Libyan Arab Jamahiriya from 1977 to 2011. Initially ideologically committed to Arab nationalism and Arab socialism, he came to rule according to his own Third International Theory before embracing Pan-Africanism and serving as Chairperson of the African Union from 2009 to 2010.', 'Muammar Gaddafi was born in a tent near Qasr Abu Hadi, a rural area outside the town of Sirte in the deserts of western Libya. His family came from a small, relatively un-influential tribal group called the Qadhadhfa, who were Arabized Berber in heritage. His father, Mohammad Abdul Salam bin Hamed bin Mohammad, was known as Abu Meniar (died 1985), and his mother was named Aisha (died 1978); Abu Meniar earned a meager subsistence as a goat and camel herder.', ""Nomadic Bedouins, they were illiterate and kept no birth records. As such, Gaddafi's date of birth is not known with certainty, and sources have set it in 1942 or in the spring of 1943, although biographers Blundy and Lycett noted that it could have been pre-1940. His parents' only surviving son, he had three older sisters."", 'The son of an impoverished Bedouin goat herder, Gaddafi became involved in politics while at school in Sabha, subsequently enrolling in the Royal Military Academy, Benghazi. Founding a revolutionary cell within the military, in 1969 they seized power from the absolute monarchy of King Idris in a bloodless coup. Becoming Chairman of the governing Revolutionary Command Council (RCC), Gaddafi abolished the monarchy and proclaimed the Republic.', ""In the immediate aftermath, Gaddafi retreated to the desert to meditate, while there were sporadic clashes between Gaddafists and army officers who wanted to overthrow the government. Although the U.S. was condemned internationally, Reagan received a popularity boost at home. Publicly lambasting U.S. imperialism, Gaddafi's reputation as an anti-imperialist was strengthened both domestically and across the Arab world, and in June 1986, he ordered the names of the month to be changed in Libya.""]",,Abu Meniar,61.4960000384599,344.1350000211969
When did Gaddafi's mother die?,"[""Nomadic Bedouins, they were illiterate and kept no birth records. As such, Gaddafi's date of birth is not known with certainty, and sources have set it in 1942 or in the spring of 1943, although biographers Blundy and Lycett noted that it could have been pre-1940. His parents' only surviving son, he had three older sisters."", 'Muammar Gaddafi was born in a tent near Qasr Abu Hadi, a rural area outside the town of Sirte in the deserts of western Libya. His family came from a small, relatively un-influential tribal group called the Qadhadhfa, who were Arabized Berber in heritage. His father, Mohammad Abdul Salam bin Hamed bin Mohammad, was known as Abu Meniar (died 1985), and his mother was named Aisha (died 1978); Abu Meniar earned a meager subsistence as a goat and camel herder.', 'Muammar Muhammad Abu Minyar al-Gaddafi (Arabic: معمر محمد أبو منيار القذافي\u200e Arabic pronunciation: [muʕamar al.qaðaːfiː]; /ˈmoʊ.əmɑːr ɡəˈdɑːfi/;  audio (help·info); c.\u20091942 – 20 October 2011), commonly known as Colonel Gaddafi,[b] was a Libyan revolutionary, politician, and political theorist. He governed Libya as Revolutionary Chairman of the Libyan Arab Republic from 1969 to 1977 and then as the ""Brotherly Leader"" of the Great Socialist People\'s Libyan Arab Jamahiriya from 1977 to 2011. Initially ideologically committed to Arab nationalism and Arab socialism, he came to rule according to his own Third International Theory before embracing Pan-Africanism and serving as Chairperson of the African Union from 2009 to 2010.', ""In Operation El Dorado Canyon, orchestrated on 15 April 1986, U.S. military planes launched a series of air-strikes on Libya, bombing military installations in various parts of the country, killing around 100 Libyans, including several civilians. One of the targets had been Gaddafi's home. Himself unharmed, two of Gaddafi's sons were injured, and he claimed that his four-year-old adopted daughter Hanna was killed, although her existence has since been questioned."", 'The son of an impoverished Bedouin goat herder, Gaddafi became involved in politics while at school in Sabha, subsequently enrolling in the Royal Military Academy, Benghazi. Founding a revolutionary cell within the military, in 1969 they seized power from the absolute monarchy of King Idris in a bloodless coup. Becoming Chairman of the governing Revolutionary Command Council (RCC), Gaddafi abolished the monarchy and proclaimed the Republic.']",,1978,61.38699990697205,330.9294000500813
How many sisters did Gaddafi have?,"[""Nomadic Bedouins, they were illiterate and kept no birth records. As such, Gaddafi's date of birth is not known with certainty, and sources have set it in 1942 or in the spring of 1943, although biographers Blundy and Lycett noted that it could have been pre-1940. His parents' only surviving son, he had three older sisters."", ""Starting in the 1980s, he travelled with his all-female Amazonian Guard, who were allegedly sworn to a life of celibacy. However, according to psychologist Seham Sergewa, after the civil war several of the guards told her they had been pressured into joining and raped by Gaddafi and senior officials. He hired several Ukrainian nurses to care for him and his family's health, and traveled everywhere with his trusted Ukrainian nurse Halyna Kolotnytska."", 'Muammar Gaddafi was born in a tent near Qasr Abu Hadi, a rural area outside the town of Sirte in the deserts of western Libya. His family came from a small, relatively un-influential tribal group called the Qadhadhfa, who were Arabized Berber in heritage. His father, Mohammad Abdul Salam bin Hamed bin Mohammad, was known as Abu Meniar (died 1985), and his mother was named Aisha (died 1978); Abu Meniar earned a meager subsistence as a goat and camel herder.', 'Muammar Muhammad Abu Minyar al-Gaddafi (Arabic: معمر محمد أبو منيار القذافي\u200e Arabic pronunciation: [muʕamar al.qaðaːfiː]; /ˈmoʊ.əmɑːr ɡəˈdɑːfi/;  audio (help·info); c.\u20091942 – 20 October 2011), commonly known as Colonel Gaddafi,[b] was a Libyan revolutionary, politician, and political theorist. He governed Libya as Revolutionary Chairman of the Libyan Arab Republic from 1969 to 1977 and then as the ""Brotherly Leader"" of the Great Socialist People\'s Libyan Arab Jamahiriya from 1977 to 2011. Initially ideologically committed to Arab nationalism and Arab socialism, he came to rule according to his own Third International Theory before embracing Pan-Africanism and serving as Chairperson of the African Union from 2009 to 2010.', ""In Operation El Dorado Canyon, orchestrated on 15 April 1986, U.S. military planes launched a series of air-strikes on Libya, bombing military installations in various parts of the country, killing around 100 Libyans, including several civilians. One of the targets had been Gaddafi's home. Himself unharmed, two of Gaddafi's sons were injured, and he claimed that his four-year-old adopted daughter Hanna was killed, although her existence has since been questioned.""]",,three,58.17039997782558,354.1481998981908
Near what town was Gaddafi's birthplace of Qasr Abu Hadi?,"['Muammar Gaddafi was born in a tent near Qasr Abu Hadi, a rural area outside the town of Sirte in the deserts of western Libya. His family came from a small, relatively un-influential tribal group called the Qadhadhfa, who were Arabized Berber in heritage. His father, Mohammad Abdul Salam bin Hamed bin Mohammad, was known as Abu Meniar (died 1985), and his mother was named Aisha (died 1978); Abu Meniar earned a meager subsistence as a goat and camel herder.', ""Nomadic Bedouins, they were illiterate and kept no birth records. As such, Gaddafi's date of birth is not known with certainty, and sources have set it in 1942 or in the spring of 1943, although biographers Blundy and Lycett noted that it could have been pre-1940. His parents' only surviving son, he had three older sisters."", 'The son of an impoverished Bedouin goat herder, Gaddafi became involved in politics while at school in Sabha, subsequently enrolling in the Royal Military Academy, Benghazi. Founding a revolutionary cell within the military, in 1969 they seized power from the absolute monarchy of King Idris in a bloodless coup. Becoming Chairman of the governing Revolutionary Command Council (RCC), Gaddafi abolished the monarchy and proclaimed the Republic.', 'Muammar Muhammad Abu Minyar al-Gaddafi (Arabic: معمر محمد أبو منيار القذافي\u200e Arabic pronunciation: [muʕamar al.qaðaːfiː]; /ˈmoʊ.əmɑːr ɡəˈdɑːfi/;  audio (help·info); c.\u20091942 – 20 October 2011), commonly known as Colonel Gaddafi,[b] was a Libyan revolutionary, politician, and political theorist. He governed Libya as Revolutionary Chairman of the Libyan Arab Republic from 1969 to 1977 and then as the ""Brotherly Leader"" of the Great Socialist People\'s Libyan Arab Jamahiriya from 1977 to 2011. Initially ideologically committed to Arab nationalism and Arab socialism, he came to rule according to his own Third International Theory before embracing Pan-Africanism and serving as Chairperson of the African Union from 2009 to 2010.', ""Catching the authorities' attention, they expelled his family from Sabha. Gaddafi moved to Misrata, there attending Misrata Secondary School. Maintaining his interest in Arab nationalist activism, he refused to join any of the banned political parties active in the city – including the Arab Nationalist Movement, the Arab Socialist Ba'ath Party, and the Muslim Brotherhood – claiming he rejected factionalism.""]",,Sirte,56.134500075131655,363.8311999384314
What was the name of Gaddafi's tribe?,"['Muammar Gaddafi was born in a tent near Qasr Abu Hadi, a rural area outside the town of Sirte in the deserts of western Libya. His family came from a small, relatively un-influential tribal group called the Qadhadhfa, who were Arabized Berber in heritage. His father, Mohammad Abdul Salam bin Hamed bin Mohammad, was known as Abu Meniar (died 1985), and his mother was named Aisha (died 1978); Abu Meniar earned a meager subsistence as a goat and camel herder.', ""Nomadic Bedouins, they were illiterate and kept no birth records. As such, Gaddafi's date of birth is not known with certainty, and sources have set it in 1942 or in the spring of 1943, although biographers Blundy and Lycett noted that it could have been pre-1940. His parents' only surviving son, he had three older sisters."", 'Muammar Muhammad Abu Minyar al-Gaddafi (Arabic: معمر محمد أبو منيار القذافي\u200e Arabic pronunciation: [muʕamar al.qaðaːfiː]; /ˈmoʊ.əmɑːr ɡəˈdɑːfi/;  audio (help·info); c.\u20091942 – 20 October 2011), commonly known as Colonel Gaddafi,[b] was a Libyan revolutionary, politician, and political theorist. He governed Libya as Revolutionary Chairman of the Libyan Arab Republic from 1969 to 1977 and then as the ""Brotherly Leader"" of the Great Socialist People\'s Libyan Arab Jamahiriya from 1977 to 2011. Initially ideologically committed to Arab nationalism and Arab socialism, he came to rule according to his own Third International Theory before embracing Pan-Africanism and serving as Chairperson of the African Union from 2009 to 2010.', 'The son of an impoverished Bedouin goat herder, Gaddafi became involved in politics while at school in Sabha, subsequently enrolling in the Royal Military Academy, Benghazi. Founding a revolutionary cell within the military, in 1969 they seized power from the absolute monarchy of King Idris in a bloodless coup. Becoming Chairman of the governing Revolutionary Command Council (RCC), Gaddafi abolished the monarchy and proclaimed the Republic.', ""Gaddafi's upbringing in Bedouin culture influenced his personal tastes for the rest of his life. He repeatedly expressed a preference for the desert over the city and retreated to the desert to meditate.""]",,Qadhadhfa,60.03449996933341,327.8253999305889
What was the name of Gaddafi's female bodyguard?,"[""Starting in the 1980s, he travelled with his all-female Amazonian Guard, who were allegedly sworn to a life of celibacy. However, according to psychologist Seham Sergewa, after the civil war several of the guards told her they had been pressured into joining and raped by Gaddafi and senior officials. He hired several Ukrainian nurses to care for him and his family's health, and traveled everywhere with his trusted Ukrainian nurse Halyna Kolotnytska."", 'Muammar Muhammad Abu Minyar al-Gaddafi (Arabic: معمر محمد أبو منيار القذافي\u200e Arabic pronunciation: [muʕamar al.qaðaːfiː]; /ˈmoʊ.əmɑːr ɡəˈdɑːfi/;  audio (help·info); c.\u20091942 – 20 October 2011), commonly known as Colonel Gaddafi,[b] was a Libyan revolutionary, politician, and political theorist. He governed Libya as Revolutionary Chairman of the Libyan Arab Republic from 1969 to 1977 and then as the ""Brotherly Leader"" of the Great Socialist People\'s Libyan Arab Jamahiriya from 1977 to 2011. Initially ideologically committed to Arab nationalism and Arab socialism, he came to rule according to his own Third International Theory before embracing Pan-Africanism and serving as Chairperson of the African Union from 2009 to 2010.', ""Nomadic Bedouins, they were illiterate and kept no birth records. As such, Gaddafi's date of birth is not known with certainty, and sources have set it in 1942 or in the spring of 1943, although biographers Blundy and Lycett noted that it could have been pre-1940. His parents' only surviving son, he had three older sisters."", 'The Bovington signal course\'s director reported that Gaddafi successfully overcame problems learning English, displaying a firm command of voice procedure. Noting that Gaddafi\'s favourite hobbies were reading and playing football, he thought him an ""amusing officer, always cheerful, hard-working, and conscientious."" Gaddafi disliked England, claiming British Army officers racially insulted him and finding it difficult adjusting to the country\'s culture; asserting his Arab identity in London, he walked around Piccadilly wearing traditional Libyan robes.', ""In Operation El Dorado Canyon, orchestrated on 15 April 1986, U.S. military planes launched a series of air-strikes on Libya, bombing military installations in various parts of the country, killing around 100 Libyans, including several civilians. One of the targets had been Gaddafi's home. Himself unharmed, two of Gaddafi's sons were injured, and he claimed that his four-year-old adopted daughter Hanna was killed, although her existence has since been questioned.""]",,Amazonian Guard,102.62040002271533,332.5749000068754
In what decade was Gaddafi first accompanied by his female bodyguard?,"[""Starting in the 1980s, he travelled with his all-female Amazonian Guard, who were allegedly sworn to a life of celibacy. However, according to psychologist Seham Sergewa, after the civil war several of the guards told her they had been pressured into joining and raped by Gaddafi and senior officials. He hired several Ukrainian nurses to care for him and his family's health, and traveled everywhere with his trusted Ukrainian nurse Halyna Kolotnytska."", ""Nomadic Bedouins, they were illiterate and kept no birth records. As such, Gaddafi's date of birth is not known with certainty, and sources have set it in 1942 or in the spring of 1943, although biographers Blundy and Lycett noted that it could have been pre-1940. His parents' only surviving son, he had three older sisters."", 'Muammar Muhammad Abu Minyar al-Gaddafi (Arabic: معمر محمد أبو منيار القذافي\u200e Arabic pronunciation: [muʕamar al.qaðaːfiː]; /ˈmoʊ.əmɑːr ɡəˈdɑːfi/;  audio (help·info); c.\u20091942 – 20 October 2011), commonly known as Colonel Gaddafi,[b] was a Libyan revolutionary, politician, and political theorist. He governed Libya as Revolutionary Chairman of the Libyan Arab Republic from 1969 to 1977 and then as the ""Brotherly Leader"" of the Great Socialist People\'s Libyan Arab Jamahiriya from 1977 to 2011. Initially ideologically committed to Arab nationalism and Arab socialism, he came to rule according to his own Third International Theory before embracing Pan-Africanism and serving as Chairperson of the African Union from 2009 to 2010.', 'The son of an impoverished Bedouin goat herder, Gaddafi became involved in politics while at school in Sabha, subsequently enrolling in the Royal Military Academy, Benghazi. Founding a revolutionary cell within the military, in 1969 they seized power from the absolute monarchy of King Idris in a bloodless coup. Becoming Chairman of the governing Revolutionary Command Council (RCC), Gaddafi abolished the monarchy and proclaimed the Republic.', 'The Bovington signal course\'s director reported that Gaddafi successfully overcame problems learning English, displaying a firm command of voice procedure. Noting that Gaddafi\'s favourite hobbies were reading and playing football, he thought him an ""amusing officer, always cheerful, hard-working, and conscientious."" Gaddafi disliked England, claiming British Army officers racially insulted him and finding it difficult adjusting to the country\'s culture; asserting his Arab identity in London, he walked around Piccadilly wearing traditional Libyan robes.']",,1980s,59.25319995731115,359.9484000587836
What is Halyna Kolotnytska's nationality?,"[""According to the article, she dubbed more than 3,000 movies and became the country's second-most famous voice after Ceauşescu, even though no one knew her name until many years later."", ""Kolotnytska's daughter denied the suggestion that the relationship was anything but professional."", ""His father, Neumann Miksa (Max Neumann) was a banker, who held a doctorate in law. He had moved to Budapest from Pécs at the end of the 1880s. Miksa's father and grandfather were both born in Ond (now part of the town of Szerencs), Zemplén County, northern Hungary."", 'Russians make up 25.6% of the total population but account for 36% of the population in Harju county and 70% of the population in Ida-Viru county.', 'Russian (ру́сский язы́к, russkiy yazyk, pronounced [ˈruskʲɪj jɪˈzɨk] ( listen)) is an East Slavic language and an official language in Russia, Belarus, Kazakhstan, Kyrgyzstan and many minor or unrecognised territories. It is an unofficial but widely-spoken language in Ukraine, Latvia, Estonia, and to a lesser extent, the other countries that were once constituent republics of the Soviet Union and former participants of the Eastern Bloc. Russian belongs to the family of Indo-European languages and is one of the three living members of the East Slavic languages.']",,Ukrainian,58.62320004962385,330.03369998186827
What is the profession of Halyna Kolotnytska?,"['He worked in street construction for a short amount of time, but was unable to cope with the heavy labour. Continuing to attend university as a guest student, he started an apprenticeship as cabinetmaker, which he completed as a journeyman. He was dreaming at that time of starting a daycare facility for children, for which he assumed the ability to make furniture might be useful.', ""Kolotnytska's daughter denied the suggestion that the relationship was anything but professional."", ""According to the article, she dubbed more than 3,000 movies and became the country's second-most famous voice after Ceauşescu, even though no one knew her name until many years later."", ""Starting in the 1980s, he travelled with his all-female Amazonian Guard, who were allegedly sworn to a life of celibacy. However, according to psychologist Seham Sergewa, after the civil war several of the guards told her they had been pressured into joining and raped by Gaddafi and senior officials. He hired several Ukrainian nurses to care for him and his family's health, and traveled everywhere with his trusted Ukrainian nurse Halyna Kolotnytska."", ""His father, Neumann Miksa (Max Neumann) was a banker, who held a doctorate in law. He had moved to Budapest from Pécs at the end of the 1880s. Miksa's father and grandfather were both born in Ond (now part of the town of Szerencs), Zemplén County, northern Hungary.""]",,nurse,57.87150003015995,337.7903000218794
What sort of relationship did Gaddafi have with Halyna Kolotnytska?,"[""Starting in the 1980s, he travelled with his all-female Amazonian Guard, who were allegedly sworn to a life of celibacy. However, according to psychologist Seham Sergewa, after the civil war several of the guards told her they had been pressured into joining and raped by Gaddafi and senior officials. He hired several Ukrainian nurses to care for him and his family's health, and traveled everywhere with his trusted Ukrainian nurse Halyna Kolotnytska."", ""Kolotnytska's daughter denied the suggestion that the relationship was anything but professional."", ""Nomadic Bedouins, they were illiterate and kept no birth records. As such, Gaddafi's date of birth is not known with certainty, and sources have set it in 1942 or in the spring of 1943, although biographers Blundy and Lycett noted that it could have been pre-1940. His parents' only surviving son, he had three older sisters."", 'Muammar Muhammad Abu Minyar al-Gaddafi (Arabic: معمر محمد أبو منيار القذافي\u200e Arabic pronunciation: [muʕamar al.qaðaːfiː]; /ˈmoʊ.əmɑːr ɡəˈdɑːfi/;  audio (help·info); c.\u20091942 – 20 October 2011), commonly known as Colonel Gaddafi,[b] was a Libyan revolutionary, politician, and political theorist. He governed Libya as Revolutionary Chairman of the Libyan Arab Republic from 1969 to 1977 and then as the ""Brotherly Leader"" of the Great Socialist People\'s Libyan Arab Jamahiriya from 1977 to 2011. Initially ideologically committed to Arab nationalism and Arab socialism, he came to rule according to his own Third International Theory before embracing Pan-Africanism and serving as Chairperson of the African Union from 2009 to 2010.', ""Although theoretically a collegial body operating through consensus building, Gaddafi dominated the RCC, although some of the others attempted to constrain what they saw as his excesses. Gaddafi remained the government's public face, with the identities of the other RCC members only being publicly revealed on 10 January 1970. All young men from (typically rural) working and middle-class backgrounds, none had university degrees; in this way they were distinct from the wealthy, highly educated conservatives who previously governed the country.""]",,professional,61.610399978235364,339.55449995119125
What is used to light walkways at night?,"['Street Lights are used to light roadways and walkways at night. Some manufacturers are designing LED and photovoltaic luminaires to provide an energy-efficient alternative to traditional street light fixtures.', 'The Olympic Flame is supposed to remain lit for the whole relay. When the Torch is extinguished at night, on airplanes, in bad weather, or during protests (such as the several occasions in Paris), the Olympic Flame is kept alight in a set of 8 lanterns.[citation needed]', 'An incandescent light bulb, incandescent lamp or incandescent light globe is an electric light with a wire filament heated to a high temperature, by passing an electric current through it, until it glows with visible light (incandescence). The hot filament is protected from oxidation with a glass or quartz bulb that is filled with inert gas or evacuated. In a halogen lamp, filament evaporation is prevented by a chemical process that redeposits metal vapor onto the filament, extending its life.', 'The torch is designed to remain lit in 65 kilometre per hour (37 mile per hour) winds, and in rain of up to 50 millimetres (2 inches) per hour. An ignition key is used to ignite and extinguish the flame. The torch is fueled by cans of propane.', 'LED lamps are even more efficient, and are free of mercury. They are regarded as the best solution in terms of cost effectiveness and robustness.']",,Street Lights,58.59989998862147,337.2642999747768
What kind of lights are being designed for energy efficiency?,"['LED lamps are even more efficient, and are free of mercury. They are regarded as the best solution in terms of cost effectiveness and robustness.', 'There are many non-incandescent light sources, such as the fluorescent lamp, high-intensity discharge lamps and LED lamps, which have higher luminous efficiency, and some have been designed to be retrofitted in fixtures for incandescent lights. These devices produce light by luminescence. These lamps produce discrete spectral lines and do not have the broad ""tail"" of invisible infrared emissions.', 'Theatrical, photographic, and projection lamps may have a useful life of only a few hours, trading life expectancy for high output in a compact form. Long-life general service lamps have lower efficiency but are used where the cost of changing the lamp is high compared to the value of energy used.', 'Street Lights are used to light roadways and walkways at night. Some manufacturers are designing LED and photovoltaic luminaires to provide an energy-efficient alternative to traditional street light fixtures.', ""Lighting design as it applies to the built environment is known as 'architectural lighting design'. Lighting of structures considers aesthetic elements as well as practical considerations of quantity of light required, occupants of the structure, energy efficiency and cost. Artificial lighting takes into account the amount of daylight received in an internal space by using Daylight factor calculation.""]",,photovoltaic luminaires,74.97349998448044,326.68590010143816
What was the Scientific Revolution?,"[""The willingness to question previously held truths and search for new answers resulted in a period of major scientific advancements, now known as the Scientific Revolution. The Scientific Revolution is traditionally held by most historians to have begun in 1543, when the books De humani corporis fabrica (On the Workings of the Human Body) by Andreas Vesalius, and also De Revolutionibus, by the astronomer Nicolaus Copernicus, were first printed. The thesis of Copernicus' book was that the Earth moved around the Sun."", 'One of the most important developments that the Enlightenment era brought to the discipline of science was its popularization. An increasingly literate population seeking knowledge and education in both the arts and the sciences drove the expansion of print culture and the dissemination of scientific learning. The new literate population was due to a high rise in the availability of food.', 'The scientific revolution is a convenient boundary between ancient thought and classical physics. Nicolaus Copernicus revived the heliocentric model of the solar system described by Aristarchus of Samos. This was followed by the first known model of planetary motion given by Johannes Kepler in the early 17th century, which proposed that the planets follow elliptical orbits, with the Sun at one focus of the ellipse.', 'The mid 20th century saw a series of studies relying to the role of science in a social context, starting from Thomas Kuhn\'s The Structure of Scientific Revolutions in 1962. It opened the study of science to new disciplines by suggesting that the evolution of science was in part sociologically determined and that positivism did not explain the actual interactions and strategies of the human participants in science. As Thomas Kuhn put it, the history of science may be seen in more nuanced terms, such as that of competing paradigms or conceptual systems in a wider matrix that includes intellectual, cultural, economic and political themes outside of science. ""', 'Partly by selection and partly by distortion, the scientists of earlier ages are implicitly presented as having worked upon the same set of fixed problems and in accordance with the same set of fixed canons that the most recent revolution in scientific theory and method made seem scientific.""']",,a period of major scientific advancements,60.81979989539832,331.0558000812307
What year is considered to be the beginning of the Scientific Revolution?,"[""The willingness to question previously held truths and search for new answers resulted in a period of major scientific advancements, now known as the Scientific Revolution. The Scientific Revolution is traditionally held by most historians to have begun in 1543, when the books De humani corporis fabrica (On the Workings of the Human Body) by Andreas Vesalius, and also De Revolutionibus, by the astronomer Nicolaus Copernicus, were first printed. The thesis of Copernicus' book was that the Earth moved around the Sun."", 'The scientific revolution is a convenient boundary between ancient thought and classical physics. Nicolaus Copernicus revived the heliocentric model of the solar system described by Aristarchus of Samos. This was followed by the first known model of planetary motion given by Johannes Kepler in the early 17th century, which proposed that the planets follow elliptical orbits, with the Sun at one focus of the ellipse.', 'Partly by selection and partly by distortion, the scientists of earlier ages are implicitly presented as having worked upon the same set of fixed problems and in accordance with the same set of fixed canons that the most recent revolution in scientific theory and method made seem scientific.""', 'One of the most important developments that the Enlightenment era brought to the discipline of science was its popularization. An increasingly literate population seeking knowledge and education in both the arts and the sciences drove the expansion of print culture and the dissemination of scientific learning. The new literate population was due to a high rise in the availability of food.', 'The period culminated with the publication of the Philosophiæ Naturalis Principia Mathematica in 1687 by Isaac Newton, representative of the unprecedented growth of scientific publications throughout Europe.']",,1543,76.64520002435893,350.40190001018345
What book by Andreas Vesalius was published in 1543?,"[""The willingness to question previously held truths and search for new answers resulted in a period of major scientific advancements, now known as the Scientific Revolution. The Scientific Revolution is traditionally held by most historians to have begun in 1543, when the books De humani corporis fabrica (On the Workings of the Human Body) by Andreas Vesalius, and also De Revolutionibus, by the astronomer Nicolaus Copernicus, were first printed. The thesis of Copernicus' book was that the Earth moved around the Sun."", 'This disposition toward knowledge manifested in not simply the translation and propagation of ancient texts, but also their adaptation and expansion. For instance, Vesalius was imperative for advocating the use of Galen, but he also invigorated this text with experimentation, disagreements and further research. The propagation of these texts, especially within the universities, was greatly aided by the emergence of the printing press and the beginning of the use of the vernacular, which allowed for the printing of relatively large texts at reasonable prices.', ""At the beginning of the 13th century, there were reasonably accurate Latin translations of the main works of almost all the intellectually crucial ancient authors, allowing a sound transfer of scientific ideas via both the universities and the monasteries. By then, the natural philosophy contained in these texts began to be extended by notable scholastics such as Robert Grosseteste, Roger Bacon, Albertus Magnus and Duns Scotus. Precursors of the modern scientific method, influenced by earlier contributions of the Islamic world, can be seen already in Grosseteste's emphasis on mathematics as a way to understand nature, and in the empirical approach admired by Bacon, particularly in his Opus Majus."", ""The humanists' close study of Latin literary texts soon enabled them to discern historical differences in the writing styles of different periods. By analogy with what they saw as decline of Latin, they applied the principle of ad fontes, or back to the sources, across broad areas of learning, seeking out manuscripts of Patristic literature as well as pagan authors. In 1439, while employed in Naples at the court of Alfonso V of Aragon (at the time engaged in a dispute with the Papal States) the humanist Lorenzo Valla used stylistic textual analysis, now called philology, to prove that the Donation of Constantine, which purported to confer temporal powers on the Pope of Rome, was an 8th-century forgery."", 'The earliest known references to the islands as a group appeared in the writings of sea-farers from the ancient Greek colony of Massalia. The original records have been lost; however, later writings, e.g. Avienus\'s Ora maritima, that quoted from the Massaliote Periplus (6th century BC) and from Pytheas\'s On the Ocean (circa 325–320 BC) have survived. In the 1st century BC, Diodorus Siculus has Prettanikē nēsos, ""the British Island"", and Prettanoi, ""the Britons"".']",,De humani corporis fabrica (On the Workings of the Human Body),58.97540005389601,339.9104999843985
What was the focus of De Revolutionibus by Nicolaus Copernicus?,"['The scientific revolution is a convenient boundary between ancient thought and classical physics. Nicolaus Copernicus revived the heliocentric model of the solar system described by Aristarchus of Samos. This was followed by the first known model of planetary motion given by Johannes Kepler in the early 17th century, which proposed that the planets follow elliptical orbits, with the Sun at one focus of the ellipse.', ""The willingness to question previously held truths and search for new answers resulted in a period of major scientific advancements, now known as the Scientific Revolution. The Scientific Revolution is traditionally held by most historians to have begun in 1543, when the books De humani corporis fabrica (On the Workings of the Human Body) by Andreas Vesalius, and also De Revolutionibus, by the astronomer Nicolaus Copernicus, were first printed. The thesis of Copernicus' book was that the Earth moved around the Sun."", 'Partly by selection and partly by distortion, the scientists of earlier ages are implicitly presented as having worked upon the same set of fixed problems and in accordance with the same set of fixed canons that the most recent revolution in scientific theory and method made seem scientific.""', ""This apparent backward motion is created when Earth's orbit takes it past an outer planet. Because Neptune was only beginning its yearly retrograde cycle, the motion of the planet was far too slight to be detected with Galileo's small telescope. In July 2009, University of Melbourne physicist David Jamieson announced new evidence suggesting that Galileo was at least aware that the 'star' he had observed had moved relative to the fixed stars."", 'Galileo (""Father of Modern Physics"") also made use of experiments to validate physical theories, a key element of the scientific method.']",,the Earth moved around the Sun,64.63589996565133,327.36480003222823
What book was printed by Isaac Newton in 1687?,"['The period culminated with the publication of the Philosophiæ Naturalis Principia Mathematica in 1687 by Isaac Newton, representative of the unprecedented growth of scientific publications throughout Europe.', ""More formal works included explanations of scientific theories for individuals lacking the educational background to comprehend the original scientific text. Sir Isaac Newton's celebrated Philosophiae Naturalis Principia Mathematica was published in Latin and remained inaccessible to readers without education in the classics until Enlightenment writers began to translate and analyze the text in the vernacular."", ""The willingness to question previously held truths and search for new answers resulted in a period of major scientific advancements, now known as the Scientific Revolution. The Scientific Revolution is traditionally held by most historians to have begun in 1543, when the books De humani corporis fabrica (On the Workings of the Human Body) by Andreas Vesalius, and also De Revolutionibus, by the astronomer Nicolaus Copernicus, were first printed. The thesis of Copernicus' book was that the Earth moved around the Sun."", 'The scientific revolution is a convenient boundary between ancient thought and classical physics. Nicolaus Copernicus revived the heliocentric model of the solar system described by Aristarchus of Samos. This was followed by the first known model of planetary motion given by Johannes Kepler in the early 17th century, which proposed that the planets follow elliptical orbits, with the Sun at one focus of the ellipse.', 'Galileo (""Father of Modern Physics"") also made use of experiments to validate physical theories, a key element of the scientific method.']",,Philosophiæ Naturalis Principia Mathematica,62.80469999182969,354.4086000183597
"Who did Burke write to on Nov 4, 1793?","['Burke believed the Government was not taking the uprising seriously enough, a view reinforced by a letter he had received from the Prince Charles of France (S.A.R. le comte d\'Artois), dated 23 October, requesting that he intercede on behalf of the royalists to the Government. Burke was forced to reply on 6 November: ""I am not in His Majesty\'s Service; or at all consulted in his Affairs"". Burke published his Remarks on the Policy of the Allies with Respect to France, begun in October, where he said: ""I am sure every thing has shewn us that in this war with France, one Frenchman is worth twenty foreigners.', 'Burke supported the war against revolutionary France, seeing Britain as fighting on the side of the royalists and émigres in a civil war, rather than fighting against the whole nation of France. Burke also supported the royalist uprising in La Vendée, describing it on 4 November 1793 in a letter to William Windham, as ""the sole affair I have much heart in"". Burke wrote to Henry Dundas on 7 October urging him to send reinforcements there, as he viewed it as the only theatre in the war that might lead to a march on Paris.', 'In May 1778, Burke supported a parliamentary motion revising restrictions on Irish trade. His constituents, citizens of the great trading city of Bristol, however urged Burke to oppose free trade with Ireland. Burke resisted their protestations and said: ""If, from this conduct, I shall forfeit their suffrages at an ensuing election, it will stand on record an example to future representatives of the Commons of England, that one man at least had dared to resist the desires of his constituents when his judgment assured him they were wrong"".', ""Burke graduated from Trinity in 1748. Burke's father wanted him to read Law, and with this in mind he went to London in 1750, where he entered the Middle Temple, before soon giving up legal study to travel in Continental Europe. After eschewing the Law, he pursued a livelihood through writing."", 'In 1744, Burke started at Trinity College Dublin, a Protestant establishment, which up until 1793, did not permit Catholics to take degrees. In 1747, he set up a debating society, ""Edmund Burke\'s Club"", which, in 1770, merged with TCD\'s Historical Club to form the College Historical Society; it is the oldest undergraduate society in the world. The minutes of the meetings of Burke\'s Club remain in the collection of the Historical Society.']",,William Windham,63.50650009699166,343.3079000096768
Which faction's uprising in La Vendee did Burke support?,"['Burke supported the war against revolutionary France, seeing Britain as fighting on the side of the royalists and émigres in a civil war, rather than fighting against the whole nation of France. Burke also supported the royalist uprising in La Vendée, describing it on 4 November 1793 in a letter to William Windham, as ""the sole affair I have much heart in"". Burke wrote to Henry Dundas on 7 October urging him to send reinforcements there, as he viewed it as the only theatre in the war that might lead to a march on Paris.', 'Burke believed the Government was not taking the uprising seriously enough, a view reinforced by a letter he had received from the Prince Charles of France (S.A.R. le comte d\'Artois), dated 23 October, requesting that he intercede on behalf of the royalists to the Government. Burke was forced to reply on 6 November: ""I am not in His Majesty\'s Service; or at all consulted in his Affairs"". Burke published his Remarks on the Policy of the Allies with Respect to France, begun in October, where he said: ""I am sure every thing has shewn us that in this war with France, one Frenchman is worth twenty foreigners.', 'In May 1778, Burke supported a parliamentary motion revising restrictions on Irish trade. His constituents, citizens of the great trading city of Bristol, however urged Burke to oppose free trade with Ireland. Burke resisted their protestations and said: ""If, from this conduct, I shall forfeit their suffrages at an ensuing election, it will stand on record an example to future representatives of the Commons of England, that one man at least had dared to resist the desires of his constituents when his judgment assured him they were wrong"".', 'In 1744, Burke started at Trinity College Dublin, a Protestant establishment, which up until 1793, did not permit Catholics to take degrees. In 1747, he set up a debating society, ""Edmund Burke\'s Club"", which, in 1770, merged with TCD\'s Historical Club to form the College Historical Society; it is the oldest undergraduate society in the world. The minutes of the meetings of Burke\'s Club remain in the collection of the Historical Society.', 'Violent incidents occurred throughout the Piedmont of the state as white insurgents struggled to maintain white supremacy in the face of social changes after the war and granting of citizenship to freedmen by federal constitutional amendments. After former Confederates were allowed to vote again, election campaigns from 1872 on were marked by violent intimidation of blacks and Republicans by white Democratic paramilitary groups, known as the Red Shirts. Violent incidents took place in Charleston on King Street in September 6 and in nearby Cainhoy on October 15, both in association with political meetings before the 1876 election.']",,royalist,61.98910006787628,370.4419999849051
Who did Burke urge to send reinforcements to La Vendee?,"['Burke supported the war against revolutionary France, seeing Britain as fighting on the side of the royalists and émigres in a civil war, rather than fighting against the whole nation of France. Burke also supported the royalist uprising in La Vendée, describing it on 4 November 1793 in a letter to William Windham, as ""the sole affair I have much heart in"". Burke wrote to Henry Dundas on 7 October urging him to send reinforcements there, as he viewed it as the only theatre in the war that might lead to a march on Paris.', 'Burke believed the Government was not taking the uprising seriously enough, a view reinforced by a letter he had received from the Prince Charles of France (S.A.R. le comte d\'Artois), dated 23 October, requesting that he intercede on behalf of the royalists to the Government. Burke was forced to reply on 6 November: ""I am not in His Majesty\'s Service; or at all consulted in his Affairs"". Burke published his Remarks on the Policy of the Allies with Respect to France, begun in October, where he said: ""I am sure every thing has shewn us that in this war with France, one Frenchman is worth twenty foreigners.', 'In May 1778, Burke supported a parliamentary motion revising restrictions on Irish trade. His constituents, citizens of the great trading city of Bristol, however urged Burke to oppose free trade with Ireland. Burke resisted their protestations and said: ""If, from this conduct, I shall forfeit their suffrages at an ensuing election, it will stand on record an example to future representatives of the Commons of England, that one man at least had dared to resist the desires of his constituents when his judgment assured him they were wrong"".', ""In late April Peng Dehuai sent his deputy, Hong Xuezhi, to brief Zhou Enlai in Beijing. What Chinese soldiers feared, Hong said, was not the enemy, but that they had nothing to eat, no bullets to shoot, and no trucks to transport them to the rear when they were wounded. Zhou attempted to respond to the PVA's logistical concerns by increasing Chinese production and improving methods of supply, but these efforts were never completely sufficient."", 'The British wanted to attack that afternoon, but the French wanted to defer the attack. A postponement was agreed, but on the next day the French were still not ready. By 19 October the Russians had transferred some heavy guns to the southern defenses and outgunned the allies.:431']",,Henry Dundas,56.62639997899532,352.30450006201863
Where did Burke think La Vendee might lead to a march on?,"['Burke supported the war against revolutionary France, seeing Britain as fighting on the side of the royalists and émigres in a civil war, rather than fighting against the whole nation of France. Burke also supported the royalist uprising in La Vendée, describing it on 4 November 1793 in a letter to William Windham, as ""the sole affair I have much heart in"". Burke wrote to Henry Dundas on 7 October urging him to send reinforcements there, as he viewed it as the only theatre in the war that might lead to a march on Paris.', 'Burke believed the Government was not taking the uprising seriously enough, a view reinforced by a letter he had received from the Prince Charles of France (S.A.R. le comte d\'Artois), dated 23 October, requesting that he intercede on behalf of the royalists to the Government. Burke was forced to reply on 6 November: ""I am not in His Majesty\'s Service; or at all consulted in his Affairs"". Burke published his Remarks on the Policy of the Allies with Respect to France, begun in October, where he said: ""I am sure every thing has shewn us that in this war with France, one Frenchman is worth twenty foreigners.', 'In May 1778, Burke supported a parliamentary motion revising restrictions on Irish trade. His constituents, citizens of the great trading city of Bristol, however urged Burke to oppose free trade with Ireland. Burke resisted their protestations and said: ""If, from this conduct, I shall forfeit their suffrages at an ensuing election, it will stand on record an example to future representatives of the Commons of England, that one man at least had dared to resist the desires of his constituents when his judgment assured him they were wrong"".', 'La Vendée is a proof of this"".', 'The unpopular Louis XVIII fled to Belgium after realizing he had little political support. On March 13, the powers at the Congress of Vienna declared Napoleon an outlaw. Four days later, Great Britain, Russia, Austria, and Prussia each pledged to put 150,000 men into the field to end his rule.']",,Paris,68.5956000816077,318.7700000125915
What did Burke support Britain fighting against?,"['Burke supported the war against revolutionary France, seeing Britain as fighting on the side of the royalists and émigres in a civil war, rather than fighting against the whole nation of France. Burke also supported the royalist uprising in La Vendée, describing it on 4 November 1793 in a letter to William Windham, as ""the sole affair I have much heart in"". Burke wrote to Henry Dundas on 7 October urging him to send reinforcements there, as he viewed it as the only theatre in the war that might lead to a march on Paris.', 'In May 1778, Burke supported a parliamentary motion revising restrictions on Irish trade. His constituents, citizens of the great trading city of Bristol, however urged Burke to oppose free trade with Ireland. Burke resisted their protestations and said: ""If, from this conduct, I shall forfeit their suffrages at an ensuing election, it will stand on record an example to future representatives of the Commons of England, that one man at least had dared to resist the desires of his constituents when his judgment assured him they were wrong"".', 'Burke believed the Government was not taking the uprising seriously enough, a view reinforced by a letter he had received from the Prince Charles of France (S.A.R. le comte d\'Artois), dated 23 October, requesting that he intercede on behalf of the royalists to the Government. Burke was forced to reply on 6 November: ""I am not in His Majesty\'s Service; or at all consulted in his Affairs"". Burke published his Remarks on the Policy of the Allies with Respect to France, begun in October, where he said: ""I am sure every thing has shewn us that in this war with France, one Frenchman is worth twenty foreigners.', ""Burke graduated from Trinity in 1748. Burke's father wanted him to read Law, and with this in mind he went to London in 1750, where he entered the Middle Temple, before soon giving up legal study to travel in Continental Europe. After eschewing the Law, he pursued a livelihood through writing."", 'In 1744, Burke started at Trinity College Dublin, a Protestant establishment, which up until 1793, did not permit Catholics to take degrees. In 1747, he set up a debating society, ""Edmund Burke\'s Club"", which, in 1770, merged with TCD\'s Historical Club to form the College Historical Society; it is the oldest undergraduate society in the world. The minutes of the meetings of Burke\'s Club remain in the collection of the Historical Society.']",,revolutionary France,59.63769997470081,336.97160007432103
Einstein and what other two individuals revisited the black-body problem in 1905?,"['The black-body problem was revisited in 1905, when Rayleigh and Jeans (on the one hand) and Einstein (on the other hand) independently proved that classical electromagnetism could never account for the observed spectrum. These proofs are commonly known as the ""ultraviolet catastrophe"", a name coined by Paul Ehrenfest in 1911. They contributed greatly (along with Einstein\'s work on the photoelectric effect) to convincing physicists that Planck\'s postulate of quantized energy levels was more than a mere mathematical formalism.', 'The very first Solvay Conference in 1911 was devoted to ""the theory of radiation and quanta"". Max Planck received the 1918 Nobel Prize in Physics ""in recognition of the services he rendered to the advancement of Physics by his discovery of energy quanta"".', 'First recognized in 1900 by Max Planck, it was originally the proportionality constant between the minimal increment of energy, E, of a hypothetical electrically charged oscillator in a cavity that contained black body radiation, and the frequency, f, of its associated electromagnetic wave. In 1905 the value E, the minimal energy increment of a hypothetical oscillator, was theoretically associated by Einstein with a ""quantum"" or minimal element of the energy of the electromagnetic wave itself. The light quantum behaved in some respects as an electrically neutral particle, as opposed to an electromagnetic wave.', 'Galileo (""Father of Modern Physics"") also made use of experiments to validate physical theories, a key element of the scientific method.', 'Partly by selection and partly by distortion, the scientists of earlier ages are implicitly presented as having worked upon the same set of fixed problems and in accordance with the same set of fixed canons that the most recent revolution in scientific theory and method made seem scientific.""']",,Rayleigh and Jeans,61.961499974131584,356.8247000221163
"Who came up with the term, ""ultraviolet catastrophe""?","['The black-body problem was revisited in 1905, when Rayleigh and Jeans (on the one hand) and Einstein (on the other hand) independently proved that classical electromagnetism could never account for the observed spectrum. These proofs are commonly known as the ""ultraviolet catastrophe"", a name coined by Paul Ehrenfest in 1911. They contributed greatly (along with Einstein\'s work on the photoelectric effect) to convincing physicists that Planck\'s postulate of quantized energy levels was more than a mere mathematical formalism.', 'It was eventually called the photon.', 'The very first Solvay Conference in 1911 was devoted to ""the theory of radiation and quanta"". Max Planck received the 1918 Nobel Prize in Physics ""in recognition of the services he rendered to the advancement of Physics by his discovery of energy quanta"".', 'First recognized in 1900 by Max Planck, it was originally the proportionality constant between the minimal increment of energy, E, of a hypothetical electrically charged oscillator in a cavity that contained black body radiation, and the frequency, f, of its associated electromagnetic wave. In 1905 the value E, the minimal energy increment of a hypothetical oscillator, was theoretically associated by Einstein with a ""quantum"" or minimal element of the energy of the electromagnetic wave itself. The light quantum behaved in some respects as an electrically neutral particle, as opposed to an electromagnetic wave.', 'Prior to Einstein\'s paper, electromagnetic radiation such as visible light was considered to behave as a wave: hence the use of the terms ""frequency"" and ""wavelength"" to characterise different types of radiation. The energy transferred by a wave in a given time is called its intensity. The light from a theatre spotlight is more intense than the light from a domestic lightbulb; that is to say that the spotlight gives out more energy per unit time and per unit space(and hence consumes more electricity) than the ordinary bulb, even though the colour of the light might be very similar.']",,Paul Ehrenfest,58.7091000052169,354.018299956806
"When did Paul Ehrenfest come up with the name ""ultraviolet catastrophe""?","['The black-body problem was revisited in 1905, when Rayleigh and Jeans (on the one hand) and Einstein (on the other hand) independently proved that classical electromagnetism could never account for the observed spectrum. These proofs are commonly known as the ""ultraviolet catastrophe"", a name coined by Paul Ehrenfest in 1911. They contributed greatly (along with Einstein\'s work on the photoelectric effect) to convincing physicists that Planck\'s postulate of quantized energy levels was more than a mere mathematical formalism.', 'It was eventually called the photon.', 'First recognized in 1900 by Max Planck, it was originally the proportionality constant between the minimal increment of energy, E, of a hypothetical electrically charged oscillator in a cavity that contained black body radiation, and the frequency, f, of its associated electromagnetic wave. In 1905 the value E, the minimal energy increment of a hypothetical oscillator, was theoretically associated by Einstein with a ""quantum"" or minimal element of the energy of the electromagnetic wave itself. The light quantum behaved in some respects as an electrically neutral particle, as opposed to an electromagnetic wave.', 'The very first Solvay Conference in 1911 was devoted to ""the theory of radiation and quanta"". Max Planck received the 1918 Nobel Prize in Physics ""in recognition of the services he rendered to the advancement of Physics by his discovery of energy quanta"".', 'An amount of light compatible with everyday experience is the energy of one mole of photons; its energy can be computed by multiplying the photon energy by the Avogadro constant, NA ≈ 7023602200000000000♠6.022×1023 mol−1. The result is that green light of wavelength 555 nm has an energy of 7005216000000000000♠216 kJ/mol, a typical energy of everyday life.']",,1911,63.28070000745356,341.6224999818951
When was the first Solvay Conference held?,"['The very first Solvay Conference in 1911 was devoted to ""the theory of radiation and quanta"". Max Planck received the 1918 Nobel Prize in Physics ""in recognition of the services he rendered to the advancement of Physics by his discovery of energy quanta"".', 'Initially, the Council consisted of Lt. General Sir John Clavering, The Honourable Sir George Monson, Sir Richard Barwell, and Sir Philip Francis.', 'His 1945 report ‘Proposed Electronic Calculator’ was the first specification for such a device. John von Neumann at the University of Pennsylvania, also circulated his First Draft of a Report on the EDVAC in 1945.', 'Popper dedicated his Conjectures and Refutations to Hayek. For his part, Hayek dedicated a collection of papers, Studies in Philosophy, Politics, and Economics, to Popper and, in 1982, said that ""ever since his Logik der Forschung first came out in 1934, I have been a complete adherent to his general theory of methodology"". Popper also participated in the inaugural meeting of the Mont Pelerin Society.', 'In 337 BC, the first plebeian praetor was elected. During these years, the tribunes and the senators grew increasingly close. The senate realised the need to use plebeian officials to accomplish desired goals.']",,1911,53.99590008892119,357.7551000053063
Who received the Nobel Prize in Physics in 1918?,"['The very first Solvay Conference in 1911 was devoted to ""the theory of radiation and quanta"". Max Planck received the 1918 Nobel Prize in Physics ""in recognition of the services he rendered to the advancement of Physics by his discovery of energy quanta"".', 'In August 2014, Maryam Mirzakhani became the first-ever woman, as well as the first-ever Iranian, to receive the Fields Medal, the highest prize in mathematics.', 'Galileo (""Father of Modern Physics"") also made use of experiments to validate physical theories, a key element of the scientific method.', 'The black-body problem was revisited in 1905, when Rayleigh and Jeans (on the one hand) and Einstein (on the other hand) independently proved that classical electromagnetism could never account for the observed spectrum. These proofs are commonly known as the ""ultraviolet catastrophe"", a name coined by Paul Ehrenfest in 1911. They contributed greatly (along with Einstein\'s work on the photoelectric effect) to convincing physicists that Planck\'s postulate of quantized energy levels was more than a mere mathematical formalism.', 'The statement that ""discoveries are...property"" goes back earlier. Section 1 of the French law of 1791 stated, ""All new discoveries are the property of the author; to assure the inventor the property and temporary enjoyment of his discovery, there shall be delivered to him a patent for five, ten or fifteen years."" In Europe, French author A. Nion mentioned propriété intellectuelle in his Droits civils des auteurs, artistes et inventeurs, published in 1846.']",,Max Planck,58.29620000440627,374.9440999235958
What did Rayleigh & Jeans and Einstein prove independently in 1905?,"['The black-body problem was revisited in 1905, when Rayleigh and Jeans (on the one hand) and Einstein (on the other hand) independently proved that classical electromagnetism could never account for the observed spectrum. These proofs are commonly known as the ""ultraviolet catastrophe"", a name coined by Paul Ehrenfest in 1911. They contributed greatly (along with Einstein\'s work on the photoelectric effect) to convincing physicists that Planck\'s postulate of quantized energy levels was more than a mere mathematical formalism.', 'The very first Solvay Conference in 1911 was devoted to ""the theory of radiation and quanta"". Max Planck received the 1918 Nobel Prize in Physics ""in recognition of the services he rendered to the advancement of Physics by his discovery of energy quanta"".', 'Galileo (""Father of Modern Physics"") also made use of experiments to validate physical theories, a key element of the scientific method.', 'Partly by selection and partly by distortion, the scientists of earlier ages are implicitly presented as having worked upon the same set of fixed problems and in accordance with the same set of fixed canons that the most recent revolution in scientific theory and method made seem scientific.""', 'Similarly Robert Boyle, a prominent advocate of the experimental method, held that we have innate ideas. The main continental rationalists (Descartes, Spinoza, and Leibniz) were also advocates of the empirical ""scientific method"".']",,classical electromagnetism could never account for the observed spectrum,62.034000060521066,354.19560002628714
What name did Paul Ehrenfest give to the proofs from Einstein and Rayleigh & Jeans?,"['The black-body problem was revisited in 1905, when Rayleigh and Jeans (on the one hand) and Einstein (on the other hand) independently proved that classical electromagnetism could never account for the observed spectrum. These proofs are commonly known as the ""ultraviolet catastrophe"", a name coined by Paul Ehrenfest in 1911. They contributed greatly (along with Einstein\'s work on the photoelectric effect) to convincing physicists that Planck\'s postulate of quantized energy levels was more than a mere mathematical formalism.', 'First recognized in 1900 by Max Planck, it was originally the proportionality constant between the minimal increment of energy, E, of a hypothetical electrically charged oscillator in a cavity that contained black body radiation, and the frequency, f, of its associated electromagnetic wave. In 1905 the value E, the minimal energy increment of a hypothetical oscillator, was theoretically associated by Einstein with a ""quantum"" or minimal element of the energy of the electromagnetic wave itself. The light quantum behaved in some respects as an electrically neutral particle, as opposed to an electromagnetic wave.', 'In Du ""Cubisme"" Metzinger and Gleizes explicitly related the sense of time to multiple perspective, giving symbolic expression to the notion of ‘duration’ proposed by the philosopher Henri Bergson according to which life is subjectively experienced as a continuum, with the past flowing into the present and the present merging into the future. The Salon Cubists used the faceted treatment of solid and space and effects of multiple viewpoints to convey a physical and psychological sense of the fluidity of consciousness, blurring the distinctions between past, present and future. One of the major theoretical innovations made by the Salon Cubists, independently of Picasso and Braque, was that of simultaneity, drawing to greater or lesser extent on theories of Henri Poincaré, Ernst Mach, Charles Henry, Maurice Princet, and Henri Bergson.', 'Feynman has been called the ""Great Explainer"". He gained a reputation for taking great care when giving explanations to his students and for making it a moral duty to make the topic accessible. His guiding principle was that, if a topic could not be explained in a freshman lecture, it was not yet fully understood.', 'Proving the existence of a positive growth rate and proving that the growth rate equals the interest rate were remarkable achievements, even for von Neumann.']",,"the ""ultraviolet catastrophe""",56.1584000242874,346.83039993979037
When was the first Solvay Conference held?,"['The very first Solvay Conference in 1911 was devoted to ""the theory of radiation and quanta"". Max Planck received the 1918 Nobel Prize in Physics ""in recognition of the services he rendered to the advancement of Physics by his discovery of energy quanta"".', 'Initially, the Council consisted of Lt. General Sir John Clavering, The Honourable Sir George Monson, Sir Richard Barwell, and Sir Philip Francis.', 'His 1945 report ‘Proposed Electronic Calculator’ was the first specification for such a device. John von Neumann at the University of Pennsylvania, also circulated his First Draft of a Report on the EDVAC in 1945.', 'Popper dedicated his Conjectures and Refutations to Hayek. For his part, Hayek dedicated a collection of papers, Studies in Philosophy, Politics, and Economics, to Popper and, in 1982, said that ""ever since his Logik der Forschung first came out in 1934, I have been a complete adherent to his general theory of methodology"". Popper also participated in the inaugural meeting of the Mont Pelerin Society.', 'In 337 BC, the first plebeian praetor was elected. During these years, the tribunes and the senators grew increasingly close. The senate realised the need to use plebeian officials to accomplish desired goals.']",,1911,67.50040000770241,325.68339991848916
What was the topic of the first Solvay Conference?,"['The very first Solvay Conference in 1911 was devoted to ""the theory of radiation and quanta"". Max Planck received the 1918 Nobel Prize in Physics ""in recognition of the services he rendered to the advancement of Physics by his discovery of energy quanta"".', 'Initially, the Council consisted of Lt. General Sir John Clavering, The Honourable Sir George Monson, Sir Richard Barwell, and Sir Philip Francis.', 'Popper dedicated his Conjectures and Refutations to Hayek. For his part, Hayek dedicated a collection of papers, Studies in Philosophy, Politics, and Economics, to Popper and, in 1982, said that ""ever since his Logik der Forschung first came out in 1934, I have been a complete adherent to his general theory of methodology"". Popper also participated in the inaugural meeting of the Mont Pelerin Society.', ""In spring 1987, a protest movement arose against new phosphate mines in Estonia. Signatures were collected in Tartu, and students assembled in the university's main hall to express lack of confidence in the government. At a demonstration on May 1, 1987, young people showed up with banners and slogans despite an official ban."", 'His 1945 report ‘Proposed Electronic Calculator’ was the first specification for such a device. John von Neumann at the University of Pennsylvania, also circulated his First Draft of a Report on the EDVAC in 1945.']",,"""the theory of radiation and quanta""",59.397800010629,334.5084000611678
In what year did Planck receive the Nobel Prize in Physics for his discovery of energy quanta?,"['The very first Solvay Conference in 1911 was devoted to ""the theory of radiation and quanta"". Max Planck received the 1918 Nobel Prize in Physics ""in recognition of the services he rendered to the advancement of Physics by his discovery of energy quanta"".', 'First recognized in 1900 by Max Planck, it was originally the proportionality constant between the minimal increment of energy, E, of a hypothetical electrically charged oscillator in a cavity that contained black body radiation, and the frequency, f, of its associated electromagnetic wave. In 1905 the value E, the minimal energy increment of a hypothetical oscillator, was theoretically associated by Einstein with a ""quantum"" or minimal element of the energy of the electromagnetic wave itself. The light quantum behaved in some respects as an electrically neutral particle, as opposed to an electromagnetic wave.', 'The black-body problem was revisited in 1905, when Rayleigh and Jeans (on the one hand) and Einstein (on the other hand) independently proved that classical electromagnetism could never account for the observed spectrum. These proofs are commonly known as the ""ultraviolet catastrophe"", a name coined by Paul Ehrenfest in 1911. They contributed greatly (along with Einstein\'s work on the photoelectric effect) to convincing physicists that Planck\'s postulate of quantized energy levels was more than a mere mathematical formalism.', 'As the only neutral atom for which the Schrödinger equation can be solved analytically, study of the energetics and bonding of the hydrogen atom has played a key role in the development of quantum mechanics.', 'Equivalently, the smallness of the Planck constant reflects the fact that everyday objects and systems are made of a large number of particles. For example, green light with a wavelength of 555 nanometres (the approximate wavelength to which human eyes are most sensitive) has a frequency of 7014540000000000000♠540 THz (7014540000000000000♠540×1012 Hz). Each photon has an energy E = hf = 6981358000000000000♠3.58×10−19 J. That is a very small amount of energy in terms of everyday experience, but everyday experience is not concerned with individual photons any more than with individual atoms or molecules.']",,1918,67.15549994260073,353.34209993015975
what controversial practice does Egypt actively administer as punishment?,"['Egypt actively practices capital punishment. Egypt\'s authorities do not release figures on death sentences and executions, despite repeated requests over the years by human rights organisations. The United Nations human rights office and various NGOs expressed ""deep alarm"" after an Egyptian Minya Criminal Court sentenced 529 people to death in a single hearing on 25 March 2014.', 'Sentenced supporters of former President Mohamed Morsi will be executed for their alleged role in violence following his ousting in July 2013. The judgment was condemned as a violation of international law. By May 2014, approximately 16,000 people (and as high as more than 40,000 by one independent count), mostly Brotherhood members or supporters, have been imprisoned after the coup  after the Muslim Brotherhood was labelled as terrorist organisation by the post-coup interim Egyptian government.', 'As noted in the introduction to this article, the American public has maintained its position of support for capital punishment for murder. However, when given a choice between the death penalty and life imprisonment without parole, support has traditionally been significantly lower than polling which has only mentioned the death penalty as a punishment. In 2010, for instance, one poll showed 49 percent favoring the death penalty and 46 percent favoring life imprisonment while in another 61% said they preferred another punishment to the death penalty.', 'Archaeology confirms the widespread use of binding spells (defixiones), magical papyri and so-called ""voodoo dolls"" from a very early era. Around 250 defixiones have been recovered just from Roman Britain, in both urban and rural settings. Some seek straightforward, usually gruesome revenge, often for a lover\'s offense or rejection.', 'Since the 2010 election, the government has embarked on a series of reforms to direct the country towards liberal democracy, a mixed economy, and reconciliation, although doubts persist about the motives that underpin such reforms. The series of reforms includes the release of pro-democracy leader Aung San Suu Kyi from house arrest, the establishment of the National Human Rights Commission, the granting of general amnesties for more than 200 political prisoners, new labour laws that permit labour unions and strikes, a relaxation of press censorship, and the regulation of currency practices.']",,capital punishment,55.739000090397894,404.4403999578208
What was Muslim Brotherhood labelled post coup?,"['Sentenced supporters of former President Mohamed Morsi will be executed for their alleged role in violence following his ousting in July 2013. The judgment was condemned as a violation of international law. By May 2014, approximately 16,000 people (and as high as more than 40,000 by one independent count), mostly Brotherhood members or supporters, have been imprisoned after the coup  after the Muslim Brotherhood was labelled as terrorist organisation by the post-coup interim Egyptian government.', ""Nasser's return to Egypt coincided with Husni al-Za'im's Syrian coup d'état. Its success and evident popular support among the Syrian people encouraged Nasser's revolutionary pursuits. Soon after his return, he was summoned and interrogated by Prime Minister Ibrahim Abdel Hadi regarding suspicions that he was forming a secret group of dissenting officers."", ""Many insurgency leaders are Islamists and claim to be fighting a religious war to reestablish the Islamic Caliphate of centuries past. Iraq's former president, Saddam Hussein was captured by U.S. forces in December 2003. He was executed in 2006."", 'In September 2003, a military coup was conducted. The military arrested Ialá on the charge of being ""unable to solve the problems"". After being delayed several times, legislative elections were held in March 2004.', 'Ruling by decree, he implemented measures to remove what he viewed as foreign imperialist influence from Libya, and strengthened ties to Arab nationalist governments. Intent on pushing Libya towards ""Islamic socialism"", he introduced sharia as the basis for the legal system and nationalized the oil industry, using the increased revenues to bolster the military, implement social programs and fund revolutionary militants across the world. In 1973 he initiated a ""Popular Revolution"" with the formation of General People\'s Committees (GPCs), purported to be a system of direct democracy, but retained personal control over major decisions.']",,terrorist organisation,63.02640005014837,349.65320001356304
In March 2014 what number of people were sentenced to death in a single hearing?,"['Egypt actively practices capital punishment. Egypt\'s authorities do not release figures on death sentences and executions, despite repeated requests over the years by human rights organisations. The United Nations human rights office and various NGOs expressed ""deep alarm"" after an Egyptian Minya Criminal Court sentenced 529 people to death in a single hearing on 25 March 2014.', 'More than 700 civilians were wounded, hundreds were detained, but only a few were actually tried for alleged criminal offenses.', 'Sentenced supporters of former President Mohamed Morsi will be executed for their alleged role in violence following his ousting in July 2013. The judgment was condemned as a violation of international law. By May 2014, approximately 16,000 people (and as high as more than 40,000 by one independent count), mostly Brotherhood members or supporters, have been imprisoned after the coup  after the Muslim Brotherhood was labelled as terrorist organisation by the post-coup interim Egyptian government.', 'As noted in the introduction to this article, the American public has maintained its position of support for capital punishment for murder. However, when given a choice between the death penalty and life imprisonment without parole, support has traditionally been significantly lower than polling which has only mentioned the death penalty as a punishment. In 2010, for instance, one poll showed 49 percent favoring the death penalty and 46 percent favoring life imprisonment while in another 61% said they preferred another punishment to the death penalty.', 'Previous post-Furman mass clemencies took place in 1986 in New Mexico, when Governor Toney Anaya commuted all death sentences because of his personal opposition to the death penalty. In 1991, outgoing Ohio Governor Dick Celeste commuted the sentences of eight prisoners, among them all four women on the state\'s death row. And during his two terms (1979–1987) as Florida\'s Governor, Bob Graham, although a strong death penalty supporter who had overseen the first post-Furman involuntary execution as well as 15 others, agreed to commute the sentences of six people on the grounds of ""possible innocence"" or ""disproportionality.""']",,529,76.36040006764233,347.4734000628814
What former president's supporters are set to be executed?,"['Sentenced supporters of former President Mohamed Morsi will be executed for their alleged role in violence following his ousting in July 2013. The judgment was condemned as a violation of international law. By May 2014, approximately 16,000 people (and as high as more than 40,000 by one independent count), mostly Brotherhood members or supporters, have been imprisoned after the coup  after the Muslim Brotherhood was labelled as terrorist organisation by the post-coup interim Egyptian government.', ""Many insurgency leaders are Islamists and claim to be fighting a religious war to reestablish the Islamic Caliphate of centuries past. Iraq's former president, Saddam Hussein was captured by U.S. forces in December 2003. He was executed in 2006."", 'Previous post-Furman mass clemencies took place in 1986 in New Mexico, when Governor Toney Anaya commuted all death sentences because of his personal opposition to the death penalty. In 1991, outgoing Ohio Governor Dick Celeste commuted the sentences of eight prisoners, among them all four women on the state\'s death row. And during his two terms (1979–1987) as Florida\'s Governor, Bob Graham, although a strong death penalty supporter who had overseen the first post-Furman involuntary execution as well as 15 others, agreed to commute the sentences of six people on the grounds of ""possible innocence"" or ""disproportionality.""', 'More than 700 civilians were wounded, hundreds were detained, but only a few were actually tried for alleged criminal offenses.', 'FBI records show that 85% of COINTELPRO resources targeted groups and individuals that the FBI deemed ""subversive"", including communist and socialist organizations; organizations and individuals associated with the Civil Rights Movement, including Martin Luther King, Jr. and others associated with the Southern Christian Leadership Conference, the National Association for the Advancement of Colored People, and the Congress of Racial Equality and other civil rights organizations; black nationalist groups; the American Indian Movement; a broad range of organizations labeled ""New Left"", including Students for a Democratic Society and the Weathermen; almost all groups protesting the Vietnam War, as well as individual student demonstrators with no group affiliation; the National Lawyers Guild; organizations and individuals associated with the women\'s rights movement; nationalist groups such as those seeking independence for Puerto Rico, United Ireland, and Cuban exile movements including Orlando Bosch\'s Cuban Power and the Cuban Nationalist Movement. The remaining 15% of COINTELPRO resources were expended to marginalize and subvert white hate groups, including the Ku Klux Klan and the National States\' Rights Party.']",,Mohamed Morsi,61.388100031763315,403.8101000478491
"How long ago did ""Nanjing Man"" live?","['Archaeological discovery shows that ""Nanjing Man"" lived in more than 500 thousand years ago. Zun, a kind of wine vessel, was found to exist in Beiyinyangying culture of Nanjing in about 5000 years ago. In the late period of Shang dynasty, Taibo of Zhou came to Jiangnan and established Wu state, and the first stop is in Nanjing area according to some historians based on discoveries in Taowu and Hushu culture.', 'Nanjing was later the capital city of Danyang Prefecture, and had been the capital city of Yangzhou for about 400 years from late Han to early Tang.', ""According to legend,[which?] Fuchai, King of the State of Wu, founded a fort named Yecheng (冶城) in today's Nanjing area in 495 BC. Later in 473 BC, the State of Yue conquered Wu and constructed the fort of Yuecheng (越城) on the outskirts of the present-day Zhonghua Gate."", 'Nanjing ( listen; Chinese: 南京, ""Southern Capital"") is the city situated in the heartland of lower Yangtze River region in China, which has long been a major centre of culture, education, research, politics, economy, transport networks and tourism. It is the capital city of Jiangsu province of People\'s Republic of China and the second largest city in East China, with a total population of 8,216,100, and legally the capital of Republic of China which lost the mainland during the civil war. The city whose name means ""Southern Capital"" has a prominent place in Chinese history and culture, having served as the capitals of various Chinese dynasties, kingdoms and republican governments dating from the 3rd century AD to 1949.', 'Although as a city located in southern part of China becoming Chinese national capital as early as in Jin dynasty, the name Nanjing was designated to the city in Ming dynasty, about a thousand years later. Nanjing is particularly known as Jinling (金陵, literally meaning Gold Mountain) and the old name has been used since the Warring States Period in Zhou Dynasty.']",,more than 500 thousand years ago,68.10139992740005,343.13719999045134
What vessel was found 5000 years ago?,"['For example, it has been found at the site of Hallus in Karnataka dating from around 1000 BC.', 'Archaeological discovery shows that ""Nanjing Man"" lived in more than 500 thousand years ago. Zun, a kind of wine vessel, was found to exist in Beiyinyangying culture of Nanjing in about 5000 years ago. In the late period of Shang dynasty, Taibo of Zhou came to Jiangnan and established Wu state, and the first stop is in Nanjing area according to some historians based on discoveries in Taowu and Hushu culture.', 'Around 250 BC, Archimedes was commissioned by the king to find a way to check the purity of the gold in a crown, leading to the famous bath-house shouting of ""Eureka!"" upon the discovery of Archimedes\' principle.', 'It was probably discovered independently in China before 2800 BC, in Central America perhaps around 600 AD, and in West Africa about the 9th or 10th century AD. Investment casting was invented in 4500–4000 BC in Southeast Asia and carbon dating has established mining at Alderley Edge in Cheshire, UK at 2280 to 1890 BC. Ötzi the Iceman, a male dated from 3300–3200 BC, was found with an axe with a copper head 99.7% pure; high levels of arsenic in his hair suggest his involvement in copper smelting.', 'Controversy persists over whether the Rus’ were Varangians (Vikings) or Slavs. This uncertainty is due largely to a paucity of contemporary sources. Attempts to address this question instead rely on archaeological evidence, the accounts of foreign observers, legends and literature from centuries later.']",,"Zun, a kind of wine vessel",59.39929990563542,339.6432999288663
When was the the fort of Yuecheng built?,"[""According to legend,[which?] Fuchai, King of the State of Wu, founded a fort named Yecheng (冶城) in today's Nanjing area in 495 BC. Later in 473 BC, the State of Yue conquered Wu and constructed the fort of Yuecheng (越城) on the outskirts of the present-day Zhonghua Gate."", ""In 333 BC, after eliminating the State of Yue, the State of Chu built Jinling Yi (金陵邑) in the western part of present-day Nanjing. It was renamed Moling (秣陵) during reign of Qin Shi Huang. Since then, the city experienced destruction and renewal many times.[citation needed] The area was successively part of Kuaiji, Zhang and Danyang prefectures in Qin and Han dynasty, and part of Yangzhou region which was established as the nation's 13 supervisory and administrative regions in the 5th year of Yuanfeng in Han dynasty (106 BC)."", ""With only twenty-three men, the valiant Martin beat off an attack by three Dutch warships. The English government planned to expand these fortifications (Fort William) in around 1689, but actual construction didn't begin until after the French admiral Pierre Le Moyne d'Iberville captured and destroyed the town in the Avalon Peninsula Campaign (1696). When 1500 English reinforcements arrived in late 1697 they found nothing but rubble where the town and fortifications had stood."", 'Archaeological discovery shows that ""Nanjing Man"" lived in more than 500 thousand years ago. Zun, a kind of wine vessel, was found to exist in Beiyinyangying culture of Nanjing in about 5000 years ago. In the late period of Shang dynasty, Taibo of Zhou came to Jiangnan and established Wu state, and the first stop is in Nanjing area according to some historians based on discoveries in Taowu and Hushu culture.', 'This was one of the first attempts by the Imperial government to form an organized army modeled after the Chinese system. It was called ""Gundan-Sei"" (軍団制) by later historians and is believed to have been short-lived.[citation needed]']",,473 BC,62.83390009775758,381.6405999241397
How long had Nanjing been the capital city of Yangzhou?,"['Nanjing was later the capital city of Danyang Prefecture, and had been the capital city of Yangzhou for about 400 years from late Han to early Tang.', 'Nanjing ( listen; Chinese: 南京, ""Southern Capital"") is the city situated in the heartland of lower Yangtze River region in China, which has long been a major centre of culture, education, research, politics, economy, transport networks and tourism. It is the capital city of Jiangsu province of People\'s Republic of China and the second largest city in East China, with a total population of 8,216,100, and legally the capital of Republic of China which lost the mainland during the civil war. The city whose name means ""Southern Capital"" has a prominent place in Chinese history and culture, having served as the capitals of various Chinese dynasties, kingdoms and republican governments dating from the 3rd century AD to 1949.', 'Although as a city located in southern part of China becoming Chinese national capital as early as in Jin dynasty, the name Nanjing was designated to the city in Ming dynasty, about a thousand years later. Nanjing is particularly known as Jinling (金陵, literally meaning Gold Mountain) and the old name has been used since the Warring States Period in Zhou Dynasty.', ""In 333 BC, after eliminating the State of Yue, the State of Chu built Jinling Yi (金陵邑) in the western part of present-day Nanjing. It was renamed Moling (秣陵) during reign of Qin Shi Huang. Since then, the city experienced destruction and renewal many times.[citation needed] The area was successively part of Kuaiji, Zhang and Danyang prefectures in Qin and Han dynasty, and part of Yangzhou region which was established as the nation's 13 supervisory and administrative regions in the 5th year of Yuanfeng in Han dynasty (106 BC)."", ""According to legend,[which?] Fuchai, King of the State of Wu, founded a fort named Yecheng (冶城) in today's Nanjing area in 495 BC. Later in 473 BC, the State of Yue conquered Wu and constructed the fort of Yuecheng (越城) on the outskirts of the present-day Zhonghua Gate.""]",,about 400 years,58.75450000166893,350.0748999649659
When was the Wu state created?,"['This brought a wide range of negative opinions from senior officials like Zhang Zhidong. The Wuchang Uprising of October 10, 1911, led to the creation of a new central government, the Republic of China, in Nanjing with Sun Yat-sen as its provisional head. Many provinces soon began ""separating"" from Qing control.', ""According to legend,[which?] Fuchai, King of the State of Wu, founded a fort named Yecheng (冶城) in today's Nanjing area in 495 BC. Later in 473 BC, the State of Yue conquered Wu and constructed the fort of Yuecheng (越城) on the outskirts of the present-day Zhonghua Gate."", ""In 333 BC, after eliminating the State of Yue, the State of Chu built Jinling Yi (金陵邑) in the western part of present-day Nanjing. It was renamed Moling (秣陵) during reign of Qin Shi Huang. Since then, the city experienced destruction and renewal many times.[citation needed] The area was successively part of Kuaiji, Zhang and Danyang prefectures in Qin and Han dynasty, and part of Yangzhou region which was established as the nation's 13 supervisory and administrative regions in the 5th year of Yuanfeng in Han dynasty (106 BC)."", 'To pay for his military campaigns and colonial expansion, Emperor Wu nationalized several private industries. He created central government monopolies administered largely by former merchants. These monopolies included salt, iron, and liquor production, as well as bronze-coin currency.', 'Archaeological discovery shows that ""Nanjing Man"" lived in more than 500 thousand years ago. Zun, a kind of wine vessel, was found to exist in Beiyinyangying culture of Nanjing in about 5000 years ago. In the late period of Shang dynasty, Taibo of Zhou came to Jiangnan and established Wu state, and the first stop is in Nanjing area according to some historians based on discoveries in Taowu and Hushu culture.']",,the late period of Shang dynasty,53.25019999872893,312.9321000305936
What was the main purpose of education in this period?,"['Education remained mostly focused on the training of future clergy. The basic learning of the letters and numbers remained the province of the family or a village priest, but the secondary subjects of the trivium—grammar, rhetoric, logic—were studied in cathedral schools or in schools provided by cities. Commercial secondary schools spread, and some Italian towns had more than one such enterprise.', ""Napoleon's educational reforms laid the foundation of a modern system of education in France and throughout much of Europe. Napoleon synthesized the best academic elements from the Ancien Régime, The Enlightenment, and the Revolution, with the aim of establishing a stable, well-educated and prosperous society. He made French the only official language."", 'Early Modern universities initially continued the curriculum and research of the Middle Ages: natural philosophy, logic, medicine, theology, mathematics, astronomy (and astrology), law, grammar and rhetoric. Aristotle was prevalent throughout the curriculum, while medicine also depended on Galen and Arabic scholarship. The importance of humanism for changing this state-of-affairs cannot be underestimated.', 'He left some primary education in the hands of religious orders, but he offered public support to secondary education. Napoleon founded a number of state secondary schools (lycées) designed to produce a standardized education that was uniform across France. All students were taught the sciences along with modern and classical languages.', 'One of the most important developments that the Enlightenment era brought to the discipline of science was its popularization. An increasingly literate population seeking knowledge and education in both the arts and the sciences drove the expansion of print culture and the dissemination of scientific learning. The new literate population was due to a high rise in the availability of food.']",,training of future clergy,62.11309996433556,354.9913000315428
"Along with rhetoric and logic, what constituted the trivium?","['Education remained mostly focused on the training of future clergy. The basic learning of the letters and numbers remained the province of the family or a village priest, but the secondary subjects of the trivium—grammar, rhetoric, logic—were studied in cathedral schools or in schools provided by cities. Commercial secondary schools spread, and some Italian towns had more than one such enterprise.', 'To win over the tribunes, the senators gave the tribunes a great deal of power and the tribunes began to feel obligated to the senate. As the tribunes and the senators grew closer, plebeian senators were often able to secure the tribunate for members of their own families. In time, the tribunate became a stepping stone to higher office.', 'The term was used as opposed to Latin, the non-native language of writing and the Catholic Church. In the first text in which it is found, dating from 784, it refers to the Germanic dialects of Britain. In the Oaths of Strasbourg (842) it appeared as teudisca to refer to the Germanic (Rhenish Franconian) portion of the oath.', 'In the high Renaissance, in fact, there was a hope that more direct knowledge of the wisdom of antiquity, including the writings of the Church fathers, the earliest known Greek texts of the Christian Gospels, and in some cases even the Jewish Kabbalah, would initiate a harmonious new era of universal agreement. With this end in view, Renaissance Church authorities afforded humanists what in retrospect appears a remarkable degree of freedom of thought. One humanist, the Greek Orthodox Platonist Gemistus Pletho (1355–1452), based in Mystras, Greece (but in contact with humanists in Florence, Venice, and Rome) taught a Christianised version of pagan polytheism.', 'This disposition toward knowledge manifested in not simply the translation and propagation of ancient texts, but also their adaptation and expansion. For instance, Vesalius was imperative for advocating the use of Galen, but he also invigorated this text with experimentation, disagreements and further research. The propagation of these texts, especially within the universities, was greatly aided by the emergence of the printing press and the beginning of the use of the vernacular, which allowed for the printing of relatively large texts at reasonable prices.']",,grammar,62.93150002602488,343.8905000220984
About what percentage of European men were literate in 1500?,"['Universities also spread throughout Europe in the 14th and 15th centuries. Lay literacy rates rose, but were still low; one estimate gave a literacy rate of ten per cent of males and one per cent of females in 1500.', 'After the 1970s oil boom, tertiary education was improved so that it would reach every subregion of Nigeria. 68% of the Nigerian population is literate, and the rate for men (75.7%) is higher than that for women (60.6%).', 'In Western Europe, some of the older Roman elite families died out while others became more involved with Church than secular affairs. Values attached to Latin scholarship and education mostly disappeared, and while literacy remained important, it became a practical skill rather than a sign of elite status. In the 4th century, Jerome (d. 420) dreamed that God rebuked him for spending more time reading Cicero than the Bible.', 'In Bern, about 50,418 or (39.2%) of the population have completed non-mandatory upper secondary education, and 24,311 or (18.9%) have completed additional higher education (either university or a Fachhochschule). Of the 24,311 who completed tertiary schooling, 51.6% were Swiss men, 33.0% were Swiss women, 8.9% were non-Swiss men and 6.5% were non-Swiss women.', ""Of the city's population over the age of 25, 53.8% (vs. a national average of 27.4%) hold a bachelor's degree or higher, and 91.9% (vs. 84.5% nationally) have a high school diploma or equivalent. A 2008 United States Census Bureau survey showed that Seattle had the highest percentage of college and university graduates of any major U.S. city. The city was listed as the most literate of the country's 69 largest cities in 2005 and 2006, the second most literate in 2007 and the most literate in 2008 in studies conducted by Central Connecticut State University.""]",,ten,72.745900019072,382.85449997056276
"In 1500, approximately what percent of European women could read?","['Universities also spread throughout Europe in the 14th and 15th centuries. Lay literacy rates rose, but were still low; one estimate gave a literacy rate of ten per cent of males and one per cent of females in 1500.', 'After the 1970s oil boom, tertiary education was improved so that it would reach every subregion of Nigeria. 68% of the Nigerian population is literate, and the rate for men (75.7%) is higher than that for women (60.6%).', ""This was the highest leap in the percentage of literacy recorded in India (the rise in female literacy being 23%). At the Census 2011, Rajasthan had a literacy rate of 67.06% (80.51% male and 52.66% female). Although Rajasthan's literacy rate is below the national average of 74.04% and although its female literacy rate is the lowest in the country, the state has been praised for its efforts and achievements in raising male and female literacy rates."", 'Encyclopedias and dictionaries also became more popular during the Age of Reason as the number of educated consumers who could afford such texts began to multiply. In the later half of the 18th century, the number of dictionaries and encyclopedias published by decade increased from 63 between 1760 and 1769 to approximately 148 in the decade proceeding the French Revolution (1780–1789). Along with growth in numbers, dictionaries and encyclopedias also grew in length, often having multiple print runs that sometimes included in supplemented editions.', 'In Western Europe, some of the older Roman elite families died out while others became more involved with Church than secular affairs. Values attached to Latin scholarship and education mostly disappeared, and while literacy remained important, it became a practical skill rather than a sign of elite status. In the 4th century, Jerome (d. 420) dreamed that God rebuked him for spending more time reading Cicero than the Bible.']",,one,58.53809998370707,360.736700007692
"Along with their family, who typically taught a child letters and numbers?","['Education remained mostly focused on the training of future clergy. The basic learning of the letters and numbers remained the province of the family or a village priest, but the secondary subjects of the trivium—grammar, rhetoric, logic—were studied in cathedral schools or in schools provided by cities. Commercial secondary schools spread, and some Italian towns had more than one such enterprise.', 'Spanish mendicants in the sixteenth century taught indigenous scribes in their communities to write their languages in Latin letters and there is a large number of local-level documents in Nahuatl, Zapotec, Mixtec, and Yucatec Maya from the colonial era, many of which were part of lawsuits and other legal matters. Although Spaniards initially taught indigenous scribes alphabetic writing, the tradition became self-perpetuating at the local level. The Spanish crown gathered such documentation and contemporary Spanish translations were made for legal cases.', 'He left some primary education in the hands of religious orders, but he offered public support to secondary education. Napoleon founded a number of state secondary schools (lycées) designed to produce a standardized education that was uniform across France. All students were taught the sciences along with modern and classical languages.', 'The primary responsibility for a boy\'s studies lies with his House Master, but he is assisted by an additional director of studies, known as a tutor. Classes, colloquially known as ""divs"" (divisions), are organised on a School basis; the classrooms are separate from the houses. New school buildings have appeared for teaching purposes every decade or so since New Schools, designed by Henry Woodyer and built 1861-3.', 'There were four such visits in England and Wales—Oxford, London, Cambridge and York. All Dominican students were required to learn grammar, old and new logic, natural philosophy and theology. Of all of the curricular areas, however, theology was the most important.']",,a village priest,54.53439999837428,353.33209997043014
When was the region under Tibetan empire and the CHinese?,"['In 821/822 CE Tibet and China signed a peace treaty. A bilingual account of this treaty, including details of the borders between the two countries, is inscribed on a stone pillar which stands outside the Jokhang temple in Lhasa. Tibet continued as a Central Asian empire until the mid-9th century, when a civil war over succession led to the collapse of imperial Tibet.', 'In 1962 China and India fought a brief war over the disputed South Tibet and Aksai Chin regions. Although China won the war, Chinese troops withdrew north of the McMahon Line, effectively ceding South Tibet to India.', 'Van Praag writes in The Status of Tibet that the Tibetans and Mongols, on the other hand, upheld a dual system of rule and an interdependent relationship that legitimated the succession of Mongol khans as universal Buddhist rulers, or chakravartin. Van Praag writes that ""Tibet remained a unique part of the Empire and was never fully integrated into it,"" citing examples such as a licensed border market that existed between China and Tibet during the Yuan.', 'The period that followed is known traditionally as the Era of Fragmentation, when political control over Tibet became divided between regional warlords and tribes with no dominant centralized authority.', 'Hugh Edward Richardson writes that the Ming dynasty exercised no authority over the succession of Tibetan ruling families, the Phagmodru (1354–1435), Rinpungpa (1435–1565), and Tsangpa (1565–1642).']",,650–680,51.75939993932843,341.4645000593737
Who took control of the regin in 710?,"['It was temporarily under the control of the Tibetan empire and Chinese from 650–680 and then under the control of the Umayyads in 710. The Samanid Empire, 819 to 999, restored Persian control of the region and enlarged the cities of Samarkand and Bukhara (both cities are today part of Uzbekistan) which became the cultural centers of Iran and the region was known as Khorasan. The Kara-Khanid Khanate conquered Transoxania (which corresponds approximately with modern-day Uzbekistan, Tajikistan, southern Kyrgyzstan and southwest Kazakhstan) and ruled between 999–1211.', ""An Israelite revolt (724–722 BCE) was crushed after the siege and capture of Samaria by the Assyrian king Sargon II. Sargon's son, Sennacherib, tried and failed to conquer Judah. Assyrian records say he leveled 46 walled cities and besieged Jerusalem, leaving after receiving extensive tribute."", ""The city remained in the hands of Christian troops until 1102, when the Almoravids retook the city and restored the Muslim religion. Although the self-styled 'Emperor of All Spain', Alfonso VI of León and Castile, drove them from the city, he was not strong enough to hold it. The Christians set it afire before abandoning it, and the Almoravid Masdali took possession on 5 May 1109."", 'To escape death or servitude at the hands of those who had assassinated his relative, Gagik II, King of Ani, an Armenian named Roupen, went with some of his countrymen into the gorges of the Taurus Mountains and then into Tarsus of Cilicia. The Byzantine governor of the palace gave them shelter where the Armenian Kingdom of Cilicia was eventually established on 6 January 1198 under King Leo I, a descendant of Prince Roupen.', ""Around 930 BCE, the kingdom split into a southern Kingdom of Judah and a northern Kingdom of Israel. From the middle of the 8th century BCE Israel came into increasing conflict with the expanding neo-Assyrian empire. Under Tiglath-Pileser III it first split Israel's territory into several smaller units and then destroyed its capital, Samaria (722 BCE).""]",,Umayyads,61.63820007350296,328.5369999939576
Who restored Persian control of the region?,"['It was temporarily under the control of the Tibetan empire and Chinese from 650–680 and then under the control of the Umayyads in 710. The Samanid Empire, 819 to 999, restored Persian control of the region and enlarged the cities of Samarkand and Bukhara (both cities are today part of Uzbekistan) which became the cultural centers of Iran and the region was known as Khorasan. The Kara-Khanid Khanate conquered Transoxania (which corresponds approximately with modern-day Uzbekistan, Tajikistan, southern Kyrgyzstan and southwest Kazakhstan) and ruled between 999–1211.', 'Transylvania, Wallachia and, intermittently, Moldavia, became tributary principalities of the Ottoman Empire. In the east, the Ottoman Turks took Baghdad from the Persians in 1535, gaining control of Mesopotamia and naval access to the Persian Gulf. In 1555, the Caucasus became officially partitioned for the first time between the Safavids and the Ottomans, a status quo that would remain until the end of the Russo-Turkish War (1768–74).', 'By this partitioning of the Caucasus as signed in the Peace of Amasya, Western Armenia, and Western Georgia fell into Ottoman hands, while Dagestan, Eastern Armenia, Eastern Georgia, and Azerbaijan remained Persian.', 'In 525 BC, the powerful Achaemenid Persians, led by Cambyses II, began their conquest of Egypt, eventually capturing the pharaoh Psamtik III at the battle of Pelusium. Cambyses II then assumed the formal title of pharaoh, but ruled Egypt from his home of Susa in Persia (modern Iran), leaving Egypt under the control of a satrapy. The entire Twenty-seventh Dynasty of Egypt, from 525 BC to 402 BC, save for Petubastis III, was an entirely Persian ruled period, with the Achaemenid kings all being granted the title of pharaoh.', 'A few temporarily successful revolts against the Persians marked the fifth century BC, but Egypt was never able to permanently overthrow the Persians.']",,"The Samanid Empire,",70.24249993264675,399.2168999975547
What was the name of the region when it was the cultural center of Iran?,"['It was temporarily under the control of the Tibetan empire and Chinese from 650–680 and then under the control of the Umayyads in 710. The Samanid Empire, 819 to 999, restored Persian control of the region and enlarged the cities of Samarkand and Bukhara (both cities are today part of Uzbekistan) which became the cultural centers of Iran and the region was known as Khorasan. The Kara-Khanid Khanate conquered Transoxania (which corresponds approximately with modern-day Uzbekistan, Tajikistan, southern Kyrgyzstan and southwest Kazakhstan) and ruled between 999–1211.', 'The regions in their inventory were Assyria, Chaldea, Mesopotamia, Persia, Armenia, Egypt, Arabia, Syria, Palestine, Ethiopia, Caucasus, Libya, Anatolia and Abyssinia. Explicitly excluded is India. No mention is made of the Balkans.', 'The Iranian languages or Iranic languages form a branch of the Indo-Iranian languages, which in turn are a branch of the Indo-European language family. The speakers of Iranian languages are known as Iranian peoples. Historical Iranian languages are grouped in three stages: Old Iranian (until 400 BCE), Middle Iranian (400 BCE – 900 CE), and New Iranian (since 900 CE).', 'The Egypt and the Near East region besides Egypt includes Cyprus, Persia and Afghanistan but not Asia Minor (a separate region).', 'Their arrival in Transoxania signaled a definitive shift from Iranian to Turkic predominance in Central Asia, but gradually the Kara-khanids became assimilated into the Perso-Arab Muslim culture of the region.']",,Khorasan,88.67079997435212,364.7421000059694
When was the region under Tibetan empire and the CHinese?,"['In 821/822 CE Tibet and China signed a peace treaty. A bilingual account of this treaty, including details of the borders between the two countries, is inscribed on a stone pillar which stands outside the Jokhang temple in Lhasa. Tibet continued as a Central Asian empire until the mid-9th century, when a civil war over succession led to the collapse of imperial Tibet.', 'In 1962 China and India fought a brief war over the disputed South Tibet and Aksai Chin regions. Although China won the war, Chinese troops withdrew north of the McMahon Line, effectively ceding South Tibet to India.', 'Van Praag writes in The Status of Tibet that the Tibetans and Mongols, on the other hand, upheld a dual system of rule and an interdependent relationship that legitimated the succession of Mongol khans as universal Buddhist rulers, or chakravartin. Van Praag writes that ""Tibet remained a unique part of the Empire and was never fully integrated into it,"" citing examples such as a licensed border market that existed between China and Tibet during the Yuan.', 'The period that followed is known traditionally as the Era of Fragmentation, when political control over Tibet became divided between regional warlords and tribes with no dominant centralized authority.', 'Hugh Edward Richardson writes that the Ming dynasty exercised no authority over the succession of Tibetan ruling families, the Phagmodru (1354–1435), Rinpungpa (1435–1565), and Tsangpa (1565–1642).']",,650–680,64.86429995857179,362.63500002678484
Who took control of the regin in 710?,"['It was temporarily under the control of the Tibetan empire and Chinese from 650–680 and then under the control of the Umayyads in 710. The Samanid Empire, 819 to 999, restored Persian control of the region and enlarged the cities of Samarkand and Bukhara (both cities are today part of Uzbekistan) which became the cultural centers of Iran and the region was known as Khorasan. The Kara-Khanid Khanate conquered Transoxania (which corresponds approximately with modern-day Uzbekistan, Tajikistan, southern Kyrgyzstan and southwest Kazakhstan) and ruled between 999–1211.', ""An Israelite revolt (724–722 BCE) was crushed after the siege and capture of Samaria by the Assyrian king Sargon II. Sargon's son, Sennacherib, tried and failed to conquer Judah. Assyrian records say he leveled 46 walled cities and besieged Jerusalem, leaving after receiving extensive tribute."", ""The city remained in the hands of Christian troops until 1102, when the Almoravids retook the city and restored the Muslim religion. Although the self-styled 'Emperor of All Spain', Alfonso VI of León and Castile, drove them from the city, he was not strong enough to hold it. The Christians set it afire before abandoning it, and the Almoravid Masdali took possession on 5 May 1109."", 'To escape death or servitude at the hands of those who had assassinated his relative, Gagik II, King of Ani, an Armenian named Roupen, went with some of his countrymen into the gorges of the Taurus Mountains and then into Tarsus of Cilicia. The Byzantine governor of the palace gave them shelter where the Armenian Kingdom of Cilicia was eventually established on 6 January 1198 under King Leo I, a descendant of Prince Roupen.', ""Around 930 BCE, the kingdom split into a southern Kingdom of Judah and a northern Kingdom of Israel. From the middle of the 8th century BCE Israel came into increasing conflict with the expanding neo-Assyrian empire. Under Tiglath-Pileser III it first split Israel's territory into several smaller units and then destroyed its capital, Samaria (722 BCE).""]",,Umayyads,60.79399993177503,342.93029992841184
When was the region under Tibetan empire and the CHinese?,"['In 821/822 CE Tibet and China signed a peace treaty. A bilingual account of this treaty, including details of the borders between the two countries, is inscribed on a stone pillar which stands outside the Jokhang temple in Lhasa. Tibet continued as a Central Asian empire until the mid-9th century, when a civil war over succession led to the collapse of imperial Tibet.', 'In 1962 China and India fought a brief war over the disputed South Tibet and Aksai Chin regions. Although China won the war, Chinese troops withdrew north of the McMahon Line, effectively ceding South Tibet to India.', 'Van Praag writes in The Status of Tibet that the Tibetans and Mongols, on the other hand, upheld a dual system of rule and an interdependent relationship that legitimated the succession of Mongol khans as universal Buddhist rulers, or chakravartin. Van Praag writes that ""Tibet remained a unique part of the Empire and was never fully integrated into it,"" citing examples such as a licensed border market that existed between China and Tibet during the Yuan.', 'The period that followed is known traditionally as the Era of Fragmentation, when political control over Tibet became divided between regional warlords and tribes with no dominant centralized authority.', 'Hugh Edward Richardson writes that the Ming dynasty exercised no authority over the succession of Tibetan ruling families, the Phagmodru (1354–1435), Rinpungpa (1435–1565), and Tsangpa (1565–1642).']",,650–680,59.768700040876865,353.9422999601811
Who restored Persian control of the region?,"['It was temporarily under the control of the Tibetan empire and Chinese from 650–680 and then under the control of the Umayyads in 710. The Samanid Empire, 819 to 999, restored Persian control of the region and enlarged the cities of Samarkand and Bukhara (both cities are today part of Uzbekistan) which became the cultural centers of Iran and the region was known as Khorasan. The Kara-Khanid Khanate conquered Transoxania (which corresponds approximately with modern-day Uzbekistan, Tajikistan, southern Kyrgyzstan and southwest Kazakhstan) and ruled between 999–1211.', 'Transylvania, Wallachia and, intermittently, Moldavia, became tributary principalities of the Ottoman Empire. In the east, the Ottoman Turks took Baghdad from the Persians in 1535, gaining control of Mesopotamia and naval access to the Persian Gulf. In 1555, the Caucasus became officially partitioned for the first time between the Safavids and the Ottomans, a status quo that would remain until the end of the Russo-Turkish War (1768–74).', 'By this partitioning of the Caucasus as signed in the Peace of Amasya, Western Armenia, and Western Georgia fell into Ottoman hands, while Dagestan, Eastern Armenia, Eastern Georgia, and Azerbaijan remained Persian.', 'In 525 BC, the powerful Achaemenid Persians, led by Cambyses II, began their conquest of Egypt, eventually capturing the pharaoh Psamtik III at the battle of Pelusium. Cambyses II then assumed the formal title of pharaoh, but ruled Egypt from his home of Susa in Persia (modern Iran), leaving Egypt under the control of a satrapy. The entire Twenty-seventh Dynasty of Egypt, from 525 BC to 402 BC, save for Petubastis III, was an entirely Persian ruled period, with the Achaemenid kings all being granted the title of pharaoh.', 'A few temporarily successful revolts against the Persians marked the fifth century BC, but Egypt was never able to permanently overthrow the Persians.']",,"The Samanid Empire,",52.379699889570475,310.64809998497367
Who took control of the regin in 710?,"['It was temporarily under the control of the Tibetan empire and Chinese from 650–680 and then under the control of the Umayyads in 710. The Samanid Empire, 819 to 999, restored Persian control of the region and enlarged the cities of Samarkand and Bukhara (both cities are today part of Uzbekistan) which became the cultural centers of Iran and the region was known as Khorasan. The Kara-Khanid Khanate conquered Transoxania (which corresponds approximately with modern-day Uzbekistan, Tajikistan, southern Kyrgyzstan and southwest Kazakhstan) and ruled between 999–1211.', ""An Israelite revolt (724–722 BCE) was crushed after the siege and capture of Samaria by the Assyrian king Sargon II. Sargon's son, Sennacherib, tried and failed to conquer Judah. Assyrian records say he leveled 46 walled cities and besieged Jerusalem, leaving after receiving extensive tribute."", ""The city remained in the hands of Christian troops until 1102, when the Almoravids retook the city and restored the Muslim religion. Although the self-styled 'Emperor of All Spain', Alfonso VI of León and Castile, drove them from the city, he was not strong enough to hold it. The Christians set it afire before abandoning it, and the Almoravid Masdali took possession on 5 May 1109."", 'To escape death or servitude at the hands of those who had assassinated his relative, Gagik II, King of Ani, an Armenian named Roupen, went with some of his countrymen into the gorges of the Taurus Mountains and then into Tarsus of Cilicia. The Byzantine governor of the palace gave them shelter where the Armenian Kingdom of Cilicia was eventually established on 6 January 1198 under King Leo I, a descendant of Prince Roupen.', ""Around 930 BCE, the kingdom split into a southern Kingdom of Judah and a northern Kingdom of Israel. From the middle of the 8th century BCE Israel came into increasing conflict with the expanding neo-Assyrian empire. Under Tiglath-Pileser III it first split Israel's territory into several smaller units and then destroyed its capital, Samaria (722 BCE).""]",,Umayyads,66.1479999544099,363.90140000730753
Who restored Persian control of the region?,"['It was temporarily under the control of the Tibetan empire and Chinese from 650–680 and then under the control of the Umayyads in 710. The Samanid Empire, 819 to 999, restored Persian control of the region and enlarged the cities of Samarkand and Bukhara (both cities are today part of Uzbekistan) which became the cultural centers of Iran and the region was known as Khorasan. The Kara-Khanid Khanate conquered Transoxania (which corresponds approximately with modern-day Uzbekistan, Tajikistan, southern Kyrgyzstan and southwest Kazakhstan) and ruled between 999–1211.', 'Transylvania, Wallachia and, intermittently, Moldavia, became tributary principalities of the Ottoman Empire. In the east, the Ottoman Turks took Baghdad from the Persians in 1535, gaining control of Mesopotamia and naval access to the Persian Gulf. In 1555, the Caucasus became officially partitioned for the first time between the Safavids and the Ottomans, a status quo that would remain until the end of the Russo-Turkish War (1768–74).', 'By this partitioning of the Caucasus as signed in the Peace of Amasya, Western Armenia, and Western Georgia fell into Ottoman hands, while Dagestan, Eastern Armenia, Eastern Georgia, and Azerbaijan remained Persian.', 'In 525 BC, the powerful Achaemenid Persians, led by Cambyses II, began their conquest of Egypt, eventually capturing the pharaoh Psamtik III at the battle of Pelusium. Cambyses II then assumed the formal title of pharaoh, but ruled Egypt from his home of Susa in Persia (modern Iran), leaving Egypt under the control of a satrapy. The entire Twenty-seventh Dynasty of Egypt, from 525 BC to 402 BC, save for Petubastis III, was an entirely Persian ruled period, with the Achaemenid kings all being granted the title of pharaoh.', 'A few temporarily successful revolts against the Persians marked the fifth century BC, but Egypt was never able to permanently overthrow the Persians.']",,"The Samanid Empire,",152.12029998656362,350.79930000938475
What was the name of the region when it was the cultural center of Iran?,"['It was temporarily under the control of the Tibetan empire and Chinese from 650–680 and then under the control of the Umayyads in 710. The Samanid Empire, 819 to 999, restored Persian control of the region and enlarged the cities of Samarkand and Bukhara (both cities are today part of Uzbekistan) which became the cultural centers of Iran and the region was known as Khorasan. The Kara-Khanid Khanate conquered Transoxania (which corresponds approximately with modern-day Uzbekistan, Tajikistan, southern Kyrgyzstan and southwest Kazakhstan) and ruled between 999–1211.', 'The regions in their inventory were Assyria, Chaldea, Mesopotamia, Persia, Armenia, Egypt, Arabia, Syria, Palestine, Ethiopia, Caucasus, Libya, Anatolia and Abyssinia. Explicitly excluded is India. No mention is made of the Balkans.', 'The Iranian languages or Iranic languages form a branch of the Indo-Iranian languages, which in turn are a branch of the Indo-European language family. The speakers of Iranian languages are known as Iranian peoples. Historical Iranian languages are grouped in three stages: Old Iranian (until 400 BCE), Middle Iranian (400 BCE – 900 CE), and New Iranian (since 900 CE).', 'The Egypt and the Near East region besides Egypt includes Cyprus, Persia and Afghanistan but not Asia Minor (a separate region).', 'Their arrival in Transoxania signaled a definitive shift from Iranian to Turkic predominance in Central Asia, but gradually the Kara-khanids became assimilated into the Perso-Arab Muslim culture of the region.']",,Khorasan,61.99479999486357,335.86949994787574
What was the name of the region when it was the cultural center of Iran?,"['It was temporarily under the control of the Tibetan empire and Chinese from 650–680 and then under the control of the Umayyads in 710. The Samanid Empire, 819 to 999, restored Persian control of the region and enlarged the cities of Samarkand and Bukhara (both cities are today part of Uzbekistan) which became the cultural centers of Iran and the region was known as Khorasan. The Kara-Khanid Khanate conquered Transoxania (which corresponds approximately with modern-day Uzbekistan, Tajikistan, southern Kyrgyzstan and southwest Kazakhstan) and ruled between 999–1211.', 'The regions in their inventory were Assyria, Chaldea, Mesopotamia, Persia, Armenia, Egypt, Arabia, Syria, Palestine, Ethiopia, Caucasus, Libya, Anatolia and Abyssinia. Explicitly excluded is India. No mention is made of the Balkans.', 'The Iranian languages or Iranic languages form a branch of the Indo-Iranian languages, which in turn are a branch of the Indo-European language family. The speakers of Iranian languages are known as Iranian peoples. Historical Iranian languages are grouped in three stages: Old Iranian (until 400 BCE), Middle Iranian (400 BCE – 900 CE), and New Iranian (since 900 CE).', 'The Egypt and the Near East region besides Egypt includes Cyprus, Persia and Afghanistan but not Asia Minor (a separate region).', 'Their arrival in Transoxania signaled a definitive shift from Iranian to Turkic predominance in Central Asia, but gradually the Kara-khanids became assimilated into the Perso-Arab Muslim culture of the region.']",,Khorasan,118.38470003567636,361.54610000085086
When was the land under Tibetan empire and Chinese?,"['In 821/822 CE Tibet and China signed a peace treaty. A bilingual account of this treaty, including details of the borders between the two countries, is inscribed on a stone pillar which stands outside the Jokhang temple in Lhasa. Tibet continued as a Central Asian empire until the mid-9th century, when a civil war over succession led to the collapse of imperial Tibet.', 'In 1962 China and India fought a brief war over the disputed South Tibet and Aksai Chin regions. Although China won the war, Chinese troops withdrew north of the McMahon Line, effectively ceding South Tibet to India.', 'Van Praag writes in The Status of Tibet that the Tibetans and Mongols, on the other hand, upheld a dual system of rule and an interdependent relationship that legitimated the succession of Mongol khans as universal Buddhist rulers, or chakravartin. Van Praag writes that ""Tibet remained a unique part of the Empire and was never fully integrated into it,"" citing examples such as a licensed border market that existed between China and Tibet during the Yuan.', ""Dreyfus writes that after the Phagmodrupa lost its centralizing power over Tibet in 1434, several attempts by other families to establish hegemonies failed over the next two centuries until 1642 with the 5th Dalai Lama's effective hegemony over Tibet."", 'Hugh Edward Richardson writes that the Ming dynasty exercised no authority over the succession of Tibetan ruling families, the Phagmodru (1354–1435), Rinpungpa (1435–1565), and Tsangpa (1565–1642).']",,650–680,54.81370002962649,349.15639995597303
When was Tajikistan under Ymayyads contorl?,"['It was temporarily under the control of the Tibetan empire and Chinese from 650–680 and then under the control of the Umayyads in 710. The Samanid Empire, 819 to 999, restored Persian control of the region and enlarged the cities of Samarkand and Bukhara (both cities are today part of Uzbekistan) which became the cultural centers of Iran and the region was known as Khorasan. The Kara-Khanid Khanate conquered Transoxania (which corresponds approximately with modern-day Uzbekistan, Tajikistan, southern Kyrgyzstan and southwest Kazakhstan) and ruled between 999–1211.', 'Real disturbances did not occur within the republic until 1990. The following year, the Soviet Union collapsed, and Tajikistan declared its independence.', ""During 1957–58 Nikita Khrushchev's Virgin Lands Campaign focused attention on Tajikistan, where living conditions, education and industry lagged behind the other Soviet Republics. In the 1980s, Tajikistan had the lowest household saving rate in the USSR, the lowest percentage of households in the two top per capita income groups, and the lowest rate of university graduates per 1000 people. By the late 1980s Tajik nationalists were calling for increased rights."", 'Thousands of Soviet troops were sent to the Fergana Valley, southeast of the Uzbek capital Tashkent, to re-establish order after clashes in which local Uzbeks hunted down members of the Meskhetian minority in several days of rioting between June 4–11, 1989; about 100 people were killed. On June 23, 1989, Gorbachev removed Rafiq Nishonov as First Secretary of the Communist Party of the Uzbek SSR and replaced him with Karimov, who went on to lead Uzbekistan as a Soviet Republic and subsequently as an independent state.', 'Transylvania, Wallachia and, intermittently, Moldavia, became tributary principalities of the Ottoman Empire. In the east, the Ottoman Turks took Baghdad from the Persians in 1535, gaining control of Mesopotamia and naval access to the Persian Gulf. In 1555, the Caucasus became officially partitioned for the first time between the Safavids and the Ottomans, a status quo that would remain until the end of the Russo-Turkish War (1768–74).']",,710,55.3263999754563,331.49689994752407
Who conquered Tansaxania?,"['It was temporarily under the control of the Tibetan empire and Chinese from 650–680 and then under the control of the Umayyads in 710. The Samanid Empire, 819 to 999, restored Persian control of the region and enlarged the cities of Samarkand and Bukhara (both cities are today part of Uzbekistan) which became the cultural centers of Iran and the region was known as Khorasan. The Kara-Khanid Khanate conquered Transoxania (which corresponds approximately with modern-day Uzbekistan, Tajikistan, southern Kyrgyzstan and southwest Kazakhstan) and ruled between 999–1211.', ""The Bithynians were a Thracian people living in northwest Anatolia. After Alexander's conquests the region of Bithynia came under the rule of the native king Bas, who defeated Calas, a general of Alexander the Great, and maintained the independence of Bithynia. His son, Zipoetes I of Bithynia maintained this autonomy against Lysimachus and Seleucus I, and assumed the title of king (basileus) in 297 BCE."", 'The Spaniards were disappointed not to find gold or jewels in El Salvador as they had in other lands like Guatemala or Mexico, but upon learning of the fertile land in El Salvador, they attempted to conquer it. Noted Meso-American indigenous warriors to rise militarily against the Spanish included Princes Atonal and Atlacatl of the Pipil people in central El Salvador and Princess Antu Silan Ulap of the Lenca people in eastern El Salvador, who saw the Spanish not as gods but as barbaric invaders. After fierce battles, the Pipil successfully fought off the Spanish army led by Pedro de Alvarado along with their Mexican Indian allies (the Tlaxcalas), sending them back to Guatemala.', ""An Israelite revolt (724–722 BCE) was crushed after the siege and capture of Samaria by the Assyrian king Sargon II. Sargon's son, Sennacherib, tried and failed to conquer Judah. Assyrian records say he leveled 46 walled cities and besieged Jerusalem, leaving after receiving extensive tribute."", 'After many other attacks with an army reinforced with Guatemalan Indian allies, the Spanish were able to conquer Cuzcatlan. After further attacks, the Spanish also conquered the Lenca people. Eventually, the Spaniards intermarried with Pipil and Lenca women, resulting in the Mestizo population which would become the majority of the Salvadoran people.']",,The Kara-Khanid Khanate,63.29330010339618,360.50169996451586
When did the Samanid Empire rule the land?,"['It was temporarily under the control of the Tibetan empire and Chinese from 650–680 and then under the control of the Umayyads in 710. The Samanid Empire, 819 to 999, restored Persian control of the region and enlarged the cities of Samarkand and Bukhara (both cities are today part of Uzbekistan) which became the cultural centers of Iran and the region was known as Khorasan. The Kara-Khanid Khanate conquered Transoxania (which corresponds approximately with modern-day Uzbekistan, Tajikistan, southern Kyrgyzstan and southwest Kazakhstan) and ruled between 999–1211.', ""An Israelite revolt (724–722 BCE) was crushed after the siege and capture of Samaria by the Assyrian king Sargon II. Sargon's son, Sennacherib, tried and failed to conquer Judah. Assyrian records say he leveled 46 walled cities and besieged Jerusalem, leaving after receiving extensive tribute."", 'The Shunga Empire or Shunga Empire was an ancient Indian dynasty from Magadha that controlled vast areas of the Indian subcontinent from around 187 to 78 BCE. The dynasty was established by Pushyamitra Shunga, after the fall of the Maurya Empire. Its capital was Pataliputra, but later emperors such as Bhagabhadra also held court at Besnagar, modern Vidisha in Eastern Malwa.', ""Around 930 BCE, the kingdom split into a southern Kingdom of Judah and a northern Kingdom of Israel. From the middle of the 8th century BCE Israel came into increasing conflict with the expanding neo-Assyrian empire. Under Tiglath-Pileser III it first split Israel's territory into several smaller units and then destroyed its capital, Samaria (722 BCE)."", ""After Alexander the Great's ventures in the Persian Empire, Hellenistic kingdoms were established throughout south-west Asia (Seleucid Empire, Kingdom of Pergamon), north-east Africa (Ptolemaic Kingdom) and South Asia (Greco-Bactrian Kingdom, Indo-Greek Kingdom). This resulted in the export of Greek culture and language to these new realms through Greco-Macedonian colonization, spanning as far as modern-day Pakistan. Equally, however, these new kingdoms were influenced by the indigenous cultures, adopting local practices where beneficial, necessary, or convenient.""]",,The Samanid Empire,63.262699986808,353.616000036709
In what year was General Electric formed?,"['At about the same time, Charles Coffin, leading the Thomson-Houston Electric Company, acquired a number of competitors and gained access to their key patents. General Electric was formed through the 1892 merger of Edison General Electric Company of Schenectady, New York, and Thomson-Houston Electric Company of Lynn, Massachusetts, with the support of Drexel, Morgan & Co. Both plants continue to operate under the GE banner to this day. The company was incorporated in New York, with the Schenectady plant used as headquarters for many years thereafter.', ""Around the same time, General Electric's Canadian counterpart, Canadian General Electric, was formed."", ""Albon Man, a New York lawyer, started Electro-Dynamic Light Company in 1878 to exploit his patents and those of William Sawyer. Weeks later the United States Electric Lighting Company was organized. This company didn't made their first commercial installation of incandescent lamps until the fall of 1880 at the Mercantile Safe Deposit Company in New York City, about six months after the Edison incandescent lamps had been installed on the Columbia."", 'GE has said that it will invest $1.4 billion in clean technology research and development in 2008 as part of its Ecomagination initiative. As of October 2008, the scheme had resulted in 70 green products being brought to market, ranging from halogen lamps to biogas engines. In 2007, GE raised the annual revenue target for its Ecomagination initiative from $20 billion in 2010 to $25 billion following positive market response to its new product lines.', ""In 1987, Sony Corporation of Japan bought the company, and in 1991, renamed it SME. It is the world's second largest recorded music company, after Universal Music Group.""]",,1892,57.38189991097897,340.2731000678614
In which US state was GE incorporated?,"['At about the same time, Charles Coffin, leading the Thomson-Houston Electric Company, acquired a number of competitors and gained access to their key patents. General Electric was formed through the 1892 merger of Edison General Electric Company of Schenectady, New York, and Thomson-Houston Electric Company of Lynn, Massachusetts, with the support of Drexel, Morgan & Co. Both plants continue to operate under the GE banner to this day. The company was incorporated in New York, with the Schenectady plant used as headquarters for many years thereafter.', ""Around the same time, General Electric's Canadian counterpart, Canadian General Electric, was formed."", 'GE has said that it will invest $1.4 billion in clean technology research and development in 2008 as part of its Ecomagination initiative. As of October 2008, the scheme had resulted in 70 green products being brought to market, ranging from halogen lamps to biogas engines. In 2007, GE raised the annual revenue target for its Ecomagination initiative from $20 billion in 2010 to $25 billion following positive market response to its new product lines.', 'Shell Oil Company, its subsidiary in the United States, is one of its largest businesses.', 'In 2010, GE continued to raise its investment by adding $10 billion into Ecomagination over the next five years.']",,New York,58.470800053328276,365.4423000989482
Which city was the home of GE's first headquarters?,"['At about the same time, Charles Coffin, leading the Thomson-Houston Electric Company, acquired a number of competitors and gained access to their key patents. General Electric was formed through the 1892 merger of Edison General Electric Company of Schenectady, New York, and Thomson-Houston Electric Company of Lynn, Massachusetts, with the support of Drexel, Morgan & Co. Both plants continue to operate under the GE banner to this day. The company was incorporated in New York, with the Schenectady plant used as headquarters for many years thereafter.', 'GE has said that it will invest $1.4 billion in clean technology research and development in 2008 as part of its Ecomagination initiative. As of October 2008, the scheme had resulted in 70 green products being brought to market, ranging from halogen lamps to biogas engines. In 2007, GE raised the annual revenue target for its Ecomagination initiative from $20 billion in 2010 to $25 billion following positive market response to its new product lines.', ""Around the same time, General Electric's Canadian counterpart, Canadian General Electric, was formed."", ""Other Fortune 500 companies, while not headquartered in the area, do have a major presence. These include SunTrust Bank (based in Atlanta), Capital One Financial Corporation (officially based in McLean, Virginia, but founded in Richmond with its operations center and most employees in the Richmond area), and the medical and pharmaceutical giant McKesson (based in San Francisco). Capital One and Altria company's Philip Morris USA are two of the largest private Richmond-area employers."", 'Prior to moving its headquarters to Chicago, aerospace manufacturer Boeing (#30) was the largest company based in Seattle. Its largest division is still headquartered in nearby Renton, and the company has large aircraft manufacturing plants in Everett and Renton, so it remains the largest private employer in the Seattle metropolitan area. Former Seattle Mayor Greg Nickels announced a desire to spark a new economic boom driven by the biotechnology industry in 2006.']",,Schenectady,60.82719995174557,372.0350000075996
Who led the Thomson-Houston Electric Company when GE was formed?,"['At about the same time, Charles Coffin, leading the Thomson-Houston Electric Company, acquired a number of competitors and gained access to their key patents. General Electric was formed through the 1892 merger of Edison General Electric Company of Schenectady, New York, and Thomson-Houston Electric Company of Lynn, Massachusetts, with the support of Drexel, Morgan & Co. Both plants continue to operate under the GE banner to this day. The company was incorporated in New York, with the Schenectady plant used as headquarters for many years thereafter.', ""Around the same time, General Electric's Canadian counterpart, Canadian General Electric, was formed."", 'Hiram S. Maxim was the chief engineer at the United States Electric Lighting Company.', ""Albon Man, a New York lawyer, started Electro-Dynamic Light Company in 1878 to exploit his patents and those of William Sawyer. Weeks later the United States Electric Lighting Company was organized. This company didn't made their first commercial installation of incandescent lamps until the fall of 1880 at the Mercantile Safe Deposit Company in New York City, about six months after the Edison incandescent lamps had been installed on the Columbia."", 'GE has said that it will invest $1.4 billion in clean technology research and development in 2008 as part of its Ecomagination initiative. As of October 2008, the scheme had resulted in 70 green products being brought to market, ranging from halogen lamps to biogas engines. In 2007, GE raised the annual revenue target for its Ecomagination initiative from $20 billion in 2010 to $25 billion following positive market response to its new product lines.']",,Charles Coffin,64.29080001544207,348.82870002184063
Where was the Thomson-Houston Electric Company based?,"['At about the same time, Charles Coffin, leading the Thomson-Houston Electric Company, acquired a number of competitors and gained access to their key patents. General Electric was formed through the 1892 merger of Edison General Electric Company of Schenectady, New York, and Thomson-Houston Electric Company of Lynn, Massachusetts, with the support of Drexel, Morgan & Co. Both plants continue to operate under the GE banner to this day. The company was incorporated in New York, with the Schenectady plant used as headquarters for many years thereafter.', ""After the Civil War, Houston businessmen initiated efforts to widen the city's extensive system of bayous so the city could accept more commerce between downtown and the nearby port of Galveston. By 1890, Houston was the railroad center of Texas."", ""Albon Man, a New York lawyer, started Electro-Dynamic Light Company in 1878 to exploit his patents and those of William Sawyer. Weeks later the United States Electric Lighting Company was organized. This company didn't made their first commercial installation of incandescent lamps until the fall of 1880 at the Mercantile Safe Deposit Company in New York City, about six months after the Edison incandescent lamps had been installed on the Columbia."", 'By 1860, Houston had emerged as a commercial and railroad hub for the export of cotton. Railroad spurs from the Texas inland converged in Houston, where they met rail lines to the ports of Galveston and Beaumont. During the American Civil War, Houston served as a headquarters for General John Bankhead Magruder, who used the city as an organization point for the Battle of Galveston.', 'Hiram S. Maxim was the chief engineer at the United States Electric Lighting Company.']",,"Lynn, Massachusetts",55.88520003948361,329.0121000027284
Carthage was on the coast of what country?,"['Carthage was a Phoenician colony on the coast of Tunisia. Carthaginian culture came into contact with the Greeks through Punic colonies in Sicily and through their widespread Mediterranean trade network. While the Carthaginians retained their Punic culture and language, they did adopt some Hellenistic ways, one of the most prominent of which was their military practices.', 'After having declined in size following the subjugation of the Mediterranean, the Roman navy underwent short-term upgrading and revitalisation in the late Republic to meet several new demands. Under Caesar, an invasion fleet was assembled in the English Channel to allow the invasion of Britannia; under Pompey, a large fleet was raised in the Mediterranean Sea to clear the sea of Cilician pirates. During the civil war that followed, as many as a thousand ships were either constructed or pressed into service from Greek cities.', 'The regions in their inventory were Assyria, Chaldea, Mesopotamia, Persia, Armenia, Egypt, Arabia, Syria, Palestine, Ethiopia, Caucasus, Libya, Anatolia and Abyssinia. Explicitly excluded is India. No mention is made of the Balkans.', ""In 550 BCE, Mago I of Carthage began a series of military reforms which included copying the army of Timoleon, Tyrant of Syracuse. The core of Carthage's military was the Greek-style phalanx formed by citizen hoplite spearmen who had been conscripted into service, though their armies also included large numbers of mercenaries. After their defeat in the first Punic war, Carthage hired a Spartan mercenary captain, Xanthippus of Carthage to reform their military forces."", 'Greek figural mosaics could have been copied or adapted paintings, a far more prestigious artform, and the style was enthusiastically adopted by the Romans so that large floor mosaics enriched the floors of Hellenistic villas and Roman dwellings from Britain to Dura-Europos. Most recorded names of Roman mosaic workers are Greek, suggesting they dominated high quality work across the empire; no doubt most ordinary craftsmen were slaves. Splendid mosaic floors are found in Roman villas across North Africa, in places such as Carthage, and can still be seen in the extensive collection in Bardo Museum in Tunis, Tunisia.']",,Tunisia,66.72160001471639,339.6809999831021
What Hellenistic practices heavily influenced Carthaginian culture?,"['Carthage was a Phoenician colony on the coast of Tunisia. Carthaginian culture came into contact with the Greeks through Punic colonies in Sicily and through their widespread Mediterranean trade network. While the Carthaginians retained their Punic culture and language, they did adopt some Hellenistic ways, one of the most prominent of which was their military practices.', 'Hellenistic culture thus represents a fusion of the Ancient Greek world with that of the Near East, Middle East, and Southwest Asia, and a departure from earlier Greek attitudes towards ""barbarian"" cultures. The Hellenistic period was characterized by a new wave of Greek colonization (as distinguished from that occurring in the 8th–6th centuries BC) which established Greek cities and kingdoms in Asia and Africa. Those new cities were composed of Greek colonists who came from different parts of the Greek world, and not, as before, from a specific ""mother city"".', ""After Alexander the Great's ventures in the Persian Empire, Hellenistic kingdoms were established throughout south-west Asia (Seleucid Empire, Kingdom of Pergamon), north-east Africa (Ptolemaic Kingdom) and South Asia (Greco-Bactrian Kingdom, Indo-Greek Kingdom). This resulted in the export of Greek culture and language to these new realms through Greco-Macedonian colonization, spanning as far as modern-day Pakistan. Equally, however, these new kingdoms were influenced by the indigenous cultures, adopting local practices where beneficial, necessary, or convenient."", 'During the Hellenistic period the importance of Greece proper within the Greek-speaking world declined sharply. The great centers of Hellenistic culture were Alexandria and Antioch, capitals of Ptolemaic Egypt and Seleucid Syria respectively. The conquests of Alexander greatly widened the horizons of the Greek world, making the endless conflicts between the cities which had marked the 5th and 4th centuries BC seem petty and unimportant.', 'The main cultural centers expanded from mainland Greece to Pergamon, Rhodes, and new Greek colonies such as Seleucia, Antioch, Alexandria and Ai-Khanoum. This mixture of Greek-speakers gave birth to a common Attic-based dialect, known as Koine Greek, which became the lingua franca through the Hellenistic world.']",,military,56.68230005539954,344.2140999250114
Who reformed the military in Carthage in 550 BCE?,"[""In 550 BCE, Mago I of Carthage began a series of military reforms which included copying the army of Timoleon, Tyrant of Syracuse. The core of Carthage's military was the Greek-style phalanx formed by citizen hoplite spearmen who had been conscripted into service, though their armies also included large numbers of mercenaries. After their defeat in the first Punic war, Carthage hired a Spartan mercenary captain, Xanthippus of Carthage to reform their military forces."", 'Carthage was a Phoenician colony on the coast of Tunisia. Carthaginian culture came into contact with the Greeks through Punic colonies in Sicily and through their widespread Mediterranean trade network. While the Carthaginians retained their Punic culture and language, they did adopt some Hellenistic ways, one of the most prominent of which was their military practices.', 'Xanthippus reformed the Carthaginian military along Macedonian army lines.', 'After having declined in size following the subjugation of the Mediterranean, the Roman navy underwent short-term upgrading and revitalisation in the late Republic to meet several new demands. Under Caesar, an invasion fleet was assembled in the English Channel to allow the invasion of Britannia; under Pompey, a large fleet was raised in the Mediterranean Sea to clear the sea of Cilician pirates. During the civil war that followed, as many as a thousand ships were either constructed or pressed into service from Greek cities.', ""Rome's military confederation with the other peoples of the Italian peninsula meant that half of Rome's army was provided by the Socii, such as the Etruscans, Umbrians, Apulians, Campanians, Samnites, Lucani, Bruttii, and the various southern Greek cities. Polybius states that Rome could draw on 770,000 men at the beginning of the Second Punic War, of which 700,000 were infantry and 70,000 met the requirements for cavalry. Rome's Italian allies would be organized in alae, or wings, roughly equal in manpower to the Roman legions, though with 900 cavalry instead of 300.""]",,Mago I of Carthage,72.66850001178682,364.3166999099776
What Greek style was the core of Carthage's military?,"[""In 550 BCE, Mago I of Carthage began a series of military reforms which included copying the army of Timoleon, Tyrant of Syracuse. The core of Carthage's military was the Greek-style phalanx formed by citizen hoplite spearmen who had been conscripted into service, though their armies also included large numbers of mercenaries. After their defeat in the first Punic war, Carthage hired a Spartan mercenary captain, Xanthippus of Carthage to reform their military forces."", 'Carthage was a Phoenician colony on the coast of Tunisia. Carthaginian culture came into contact with the Greeks through Punic colonies in Sicily and through their widespread Mediterranean trade network. While the Carthaginians retained their Punic culture and language, they did adopt some Hellenistic ways, one of the most prominent of which was their military practices.', 'Xanthippus reformed the Carthaginian military along Macedonian army lines.', 'Hellenistic military equipment was generally characterized by an increase in size. Hellenistic-era warships grew from the trireme to include more banks of oars and larger numbers of rowers and soldiers as in the Quadrireme and Quinquereme. The Ptolemaic Tessarakonteres was the largest ship constructed in Antiquity.', ""Rome's military confederation with the other peoples of the Italian peninsula meant that half of Rome's army was provided by the Socii, such as the Etruscans, Umbrians, Apulians, Campanians, Samnites, Lucani, Bruttii, and the various southern Greek cities. Polybius states that Rome could draw on 770,000 men at the beginning of the Second Punic War, of which 700,000 were infantry and 70,000 met the requirements for cavalry. Rome's Italian allies would be organized in alae, or wings, roughly equal in manpower to the Roman legions, though with 900 cavalry instead of 300.""]",,phalanx,54.654199979268014,350.604800041765
What Spartan mercenary helped reform Carthage's military?,"[""In 550 BCE, Mago I of Carthage began a series of military reforms which included copying the army of Timoleon, Tyrant of Syracuse. The core of Carthage's military was the Greek-style phalanx formed by citizen hoplite spearmen who had been conscripted into service, though their armies also included large numbers of mercenaries. After their defeat in the first Punic war, Carthage hired a Spartan mercenary captain, Xanthippus of Carthage to reform their military forces."", 'Carthage was a Phoenician colony on the coast of Tunisia. Carthaginian culture came into contact with the Greeks through Punic colonies in Sicily and through their widespread Mediterranean trade network. While the Carthaginians retained their Punic culture and language, they did adopt some Hellenistic ways, one of the most prominent of which was their military practices.', 'Xanthippus reformed the Carthaginian military along Macedonian army lines.', ""Rome's military confederation with the other peoples of the Italian peninsula meant that half of Rome's army was provided by the Socii, such as the Etruscans, Umbrians, Apulians, Campanians, Samnites, Lucani, Bruttii, and the various southern Greek cities. Polybius states that Rome could draw on 770,000 men at the beginning of the Second Punic War, of which 700,000 were infantry and 70,000 met the requirements for cavalry. Rome's Italian allies would be organized in alae, or wings, roughly equal in manpower to the Roman legions, though with 900 cavalry instead of 300."", 'After having declined in size following the subjugation of the Mediterranean, the Roman navy underwent short-term upgrading and revitalisation in the late Republic to meet several new demands. Under Caesar, an invasion fleet was assembled in the English Channel to allow the invasion of Britannia; under Pompey, a large fleet was raised in the Mediterranean Sea to clear the sea of Cilician pirates. During the civil war that followed, as many as a thousand ships were either constructed or pressed into service from Greek cities.']",,Xanthippus of Carthage,71.036999928765,368.9969000406563
Stimulating nociceptors will induce which type of pain?,"['Nociceptive pain is caused by stimulation of peripheral nerve fibers that respond to stimuli approaching or exceeding harmful intensity (nociceptors), and may be classified according to the mode of noxious stimulation. The most common categories are ""thermal"" (e.g. heat or cold), ""mechanical"" (e.g. crushing, tearing, shearing, etc.) and ""chemical"" (e.g. iodine in a cut or chemicals released during inflammation).', 'Some nociceptors respond to more than one of these modalities and are consequently designated polymodal.', 'Although unpleasantness is an essential part of the IASP definition of pain, it is possible to induce a state described as intense pain devoid of unpleasantness in some patients, with morphine injection or psychosurgery. Such patients report that they have pain but are not bothered by it; they recognize the sensation of pain but suffer little, or not at all. Indifference to pain can also rarely be present from birth; these people have normal nerves on medical investigations, and find pain unpleasant, but do not avoid repetition of the pain stimulus.', 'The most fit creature would be the one whose pains are well balanced. Those pains which mean certain death when ignored will become the most powerfully felt. The relative intensities of pain, then, may resemble the relative importance of that risk to our ancestors (lack of food, too much cold, or serious injuries are felt as agony, whereas minor damage is felt as mere discomfort).', 'This resemblance will not be perfect, however, because natural selection can be a poor designer. The result is often glitches in animals, including supernormal stimuli. Such glitches help explain pains which are not, or at least no longer directly adaptive (e.g. perhaps some forms of toothache, or injury to fingernails).']",,Nociceptive,70.9946999559179,328.73759989161044
How is nociceptive pain classified?,"['Nociceptive pain is caused by stimulation of peripheral nerve fibers that respond to stimuli approaching or exceeding harmful intensity (nociceptors), and may be classified according to the mode of noxious stimulation. The most common categories are ""thermal"" (e.g. heat or cold), ""mechanical"" (e.g. crushing, tearing, shearing, etc.) and ""chemical"" (e.g. iodine in a cut or chemicals released during inflammation).', 'Some nociceptors respond to more than one of these modalities and are consequently designated polymodal.', 'Although unpleasantness is an essential part of the IASP definition of pain, it is possible to induce a state described as intense pain devoid of unpleasantness in some patients, with morphine injection or psychosurgery. Such patients report that they have pain but are not bothered by it; they recognize the sensation of pain but suffer little, or not at all. Indifference to pain can also rarely be present from birth; these people have normal nerves on medical investigations, and find pain unpleasant, but do not avoid repetition of the pain stimulus.', 'The most fit creature would be the one whose pains are well balanced. Those pains which mean certain death when ignored will become the most powerfully felt. The relative intensities of pain, then, may resemble the relative importance of that risk to our ancestors (lack of food, too much cold, or serious injuries are felt as agony, whereas minor damage is felt as mere discomfort).', 'This resemblance will not be perfect, however, because natural selection can be a poor designer. The result is often glitches in animals, including supernormal stimuli. Such glitches help explain pains which are not, or at least no longer directly adaptive (e.g. perhaps some forms of toothache, or injury to fingernails).']",,according to the mode of noxious stimulation,56.15890002809465,338.9947999967262
The thermal category of pain deals with which two temperature ranges?,"['Nociceptive pain is caused by stimulation of peripheral nerve fibers that respond to stimuli approaching or exceeding harmful intensity (nociceptors), and may be classified according to the mode of noxious stimulation. The most common categories are ""thermal"" (e.g. heat or cold), ""mechanical"" (e.g. crushing, tearing, shearing, etc.) and ""chemical"" (e.g. iodine in a cut or chemicals released during inflammation).', 'The most fit creature would be the one whose pains are well balanced. Those pains which mean certain death when ignored will become the most powerfully felt. The relative intensities of pain, then, may resemble the relative importance of that risk to our ancestors (lack of food, too much cold, or serious injuries are felt as agony, whereas minor damage is felt as mere discomfort).', 'Although unpleasantness is an essential part of the IASP definition of pain, it is possible to induce a state described as intense pain devoid of unpleasantness in some patients, with morphine injection or psychosurgery. Such patients report that they have pain but are not bothered by it; they recognize the sensation of pain but suffer little, or not at all. Indifference to pain can also rarely be present from birth; these people have normal nerves on medical investigations, and find pain unpleasant, but do not avoid repetition of the pain stimulus.', 'Some nociceptors respond to more than one of these modalities and are consequently designated polymodal.', 'Thermographic cameras detect radiation in the infrared range of the electromagnetic spectrum (roughly 900–14,000 nanometers or 0.9–14 μm) and produce images of that radiation. Since infrared radiation is emitted by all objects based on their temperatures, according to the black body radiation law, thermography makes it possible to ""see"" one\'s environment with or without visible illumination. The amount of radiation emitted by an object increases with temperature, therefore thermography allows one to see variations in temperature (hence the name).']",,heat or cold,69.56780003383756,334.02740000747144
"Crushing, tearing and shearing are examples of which type of pain?","['Nociceptive pain is caused by stimulation of peripheral nerve fibers that respond to stimuli approaching or exceeding harmful intensity (nociceptors), and may be classified according to the mode of noxious stimulation. The most common categories are ""thermal"" (e.g. heat or cold), ""mechanical"" (e.g. crushing, tearing, shearing, etc.) and ""chemical"" (e.g. iodine in a cut or chemicals released during inflammation).', 'Although unpleasantness is an essential part of the IASP definition of pain, it is possible to induce a state described as intense pain devoid of unpleasantness in some patients, with morphine injection or psychosurgery. Such patients report that they have pain but are not bothered by it; they recognize the sensation of pain but suffer little, or not at all. Indifference to pain can also rarely be present from birth; these people have normal nerves on medical investigations, and find pain unpleasant, but do not avoid repetition of the pain stimulus.', 'The most fit creature would be the one whose pains are well balanced. Those pains which mean certain death when ignored will become the most powerfully felt. The relative intensities of pain, then, may resemble the relative importance of that risk to our ancestors (lack of food, too much cold, or serious injuries are felt as agony, whereas minor damage is felt as mere discomfort).', 'Injuries caused by rapid decompression are called barotrauma. A pressure drop of 13 kPa (100 Torr), which produces no symptoms if it is gradual, may be fatal if it occurs suddenly.', 'Some nociceptors respond to more than one of these modalities and are consequently designated polymodal.']",,mechanical,62.31770000886172,346.42259997781366
What is the term for nociceptors which respond to more than one type of stimuli?,"['Some nociceptors respond to more than one of these modalities and are consequently designated polymodal.', 'Nociceptive pain is caused by stimulation of peripheral nerve fibers that respond to stimuli approaching or exceeding harmful intensity (nociceptors), and may be classified according to the mode of noxious stimulation. The most common categories are ""thermal"" (e.g. heat or cold), ""mechanical"" (e.g. crushing, tearing, shearing, etc.) and ""chemical"" (e.g. iodine in a cut or chemicals released during inflammation).', 'Chemical communications in animals rely on a variety of aspects including taste and smell. Chemoreception is the physiological response of a sense organ (i.e. taste or smell) to a chemical stimulus where the chemicals act as signals to regulate the state or activity of a cell. A semiochemical is a message-carrying chemical that is meant to attract, repel, and convey information.', 'Although unpleasantness is an essential part of the IASP definition of pain, it is possible to induce a state described as intense pain devoid of unpleasantness in some patients, with morphine injection or psychosurgery. Such patients report that they have pain but are not bothered by it; they recognize the sensation of pain but suffer little, or not at all. Indifference to pain can also rarely be present from birth; these people have normal nerves on medical investigations, and find pain unpleasant, but do not avoid repetition of the pain stimulus.', 'This resemblance will not be perfect, however, because natural selection can be a poor designer. The result is often glitches in animals, including supernormal stimuli. Such glitches help explain pains which are not, or at least no longer directly adaptive (e.g. perhaps some forms of toothache, or injury to fingernails).']",,polymodal,64.85309998970479,352.6872999500483
What is Tennessee's average high temperature in degree Celsius during the summer?,"['Summers in the state are generally hot and humid, with most of the state averaging a high of around 90 °F (32 °C) during the summer months. Winters tend to be mild to cool, increasing in coolness at higher elevations. Generally, for areas outside the highest mountains, the average overnight lows are near freezing for most of the state.', 'During the summer months, it is common for temperatures to reach over 90 °F (32 °C), with an average of 106.5 days per year, including a majority from June to September, with a high of 90 °F or above and 4.6 days at or over 100 °F (38 °C). However, humidity usually yields a higher heat index. Summer mornings average over 90 percent relative humidity.', 'The coldest weather normally occurs from late December to early February, and the January daily mean temperature is 37.9 °F (3.3 °C), with an average of 6.0 days with highs at or below the freezing mark. Downtown areas straddle the border between USDA Hardiness zones 7B and 8A, and temperatures seldom lower to 0 °F (−18 °C), with the most recent subzero (°F) reading occurring on January 28, 2000, when the temperature reached −1 °F (−18 °C). The July daily mean temperature is 79.3 °F (26.3 °C), and high temperatures reach or exceed 90 °F (32 °C) approximately 43 days out of the year; while 100 °F (38 °C) temperatures are not uncommon, they do not occur every year.', 'Each year, however, there are a few days where the temperature rises above 32 °C (90 °F). Some years have even witnessed long periods of harsh summer weather, such as the heat wave of 2003 when temperatures exceeded 30 °C (86 °F) for weeks, surged up to 40 °C (104 °F) on some days and seldom cooled down at night. More recently, the average temperature for July 2011 was 17.6 °C (63.7 °F), with an average minimum temperature of 12.9 °C (55.2 °F) and an average maximum temperature of 23.7 °C (74.7 °F).', 'There are 48 days per year with highs at or above 90 °F (32 °C). Autumn is similar to spring overall but has fewer days of rainfall. Extremes in temperature have ranged from −9 °F (−23 °C) on January 21, 1985 up to 105 °F (41 °C), most recently on July 8, 2012.']",,32,64.08689997624606,375.0704999547452
What is the highest temperature ever recorded in Tennessee?,"['The highest recorded temperature is 113 °F (45 °C) at Perryville on August 9, 1930 while the lowest recorded temperature is −32 °F (−36 °C) at Mountain City on December 30, 1917.', 'Extremes in temperature have ranged from −12 °F (−24 °C) on January 19, 1940 up to 107 °F (42 °C) on August 6, 1918.[a]', 'Although official estimates rarely place the temperature above 46 °C, newspaper sources claim that it reaches 51 °C and regularly carry reports about people who have succumbed to the heat. Heat records were broken in Multan in June 1993, when the mercury was reported to have risen to 54 °C. In August the oppressive heat is punctuated by the rainy season, referred to as barsat, which brings relief in its wake.', 'The coldest weather normally occurs from late December to early February, and the January daily mean temperature is 37.9 °F (3.3 °C), with an average of 6.0 days with highs at or below the freezing mark. Downtown areas straddle the border between USDA Hardiness zones 7B and 8A, and temperatures seldom lower to 0 °F (−18 °C), with the most recent subzero (°F) reading occurring on January 28, 2000, when the temperature reached −1 °F (−18 °C). The July daily mean temperature is 79.3 °F (26.3 °C), and high temperatures reach or exceed 90 °F (32 °C) approximately 43 days out of the year; while 100 °F (38 °C) temperatures are not uncommon, they do not occur every year.', 'There are 48 days per year with highs at or above 90 °F (32 °C). Autumn is similar to spring overall but has fewer days of rainfall. Extremes in temperature have ranged from −9 °F (−23 °C) on January 21, 1985 up to 105 °F (41 °C), most recently on July 8, 2012.']",,113 °F (45 °C),58.617300004698336,341.7891999706626
Where was the highest known temperature in Tennessee recorded?,"['The highest recorded temperature is 113 °F (45 °C) at Perryville on August 9, 1930 while the lowest recorded temperature is −32 °F (−36 °C) at Mountain City on December 30, 1917.', 'Extremes in temperature have ranged from −12 °F (−24 °C) on January 19, 1940 up to 107 °F (42 °C) on August 6, 1918.[a]', 'Although official estimates rarely place the temperature above 46 °C, newspaper sources claim that it reaches 51 °C and regularly carry reports about people who have succumbed to the heat. Heat records were broken in Multan in June 1993, when the mercury was reported to have risen to 54 °C. In August the oppressive heat is punctuated by the rainy season, referred to as barsat, which brings relief in its wake.', 'The coldest weather normally occurs from late December to early February, and the January daily mean temperature is 37.9 °F (3.3 °C), with an average of 6.0 days with highs at or below the freezing mark. Downtown areas straddle the border between USDA Hardiness zones 7B and 8A, and temperatures seldom lower to 0 °F (−18 °C), with the most recent subzero (°F) reading occurring on January 28, 2000, when the temperature reached −1 °F (−18 °C). The July daily mean temperature is 79.3 °F (26.3 °C), and high temperatures reach or exceed 90 °F (32 °C) approximately 43 days out of the year; while 100 °F (38 °C) temperatures are not uncommon, they do not occur every year.', 'Summers in the state are generally hot and humid, with most of the state averaging a high of around 90 °F (32 °C) during the summer months. Winters tend to be mild to cool, increasing in coolness at higher elevations. Generally, for areas outside the highest mountains, the average overnight lows are near freezing for most of the state.']",,Perryville,58.23169997893274,384.08250000793487
What Fahrenheit temperature is the lowest ever recorded in Tennessee?,"['The highest recorded temperature is 113 °F (45 °C) at Perryville on August 9, 1930 while the lowest recorded temperature is −32 °F (−36 °C) at Mountain City on December 30, 1917.', 'The coldest weather normally occurs from late December to early February, and the January daily mean temperature is 37.9 °F (3.3 °C), with an average of 6.0 days with highs at or below the freezing mark. Downtown areas straddle the border between USDA Hardiness zones 7B and 8A, and temperatures seldom lower to 0 °F (−18 °C), with the most recent subzero (°F) reading occurring on January 28, 2000, when the temperature reached −1 °F (−18 °C). The July daily mean temperature is 79.3 °F (26.3 °C), and high temperatures reach or exceed 90 °F (32 °C) approximately 43 days out of the year; while 100 °F (38 °C) temperatures are not uncommon, they do not occur every year.', 'Extremes in temperature have ranged from −12 °F (−24 °C) on January 19, 1940 up to 107 °F (42 °C) on August 6, 1918.[a]', 'There are 48 days per year with highs at or above 90 °F (32 °C). Autumn is similar to spring overall but has fewer days of rainfall. Extremes in temperature have ranged from −9 °F (−23 °C) on January 21, 1985 up to 105 °F (41 °C), most recently on July 8, 2012.', 'Summers in the state are generally hot and humid, with most of the state averaging a high of around 90 °F (32 °C) during the summer months. Winters tend to be mild to cool, increasing in coolness at higher elevations. Generally, for areas outside the highest mountains, the average overnight lows are near freezing for most of the state.']",,−32 °F,59.404700063169,312.18589993659407
Where in Tennessee did the temperature reach -36 degrees Celsius in December of 1917?,"['Extremes in temperature have ranged from −12 °F (−24 °C) on January 19, 1940 up to 107 °F (42 °C) on August 6, 1918.[a]', 'The highest recorded temperature is 113 °F (45 °C) at Perryville on August 9, 1930 while the lowest recorded temperature is −32 °F (−36 °C) at Mountain City on December 30, 1917.', 'The coldest weather normally occurs from late December to early February, and the January daily mean temperature is 37.9 °F (3.3 °C), with an average of 6.0 days with highs at or below the freezing mark. Downtown areas straddle the border between USDA Hardiness zones 7B and 8A, and temperatures seldom lower to 0 °F (−18 °C), with the most recent subzero (°F) reading occurring on January 28, 2000, when the temperature reached −1 °F (−18 °C). The July daily mean temperature is 79.3 °F (26.3 °C), and high temperatures reach or exceed 90 °F (32 °C) approximately 43 days out of the year; while 100 °F (38 °C) temperatures are not uncommon, they do not occur every year.', 'There are 48 days per year with highs at or above 90 °F (32 °C). Autumn is similar to spring overall but has fewer days of rainfall. Extremes in temperature have ranged from −9 °F (−23 °C) on January 21, 1985 up to 105 °F (41 °C), most recently on July 8, 2012.', 'Summers in the state are generally hot and humid, with most of the state averaging a high of around 90 °F (32 °C) during the summer months. Winters tend to be mild to cool, increasing in coolness at higher elevations. Generally, for areas outside the highest mountains, the average overnight lows are near freezing for most of the state.']",,Mountain City,59.792399988509715,326.7671000212431
"In the U.S. and governments modeled on it, who holds executive power?","[""By the late 20th century, the majority of the world's countries had a prime minister or equivalent minister, holding office under either a constitutional monarchy or a ceremonial president. The main exceptions to this system have been the United States and the presidential republics in Latin America modelled on the U.S. system, in which the president directly exercises executive authority."", 'The Executive Council is presided over by the Governor, and consists of three ex officio officers and five elected members of the Legislative Council appointed by the Governor. There is no elected Chief Minister, and the Governor acts as the head of government. In January 2013 it was proposed that the Executive Council would be led by a ""Chief Councillor"" who would be elected by the members of the Legislative Council and would nominate the other members of the Executive Council.', 'The fifty American states are separate sovereigns, with their own state constitutions, state governments, and state courts. All states have a legislative branch which enacts state statutes, an executive branch that promulgates state regulations pursuant to statutory authorization, and a judicial branch that applies, interprets, and occasionally overturns both state statutes and regulations, as well as local ordinances. They retain plenary power to make laws covering anything not preempted by the federal Constitution, federal statutes, or international treaties ratified by the federal Senate.', 'The president is the head of state and the prime minister is the head of government. Since 1974, no president has successfully served a full five-year term.', 'According to the Constitution of Estonia (Estonian: Põhiseadus) the supreme power of the state is vested in the people. The people exercise their supreme power of the state on the elections of the Riigikogu through citizens who have the right to vote. The supreme judicial power is vested in the Supreme Court or Riigikohus, with nineteen justices.']",,president,60.45499991159886,340.1542999781668
What did the magazines catering to post-punk interest do to alienate their readers?,"['However, during this period, major figures and artists in the scene began leaning away from underground aesthetics. In the music press, the increasingly esoteric writing of post-punk publications soon began to alienate their readerships; it is estimated that within several years, NME suffered the loss of half its circulation. Writers like Paul Morley began advocating ""overground brightness"" instead of the experimental sensibilities promoted in early years.', 'British post-punk entered the 1980s with support from members of the critical community—American critic Greil Marcus characterised ""Britain\'s postpunk pop avant-garde"" in a 1980 Rolling Stone article as ""sparked by a tension, humour and sense of paradox plainly unique in present day pop music""—as well as media figures such as BBC DJ John Peel, while several groups, such as PiL and Joy Division, achieved some success in the popular charts. The network of supportive record labels that included Industrial, Fast, E.G., Mute, Axis/4AD and Glass continued to facilitate a large output of music, by artists such as the Raincoats, Essential Logic, Killing Joke, the Teardrop Explodes, and the Psychedelic Furs.', 'Post-punk is a heterogeneous type of rock music that emerged in the wake of the punk movement of the 1970s. Drawing inspiration from elements of punk rock while departing from its musical conventions and wider cultural affiliations, post-punk music was marked by varied, experimentalist sensibilities and its ""conceptual assault"" on rock tradition. Artists embraced electronic music, black dance styles and the avant-garde, as well as novel recording technology and production techniques.', 'Generally, post-punk music is defined as music that emerged from the cultural milieu of punk rock in the late 1970s, although many groups now categorized as post-punk were initially subsumed under the broad umbrella of punk or new wave music, only becoming differentiated as the terms came to signify more narrow styles. Additionally, the accuracy of the term\'s chronological prefix ""post"" has been disputed, as various groups commonly labeled post-punk in fact predate the punk rock movement. Reynolds defined the post-punk era as occurring loosely between 1978 and 1984.', ""Morley's own musical collaboration with engineer Gary Langan and programmer J. J. Jeczalik, the Art of Noise, would attempt to bring sampled and electronic sounds to the pop mainstream. A variety of more pop-oriented groups, including ABC, the Associates, Adam and the Ants and Bow Wow Wow (the latter two managed by former Sex Pistols manager Malcolm McLaren) emerged in tandem with the development of the New Romantic subcultural scene. Emphasizing glamour, fashion, and escapism in distinction to the experimental seriousness of earlier post-punk groups, the club-oriented scene drew some suspicion from denizens of the movement.""]",,increasingly esoteric writing,54.33170008473098,335.8948999084532
Many of the big players in the post-punk scene began leaning away from what as time progressed?,"['Post-punk is a heterogeneous type of rock music that emerged in the wake of the punk movement of the 1970s. Drawing inspiration from elements of punk rock while departing from its musical conventions and wider cultural affiliations, post-punk music was marked by varied, experimentalist sensibilities and its ""conceptual assault"" on rock tradition. Artists embraced electronic music, black dance styles and the avant-garde, as well as novel recording technology and production techniques.', 'However, during this period, major figures and artists in the scene began leaning away from underground aesthetics. In the music press, the increasingly esoteric writing of post-punk publications soon began to alienate their readerships; it is estimated that within several years, NME suffered the loss of half its circulation. Writers like Paul Morley began advocating ""overground brightness"" instead of the experimental sensibilities promoted in early years.', 'Generally, post-punk music is defined as music that emerged from the cultural milieu of punk rock in the late 1970s, although many groups now categorized as post-punk were initially subsumed under the broad umbrella of punk or new wave music, only becoming differentiated as the terms came to signify more narrow styles. Additionally, the accuracy of the term\'s chronological prefix ""post"" has been disputed, as various groups commonly labeled post-punk in fact predate the punk rock movement. Reynolds defined the post-punk era as occurring loosely between 1978 and 1984.', 'British post-punk entered the 1980s with support from members of the critical community—American critic Greil Marcus characterised ""Britain\'s postpunk pop avant-garde"" in a 1980 Rolling Stone article as ""sparked by a tension, humour and sense of paradox plainly unique in present day pop music""—as well as media figures such as BBC DJ John Peel, while several groups, such as PiL and Joy Division, achieved some success in the popular charts. The network of supportive record labels that included Industrial, Fast, E.G., Mute, Axis/4AD and Glass continued to facilitate a large output of music, by artists such as the Raincoats, Essential Logic, Killing Joke, the Teardrop Explodes, and the Psychedelic Furs.', 'The movement also saw the frequent intersection of music with art and politics, as artists liberally drew on sources such as critical theory, cinema, performance art and modernist literature. Accompanying these musical developments were subcultures that produced visual art, multimedia performances, independent record labels and fanzines in conjunction with the music.']",,underground aesthetics,63.63600003533065,408.9602999156341
"What writer advocated ""overground brightness""?","['However, during this period, major figures and artists in the scene began leaning away from underground aesthetics. In the music press, the increasingly esoteric writing of post-punk publications soon began to alienate their readerships; it is estimated that within several years, NME suffered the loss of half its circulation. Writers like Paul Morley began advocating ""overground brightness"" instead of the experimental sensibilities promoted in early years.', 'A study conducted in 1972 and 1981, documented by Robert Ulrich, surveyed 23 surgical patients assigned to rooms looking out on a natural scene. The study concluded that patients assigned to rooms with windows allowing lots of natural light had shorter postoperative hospital stays, received fewer negative evaluative comments in nurses’ notes, and took fewer potent analegesics than 23 matched patients in similar rooms with windows facing a brick wall. This study suggests that due to the nature of the scenery and daylight exposure was indeed healthier for patients as opposed to those exposed to little light from the brick wall.', 'During the 1990s, several research papers and popular books wrote on what came to be called the ""Mozart effect"": an observed temporary, small elevation of scores on certain tests as a result of listening to Mozart\'s works. The approach has been popularized in a book by Don Campbell, and is based on an experiment published in Nature suggesting that listening to Mozart temporarily boosted students\' IQ by 8 to 9 points. This popularized version of the theory was expressed succinctly by the New York Times music columnist Alex Ross: ""researchers... have determined that listening to Mozart actually makes you smarter.""', 'Hiram S. Maxim was the chief engineer at the United States Electric Lighting Company.', 'The great whites were appearing as late as the 1920s works of James Henry Breasted, which were taught as the gospel of ancient history throughout the entire first half of the 20th century. A red wavelength was mainly of interest in America. The eastern question was modified by Simpson to ""The Problem of the Nearer East,"" which had nothing to do with the Ottomans but everything to do with British colonialism.']",,Paul Morley,52.82770004123449,328.2463001087308
