question,contexts,answer,ground_truth,retrieval_ms,generation_ms
Which part of the brain receives information from the eyes to regulate circadian rhythm?,"['What drove circadian rhythms to evolve has been an enigmatic question. Previous hypotheses emphasized that photosensitive proteins and circadian rhythms may have originated together in the earliest cells, with the purpose of protecting replicating DNA from high levels of damaging ultraviolet radiation during the daytime. As a result, replication was relegated to the dark.', 'However, evidence for this is lacking, since the simplest organisms with a circadian rhythm, the cyanobacteria, do the opposite of this - they divide more in the daytime. Recent studies instead highlight the importance of co-evolution of redox proteins with circadian oscillators in all three kingdoms of life following the Great Oxidation Event approximately 2.3 billion years ago. The current view is that circadian changes in environmental oxygen levels and the production of reactive oxygen species (ROS) in the presence of daylight are likely to have driven a need to evolve circadian rhythms to preempt, and therefore counteract, damaging redox reactions on a daily basis.', 'hypotheses Emphasized photosensitive proteins', 'circadian rhythms Originated earliest cells', 'photosensitive proteins Originated earliest cells', 'circadian changes In environmental oxygen levels', 'hypotheses Emphasized circadian rhythms', 'circadian rhythms DrivenBy circadian changes', 'circadian rhythms: A work of art named circadian rhythms.', 'circadian rhythms: An event named circadian rhythms.']","I'm sorry, I couldn't find that in the database.",hypothalamus,9334.261199925095,1056.5007999539375
What organ system contains the structure that provides information to the SCN?,"['The brains of all species are composed primarily of two broad classes of cells: neurons and glial cells. Glial cells (also known as glia or neuroglia) come in several types, and perform a number of critical functions, including structural support, metabolic support, insulation, and guidance of development. Neurons, however, are usually considered the most important cells in the brain.', 'In humans and many other mammals, new neurons are created mainly before birth, and the infant brain contains substantially more neurons than the adult brain. There are, however, a few areas where new neurons continue to be generated throughout life. The two areas for which adult neurogenesis is well established are the olfactory bulb, which is involved in the sense of smell, and the dentate gyrus of the hippocampus, where there is evidence that the new neurons play a role in storing newly acquired memories.', 'In intelligent mammals, such as primates, the cerebrum is larger relative to the rest of the brain. Intelligence itself is not easy to define, but indications of intelligence include the ability to learn, matched with behavioral flexibility. Rats, for example, are considered to be highly intelligent, as they can learn and perform new tasks, an ability that may be important when they first colonize a fresh habitat.', 'All of these brains contain the same set of basic anatomical components, but many are rudimentary in the hagfish, whereas in mammals the foremost part (the telencephalon) is greatly elaborated and expanded.', 'Pubertal development also affects circulatory and respiratory systems as an adolescents\' heart and lungs increase in both size and capacity. These changes lead to increased strength and tolerance for exercise. Sex differences are apparent as males tend to develop ""larger hearts and lungs, higher systolic blood pressure, a lower resting heart rate, a greater capacity for carrying oxygen to the blood, a greater power for neutralizing the chemical products of muscular exercise, higher blood hemoglobin and more red blood cells"".', 'adolescents PartOf circulatory system', 'adolescents Utilization computers', 'adolescents Participant videos', 'adolescents Participant email', 'adolescents StriveFor freedoms', 'adolescents Participant instant messaging', 'friends Impact adolescents', 'adolescents Demonstrate friends', 'anatomical components: A geographic location named anatomical components.', 'circulatory system: A geographic location named circulatory system.']","I'm sorry, I couldn't find that in the database.",nervous system,344.8727000504732,1586.6257001180202
What body structure increases in size during puberty and contributes to increased exercise tolerance?,"['Another set of significant physical changes during puberty happen in bodily distribution of fat and muscle. This process is different for females and males. Before puberty, there are nearly no sex differences in fat and muscle distribution; during puberty, boys grow muscle much faster than girls, although both sexes experience rapid muscle development.', 'In contrast, though both sexes experience an increase in body fat, the increase is much more significant for girls. Frequently, the increase in fat for girls happens in their years just before puberty. The ratio between muscle and fat among post-pubertal boys is around three to one, while for girls it is about five to four.', 'Their father, highly interested in their project, offered to pay for any supplies and spurred the boys on with the enticement of a ""big prize"" if they were successful. While his brother constructed the throat and larynx, Bell tackled the more difficult task of recreating a realistic skull. His efforts resulted in a remarkably lifelike head that could ""speak"", albeit only a few words.', 'However, higher concentrations of copper (100 ppm, 200 ppm, or 500 ppm) in the diet of rabbits may favorably influence feed conversion efficiency, growth rates, and carcass dressing percentages.', 'The boys would carefully adjust the ""lips"" and when a bellows forced air through the windpipe, a very recognizable ""Mama"" ensued, to the delight of neighbors who came to see the Bell invention.', 'rabbits Require healthy growth', 'girls Experience increase in body fat', 'girls Status unmarried', 'boys Adjusted lips', 'girls Participant auditioned before record labels', 'girls Participant ceremony', 'rabbits Has 3 ppm', 'rabbits Has diet', 'increase in body fat: An event named increase in body fat.', 'healthy growth: An entity of type STATE representing healthy growth.']","I'm sorry, I couldn't find that in the database.",heart and lungs,269.0963998902589,1418.3436001185328
Which sex tends to develop larger hearts and lungs and also more red blood cells?,"['Pubertal development also affects circulatory and respiratory systems as an adolescents\' heart and lungs increase in both size and capacity. These changes lead to increased strength and tolerance for exercise. Sex differences are apparent as males tend to develop ""larger hearts and lungs, higher systolic blood pressure, a lower resting heart rate, a greater capacity for carrying oxygen to the blood, a greater power for neutralizing the chemical products of muscular exercise, higher blood hemoglobin and more red blood cells"".', 'This may help explain sex differences in athletic performance.', 'The isolation of enzymes from infected tissue can also provide the basis of a biochemical diagnosis of an infectious disease. For example, humans can make neither RNA replicases nor reverse transcriptase, and the presence of these enzymes are characteristic of specific types of viral infections. The ability of the viral protein hemagglutinin to bind red blood cells together into a detectable matrix may also be characterized as a biochemical test for viral infection, although strictly speaking hemagglutinin is not an enzyme and has no metabolic function.', 'Before the 1950s, between 10 and 20% of males in Tibet were monks.', 'One of the earliest sexual orientation classification schemes was proposed in the 1860s by Karl Heinrich Ulrichs in a series of pamphlets he published privately. The classification scheme, which was meant only to describe males, separated them into three basic categories: dionings, urnings and uranodionings. An urning can be further categorized by degree of effeminacy.', 'males Develop larger hearts', 'This MayHelpExplain athletic performance', 'males Religion monks', 'males Develop larger lungs', 'hemagglutinin Forms detectable matrix', 'males LocatedIn Tibet', 'classification scheme MeantToDescribe males', 'This MayHelpExplain sex differences', 'larger lungs: A facility or building named larger lungs.', 'red blood cells: A geographic location named red blood cells.', 'sex differences: An event named sex differences.']","According to the text, males tend to develop larger hearts and lungs, as well as having more red blood cells.",males,218.29229989089072,930.3347999230027
What physiological change during puberty contributes to increased strength and exercise tolerance?,"['Another set of significant physical changes during puberty happen in bodily distribution of fat and muscle. This process is different for females and males. Before puberty, there are nearly no sex differences in fat and muscle distribution; during puberty, boys grow muscle much faster than girls, although both sexes experience rapid muscle development.', 'In contrast, though both sexes experience an increase in body fat, the increase is much more significant for girls. Frequently, the increase in fat for girls happens in their years just before puberty. The ratio between muscle and fat among post-pubertal boys is around three to one, while for girls it is about five to four.', 'Scientists do not know the exact cause of sexual orientation, but they believe that it is caused by a complex interplay of genetic, hormonal, and environmental influences. They favor biologically-based theories, which point to genetic factors, the early uterine environment, both, or the inclusion of genetic and social factors. There is no substantive evidence which suggests parenting or early childhood experiences play a role when it comes to sexual orientation.', 'The most fit creature would be the one whose pains are well balanced. Those pains which mean certain death when ignored will become the most powerfully felt. The relative intensities of pain, then, may resemble the relative importance of that risk to our ancestors (lack of food, too much cold, or serious injuries are felt as agony, whereas minor damage is felt as mere discomfort).', 'However, this understanding of homosexuality as sexual inversion was disputed at the time, and, through the second half of the twentieth century, gender identity came to be increasingly seen as a phenomenon distinct from sexual orientation. Transgender and cisgender people may be attracted to men, women, or both, although the prevalence of different sexual orientations is quite different in these two populations. An individual homosexual, heterosexual or bisexual person may be masculine, feminine, or androgynous, and in addition, many members and supporters of lesbian and gay communities now see the ""gender-conforming heterosexual"" and the ""gender-nonconforming homosexual"" as negative stereotypes.', 'girls Experience increase in body fat', 'girls Status unmarried', 'girls Participant auditioned before record labels', 'sexual orientation CausedBy genetic influences', 'Scientists Believe sexual orientation', 'girls Participant ceremony', 'creature HasProperty fitness', 'girls Experience muscle development', 'fitness: An entity of type PROPERTY representing fitness.', 'muscle development: An event named muscle development.', 'hormonal influences: A geographic location named hormonal influences.']","During puberty, boys grow muscle much faster than girls, which contributes to increased strength and exercise tolerance.",increased size and capacity of the heart and lungs,172.89629997685552,980.623499955982
Which Beyoncé album released in 2003 made her a worldwide known artist?,"['Their hiatus saw the release of Beyoncé\'s debut album, Dangerously in Love (2003), which established her as a solo artist worldwide, earned five Grammy Awards and featured the Billboard Hot 100 number-one singles ""Crazy in Love"" and ""Baby Boy"".', 'To promote the film, Beyoncé released ""Listen"" as the lead single from the soundtrack album. In April 2007, Beyoncé embarked on The Beyoncé Experience, her first worldwide concert tour, visiting 97 venues and grossed over $24 million.[note 1] Beyoncé conducted pre-concert food donation drives during six major stops in conjunction with her pastor at St. John\'s and America\'s Second Harvest. At the same time, B\'Day was re-released with five additional songs, including her duet with Shakira ""Beautiful Liar"".', 'In September 2010, Beyoncé made her runway modelling debut at Tom Ford\'s Spring/Summer 2011 fashion show. She was named ""World\'s Most Beautiful Woman"" by People and the ""Hottest Female Singer of All Time"" by Complex in 2012. In January 2013, GQ placed her on its cover, featuring her atop its ""100 Sexiest Women of the 21st Century"" list.', 'On January 7, 2012, Beyoncé gave birth to a daughter, Blue Ivy Carter, at Lenox Hill Hospital in New York under heavy security. Two days later, Jay Z released ""Glory"", a song dedicated to their child, on his website Lifeandtimes.com. The song detailed the couple\'s pregnancy struggles, including a miscarriage Beyoncé suffered before becoming pregnant with Blue Ivy.', 'At the 57th Annual Grammy Awards in February 2015, Beyoncé was nominated for six awards, ultimately winning three: Best R&B Performance and Best R&B Song for ""Drunk in Love"", and Best Surround Sound Album for Beyoncé. She was nominated for Album of the Year but the award was won by Beck for his Morning Phase album. In August, the cover of the September issue of Vogue magazine was unveiled online, Beyoncé as the cover star, becoming the first African-American artist and third African-American woman in general to cover the September issue.', 'Beyoncé Performer Tom Ford', 'Beyoncé Performer Super Bowl 50', 'Beyoncé Performer Sasha Fierce', 'Beyoncé Performer hip hop', 'Beyoncé Participant Egyptian pyramids', 'Chris Richards Says Beyoncé', 'Sasha Fierce DescribedAs provocative', 'Sasha Fierce DescribedAs sexy', 'Beyoncé: Companies, agencies, institutions, etc.']","Beyoncé's debut album, Dangerously in Love, released in 2003, established her as a solo artist worldwide.",Dangerously in Love,392.62249995954335,1157.8774999361485
Which singer from Houston became the lead singer of Destiny's Child before releasing Dangerously in Love?,"[""Beyoncé Giselle Knowles-Carter (/biːˈjɒnseɪ/ bee-YON-say) (born September 4, 1981) is an American singer, songwriter, record producer and actress. Born and raised in Houston, Texas, she performed in various singing and dancing competitions as a child, and rose to fame in the late 1990s as lead singer of R&B girl-group Destiny's Child. Managed by her father, Mathew Knowles, the group became one of the world's best-selling girl groups of all time."", 'Their hiatus saw the release of Beyoncé\'s debut album, Dangerously in Love (2003), which established her as a solo artist worldwide, earned five Grammy Awards and featured the Billboard Hot 100 number-one singles ""Crazy in Love"" and ""Baby Boy"".', 'The remaining band members recorded ""Independent Women Part I"", which appeared on the soundtrack to the 2000 film, Charlie\'s Angels. It became their best-charting single, topping the U.S. Billboard Hot 100 chart for eleven consecutive weeks. In early 2001, while Destiny\'s Child was completing their third album, Beyoncé landed a major role in the MTV made-for-television film, Carmen: A Hip Hopera, starring alongside American actor Mekhi Phifer.', ""At age eight, Beyoncé and childhood friend Kelly Rowland met LaTavia Roberson while in an audition for an all-girl entertainment group. They were placed into a group with three other girls as Girl's Tyme, and rapped and danced on the talent show circuit in Houston. After seeing the group, R&B producer Arne Frager brought them to his Northern California studio and placed them in Star Search, the largest talent show on national TV at the time."", 'Her vocal abilities mean she is identified as the centerpiece of Destiny\'s Child. The Daily Mail calls Beyoncé\'s voice ""versatile"", capable of exploring power ballads, soul, rock belting, operatic flourishes, and hip hop. Jon Pareles of The New York Times commented that her voice is ""velvety yet tart, with an insistent flutter and reserves of soul belting"".', 'Beyoncé Performer Tom Ford', 'Beyoncé Performer Super Bowl 50', 'Beyoncé Performer Sasha Fierce', 'Beyoncé Performer hip hop', 'Beyoncé Participant Egyptian pyramids', 'Chris Richards Says Beyoncé', 'Beyoncé Giselle Knowles-Carter BornIn Houston', 'Beyoncé Participant 2011 MTV Video Music Awards', ""Destiny's Child: Destiny's Child was an R&B girl-group that rose to fame in the late 1990s and became one of the world's best-selling girl groups.""]","Beyoncé Giselle Knowles-Carter, who was born and raised in Houston, Texas, rose to fame as the lead singer of Destiny's Child before releasing her debut album, Dangerously in Love.",Beyoncé,288.3095000870526,1454.3920999858528
Who managed the group in which Beyoncé was the lead singer?,"[""On March 30, 2015, it was announced that Beyoncé is a co-owner, with various other music artists, in the music streaming service Tidal. The service specialises in lossless audio and high definition music videos. Beyoncé's husband Jay Z acquired the parent company of Tidal, Aspiro, in the first quarter of 2015."", 'Their hiatus saw the release of Beyoncé\'s debut album, Dangerously in Love (2003), which established her as a solo artist worldwide, earned five Grammy Awards and featured the Billboard Hot 100 number-one singles ""Crazy in Love"" and ""Baby Boy"".', ""At age eight, Beyoncé and childhood friend Kelly Rowland met LaTavia Roberson while in an audition for an all-girl entertainment group. They were placed into a group with three other girls as Girl's Tyme, and rapped and danced on the talent show circuit in Houston. After seeing the group, R&B producer Arne Frager brought them to his Northern California studio and placed them in Star Search, the largest talent show on national TV at the time."", 'To promote the film, Beyoncé released ""Listen"" as the lead single from the soundtrack album. In April 2007, Beyoncé embarked on The Beyoncé Experience, her first worldwide concert tour, visiting 97 venues and grossed over $24 million.[note 1] Beyoncé conducted pre-concert food donation drives during six major stops in conjunction with her pastor at St. John\'s and America\'s Second Harvest. At the same time, B\'Day was re-released with five additional songs, including her duet with Shakira ""Beautiful Liar"".', 'After Hurricane Katrina in 2005, Beyoncé and Rowland founded the Survivor Foundation to provide transitional housing for victims in the Houston area, to which Beyoncé contributed an initial $250,000. The foundation has since expanded to work with other charities in the city, and also provided relief following Hurricane Ike three years later.', 'Beyoncé Performer Tom Ford', 'Beyoncé Performer Super Bowl 50', 'Beyoncé Performer Sasha Fierce', 'Beyoncé Performer hip hop', 'Beyoncé Participant Egyptian pyramids', 'Chris Richards Says Beyoncé', 'Sasha Fierce DescribedAs provocative', 'Sasha Fierce DescribedAs sexy', 'Beyoncé: Companies, agencies, institutions, etc.']","According to the text, R&B producer Arne Frager brought the group to his Northern California studio after seeing them.",Mathew Knowles,202.35470007173717,1394.84339999035
Which artist performed with Coldplay at Super Bowl 50 after posing on the cover of Vogue?,"['She headlined the 2015 Made in America festival in early September and also the Global Citizen Festival later that month. Beyoncé made an uncredited featured appearance on the track ""Hymn for the Weekend"" by British rock band Coldplay, on their seventh studio album A Head Full of Dreams (2015), which saw release in December. On January 7, 2016, Pepsi announced Beyoncé would perform alongside Coldplay at Super Bowl 50 in February.', 'At the 57th Annual Grammy Awards in February 2015, Beyoncé was nominated for six awards, ultimately winning three: Best R&B Performance and Best R&B Song for ""Drunk in Love"", and Best Surround Sound Album for Beyoncé. She was nominated for Album of the Year but the award was won by Beck for his Morning Phase album. In August, the cover of the September issue of Vogue magazine was unveiled online, Beyoncé as the cover star, becoming the first African-American artist and third African-American woman in general to cover the September issue.', 'In September 2010, Beyoncé made her runway modelling debut at Tom Ford\'s Spring/Summer 2011 fashion show. She was named ""World\'s Most Beautiful Woman"" by People and the ""Hottest Female Singer of All Time"" by Complex in 2012. In January 2013, GQ placed her on its cover, featuring her atop its ""100 Sexiest Women of the 21st Century"" list.', 'In August, the couple attended the 2011 MTV Video Music Awards, at which Beyoncé performed ""Love on Top"" and started the performance saying ""Tonight I want you to stand up on your feet, I want you to feel the love that\'s growing inside of me"". At the end of the performance, she dropped her microphone, unbuttoned her blazer and rubbed her stomach, confirming her pregnancy she had alluded to earlier in the evening. Her appearance helped that year\'s MTV Video Music Awards become the most-watched broadcast in MTV history, pulling in 12.4 million viewers; the announcement was listed in Guinness World Records for ""most tweets per second recorded for a single event"" on Twitter, receiving 8,868 tweets per second and ""Beyonce pregnant"" was the most Googled term the week of August 29, 2011.', 'To promote the film, Beyoncé released ""Listen"" as the lead single from the soundtrack album. In April 2007, Beyoncé embarked on The Beyoncé Experience, her first worldwide concert tour, visiting 97 venues and grossed over $24 million.[note 1] Beyoncé conducted pre-concert food donation drives during six major stops in conjunction with her pastor at St. John\'s and America\'s Second Harvest. At the same time, B\'Day was re-released with five additional songs, including her duet with Shakira ""Beautiful Liar"".', 'A Head Full of Dreams NotableWork Coldplay', 'Beyoncé Performer Super Bowl 50', 'Coldplay Performer Super Bowl 50', 'Coldplay Author A Head Full of Dreams', 'Coldplay: Companies, agencies, institutions, etc.']",Beyoncé performed with Coldplay at Super Bowl 50 after appearing on the cover of Vogue.,Beyoncé,249.63110010139644,1005.9809000231326
Which British band performed with Beyoncé at Super Bowl 50?,"['She headlined the 2015 Made in America festival in early September and also the Global Citizen Festival later that month. Beyoncé made an uncredited featured appearance on the track ""Hymn for the Weekend"" by British rock band Coldplay, on their seventh studio album A Head Full of Dreams (2015), which saw release in December. On January 7, 2016, Pepsi announced Beyoncé would perform alongside Coldplay at Super Bowl 50 in February.', 'To promote the film, Beyoncé released ""Listen"" as the lead single from the soundtrack album. In April 2007, Beyoncé embarked on The Beyoncé Experience, her first worldwide concert tour, visiting 97 venues and grossed over $24 million.[note 1] Beyoncé conducted pre-concert food donation drives during six major stops in conjunction with her pastor at St. John\'s and America\'s Second Harvest. At the same time, B\'Day was re-released with five additional songs, including her duet with Shakira ""Beautiful Liar"".', 'At the 57th Annual Grammy Awards in February 2015, Beyoncé was nominated for six awards, ultimately winning three: Best R&B Performance and Best R&B Song for ""Drunk in Love"", and Best Surround Sound Album for Beyoncé. She was nominated for Album of the Year but the award was won by Beck for his Morning Phase album. In August, the cover of the September issue of Vogue magazine was unveiled online, Beyoncé as the cover star, becoming the first African-American artist and third African-American woman in general to cover the September issue.', 'Their hiatus saw the release of Beyoncé\'s debut album, Dangerously in Love (2003), which established her as a solo artist worldwide, earned five Grammy Awards and featured the Billboard Hot 100 number-one singles ""Crazy in Love"" and ""Baby Boy"".', 'The remaining band members recorded ""Independent Women Part I"", which appeared on the soundtrack to the 2000 film, Charlie\'s Angels. It became their best-charting single, topping the U.S. Billboard Hot 100 chart for eleven consecutive weeks. In early 2001, while Destiny\'s Child was completing their third album, Beyoncé landed a major role in the MTV made-for-television film, Carmen: A Hip Hopera, starring alongside American actor Mekhi Phifer.', 'Beyoncé Performer Tom Ford', 'Beyoncé Performer Super Bowl 50', 'Beyoncé Performer Sasha Fierce', 'Beyoncé Performer hip hop', 'Beyoncé Participant Egyptian pyramids', 'Chris Richards Says Beyoncé', 'Beyoncé Participant 2011 MTV Video Music Awards', 'Beyoncé InfluencedBy hip hop era', 'Revel Presents: Beyoncé Live: An event named Revel Presents: Beyoncé Live.']",Beyoncé performed alongside Coldplay at Super Bowl 50.,Coldplay,284.16819986887276,901.8098001834005
Which Beyoncé album won five Grammy Awards after being released in 2003?,"['Their hiatus saw the release of Beyoncé\'s debut album, Dangerously in Love (2003), which established her as a solo artist worldwide, earned five Grammy Awards and featured the Billboard Hot 100 number-one singles ""Crazy in Love"" and ""Baby Boy"".', 'At the 57th Annual Grammy Awards in February 2015, Beyoncé was nominated for six awards, ultimately winning three: Best R&B Performance and Best R&B Song for ""Drunk in Love"", and Best Surround Sound Album for Beyoncé. She was nominated for Album of the Year but the award was won by Beck for his Morning Phase album. In August, the cover of the September issue of Vogue magazine was unveiled online, Beyoncé as the cover star, becoming the first African-American artist and third African-American woman in general to cover the September issue.', 'To promote the film, Beyoncé released ""Listen"" as the lead single from the soundtrack album. In April 2007, Beyoncé embarked on The Beyoncé Experience, her first worldwide concert tour, visiting 97 venues and grossed over $24 million.[note 1] Beyoncé conducted pre-concert food donation drives during six major stops in conjunction with her pastor at St. John\'s and America\'s Second Harvest. At the same time, B\'Day was re-released with five additional songs, including her duet with Shakira ""Beautiful Liar"".', 'As of 2013, West has won a total of 21 Grammy Awards, making him one of the most awarded artists of all-time. About.com ranked Kanye West No. 8 on their ""Top 50 Hip-Hop Producers"" list.', 'On January 7, 2012, Beyoncé gave birth to a daughter, Blue Ivy Carter, at Lenox Hill Hospital in New York under heavy security. Two days later, Jay Z released ""Glory"", a song dedicated to their child, on his website Lifeandtimes.com. The song detailed the couple\'s pregnancy struggles, including a miscarriage Beyoncé suffered before becoming pregnant with Blue Ivy.', 'West Employer Louis Vuitton', 'West DesignedFor Bape', 'West CollaboratedWith Nike', 'West PresentedWith Mike Myers', 'West Announced Pastelle Clothing line', 'West Author declaration', 'West DesignedFor Giuseppe Zanotti', 'West Ranked Top 50 Hip-Hop Producers', 'five Grammy Awards: An event named five Grammy Awards.', 'American Music Awards of 2004: An event named American Music Awards of 2004.']","Dangerously in Love, released in 2003, is the Beyoncé album that earned five Grammy Awards.",Dangerously in Love,1079.9436999950558,972.5132000166923
Which artist defeated Beyoncé for Album of the Year at the 57th Grammy Awards?,"['At the 57th Annual Grammy Awards in February 2015, Beyoncé was nominated for six awards, ultimately winning three: Best R&B Performance and Best R&B Song for ""Drunk in Love"", and Best Surround Sound Album for Beyoncé. She was nominated for Album of the Year but the award was won by Beck for his Morning Phase album. In August, the cover of the September issue of Vogue magazine was unveiled online, Beyoncé as the cover star, becoming the first African-American artist and third African-American woman in general to cover the September issue.', 'Their hiatus saw the release of Beyoncé\'s debut album, Dangerously in Love (2003), which established her as a solo artist worldwide, earned five Grammy Awards and featured the Billboard Hot 100 number-one singles ""Crazy in Love"" and ""Baby Boy"".', 'She headlined the 2015 Made in America festival in early September and also the Global Citizen Festival later that month. Beyoncé made an uncredited featured appearance on the track ""Hymn for the Weekend"" by British rock band Coldplay, on their seventh studio album A Head Full of Dreams (2015), which saw release in December. On January 7, 2016, Pepsi announced Beyoncé would perform alongside Coldplay at Super Bowl 50 in February.', 'The album spawned other number-one hits, ""Bootylicious"" and the title track, ""Survivor"", the latter of which earned the group a Grammy Award for Best R&B Performance by a Duo or Group with Vocals. After releasing their holiday album 8 Days of Christmas in October 2001, the group announced a hiatus to further pursue solo careers.', 'To promote the film, Beyoncé released ""Listen"" as the lead single from the soundtrack album. In April 2007, Beyoncé embarked on The Beyoncé Experience, her first worldwide concert tour, visiting 97 venues and grossed over $24 million.[note 1] Beyoncé conducted pre-concert food donation drives during six major stops in conjunction with her pastor at St. John\'s and America\'s Second Harvest. At the same time, B\'Day was re-released with five additional songs, including her duet with Shakira ""Beautiful Liar"".', 'Beyoncé Participant 2011 MTV Video Music Awards', ""Beyoncé MemberOf Destiny's Child"", 'Beyoncé Performer Drunk in Love', 'Beyoncé Participant English music festivals', ""Beyoncé PastorAt St. John's"", ""Beyoncé Participant America's Second Harvest"", 'Beyoncé VocalRange four octaves', 'Beyoncé EmbarkedOn The Beyoncé Experience', '57th Annual Grammy Awards: An event named 57th Annual Grammy Awards.', 'Grammy Award: Companies, agencies, institutions, etc.']","Beck won Album of the Year, defeating Beyoncé at the 57th Annual Grammy Awards.",Beck,274.19370017014444,1087.420100113377
Which magazine featured Beyoncé on its cover before her Super Bowl 50 performance?,"['This mix of the sacred and the profane upset the Vatican and resulted in the Pepsi commercial withdrawal. In 2003, MTV named her ""The Greatest Music Video Star Ever"" and said that ""Madonna\'s innovation, creativity and contribution to the music video art form is what won her the award.""', 'Madonna was criticized for her performance of ""Like a Virgin"" at the first 1984 MTV Video Music Awards (VMA). She appeared on stage atop a giant wedding cake, wearing a wedding dress and white gloves. The performance is noted by MTV as an iconic moment in VMA history.', 'These effects came at the expense of live singing."" Thor Christensen of The Dallas Morning News commented that while Madonna earned a reputation for lip-syncing during her 1990 Blond Ambition World Tour, she has subsequently reorganized her performances by ""stay[ing] mostly still during her toughest singing parts and [leaves] the dance routines to her backup troupe ... [r]ather than try to croon and dance up a storm at the same time.""', 'Madonna\'s emergence occurred during the advent of MTV; Chris Nelson from The New York Times spoke of pop artists like Madonna saying, ""MTV, with its almost exclusively lip-synched videos, ushered in an era in which average music fans might happily spend hours a day, every day, watching singers just mouth the words."" The symbiotic relationship between the music video and lip-syncing led to a desire for the spectacle and imagery of the music video to be transferred to live stage shows. He added, ""Artists like Madonna and Janet Jackson set new standards for showmanship, with concerts that included not only elaborate costumes and precision-timed pyrotechnics but also highly athletic dancing.', 'During shooting she became ill several times due to the intense emotional effort required. However, as she told Oprah, she was also pregnant during the filming: ""I was winded after every take. I had to lie on the couch every ten minutes so I could recover from dizzy spells, I was worried that I was shaking the baby around too much and that would injure it in some way.""', 'Madonna Performer Evita', 'Zach Conner MemberOf Time magazine', 'Evita AppearIn Time magazine', 'she Performer Evita', 'Madonna AppearIn Evita', 'Time magazine: Companies, agencies, institutions, etc.']","I'm sorry, I couldn't find that in the database.",Vogue,305.8321999851614,967.2552000265568
Which singer became famous in the late 1990s as the lead singer of Destiny's Child?,"[""Beyoncé Giselle Knowles-Carter (/biːˈjɒnseɪ/ bee-YON-say) (born September 4, 1981) is an American singer, songwriter, record producer and actress. Born and raised in Houston, Texas, she performed in various singing and dancing competitions as a child, and rose to fame in the late 1990s as lead singer of R&B girl-group Destiny's Child. Managed by her father, Mathew Knowles, the group became one of the world's best-selling girl groups of all time."", 'Her vocal abilities mean she is identified as the centerpiece of Destiny\'s Child. The Daily Mail calls Beyoncé\'s voice ""versatile"", capable of exploring power ballads, soul, rock belting, operatic flourishes, and hip hop. Jon Pareles of The New York Times commented that her voice is ""velvety yet tart, with an insistent flutter and reserves of soul belting"".', 'The remaining band members recorded ""Independent Women Part I"", which appeared on the soundtrack to the 2000 film, Charlie\'s Angels. It became their best-charting single, topping the U.S. Billboard Hot 100 chart for eleven consecutive weeks. In early 2001, while Destiny\'s Child was completing their third album, Beyoncé landed a major role in the MTV made-for-television film, Carmen: A Hip Hopera, starring alongside American actor Mekhi Phifer.', 'Their hiatus saw the release of Beyoncé\'s debut album, Dangerously in Love (2003), which established her as a solo artist worldwide, earned five Grammy Awards and featured the Billboard Hot 100 number-one singles ""Crazy in Love"" and ""Baby Boy"".', ""At age eight, Beyoncé and childhood friend Kelly Rowland met LaTavia Roberson while in an audition for an all-girl entertainment group. They were placed into a group with three other girls as Girl's Tyme, and rapped and danced on the talent show circuit in Houston. After seeing the group, R&B producer Arne Frager brought them to his Northern California studio and placed them in Star Search, the largest talent show on national TV at the time."", 'Beyoncé Performer Tom Ford', 'Beyoncé Performer Super Bowl 50', 'Beyoncé Performer Sasha Fierce', 'Beyoncé Performer hip hop', 'Beyoncé Participant Egyptian pyramids', 'Chris Richards Says Beyoncé', 'Beyoncé Giselle Knowles-Carter BornIn Houston', 'Beyoncé Participant 2011 MTV Video Music Awards', ""Destiny's Child: Destiny's Child was an R&B girl-group that rose to fame in the late 1990s and became one of the world's best-selling girl groups.""]",Beyoncé became famous in the late 1990s as the lead singer of Destiny's Child.,Beyoncé,242.29810014367104,1077.0902000367641
What city did the artist who released Dangerously in Love grow up in?,"['Their hiatus saw the release of Beyoncé\'s debut album, Dangerously in Love (2003), which established her as a solo artist worldwide, earned five Grammy Awards and featured the Billboard Hot 100 number-one singles ""Crazy in Love"" and ""Baby Boy"".', ""At age eight, Beyoncé and childhood friend Kelly Rowland met LaTavia Roberson while in an audition for an all-girl entertainment group. They were placed into a group with three other girls as Girl's Tyme, and rapped and danced on the talent show circuit in Houston. After seeing the group, R&B producer Arne Frager brought them to his Northern California studio and placed them in Star Search, the largest talent show on national TV at the time."", 'On January 7, 2012, Beyoncé gave birth to a daughter, Blue Ivy Carter, at Lenox Hill Hospital in New York under heavy security. Two days later, Jay Z released ""Glory"", a song dedicated to their child, on his website Lifeandtimes.com. The song detailed the couple\'s pregnancy struggles, including a miscarriage Beyoncé suffered before becoming pregnant with Blue Ivy.', 'VH1 listed her at number 1 on its 100 Sexiest Artists list. Several wax figures of Beyoncé are found at Madame Tussauds Wax Museums in major cities around the world, including New York, Washington, D.C., Amsterdam, Bangkok, Hollywood and Sydney.', 'Rosen notes that the hip hop era highly influenced Beyoncé\'s strange rhythmic vocal style, but also finds her quite traditionalist in her use of balladry, gospel and falsetto. Other critics praise her range and power, with Chris Richards of The Washington Post saying she was ""capable of punctuating any beat with goose-bump-inducing whispers or full-bore diva-roars.""', 'Beyoncé Performer Tom Ford', 'Beyoncé Performer Super Bowl 50', 'Beyoncé Performer Sasha Fierce', 'Beyoncé Performer hip hop', 'Beyoncé Participant Egyptian pyramids', 'Chris Richards Says Beyoncé', 'Beyoncé Participant 2011 MTV Video Music Awards', 'Beyoncé InfluencedBy hip hop era', 'Dangerously in Love: A work of art named Dangerously in Love.']","The context mentions that Beyoncé and childhood friend Kelly Rowland met in Houston, Texas.",Houston,196.42289984039962,1097.2243000287563
What language was used by the church that split from the Latin-speaking church in 1054?,"['The term was used as opposed to Latin, the non-native language of writing and the Catholic Church. In the first text in which it is found, dating from 784, it refers to the Germanic dialects of Britain. In the Oaths of Strasbourg (842) it appeared as teudisca to refer to the Germanic (Rhenish Franconian) portion of the oath.', 'This was a significant step towards restoring communion between Rome and Constantinople. It produced the Catholic-Orthodox Joint declaration of 1965, which was read out on 7 December 1965, simultaneously at a public meeting of the Second Vatican Council in Rome and at a special ceremony in Istanbul. The declaration did not end the schism, but showed a desire for greater reconciliation between the two churches.', ""The French crown's increasing dominance over the Papacy culminated in the transference of the Holy See to Avignon in 1309. When the Pope returned to Rome in 1377, this led to the election of different popes in Avignon and Rome, resulting in the Papal Schism (1378–1417). The Schism divided Europe along political lines; while France, her ally Scotland and the Spanish kingdoms supported the Avignon Papacy, France's enemy England stood behind the Pope in Rome, together with Portugal, Scandinavia and most of the German princes."", 'From the 2000 census[update], 60,455 or 47.0% belonged to the Swiss Reformed Church, while 31,510 or 24.5% were Roman Catholic. Of the rest of the population, there were 1,874 members of an Orthodox church (or about 1.46% of the population), there were 229 persons (or about 0.18% of the population) who belonged to the Christian Catholic Church, and there were 5,531 persons (or about 4.30% of the population) who belonged to another Christian church. There were 324 persons (or about 0.25% of the population) who were Jewish, and 4,907 (or about 3.81% of the population) who were Muslim.', 'Kenneth Samuel Wuest holds that all three original New Testament verses\' usages reflect a derisive element in the term Christian to refer to followers of Christ who did not acknowledge the emperor of Rome. The city of Antioch, where someone gave them the name Christians, had a reputation for coming up with such nicknames. However Peter\'s apparent endorsement of the term led to its being preferred over ""Nazarenes"" and the term Christianoi from 1 Peter becomes the standard term in the Early Church Fathers from Ignatius and Polycarp onwards.', 'Elizabeth DiplomaticRelation Pope', 'John Paul II Religion Pope', 'Latin Is non-native language of the Catholic Church', 'Pope Religion Holy Roman Church', 'Latin UsedFor texts', 'Latin UsedFor disputations', 'Roman Catholic PartOfOrg population', 'population Follows Islam', 'non-native language of the Catholic Church: An organization named non-native language of the Catholic Church.', 'Christian Catholic Church: Companies, agencies, institutions, etc.', 'Holy Roman Church: Companies, agencies, institutions, etc.']","I'm sorry, I couldn't find that in the database.",Greek,317.67389993183315,865.7849999144673
What issue caused the split between the Greek-speaking and Latin-speaking churches?,"[""The French crown's increasing dominance over the Papacy culminated in the transference of the Holy See to Avignon in 1309. When the Pope returned to Rome in 1377, this led to the election of different popes in Avignon and Rome, resulting in the Papal Schism (1378–1417). The Schism divided Europe along political lines; while France, her ally Scotland and the Spanish kingdoms supported the Avignon Papacy, France's enemy England stood behind the Pope in Rome, together with Portugal, Scandinavia and most of the German princes."", 'The university culture developed differently in northern Europe than it did in the south, although the northern (primarily Germany, France and Great Britain) and southern universities (primarily Italy) did have many elements in common. Latin was the language of the university, used for all texts, lectures, disputations and examinations. Professors lectured on the books of Aristotle for logic, natural philosophy, and metaphysics; while Hippocrates, Galen, and Avicenna were used for medicine.', 'By the height of the Empire, numerous international deities were cultivated at Rome and had been carried to even the most remote provinces, among them Cybele, Isis, Epona, and gods of solar monism such as Mithras and Sol Invictus, found as far north as Roman Britain. Because Romans had never been obligated to cultivate one god or one cult only, religious tolerance was not an issue in the sense that it is for competing monotheistic systems. The monotheistic rigor of Judaism posed difficulties for Roman policy that led at times to compromise and the granting of special exemptions, but sometimes to intractable conflict.', 'In May 1973, the Coptic Patriarch Shenouda III of Alexandria visited the Vatican, where he met three times with Pope Paul VI. A common declaration and a joint Creed issued after the visit demonstrated that there are virtually no more[additional citation needed] theological discrepancies between the Coptic and Roman Catholic Churches.', 'As the Romans extended their dominance throughout the Mediterranean world, their policy in general was to absorb the deities and cults of other peoples rather than try to eradicate them, since they believed that preserving tradition promoted social stability. One way that Rome incorporated diverse peoples was by supporting their religious heritage, building temples to local deities that framed their theology within the hierarchy of Roman religion. Inscriptions throughout the Empire record the side-by-side worship of local and Roman deities, including dedications made by Romans to local gods.', 'lycées LocatedIn France', 'Chamonix LocatedIn France', 'France HasSubsidiary province of Lyon', 'Madero FollowedBy election', 'Chopin LocatedIn France', 'election OccurredIn 1378', 'election EndedIn hung parliament', 'France Conflict Austro-Russian alliance', 'Roman religion: An organization named Roman religion.', 'Coptic and Roman Catholic Churches: An organization named Coptic and Roman Catholic Churches.', 'Papal Schism: An event named Papal Schism.']","I'm sorry, I couldn't find that in the database.",papal supremacy,360.2501000277698,844.774599885568
What was the eastern church called after the split in 1054?,"['Christianity was a major unifying factor between Eastern and Western Europe before the Arab conquests, but the conquest of North Africa sundered maritime connections between those areas. Increasingly the Byzantine Church differed in language, practices, and liturgy from the western Church. The eastern church used Greek instead of the western Latin.', ""Orthodox Christianity includes a large number of traditions regarding the Ever Virgin Mary, the Theotokos. The Orthodox believe that she was and remained a virgin before and after Christ's birth. The Theotokia (i.e., hymns to the Theotokos) are an essential part of the Divine Services in the Eastern Church and their positioning within the liturgical sequence effectively places the Theotokos in the most prominent place after Christ."", 'Language, education, religion and politics were transformed. Church services were now conducted in the vernacular instead of in Latin, previously used. During the Livonian War in 1561, northern Estonia submitted to Swedish control.', ""More formal works included explanations of scientific theories for individuals lacking the educational background to comprehend the original scientific text. Sir Isaac Newton's celebrated Philosophiae Naturalis Principia Mathematica was published in Latin and remained inaccessible to readers without education in the classics until Enlightenment writers began to translate and analyze the text in the vernacular."", 'eastern church Author Greek', 'Divine Services LocatedIn Eastern Church', 'Theotokia PartOf Divine Services', 'Byzantine Church Follows western Church', 'western Church Author Latin', 'Eastern Church: Companies, agencies, institutions, etc.', 'eastern church: Companies, agencies, institutions, etc.', 'Byzantine Church: Companies, agencies, institutions, etc.']","I'm sorry, I couldn't find that in the database.",the Orthodox Church,99.66520010493696,902.2633000276983
Which church used Greek before becoming known as the Orthodox Church?,"['Greek success was also favoured by Greek domination of the Christian Orthodox church.', 'Christianity was a major unifying factor between Eastern and Western Europe before the Arab conquests, but the conquest of North Africa sundered maritime connections between those areas. Increasingly the Byzantine Church differed in language, practices, and liturgy from the western Church. The eastern church used Greek instead of the western Latin.', 'The view of the Roman Catholic Church is that Protestant denominations cannot be considered churches but rather that they are ecclesial communities or specific faith-believing communities because their ordinances and doctrines are not historically the same as the Catholic sacraments and dogmas, and the Protestant communities have no sacramental ministerial priesthood and therefore lack true apostolic succession. According to Bishop Hilarion (Alfeyev) the Eastern Orthodox Church shares the same view on the subject.', 'The first known usage of the term in a legal context was in AD 380 by the Edict of Thessalonica of Theodosius I, which made Christianity the state church of the Roman Empire. Prior to the issuance of this edict, the Church had no state-sponsored support for any particular legal mechanism to counter what it perceived as ""heresy"". By this edict the state\'s authority and that of the Church became somewhat overlapping.', 'Theological and political differences emerged, and by the early and middle 8th century issues such as iconoclasm, clerical marriage, and state control of the church had widened to the extent that the cultural and religious differences were greater than the similarities. The formal break came in 1054, when the papacy and the patriarchy of Constantinople clashed over papal supremacy and excommunicated each other, which led to the division of Christianity into two churches—the western branch became the Roman Catholic Church and the eastern branch the Orthodox Church.', 'Christianity Religion New York', 'Christianity Religion anattā', 'Greek success FavouredBy Greek domination', 'Edict of Thessalonica Made Christianity', 'Presbyterianism Religion Christianity', 'Christianity Religion 2.4 billion adherents', 'Christians PartOfOrg Christianity', 'Christianity Religion Western Europe', 'Christian Orthodox church: An organization named Christian Orthodox church.', 'Orthodox Church: Companies, agencies, institutions, etc.']",The eastern church used Greek instead of the western Latin before becoming the Orthodox Church.,eastern church,284.97530007734895,913.1678000558168
What language was used by the church associated with papal supremacy before the Great Schism?,"['The term was used as opposed to Latin, the non-native language of writing and the Catholic Church. In the first text in which it is found, dating from 784, it refers to the Germanic dialects of Britain. In the Oaths of Strasbourg (842) it appeared as teudisca to refer to the Germanic (Rhenish Franconian) portion of the oath.', ""The French crown's increasing dominance over the Papacy culminated in the transference of the Holy See to Avignon in 1309. When the Pope returned to Rome in 1377, this led to the election of different popes in Avignon and Rome, resulting in the Papal Schism (1378–1417). The Schism divided Europe along political lines; while France, her ally Scotland and the Spanish kingdoms supported the Avignon Papacy, France's enemy England stood behind the Pope in Rome, together with Portugal, Scandinavia and most of the German princes."", 'In Latin, on the other hand, the [First name] Cardinal [Surname] order is used in the proclamation of the election of a new pope by the cardinal protodeacon: ""Annuntio vobis gaudium magnum; habemus Papam: Eminentissimum ac Reverendissimum Dominum, Dominum (first name) Sanctae Romanae Ecclesiae Cardinalem (last name), ..."" (Meaning: ""I announce to you a great joy; we have a Pope: The Most Eminent and Most Reverend Lord, Lord (first name) Cardinal of the Holy Roman Church (last name), ..."") This assumes that the new pope had been a cardinal just before becoming pope; the most recent election of a non-cardinal as pope was in 1378.', 'Maintaining continuity with his predecessors, John XXIII continued the gradual reform of the Roman liturgy, and published changes that resulted in the 1962 Roman Missal, the last typical edition containing the Tridentine Mass established in 1570 by Pope Pius V at the request of the Council of Trent and whose continued use Pope Benedict XVI authorized in 2007, under the conditions indicated in his motu proprio Summorum Pontificum. In response to the directives of the Second Vatican Council, later editions of the Roman Missal present the 1970 form of the Roman Rite.', 'The university culture developed differently in northern Europe than it did in the south, although the northern (primarily Germany, France and Great Britain) and southern universities (primarily Italy) did have many elements in common. Latin was the language of the university, used for all texts, lectures, disputations and examinations. Professors lectured on the books of Aristotle for logic, natural philosophy, and metaphysics; while Hippocrates, Galen, and Avicenna were used for medicine.', 'lycées LocatedIn France', 'Chamonix LocatedIn France', 'Pope Paul VI Continued Second Vatican Council', 'France DiplomaticRelation Ottoman Empire', 'Council of Trent FollowedBy Second Vatican Council', 'France DiplomaticRelation Avignon Papacy', 'Council of Trent Decreed Let clerics abstain from illicit hunting and hawking', 'Angers LocatedIn France', 'Second Vatican Council: Companies, agencies, institutions, etc.', 'non-native language of the Catholic Church: An organization named non-native language of the Catholic Church.', 'Papal Schism: An event named Papal Schism.']","Before the Great Schism, Latin was the non-native language of writing and the Catholic Church.",Latin,385.5409000534564,1156.3463998027146
Which scientific conference discussed radiation and quanta in 1911?,"['The very first Solvay Conference in 1911 was devoted to ""the theory of radiation and quanta"". Max Planck received the 1918 Nobel Prize in Physics ""in recognition of the services he rendered to the advancement of Physics by his discovery of energy quanta"".', 'First recognized in 1900 by Max Planck, it was originally the proportionality constant between the minimal increment of energy, E, of a hypothetical electrically charged oscillator in a cavity that contained black body radiation, and the frequency, f, of its associated electromagnetic wave. In 1905 the value E, the minimal energy increment of a hypothetical oscillator, was theoretically associated by Einstein with a ""quantum"" or minimal element of the energy of the electromagnetic wave itself. The light quantum behaved in some respects as an electrically neutral particle, as opposed to an electromagnetic wave.', 'Implications of evolution on fields outside of pure science have led to both opposition and support from different parts of society, and profoundly influenced the popular understanding of ""man\'s place in the universe"". In the early 20th century, the study of heredity became a major investigation after the rediscovery in 1900 of the laws of inheritance developed by the Moravian monk Gregor Mendel in 1866. Mendel\'s laws provided the beginnings of the study of genetics, which became a major field of research for both scientific and industrial research.', 'Thermographic cameras detect radiation in the infrared range of the electromagnetic spectrum (roughly 900–14,000 nanometers or 0.9–14 μm) and produce images of that radiation. Since infrared radiation is emitted by all objects based on their temperatures, according to the black body radiation law, thermography makes it possible to ""see"" one\'s environment with or without visible illumination. The amount of radiation emitted by an object increases with temperature, therefore thermography allows one to see variations in temperature (hence the name).', 'Max Planck Recognized 1900', 'Max Planck Received 1918 Nobel Prize in Physics', '1918 Nobel Prize in Physics Recognized services he rendered to the advancement of Physics', 'Solvay Conference OccurredInYear 1911', 'electromagnetic spectrum HasRange 900–14,000 nanometers', 'Solvay Conference DevotedTo the theory of radiation and quanta', 'radiation InRangeOf electromagnetic spectrum', 'electromagnetic spectrum HasRange 0.9–14 μm', 'the theory of radiation and quanta: A work of art named the theory of radiation and quanta.', '1918 Nobel Prize in Physics: An event named 1918 Nobel Prize in Physics.', 'radiation: A geographic location named radiation.']","The first Solvay Conference in 1911 was devoted to ""the theory of radiation and quanta.""",the first Solvay Conference,101.53119987808168,1627.4470000062138
"Who coined the term ""ultraviolet catastrophe"" before the first Solvay Conference?","['The black-body problem was revisited in 1905, when Rayleigh and Jeans (on the one hand) and Einstein (on the other hand) independently proved that classical electromagnetism could never account for the observed spectrum. These proofs are commonly known as the ""ultraviolet catastrophe"", a name coined by Paul Ehrenfest in 1911. They contributed greatly (along with Einstein\'s work on the photoelectric effect) to convincing physicists that Planck\'s postulate of quantized energy levels was more than a mere mathematical formalism.', 'The mid 20th century saw a series of studies relying to the role of science in a social context, starting from Thomas Kuhn\'s The Structure of Scientific Revolutions in 1962. It opened the study of science to new disciplines by suggesting that the evolution of science was in part sociologically determined and that positivism did not explain the actual interactions and strategies of the human participants in science. As Thomas Kuhn put it, the history of science may be seen in more nuanced terms, such as that of competing paradigms or conceptual systems in a wider matrix that includes intellectual, cultural, economic and political themes outside of science. ""', 'What drove circadian rhythms to evolve has been an enigmatic question. Previous hypotheses emphasized that photosensitive proteins and circadian rhythms may have originated together in the earliest cells, with the purpose of protecting replicating DNA from high levels of damaging ultraviolet radiation during the daytime. As a result, replication was relegated to the dark.', 'ultraviolet radiation Protecting replicating DNA', 'Thomas Kuhn Suggested evolution of science', 'Thomas Kuhn Author The Structure of Scientific Revolutions', 'Thomas Kuhn Put history of science', 'Paul Ehrenfest Coined ultraviolet catastrophe', 'ultraviolet radiation: An event named ultraviolet radiation.', 'history of science: Companies, agencies, institutions, etc.', 'ultraviolet catastrophe: An event named ultraviolet catastrophe.']","Paul Ehrenfest coined the term ""ultraviolet catastrophe"" in 1911.",Paul Ehrenfest,98.26919995248318,949.0865999832749
Which physicist received the 1918 Nobel Prize for discovering energy quanta?,"['The very first Solvay Conference in 1911 was devoted to ""the theory of radiation and quanta"". Max Planck received the 1918 Nobel Prize in Physics ""in recognition of the services he rendered to the advancement of Physics by his discovery of energy quanta"".', 'First recognized in 1900 by Max Planck, it was originally the proportionality constant between the minimal increment of energy, E, of a hypothetical electrically charged oscillator in a cavity that contained black body radiation, and the frequency, f, of its associated electromagnetic wave. In 1905 the value E, the minimal energy increment of a hypothetical oscillator, was theoretically associated by Einstein with a ""quantum"" or minimal element of the energy of the electromagnetic wave itself. The light quantum behaved in some respects as an electrically neutral particle, as opposed to an electromagnetic wave.', 'Implications of evolution on fields outside of pure science have led to both opposition and support from different parts of society, and profoundly influenced the popular understanding of ""man\'s place in the universe"". In the early 20th century, the study of heredity became a major investigation after the rediscovery in 1900 of the laws of inheritance developed by the Moravian monk Gregor Mendel in 1866. Mendel\'s laws provided the beginnings of the study of genetics, which became a major field of research for both scientific and industrial research.', 'Max Planck Recognized 1900', 'Max Planck Received 1918 Nobel Prize in Physics', '1918 Nobel Prize in Physics Recognized services he rendered to the advancement of Physics', 'Max Planck NotableWork discovery of energy quanta', '1918 Nobel Prize in Physics: An event named 1918 Nobel Prize in Physics.']",Max Planck received the 1918 Nobel Prize in Physics for his discovery of energy quanta.,Max Planck,119.94030000641942,1082.6842000242323
What scientific problem showed that classical electromagnetism could not explain the observed spectrum?,"['Galileo (""Father of Modern Physics"") also made use of experiments to validate physical theories, a key element of the scientific method.', 'Prior to Einstein\'s paper, electromagnetic radiation such as visible light was considered to behave as a wave: hence the use of the terms ""frequency"" and ""wavelength"" to characterise different types of radiation. The energy transferred by a wave in a given time is called its intensity. The light from a theatre spotlight is more intense than the light from a domestic lightbulb; that is to say that the spotlight gives out more energy per unit time and per unit space(and hence consumes more electricity) than the ordinary bulb, even though the colour of the light might be very similar.', 'Similarly Robert Boyle, a prominent advocate of the experimental method, held that we have innate ideas. The main continental rationalists (Descartes, Spinoza, and Leibniz) were also advocates of the empirical ""scientific method"".', ""This apparent backward motion is created when Earth's orbit takes it past an outer planet. Because Neptune was only beginning its yearly retrograde cycle, the motion of the planet was far too slight to be detected with Galileo's small telescope. In July 2009, University of Melbourne physicist David Jamieson announced new evidence suggesting that Galileo was at least aware that the 'star' he had observed had moved relative to the fixed stars."", ""Some of the earliest recorded observations ever made through a telescope, Galileo's drawings on 28 December 1612 and 27 January 1613, contain plotted points that match up with what is now known to be the position of Neptune. On both occasions, Galileo seems to have mistaken Neptune for a fixed star when it appeared close—in conjunction—to Jupiter in the night sky; hence, he is not credited with Neptune's discovery. At his first observation in December 1612, Neptune was almost stationary in the sky because it had just turned retrograde that day."", 'electromagnetic radiation Considered wave', 'Galileo Author scientific method', 'Galileo EducatedAt University of Melbourne', 'Galileo NotableWork physical theories', 'visible light Considered wave', 'Galileo Author drawings', 'Galileo Author star', ""Galileo NotCreditedWith Neptune's discovery"", 'electromagnetic radiation: A work of art named electromagnetic radiation.', 'physical theories: A work of art named physical theories.']","I'm sorry, I couldn't find that in the database.",the ultraviolet catastrophe,116.9332000426948,1389.892099890858
What was the topic of the first Solvay Conference held in 1911?,"['The very first Solvay Conference in 1911 was devoted to ""the theory of radiation and quanta"". Max Planck received the 1918 Nobel Prize in Physics ""in recognition of the services he rendered to the advancement of Physics by his discovery of energy quanta"".', 'The German states proclaimed their union as the German Empire under the Prussian king, Wilhelm I, uniting Germany as a nation-state. The Treaty of Frankfurt of 10 May 1871 gave Germany most of Alsace and some parts of Lorraine, which became the Imperial territory of Alsace-Lorraine (Reichsland Elsaß-Lothringen).The German conquest of France and the unification of Germany upset the European balance of power, that had existed since the Congress of Vienna in 1815 and Otto von Bismarck maintained great authority in international affairs for two decades. French determination to regain Alsace-Lorraine and fear of another Franco-German war, along with British apprehension about the balance of power, became factors in the causes of World War I.', 'Also, other human rights were advocated for by some Protestants. For example, torture was abolished in Prussia in 1740, slavery in Britain in 1834 and in the United States in 1865 (William Wilberforce, Harriet Beecher Stowe, Abraham Lincoln - against Southern Protestants). Hugo Grotius and Samuel Pufendorf were among the first thinkers who made significant contributions to international law.', ""Napoleon's triumph at Marengo secured his political authority and boosted his popularity back home, but it did not lead to an immediate peace. Bonaparte's brother, Joseph, led the complex negotiations in Lunéville and reported that Austria, emboldened by British support, would not acknowledge the new territory that France had acquired. As negotiations became increasingly fractious, Bonaparte gave orders to his general Moreau to strike Austria once more."", 'After Napoleon imposed the Convention of Artlenburg (Convention of the Elbe) on July 5, 1803, about 30,000 French soldiers occupied Hanover. The Convention also required disbanding the army of Hanover. However, George III did not recognize the Convention of the Elbe.', 'Napoleon Author Give me lucky generals', 'Congress of Vienna Established European balance of power', 'Napoleon Participant intercept', 'Napoleon Child arsenic', 'Napoleon Conflict Prussia', 'Napoleon FoundedBy French educational system', 'Napoleon Abandoned artillery', 'Napoleon Gave École Polytechnique', 'Congress of Vienna: Companies, agencies, institutions, etc.', 'Solvay Conference: An event named Solvay Conference.']","The first Solvay Conference in 1911 was devoted to ""the theory of radiation and quanta.""",the theory of radiation and quanta,237.3401999939233,1413.3958998136222
Which Libyan leader preferred the desert over the city because of his Bedouin upbringing?,"['Muammar Muhammad Abu Minyar al-Gaddafi (Arabic: معمر محمد أبو منيار القذافي\u200e Arabic pronunciation: [muʕamar al.qaðaːfiː]; /ˈmoʊ.əmɑːr ɡəˈdɑːfi/;  audio (help·info); c.\u20091942 – 20 October 2011), commonly known as Colonel Gaddafi,[b] was a Libyan revolutionary, politician, and political theorist. He governed Libya as Revolutionary Chairman of the Libyan Arab Republic from 1969 to 1977 and then as the ""Brotherly Leader"" of the Great Socialist People\'s Libyan Arab Jamahiriya from 1977 to 2011. Initially ideologically committed to Arab nationalism and Arab socialism, he came to rule according to his own Third International Theory before embracing Pan-Africanism and serving as Chairperson of the African Union from 2009 to 2010.', 'Muammar Gaddafi was born in a tent near Qasr Abu Hadi, a rural area outside the town of Sirte in the deserts of western Libya. His family came from a small, relatively un-influential tribal group called the Qadhadhfa, who were Arabized Berber in heritage. His father, Mohammad Abdul Salam bin Hamed bin Mohammad, was known as Abu Meniar (died 1985), and his mother was named Aisha (died 1978); Abu Meniar earned a meager subsistence as a goat and camel herder.', ""In the immediate aftermath, Gaddafi retreated to the desert to meditate, while there were sporadic clashes between Gaddafists and army officers who wanted to overthrow the government. Although the U.S. was condemned internationally, Reagan received a popularity boost at home. Publicly lambasting U.S. imperialism, Gaddafi's reputation as an anti-imperialist was strengthened both domestically and across the Arab world, and in June 1986, he ordered the names of the month to be changed in Libya."", 'Ruling by decree, he implemented measures to remove what he viewed as foreign imperialist influence from Libya, and strengthened ties to Arab nationalist governments. Intent on pushing Libya towards ""Islamic socialism"", he introduced sharia as the basis for the legal system and nationalized the oil industry, using the increased revenues to bolster the military, implement social programs and fund revolutionary militants across the world. In 1973 he initiated a ""Popular Revolution"" with the formation of General People\'s Committees (GPCs), purported to be a system of direct democracy, but retained personal control over major decisions.', ""Following Anwar Sadat's ascension to the Egyptian presidency, Libya's relations with Egypt deteriorated. Sadat was perturbed by Gaddafi's unpredictability and insistence that Egypt required a cultural revolution. In February 1973, Israeli forces shot down Libyan Arab Airlines Flight 114, which had strayed from Egyptian airspace into Israeli-held territory during a sandstorm."", 'Muammar Gaddafi BornIn Qasr Abu Hadi', 'Muammar Gaddafi Mother Aisha', 'Muammar Gaddafi Supported Abu Nidal Organization', 'Muammar Gaddafi Supported Palestinian Popular Struggle Front', 'Muammar Gaddafi MemberOfPoliticalParty Fatah', 'Muammar Muhammad Abu Minyar al-Gaddafi MemberOfPoliticalParty Arab nationalists', 'Muammar Gaddafi LocatedIn Sirte', 'Muammar Gaddafi Supported Democratic Front for the Liberation of Palestine', 'Muammar Gaddafi: People, including fictional', 'Libyan Arab Republic: Companies, agencies, institutions, etc.']","According to the text, Muammar Gaddafi was born in a tent near Qasr Abu Hadi, a rural area outside the town of Sirte, and his family were goat and camel herders, suggesting a Bedouin upbringing.",Muammar Gaddafi,134.03590000234544,1720.5610999371856
What tribe did the Libyan leader born near Sirte belong to?,"[""Nomadic Bedouins, they were illiterate and kept no birth records. As such, Gaddafi's date of birth is not known with certainty, and sources have set it in 1942 or in the spring of 1943, although biographers Blundy and Lycett noted that it could have been pre-1940. His parents' only surviving son, he had three older sisters."", 'Muammar Muhammad Abu Minyar al-Gaddafi (Arabic: معمر محمد أبو منيار القذافي\u200e Arabic pronunciation: [muʕamar al.qaðaːfiː]; /ˈmoʊ.əmɑːr ɡəˈdɑːfi/;  audio (help·info); c.\u20091942 – 20 October 2011), commonly known as Colonel Gaddafi,[b] was a Libyan revolutionary, politician, and political theorist. He governed Libya as Revolutionary Chairman of the Libyan Arab Republic from 1969 to 1977 and then as the ""Brotherly Leader"" of the Great Socialist People\'s Libyan Arab Jamahiriya from 1977 to 2011. Initially ideologically committed to Arab nationalism and Arab socialism, he came to rule according to his own Third International Theory before embracing Pan-Africanism and serving as Chairperson of the African Union from 2009 to 2010.', 'The son of an impoverished Bedouin goat herder, Gaddafi became involved in politics while at school in Sabha, subsequently enrolling in the Royal Military Academy, Benghazi. Founding a revolutionary cell within the military, in 1969 they seized power from the absolute monarchy of King Idris in a bloodless coup. Becoming Chairman of the governing Revolutionary Command Council (RCC), Gaddafi abolished the monarchy and proclaimed the Republic.', ""Gaddafi's upbringing in Bedouin culture influenced his personal tastes for the rest of his life. He repeatedly expressed a preference for the desert over the city and retreated to the desert to meditate."", ""Although theoretically a collegial body operating through consensus building, Gaddafi dominated the RCC, although some of the others attempted to constrain what they saw as his excesses. Gaddafi remained the government's public face, with the identities of the other RCC members only being publicly revealed on 10 January 1970. All young men from (typically rural) working and middle-class backgrounds, none had university degrees; in this way they were distinct from the wealthy, highly educated conservatives who previously governed the country."", 'Muammar Muhammad Abu Minyar al-Gaddafi Governed Libyan Arab Republic', 'Gaddafi Conflict ICC', 'Muammar Muhammad Abu Minyar al-Gaddafi Author Third International Theory', 'Abdullah Senussi Conflict ICC', 'Saif al-Islam Conflict ICC', 'ICC Issued Gaddafi', 'Muammar Muhammad Abu Minyar al-Gaddafi MemberOfPoliticalParty Arab socialists', 'Muammar Muhammad Abu Minyar al-Gaddafi BornIn Libya', 'Libyan officials: An organization named Libyan officials.', 'Libyan Arab Republic: Companies, agencies, institutions, etc.']","The Libyan leader, Muammar Gaddafi, belonged to an impoverished Bedouin tribe.",Qadhadhfa,187.88579991087317,988.9575999695808
How did Gaddafi's father earn a living before Gaddafi became leader of Libya?,"['Muammar Gaddafi was born in a tent near Qasr Abu Hadi, a rural area outside the town of Sirte in the deserts of western Libya. His family came from a small, relatively un-influential tribal group called the Qadhadhfa, who were Arabized Berber in heritage. His father, Mohammad Abdul Salam bin Hamed bin Mohammad, was known as Abu Meniar (died 1985), and his mother was named Aisha (died 1978); Abu Meniar earned a meager subsistence as a goat and camel herder.', ""Nomadic Bedouins, they were illiterate and kept no birth records. As such, Gaddafi's date of birth is not known with certainty, and sources have set it in 1942 or in the spring of 1943, although biographers Blundy and Lycett noted that it could have been pre-1940. His parents' only surviving son, he had three older sisters."", 'The son of an impoverished Bedouin goat herder, Gaddafi became involved in politics while at school in Sabha, subsequently enrolling in the Royal Military Academy, Benghazi. Founding a revolutionary cell within the military, in 1969 they seized power from the absolute monarchy of King Idris in a bloodless coup. Becoming Chairman of the governing Revolutionary Command Council (RCC), Gaddafi abolished the monarchy and proclaimed the Republic.', 'The Bovington signal course\'s director reported that Gaddafi successfully overcame problems learning English, displaying a firm command of voice procedure. Noting that Gaddafi\'s favourite hobbies were reading and playing football, he thought him an ""amusing officer, always cheerful, hard-working, and conscientious."" Gaddafi disliked England, claiming British Army officers racially insulted him and finding it difficult adjusting to the country\'s culture; asserting his Arab identity in London, he walked around Piccadilly wearing traditional Libyan robes.', ""Starting in the 1980s, he travelled with his all-female Amazonian Guard, who were allegedly sworn to a life of celibacy. However, according to psychologist Seham Sergewa, after the civil war several of the guards told her they had been pressured into joining and raped by Gaddafi and senior officials. He hired several Ukrainian nurses to care for him and his family's health, and traveled everywhere with his trusted Ukrainian nurse Halyna Kolotnytska."", 'Gaddafi MemberOf Arab Nationalist Movement', 'Gaddafi PlannedToDestroy RMS Queen Elizabeth 2', 'Halyna Kolotnytska Employer Gaddafi', 'Muammar Gaddafi Supported Palestinian Popular Struggle Front', 'Saif al-Islam Conflict ICC', 'ICC Issued Gaddafi', 'Gaddafi Dominated RCC', 'Gaddafi Conflict Egypt', 'Muammar Gaddafi: People, including fictional', 'Gaddafi: People, including fictional']","Gaddafi's father, Abu Meniar, earned a meager subsistence as a goat and camel herder.",goat and camel herder,333.77490006387234,1033.5124998819083
Which Libyan leader was protected by the Amazonian Guard in the 1980s?,"[""Starting in the 1980s, he travelled with his all-female Amazonian Guard, who were allegedly sworn to a life of celibacy. However, according to psychologist Seham Sergewa, after the civil war several of the guards told her they had been pressured into joining and raped by Gaddafi and senior officials. He hired several Ukrainian nurses to care for him and his family's health, and traveled everywhere with his trusted Ukrainian nurse Halyna Kolotnytska."", ""In the immediate aftermath, Gaddafi retreated to the desert to meditate, while there were sporadic clashes between Gaddafists and army officers who wanted to overthrow the government. Although the U.S. was condemned internationally, Reagan received a popularity boost at home. Publicly lambasting U.S. imperialism, Gaddafi's reputation as an anti-imperialist was strengthened both domestically and across the Arab world, and in June 1986, he ordered the names of the month to be changed in Libya."", ""Following Anwar Sadat's ascension to the Egyptian presidency, Libya's relations with Egypt deteriorated. Sadat was perturbed by Gaddafi's unpredictability and insistence that Egypt required a cultural revolution. In February 1973, Israeli forces shot down Libyan Arab Airlines Flight 114, which had strayed from Egyptian airspace into Israeli-held territory during a sandstorm."", 'The son of an impoverished Bedouin goat herder, Gaddafi became involved in politics while at school in Sabha, subsequently enrolling in the Royal Military Academy, Benghazi. Founding a revolutionary cell within the military, in 1969 they seized power from the absolute monarchy of King Idris in a bloodless coup. Becoming Chairman of the governing Revolutionary Command Council (RCC), Gaddafi abolished the monarchy and proclaimed the Republic.', 'Many African states opposed the UN sanctions, with Mandela criticising them on a visit to Gaddafi in October 1997, when he praised Libya for its work in fighting apartheid and awarded Gaddafi the Order of Good Hope. They would only be suspended in 1998 when Libya agreed to allow the extradition of the suspects to the Scottish Court in the Netherlands, in a process overseen by Mandela.', 'Gaddafi Conflict ICC', 'Abdullah Senussi Conflict ICC', 'Saif al-Islam Conflict ICC', 'ICC Issued Gaddafi', 'ICC Issued Abdullah Senussi', 'Libyan officials Rejected ICC', 'ICC Issued Saif al-Islam', 'Libyan officials: An organization named Libyan officials.']","According to the text, Gaddafi was protected by his all-female Amazonian Guard in the 1980s.",Muammar Gaddafi,196.9273998402059,1180.7415001094341
What is the nationality of the nurse associated professionally with Gaddafi?,"[""Starting in the 1980s, he travelled with his all-female Amazonian Guard, who were allegedly sworn to a life of celibacy. However, according to psychologist Seham Sergewa, after the civil war several of the guards told her they had been pressured into joining and raped by Gaddafi and senior officials. He hired several Ukrainian nurses to care for him and his family's health, and traveled everywhere with his trusted Ukrainian nurse Halyna Kolotnytska."", ""Nomadic Bedouins, they were illiterate and kept no birth records. As such, Gaddafi's date of birth is not known with certainty, and sources have set it in 1942 or in the spring of 1943, although biographers Blundy and Lycett noted that it could have been pre-1940. His parents' only surviving son, he had three older sisters."", 'The Bovington signal course\'s director reported that Gaddafi successfully overcame problems learning English, displaying a firm command of voice procedure. Noting that Gaddafi\'s favourite hobbies were reading and playing football, he thought him an ""amusing officer, always cheerful, hard-working, and conscientious."" Gaddafi disliked England, claiming British Army officers racially insulted him and finding it difficult adjusting to the country\'s culture; asserting his Arab identity in London, he walked around Piccadilly wearing traditional Libyan robes.', 'Nelson Mandela expressed sadness at the news, praising Gaddafi for his anti-apartheid stance, remarking that he backed the African National Congress during ""the darkest moments of our struggle"". Gaddafi was mourned by many as a hero across Sub-Saharan Africa, for instance, a vigil was held by Muslims in Sierra Leone. The Daily Times of Nigeria stated that while undeniably a dictator, Gaddafi was the most benevolent in a region that only knew dictatorship, and that he was ""a great man that looked out for his people and made them the envy of all of Africa.""', 'The son of an impoverished Bedouin goat herder, Gaddafi became involved in politics while at school in Sabha, subsequently enrolling in the Royal Military Academy, Benghazi. Founding a revolutionary cell within the military, in 1969 they seized power from the absolute monarchy of King Idris in a bloodless coup. Becoming Chairman of the governing Revolutionary Command Council (RCC), Gaddafi abolished the monarchy and proclaimed the Republic.', 'Gaddafi MemberOf Arab Nationalist Movement', 'Gaddafi PlannedToDestroy RMS Queen Elizabeth 2', 'Halyna Kolotnytska Employer Gaddafi', 'Saif al-Islam Conflict ICC', 'ICC Issued Gaddafi', 'Gaddafi Dominated RCC', 'Gaddafi Conflict Egypt', 'Gaddafi RecipientOf Order of Good Hope', 'Gaddafi: People, including fictional']","According to the text, Gaddafi's trusted nurse was Halyna Kolotnytska, who was Ukrainian.",Ukrainian,319.2634000442922,1049.4968998245895
Which event involved protests from Tibet supporters and pro-Chinese demonstrators?,"['People demonstrated both for China and for Tibet. At least five people were arrested during the torch relay. Police said ""the five were arrested for interfering with the event under special powers enacted in the wake of massive protests against Chinese policy toward Tibet.""', 'At one point, groups of Chinese students surrounded and intimidated pro-Tibet protesters. One person had to be pulled aboard a police launch when a group of pro-Chinese students looked like they might force him into the lake.', 'Just days before the relay supporters of Falun Gong demonstrated in front of the Chinese embassy in the Malaysian capital. As many as 1,000 personnel from the special police unit were expected to be deployed on the day of the relay. A Japanese family with Malaysian citizenship and their 5-year-old child who unfurled a Tibetan flag were hit by a group of Chinese nationals with plastic air-filled batons and heckled by a crowd of Chinese citizens during the confrontation at Independence Square where the relay began, and the Chinese group shouted: ""Taiwan and Tibet belong to China.""', 'Up to 600 pro-Tibet protesters were expected to attend the relay, along with between 2,000 and 10,000 Chinese supporters. Taking note of the high number of Chinese supporters, Ted Quinlan, head of the Canberra torch relay committee, said: ""We didn\'t expect this reaction from the Chinese community. It is obviously a well-coordinated plan to take the day by weight of numbers.', 'The attacks on the torch in London and Paris were described as ""despicable"" by the Chinese government, condemning them as ""deliberate disruptions... who gave no thought to the Olympic spirit or the laws of Britain and France"" and who ""tarnish the lofty Olympic spirit"", and vowed they would continue with the relay and not allow the protests to ""impede the Olympic spirit"". Large-scale counter-protests by overseas Chinese and foreign-based Chinese nationals became prevalent in later segments of the relay. In San Francisco, the number of supporters were much more than the number of protesters, and in Australia, Japan, South Korea, the counter-protesters overwhelmed the protesters.', 'Leong Heng Teng Participant relay', 'relay LocatedIn Jakarta', 'Special powers EnactedInTheWakeOf Massive protests against Chinese policy toward Tibet', 'person PulledAboard police launch', 'relay FollowedBy April 14', 'pro-Tibet protesters Participant police launch', 'Chinese volunteers Participant relay', 'relay LocatedIn city', 'pro-Tibet protesters: A person named pro-Tibet protesters.', 'pro-Tibet protesters: An organization named pro-Tibet protesters.', 'Massive protests against Chinese policy toward Tibet: An event named Massive protests against Chinese policy toward Tibet.']",The torch relay involved protests from both pro-Tibet demonstrators and pro-Chinese students who surrounded and intimidated the protesters.,Canberra torch relay,265.83850011229515,1026.8017000053078
Which athlete carried the torch for the final leg in Canberra?,"['But we have assurances that it will be done peacefully."". Also, Australia\'s ACT Chief Minister, Jon Stanhope confirmed that the Chinese embassy was closely involve to ensure that ""pro-China demonstrators vastly outnumbered Tibetan activists."" Australian freestyle swimmer and five-time Olympic gold medalist Ian Thorpe ended the Australian leg of the torch relay April 24, 2008, touching the flame to light a cauldron after a run that was only marginally marked by protests.', 'Up to 600 pro-Tibet protesters were expected to attend the relay, along with between 2,000 and 10,000 Chinese supporters. Taking note of the high number of Chinese supporters, Ted Quinlan, head of the Canberra torch relay committee, said: ""We didn\'t expect this reaction from the Chinese community. It is obviously a well-coordinated plan to take the day by weight of numbers.', 'Leong Hong Man and Leong Heng Teng were the first and last torchbearer in the relay respectively. An article published on Macao Daily News criticized that the list of the torchbearers could not fully represent the Macanese and that there were too many non-athletes among the torchbearers. ( some of whom had already been torchbearers of other sporting events)', 'Internationally, the torch and its accompanying party traveled in a chartered Air China Airbus A330 (registered B-6075), painted in the red and yellow colors of the Olympic Games. Air China was chosen by the Beijing Committees of the Olympic Game as the designated Olympic torch carrier in March 2008 for its long-standing participation in the Olympic cause. The plane traveled a total of 137,000 km (85,000 mi) for a duration of 130 days through 21 countries and regions.', 'Indonesia: The Olympic flame reached Jakarta on April 22. The original 20 km relay through Jakarta was cancelled due to ""security worries"", at the request of the Chinese embassy, and the torch was instead carried round the city main\'s stadium, as it had been in Islamabad. Several dozen pro-Tibet protesters gathered near the stadium, and were dispersed by the police.', 'Leong Heng Teng Participant relay', 'Air China ChosenBy Beijing Committees of the Olympic Game', 'relay LocatedIn Jakarta', 'relay FollowedBy April 14', 'Chinese volunteers Participant relay', 'relay LocatedIn city', 'Ian Thorpe MemberOf Australia', 'special police unit ExpectedToDeploy relay', 'Australian leg of the torch relay: An event named Australian leg of the torch relay.', 'Olympic torch carrier: An event named Olympic torch carrier.', 'Canberra torch relay committee: An organization named Canberra torch relay committee.']","Ian Thorpe, an Australian freestyle swimmer, ended the Australian leg of the torch relay.",Ian Thorpe,286.9098999071866,966.5414998307824
Which organization intended to ensure that Chinese supporters outweighed Tibet supporters?,"['At one point, groups of Chinese students surrounded and intimidated pro-Tibet protesters. One person had to be pulled aboard a police launch when a group of pro-Chinese students looked like they might force him into the lake.', 'People demonstrated both for China and for Tibet. At least five people were arrested during the torch relay. Police said ""the five were arrested for interfering with the event under special powers enacted in the wake of massive protests against Chinese policy toward Tibet.""', 'The attacks on the torch in London and Paris were described as ""despicable"" by the Chinese government, condemning them as ""deliberate disruptions... who gave no thought to the Olympic spirit or the laws of Britain and France"" and who ""tarnish the lofty Olympic spirit"", and vowed they would continue with the relay and not allow the protests to ""impede the Olympic spirit"". Large-scale counter-protests by overseas Chinese and foreign-based Chinese nationals became prevalent in later segments of the relay. In San Francisco, the number of supporters were much more than the number of protesters, and in Australia, Japan, South Korea, the counter-protesters overwhelmed the protesters.', 'Great Britain: The torch relay leg held in London, the host city of the 2012 Summer Olympics, on April 6 began at Wembley Stadium, passed through the City of London, and eventually ended at O2 Arena in the eastern part of the city. The 48 km (30 mi) leg took a total of seven and a half hours to complete, and attracted protests by pro-Tibetan independence and pro-Human Rights supporters, prompting changes to the planned route and an unscheduled move onto a bus, which was then briefly halted by protestors. Home Secretary Jacqui Smith has officially complained to Beijing Organising Committee about the conduct of the tracksuit-clad Chinese security guards.', 'The most important existing communal shelters were the London Underground stations. Although many civilians had used them as such during the First World War, the government in 1939 refused to allow the stations to be used as shelters so as not to interfere with commuter and troop travel, and the fears that occupants might refuse to leave. Underground officials were ordered to lock station entrances during raids; but by the second week of heavy bombing the government relented and ordered the stations to be opened.', 'Chinese students Conflict pro-Tibet protesters', 'Torch Relay Leg LocatedIn London', 'pro-Tibet protesters Participant police launch', 'Torch Relay Leg Attracted pro-Tibetan independence supporters', 'Torch Relay Leg EndedAt O2 Arena', 'Torch Relay Leg Attracted pro-Human Rights supporters', 'Special powers EnactedInTheWakeOf Massive protests against Chinese policy toward Tibet', 'Torch Relay Leg BeganAt Wembley Stadium', 'pro-Tibet protesters: A person named pro-Tibet protesters.', 'pro-Tibetan independence supporters: An organization named pro-Tibetan independence supporters.', 'Massive protests against Chinese policy toward Tibet: An event named Massive protests against Chinese policy toward Tibet.']","I'm sorry, I couldn't find that in the database.",the Chinese embassy,254.38559986650944,979.665799997747
Who headed the Canberra torch relay committee during the protests?,"['Up to 600 pro-Tibet protesters were expected to attend the relay, along with between 2,000 and 10,000 Chinese supporters. Taking note of the high number of Chinese supporters, Ted Quinlan, head of the Canberra torch relay committee, said: ""We didn\'t expect this reaction from the Chinese community. It is obviously a well-coordinated plan to take the day by weight of numbers.', 'But we have assurances that it will be done peacefully."". Also, Australia\'s ACT Chief Minister, Jon Stanhope confirmed that the Chinese embassy was closely involve to ensure that ""pro-China demonstrators vastly outnumbered Tibetan activists."" Australian freestyle swimmer and five-time Olympic gold medalist Ian Thorpe ended the Australian leg of the torch relay April 24, 2008, touching the flame to light a cauldron after a run that was only marginally marked by protests.', 'The attacks on the torch in London and Paris were described as ""despicable"" by the Chinese government, condemning them as ""deliberate disruptions... who gave no thought to the Olympic spirit or the laws of Britain and France"" and who ""tarnish the lofty Olympic spirit"", and vowed they would continue with the relay and not allow the protests to ""impede the Olympic spirit"". Large-scale counter-protests by overseas Chinese and foreign-based Chinese nationals became prevalent in later segments of the relay. In San Francisco, the number of supporters were much more than the number of protesters, and in Australia, Japan, South Korea, the counter-protesters overwhelmed the protesters.', 'Indonesia: The Olympic flame reached Jakarta on April 22. The original 20 km relay through Jakarta was cancelled due to ""security worries"", at the request of the Chinese embassy, and the torch was instead carried round the city main\'s stadium, as it had been in Islamabad. Several dozen pro-Tibet protesters gathered near the stadium, and were dispersed by the police.', 'In June 2008, the Beijing Games\' Organizing Committee announced that the planned international torch relay for the Paralympic Games had been cancelled. The Committee stated that the relay was being cancelled to enable the Chinese government to ""focus on the rescue and relief work"" following the Sichuan earthquake.', 'Leong Heng Teng Participant relay', 'relay LocatedIn Jakarta', ""Beijing Games' Organizing Committee Announced international torch relay"", 'relay FollowedBy April 14', 'Chinese volunteers Participant relay', 'relay LocatedIn city', ""Beijing Games' Organizing Committee Stated relay was being cancelled"", 'Ian Thorpe MemberOf Australia', 'Australian leg of the torch relay: An event named Australian leg of the torch relay.', 'Canberra torch relay committee: An organization named Canberra torch relay committee.', 'international torch relay: An event named international torch relay.']",Ted Quinlan headed the Canberra torch relay committee.,Ted Quinlan,238.11370017938316,832.5081998482347
"Which event expected between 2,000 and 10,000 Chinese supporters?","['Up to 600 pro-Tibet protesters were expected to attend the relay, along with between 2,000 and 10,000 Chinese supporters. Taking note of the high number of Chinese supporters, Ted Quinlan, head of the Canberra torch relay committee, said: ""We didn\'t expect this reaction from the Chinese community. It is obviously a well-coordinated plan to take the day by weight of numbers.', ""The event was held in the streets around the city main's stadium. The cancelling of the relay through the city itself was decided due to security concerns and at the request of the Chinese embassy. Only invitees and journalists were admitted inside the stadium."", 'The attacks on the torch in London and Paris were described as ""despicable"" by the Chinese government, condemning them as ""deliberate disruptions... who gave no thought to the Olympic spirit or the laws of Britain and France"" and who ""tarnish the lofty Olympic spirit"", and vowed they would continue with the relay and not allow the protests to ""impede the Olympic spirit"". Large-scale counter-protests by overseas Chinese and foreign-based Chinese nationals became prevalent in later segments of the relay. In San Francisco, the number of supporters were much more than the number of protesters, and in Australia, Japan, South Korea, the counter-protesters overwhelmed the protesters.', 'Just days before the relay supporters of Falun Gong demonstrated in front of the Chinese embassy in the Malaysian capital. As many as 1,000 personnel from the special police unit were expected to be deployed on the day of the relay. A Japanese family with Malaysian citizenship and their 5-year-old child who unfurled a Tibetan flag were hit by a group of Chinese nationals with plastic air-filled batons and heckled by a crowd of Chinese citizens during the confrontation at Independence Square where the relay began, and the Chinese group shouted: ""Taiwan and Tibet belong to China.""', 'Indonesia: The Olympic flame reached Jakarta on April 22. The original 20 km relay through Jakarta was cancelled due to ""security worries"", at the request of the Chinese embassy, and the torch was instead carried round the city main\'s stadium, as it had been in Islamabad. Several dozen pro-Tibet protesters gathered near the stadium, and were dispersed by the police.', 'relay FollowedBy April 14', 'Leong Heng Teng Participant relay', 'relay LocatedIn Jakarta', 'Chinese nationals Participant relay', 'Chinese volunteers Participant relay', 'relay LocatedIn city', 'Chinese government Vowed relay', 'Chinese supporters Participant relay', 'Chinese supporters: An organization named Chinese supporters.']","The Canberra torch relay was expected to have between 2,000 and 10,000 Chinese supporters.",Canberra torch relay,170.08560011163354,1257.199800107628
What ecological structure changes when a new apex predator enters an area?,"['Some environmentalists assert[who?] that (re)introducing predators would achieve the same end with greater efficiency and less negative effect, such as introducing significant amounts of free lead into the environment and food chain.', ""In an ecosystem, predation is a biological interaction where a predator (an organism that is hunting) feeds on its prey (the organism that is attacked). Predators may or may not kill their prey prior to feeding on them, but the act of predation often results in the death of the prey and the eventual absorption of the prey's tissue through consumption. Thus predation is often, though not always, carnivory."", 'Because of the different geologic regions there are contrasting climates and ecosystems.', 'For example, some parasitic species prey on a host organism and then lay their eggs on it for their offspring to feed on it while it continues to live in or on its decaying corpse after it has died. The key characteristic of predation however is the predator\'s direct impact on the prey population. On the other hand, detritivores simply eat dead organic material arising from the decay of dead individuals and have no direct impact on the ""donor"" organism(s).', ""The island's hinterland must have been a dense tropical forest but the coastal areas were probably also quite green. The modern landscape is very different, with widespread bare rock in the lower areas, although inland it is green, mainly due to introduced vegetation. There are no native land mammals, but cattle, cats, dogs, donkeys, goats, mice, rabbits, rats and sheep have been introduced, and native species have been adversely affected as a result."", 'Millennium Ecosystem Assessment Found ecosystems', 'environmentalists Assert introducing predators', 'predator ImpactOn prey population', 'introducing predators Achieve same end', 'island Has fresh water', 'ecosystems InfluencedBy geologic regions', 'ecosystems LocatedInOrNextToBodyOfWater fresh water', 'introducing predators HasEffect less negative effect', 'prey population: An organization named prey population.', 'ecosystems: Ecosystems vary due to contrasting climates and geologic regions.', 'introducing predators: An event named introducing predators.']","According to the text, introducing predators can achieve the same end and have a less negative effect on the environment, and the key characteristic of predation is the predator's direct impact on the prey population.",trophic pyramid,197.9433000087738,1700.63990005292
What is the top predator in an ecosystem called?,"['Predators may increase the biodiversity of communities by preventing a single species from becoming dominant. Such predators are known as keystone species and may have a profound influence on the balance of organisms in a particular ecosystem. Introduction or removal of this predator, or changes in its population density, can have drastic cascading effects on the equilibrium of many other populations in the ecosystem.', 'Organisms that feed on autotrophs, the producers of the trophic pyramid, are known as herbivores or primary consumers; those that feed on heterotrophs such as animals are known as secondary consumers. Secondary consumers are a type of carnivore, but there are also tertiary consumers eating these carnivores, quartary consumers eating them, and so forth. Because only a fraction of energy is passed on to the next level, this hierarchy of predation must end somewhere, and very seldom goes higher than five or six levels, and may go only as high as three trophic levels (for example, a lion that preys upon large herbivores such as wildebeest, which in turn eat grasses).', ""In an ecosystem, predation is a biological interaction where a predator (an organism that is hunting) feeds on its prey (the organism that is attacked). Predators may or may not kill their prey prior to feeding on them, but the act of predation often results in the death of the prey and the eventual absorption of the prey's tissue through consumption. Thus predation is often, though not always, carnivory."", 'For example, some parasitic species prey on a host organism and then lay their eggs on it for their offspring to feed on it while it continues to live in or on its decaying corpse after it has died. The key characteristic of predation however is the predator\'s direct impact on the prey population. On the other hand, detritivores simply eat dead organic material arising from the decay of dead individuals and have no direct impact on the ""donor"" organism(s).', 'In a further behavioral adaptation to supplement crypsis, a number of species have been noted to perform a rocking motion where the body is swayed from side to side that is thought to reflect the movement of leaves or twigs swaying in the breeze. Another method by which stick insects avoid predation and resemble twigs is by feigning death (catalepsy), where the insect enters a motionless state that can be maintained for a long period. The nocturnal feeding habits of adults also aids Phasmatodea in remaining concealed from predators.', 'primary consumers Are herbivores', 'keystone species LocatedIn ecosystem', 'predator ImpactOn prey population', 'Predators KnownAs keystone species', 'herbivores FeedOn autotrophs', 'predator FeedsOn prey', 'keystone species Have profound influence', 'predation Participant predator', 'herbivores: An organization named herbivores.', 'ecosystem: A geographic location named ecosystem.', 'prey population: An organization named prey population.']","I'm sorry, I couldn't find that in the database.",apex predator,95.76669987291098,940.0233998894691
What limits the size of a trophic pyramid containing apex predators?,"[""Social predation offers the possibility of predators to kill creatures larger than those that members of the species could overpower singly. Lions, hyenas, wolves, dholes, African wild dogs, and piranhas can kill large herbivores that single animals of the same species usually don't dispatch. Social predation allows some animals to organize hunts of creatures that would easily escape a single predator; thus chimpanzees can prey upon colobus monkeys, and Harris's hawks can cut off all possible escapes for a doomed rabbit."", ""In an ecosystem, predation is a biological interaction where a predator (an organism that is hunting) feeds on its prey (the organism that is attacked). Predators may or may not kill their prey prior to feeding on them, but the act of predation often results in the death of the prey and the eventual absorption of the prey's tissue through consumption. Thus predation is often, though not always, carnivory."", 'The Permian–Triassic extinction event, which was a prolonged event due to the accumulation of several extinction pulses, ended the dominance of the carnivores among the therapsids. In the early Triassic, all the medium to large land carnivore niches were taken over by archosaurs which, over an extended period of time (35 million years), came to include the crocodylomorphs, the pterosaurs, and the dinosaurs. By the Jurassic, the dinosaurs had come to dominate the large terrestrial herbivore niches as well.', 'For example, some parasitic species prey on a host organism and then lay their eggs on it for their offspring to feed on it while it continues to live in or on its decaying corpse after it has died. The key characteristic of predation however is the predator\'s direct impact on the prey population. On the other hand, detritivores simply eat dead organic material arising from the decay of dead individuals and have no direct impact on the ""donor"" organism(s).', 'Wolves in Russia apparently limit feral dog populations. In Wisconsin, more compensation has been paid for dog losses than livestock. Some wolf pairs have been reported to prey on dogs by having one wolf lure the dog out into heavy brush where the second animal waits in ambush.', 'Lions Won NFL championship', 'Lions PartOf Social predation', 'Hyenas PartOf Social predation', 'dinosaurs FollowedBy Jurassic', 'predator ImpactOn prey population', 'Wolves Participant feral dog populations', 'Wolves LocatedIn Russia', 'Wolves PartOf Social predation', 'large terrestrial herbivore niches: A geographic location named large terrestrial herbivore niches.', 'prey population: An organization named prey population.', 'large herbivores: A geographic location named large herbivores.']","I'm sorry, I couldn't find that in the database.",energy,181.29449989646673,967.0965999830514
Which organisms feed directly on autotrophs in a trophic pyramid?,"['Organisms that feed on autotrophs, the producers of the trophic pyramid, are known as herbivores or primary consumers; those that feed on heterotrophs such as animals are known as secondary consumers. Secondary consumers are a type of carnivore, but there are also tertiary consumers eating these carnivores, quartary consumers eating them, and so forth. Because only a fraction of energy is passed on to the next level, this hierarchy of predation must end somewhere, and very seldom goes higher than five or six levels, and may go only as high as three trophic levels (for example, a lion that preys upon large herbivores such as wildebeest, which in turn eat grasses).', 'Some environmentalists assert[who?] that (re)introducing predators would achieve the same end with greater efficiency and less negative effect, such as introducing significant amounts of free lead into the environment and food chain.', 'Another initiative, presented by the late Mayor Thomas Menino, is the Renew Boston Whole Building Incentive, which reduces the cost of living in buildings that are deemed energy efficient. This, much like the green housing developments, gives people of low socioeconomic status an opportunity to find housing in communities that support the environment. The ultimate goal of this initiative is to enlist 500 Bostonians to participate in a free, in-home energy assessment.', 'herbivores FeedOn autotrophs', 'introducing significant amounts of free lead PartOf environment', 'introducing significant amounts of free lead PartOf food chain', 'primary consumers Are herbivores', 'herbivores: An organization named herbivores.', 'food chain: A geographic location named food chain.']","According to the text, organisms that feed on autotrophs are known as herbivores or primary consumers.",primary consumers,93.55979994870722,995.5307000782341
What type of consumer feeds on heterotrophs?,"['Organisms that feed on autotrophs, the producers of the trophic pyramid, are known as herbivores or primary consumers; those that feed on heterotrophs such as animals are known as secondary consumers. Secondary consumers are a type of carnivore, but there are also tertiary consumers eating these carnivores, quartary consumers eating them, and so forth. Because only a fraction of energy is passed on to the next level, this hierarchy of predation must end somewhere, and very seldom goes higher than five or six levels, and may go only as high as three trophic levels (for example, a lion that preys upon large herbivores such as wildebeest, which in turn eat grasses).', 'secondary consumers FeedOn heterotrophs', 'secondary consumers AreATypeOf carnivore', 'heterotrophs: Companies, agencies, institutions, etc.']",Secondary consumers feed on heterotrophs.,secondary consumer,144.88359983079135,779.5270001515746
Which English king had a wine cellar beneath the Palace of Whitehall?,"[""Henry VIII's wine cellar at the Palace of Whitehall, built in 1514–1516 for Cardinal Wolsey, is in the basement of Main Building, and is used for entertainment. The entire vaulted brick structure of the cellar was encased in steel and concrete and relocated nine feet to the west and nearly 19 feet (5.8 m) deeper in 1949, when construction was resumed at the site after World War II. This was carried out without any significant damage to the structure."", 'Westminster Abbey, formally titled the Collegiate Church of St Peter at Westminster, is a large, mainly Gothic abbey church in the City of Westminster, London, located just to the west of the Palace of Westminster. It is one of the most notable religious buildings in the United Kingdom and has been the traditional place of coronation and burial site for English and, later, British monarchs. Between 1540 and 1556 the abbey had the status of a cathedral.', 'In 1762, George III acquired Buckingham House and it was enlarged over the next 75 years. During the 18th century, London was dogged by crime, and the Bow Street Runners were established in 1750 as a professional police force. In total, more than 200 offences were punishable by death, including petty theft.', ""Napoleon III, since the Crimean War Britain's closest ally, visited London in April 1855, and from 17 to 28 August the same year Victoria and Albert returned the visit. Napoleon III met the couple at Dunkirk and accompanied them to Paris. They visited the Exposition Universelle (a successor to Albert's 1851 brainchild the Great Exhibition) and Napoleon I's tomb at Les Invalides (to which his remains had only been returned in 1840), and were guests of honour at a 1,200-guest ball at the Palace of Versailles."", 'Unbeknown to Goring, in 1640 the document ""failed to pass the Great Seal before King Charles I fled London, which it needed to do for legal execution"". It was this critical omission that helped the British royal family regain the freehold under King George III.', 'Westminster Abbey HasStatus cathedral', 'wine cellar PartOf Palace of Whitehall', 'Westminster Abbey LocatedIn City of Westminster', 'Westminster Abbey Coronation English monarchs', 'Henry VIII LocatedIn Palace of Whitehall', 'Westminster Abbey LocatedIn London', 'wine cellar BuiltFor Cardinal Wolsey', 'wine cellar LocatedIn Main Building', 'Palace of Westminster: Buildings, airports, highways, bridges, etc.', 'Palace of Whitehall: Buildings, airports, highways, bridges, etc.']",Henry VIII had a wine cellar beneath the Palace of Whitehall.,Henry VIII,219.93489982560277,872.2841998096555
What material was used to build Henry VIII's cellar beneath Main Building?,"[""Henry VIII's wine cellar at the Palace of Whitehall, built in 1514–1516 for Cardinal Wolsey, is in the basement of Main Building, and is used for entertainment. The entire vaulted brick structure of the cellar was encased in steel and concrete and relocated nine feet to the west and nearly 19 feet (5.8 m) deeper in 1949, when construction was resumed at the site after World War II. This was carried out without any significant damage to the structure."", 'A new device for granting assent was created during the reign of King Henry VIII. In 1542, Henry sought to execute his fifth wife, Catherine Howard, whom he accused of committing adultery; the execution was to be authorised not after a trial but by a bill of attainder, to which he would have to personally assent after listening to the entire text. Henry decided that ""the repetition of so grievous a Story and the recital of so infamous a crime"" in his presence ""might reopen a Wound already closing in the Royal Bosom"".', 'Above the main portal there is generally a large window, like that at York Minster, or a group of windows such as those at Ripon Cathedral. In France there is generally a rose window like that at Reims Cathedral. Rose windows are also often found in the façades of churches of Spain and Italy, but are rarer elsewhere and are not found on the façades of any English Cathedrals.', 'wine cellar PartOf Palace of Whitehall', 'English Cathedrals NotFoundOn façades', 'King Henry VIII Reign Device for granting assent', 'Henry VIII LocatedIn Palace of Whitehall', 'Henry VIII: People, including fictional', 'English Cathedrals: Titles of books, songs, etc.', 'King Henry VIII: A person named King Henry VIII.']",Henry VIII's wine cellar was built with an entire vaulted brick structure.,brick,97.38670010119677,1590.04499996081
Between which years was Henry VIII's wine cellar constructed?,"[""Henry VIII's wine cellar at the Palace of Whitehall, built in 1514–1516 for Cardinal Wolsey, is in the basement of Main Building, and is used for entertainment. The entire vaulted brick structure of the cellar was encased in steel and concrete and relocated nine feet to the west and nearly 19 feet (5.8 m) deeper in 1949, when construction was resumed at the site after World War II. This was carried out without any significant damage to the structure."", 'A new device for granting assent was created during the reign of King Henry VIII. In 1542, Henry sought to execute his fifth wife, Catherine Howard, whom he accused of committing adultery; the execution was to be authorised not after a trial but by a bill of attainder, to which he would have to personally assent after listening to the entire text. Henry decided that ""the repetition of so grievous a Story and the recital of so infamous a crime"" in his presence ""might reopen a Wound already closing in the Royal Bosom"".', ""At the invitation of a provincial king and under the authority of Pope Adrian IV (the only Englishman to be elected pope), the Angevins invaded Ireland in 1169. Though initially intended to be kept as an independent kingdom, the failure of the Irish High King to ensure the terms of the Treaty of Windsor led Henry II, as King of England, to rule as effective monarch under the title of Lord of Ireland. This title was granted to his younger son but when Henry's heir unexpectedly died the title of King of England and Lord of Ireland became entwined in one person."", 'wine cellar PartOf Palace of Whitehall', 'Henry VIII LocatedIn Palace of Whitehall', 'Henry II Employer Lord of Ireland', 'King Henry VIII Reign Device for granting assent', 'Treaty of Windsor FollowedBy Henry II', 'Henry VIII: People, including fictional', 'King Henry VIII: A person named King Henry VIII.', 'Henry II: People, including fictional']",Henry VIII's wine cellar was constructed between 1514 and 1516.,1514–1516,88.63979997113347,1585.341000230983
When was the cellar built for Henry VIII relocated?,"[""Henry VIII's wine cellar at the Palace of Whitehall, built in 1514–1516 for Cardinal Wolsey, is in the basement of Main Building, and is used for entertainment. The entire vaulted brick structure of the cellar was encased in steel and concrete and relocated nine feet to the west and nearly 19 feet (5.8 m) deeper in 1949, when construction was resumed at the site after World War II. This was carried out without any significant damage to the structure."", 'A new device for granting assent was created during the reign of King Henry VIII. In 1542, Henry sought to execute his fifth wife, Catherine Howard, whom he accused of committing adultery; the execution was to be authorised not after a trial but by a bill of attainder, to which he would have to personally assent after listening to the entire text. Henry decided that ""the repetition of so grievous a Story and the recital of so infamous a crime"" in his presence ""might reopen a Wound already closing in the Royal Bosom"".', ""At the invitation of a provincial king and under the authority of Pope Adrian IV (the only Englishman to be elected pope), the Angevins invaded Ireland in 1169. Though initially intended to be kept as an independent kingdom, the failure of the Irish High King to ensure the terms of the Treaty of Windsor led Henry II, as King of England, to rule as effective monarch under the title of Lord of Ireland. This title was granted to his younger son but when Henry's heir unexpectedly died the title of King of England and Lord of Ireland became entwined in one person."", 'wine cellar PartOf Palace of Whitehall', 'Henry VIII LocatedIn Palace of Whitehall', 'Henry II Employer Lord of Ireland', 'King Henry VIII Reign Device for granting assent', 'Treaty of Windsor FollowedBy Henry II', 'Henry VIII: People, including fictional', 'King Henry VIII: A person named King Henry VIII.', 'Henry II: People, including fictional']","The cellar was relocated in 1949, after construction resumed at the site following World War II.",1949,82.5745000038296,1731.3600999768823
Where was Henry VIII's wine cellar located before relocation?,"[""Henry VIII's wine cellar at the Palace of Whitehall, built in 1514–1516 for Cardinal Wolsey, is in the basement of Main Building, and is used for entertainment. The entire vaulted brick structure of the cellar was encased in steel and concrete and relocated nine feet to the west and nearly 19 feet (5.8 m) deeper in 1949, when construction was resumed at the site after World War II. This was carried out without any significant damage to the structure."", 'A new device for granting assent was created during the reign of King Henry VIII. In 1542, Henry sought to execute his fifth wife, Catherine Howard, whom he accused of committing adultery; the execution was to be authorised not after a trial but by a bill of attainder, to which he would have to personally assent after listening to the entire text. Henry decided that ""the repetition of so grievous a Story and the recital of so infamous a crime"" in his presence ""might reopen a Wound already closing in the Royal Bosom"".', 'However, some alloys can also have their properties altered by heat treatment. Nearly all metals can be softened by annealing, which recrystallizes the alloy and repairs the defects, but not as many can be hardened by controlled heating and cooling. Many alloys of aluminium, copper, magnesium, titanium, and nickel can be strengthened to some degree by some method of heat treatment, but few respond to this to the same degree that steel does.', ""Tucson Lifestyle Magazine, Lovin' Life News, DesertLeaf, and Zócalo Magazine are monthly publications covering arts, architecture, decor, fashion, entertainment, business, history, and other events. The Arizona Daily Wildcat is the University of Arizona's student newspaper, and the Aztec News is the Pima Community College student newspaper. The New Vision is the newspaper for the Roman Catholic Diocese of Tucson, and the Arizona Jewish Post is the newspaper of the Jewish Federation of Southern Arizona."", 'wine cellar PartOf Palace of Whitehall', 'steel RespondsTo heat treatment', 'Henry VIII LocatedIn Palace of Whitehall', 'wine cellar BuiltFor Cardinal Wolsey', 'wine cellar LocatedIn Main Building', 'wine cellar EncasedIn steel', 'Tucson Lifestyle Magazine Covers entertainment', 'King Henry VIII Reign Device for granting assent', 'King Henry VIII: A person named King Henry VIII.', 'wine cellar: A facility or building named wine cellar.']",Henry VIII's wine cellar was located in the basement of Main Building at the Palace of Whitehall before it was relocated.,the basement of Main Building,90.33409995026886,1249.6837000362575
Which mountain is the highest in the Alps that stretch across Europe?,"['The Alps (/ælps/; Italian: Alpi [ˈalpi]; French: Alpes [alp]; German: Alpen [ˈʔalpm̩]; Slovene: Alpe [ˈáːlpɛ]) are the highest and most extensive mountain range system that lies entirely in Europe, stretching approximately 1,200 kilometres (750 mi) across eight Alpine countries: Austria, France, Germany, Italy, Liechtenstein, Monaco, Slovenia, and Switzerland. The Caucasus Mountains are higher, and the Urals longer, but both lie partly in Asia. The mountains were formed over tens of millions of years as the African and Eurasian tectonic plates collided.', 'The highest peaks of the Western Alps and Eastern Alps, respectively, are Mont Blanc, at 4,810 m (15,780 ft) and Piz Bernina at 4,049 metres (13,284 ft). The second-highest major peaks are Monte Rosa at 4,634 m (15,200 ft) and Ortler at 3,905 m (12,810 ft), respectively', 'Extreme shortening caused by the event resulted in marine sedimentary rocks rising by thrusting and folding into high mountain peaks such as Mont Blanc and the Matterhorn. Mont Blanc spans the French–Italian border, and at 4,810 m (15,781 ft) is the highest mountain in the Alps. The Alpine region area contains about a hundred peaks higher than 4,000 m (13,123 ft), known as the ""four-thousanders"".', ""The region is serviced by 4,200 km (2,600 mi) of roads used by 6 million vehicles. Train travel is well established in the Alps, with, for instance 120 km (75 mi) of track for every 1,000 km2 (390 sq mi) in a country such as Switzerland. Most of Europe's highest railways are located there."", ""At present the Alps are one of the more popular tourist destinations in the world with many resorts such Oberstdorf, in Bavaria, Saalbach in Austria, Davos in Switzerland, Chamonix in France, and Cortina d'Ampezzo in Italy recording more than a million annual visitors. With over 120 million visitors a year tourism is integral to the Alpine economy with much it coming from winter sports although summer visitors are an important component of the tourism industry."", 'föhn LocatedOn southern face of the Alps', 'Mont Blanc HasHeight 4,810 m', 'föhn WorksAcross Alps', 'föhn CharacterisedBy warm wind', 'Mont Blanc LocatedIn Western Alps', 'föhn Brings air of very low relative humidity', 'föhn IdenticalTo chinook wind', 'Mont Blanc HasHeight 15,780 ft', 'north of the Alps: A geographic location named north of the Alps.', 'Western Alps: Non-GPE locations, mountain ranges, bodies of water']","The highest mountain in the Alps is Mont Blanc, which stands at 4,810 m (15,781 ft).",Mont Blanc,121.8933998607099,2185.922200093046
Approximately how far do the Alps extend across Europe?,"['The Alps (/ælps/; Italian: Alpi [ˈalpi]; French: Alpes [alp]; German: Alpen [ˈʔalpm̩]; Slovene: Alpe [ˈáːlpɛ]) are the highest and most extensive mountain range system that lies entirely in Europe, stretching approximately 1,200 kilometres (750 mi) across eight Alpine countries: Austria, France, Germany, Italy, Liechtenstein, Monaco, Slovenia, and Switzerland. The Caucasus Mountains are higher, and the Urals longer, but both lie partly in Asia. The mountains were formed over tens of millions of years as the African and Eurasian tectonic plates collided.', ""The region is serviced by 4,200 km (2,600 mi) of roads used by 6 million vehicles. Train travel is well established in the Alps, with, for instance 120 km (75 mi) of track for every 1,000 km2 (390 sq mi) in a country such as Switzerland. Most of Europe's highest railways are located there."", 'Extreme shortening caused by the event resulted in marine sedimentary rocks rising by thrusting and folding into high mountain peaks such as Mont Blanc and the Matterhorn. Mont Blanc spans the French–Italian border, and at 4,810 m (15,781 ft) is the highest mountain in the Alps. The Alpine region area contains about a hundred peaks higher than 4,000 m (13,123 ft), known as the ""four-thousanders"".', ""48 of Switzerland's mountains are 4,000 metres (13,000 ft) above sea in altitude or higher. At 4,634 m (15,203 ft), Monte Rosa is the highest, although the Matterhorn (4,478 m or 14,692 ft) is often regarded as the most famous. Both are located within the Pennine Alps in the canton of Valais."", ""At present the Alps are one of the more popular tourist destinations in the world with many resorts such Oberstdorf, in Bavaria, Saalbach in Austria, Davos in Switzerland, Chamonix in France, and Cortina d'Ampezzo in Italy recording more than a million annual visitors. With over 120 million visitors a year tourism is integral to the Alpine economy with much it coming from winter sports although summer visitors are an important component of the tourism industry."", 'Switzerland Contains French region', 'Bavaria LocatedIn Battle of Hohenlinden', 'Switzerland DiplomaticRelation Nazi Germany', 'Celtic tribes SpreadThrough Europe', 'föhn CharacterisedBy warm wind', 'Lötschberg tunnel LocatedIn Switzerland', 'Bavaria Since 1919', 'Estonia LocatedIn Europe', 'north of the Alps: A geographic location named north of the Alps.', 'Alps: Countries, cities, states']","The Alps stretch approximately 1,200 kilometres (750 mi) across Europe.","1,200 kilometres",340.8212000504136,1129.3186000548303
"What nickname is used for the Alpine region containing peaks over 4,000 meters?","['Extreme shortening caused by the event resulted in marine sedimentary rocks rising by thrusting and folding into high mountain peaks such as Mont Blanc and the Matterhorn. Mont Blanc spans the French–Italian border, and at 4,810 m (15,781 ft) is the highest mountain in the Alps. The Alpine region area contains about a hundred peaks higher than 4,000 m (13,123 ft), known as the ""four-thousanders"".', 'The section of the Bernese Alps above the deep glacial Lauterbrunnen valley, containing 72 waterfalls, is well known for the Jungfrau (4,158 m or 13,642 ft) Eiger and Mönch, and the many picturesque valleys in the region. In the southeast the long Engadin Valley, encompassing the St. Moritz area in canton of Graubünden, is also well known; the highest peak in the neighbouring Bernina Alps is Piz Bernina (4,049 m or 13,284 ft).', 'The driest conditions persist in all inner alpine valleys that receive less rain because arriving clouds lose a lot of their content while crossing the mountains before reaching these areas. Large alpine areas such as Graubünden remain drier than pre-alpine areas and as in the main valley of the Valais wine grapes are grown there.', 'Alpine crystals have been studied and collected for hundreds of years, and began to be classified in the 18th century. Leonhard Euler studied the shapes of crystals, and by the 19th century crystal hunting was common in Alpine regions. David Friedrich Wiser amassed a collection of 8000 crystals that he studied and documented.', 'Graubünden LocatedIn alpine areas', 'Engadin Valley LocatedIn Graubünden', 'Alpine crystals LocatedIn Alpine regions', 'Alpine region Contains four-thousanders', 'Alpine regions: A geopolitical entity representing Alpine regions.', 'Alpine region: A geographic location named Alpine region.', 'alpine areas: A geographic location named alpine areas.']","The Alpine region containing peaks over 4,000 meters is known as the ""four-thousanders.""",the four-thousanders,160.52250005304813,1530.0963001791388
Over what timescale did the Alps form?,"['The formation of the Alps (the Alpine orogeny) was an episodic process that began about 300 million years ago. In the Paleozoic Era the Pangaean supercontinent consisted of a single tectonic plate; it broke into separate plates during the Mesozoic Era and the Tethys sea developed between Laurasia and Gondwana during the Jurassic Period. The Tethys was later squeezed between colliding plates causing the formation of mountain ranges called the Alpide belt, from Gibraltar through the Himalayas to Indonesia—a process that began at the end of the Mesozoic and continues into the present.', 'The Alps (/ælps/; Italian: Alpi [ˈalpi]; French: Alpes [alp]; German: Alpen [ˈʔalpm̩]; Slovene: Alpe [ˈáːlpɛ]) are the highest and most extensive mountain range system that lies entirely in Europe, stretching approximately 1,200 kilometres (750 mi) across eight Alpine countries: Austria, France, Germany, Italy, Liechtenstein, Monaco, Slovenia, and Switzerland. The Caucasus Mountains are higher, and the Urals longer, but both lie partly in Asia. The mountains were formed over tens of millions of years as the African and Eurasian tectonic plates collided.', 'The formation of the Alps was a segment of this orogenic process, caused by the collision between the African and the Eurasian plates that began in the late Cretaceous Period.', 'Extreme shortening caused by the event resulted in marine sedimentary rocks rising by thrusting and folding into high mountain peaks such as Mont Blanc and the Matterhorn. Mont Blanc spans the French–Italian border, and at 4,810 m (15,781 ft) is the highest mountain in the Alps. The Alpine region area contains about a hundred peaks higher than 4,000 m (13,123 ft), known as the ""four-thousanders"".', ""At present the Alps are one of the more popular tourist destinations in the world with many resorts such Oberstdorf, in Bavaria, Saalbach in Austria, Davos in Switzerland, Chamonix in France, and Cortina d'Ampezzo in Italy recording more than a million annual visitors. With over 120 million visitors a year tourism is integral to the Alpine economy with much it coming from winter sports although summer visitors are an important component of the tourism industry."", 'formation of the Alps SegmentOf orogenic process', 'orogenic process CausedBy collision', 'Alps PartOf orogenic process', 'formation of the Alps: An event named formation of the Alps.']",The Alps were formed over tens of millions of years as the African and Eurasian tectonic plates collided.,tens of millions of years,362.6548000611365,1021.6610999777913
Which continent contains the mountain range known for Mont Blanc?,"['The Alps (/ælps/; Italian: Alpi [ˈalpi]; French: Alpes [alp]; German: Alpen [ˈʔalpm̩]; Slovene: Alpe [ˈáːlpɛ]) are the highest and most extensive mountain range system that lies entirely in Europe, stretching approximately 1,200 kilometres (750 mi) across eight Alpine countries: Austria, France, Germany, Italy, Liechtenstein, Monaco, Slovenia, and Switzerland. The Caucasus Mountains are higher, and the Urals longer, but both lie partly in Asia. The mountains were formed over tens of millions of years as the African and Eurasian tectonic plates collided.', 'Extreme shortening caused by the event resulted in marine sedimentary rocks rising by thrusting and folding into high mountain peaks such as Mont Blanc and the Matterhorn. Mont Blanc spans the French–Italian border, and at 4,810 m (15,781 ft) is the highest mountain in the Alps. The Alpine region area contains about a hundred peaks higher than 4,000 m (13,123 ft), known as the ""four-thousanders"".', 'The highest peaks of the Western Alps and Eastern Alps, respectively, are Mont Blanc, at 4,810 m (15,780 ft) and Piz Bernina at 4,049 metres (13,284 ft). The second-highest major peaks are Monte Rosa at 4,634 m (15,200 ft) and Ortler at 3,905 m (12,810 ft), respectively', ""At present the Alps are one of the more popular tourist destinations in the world with many resorts such Oberstdorf, in Bavaria, Saalbach in Austria, Davos in Switzerland, Chamonix in France, and Cortina d'Ampezzo in Italy recording more than a million annual visitors. With over 120 million visitors a year tourism is integral to the Alpine economy with much it coming from winter sports although summer visitors are an important component of the tourism industry."", 'Cooler climates can be found in certain parts of Southern European countries, for example within the mountain ranges of Spain and Italy. Additionally, the north coast of Spain experiences a wetter Atlantic climate.', 'Durium LocatedIn Italy', 'Kim Philby LocatedIn Spain', 'Spanish constitution PartOfOrg Spain', 'Ferrovia Alta Valtellina LocatedIn Italy', 'Afro-Spaniards NationalOf Spain', 'Italy LocatedIn Southern Europe', 'Florence LocatedIn Italy', 'Afro-Spaniards LocatedIn Spain', 'Western Alps: Non-GPE locations, mountain ranges, bodies of water', 'mountain ranges: A geographic location named mountain ranges.']",The Alps are located entirely in Europe.,Europe,332.32039981521666,777.0532998256385
What organization collaborated with Wikimedia through a Wikiproject in 2011?,"['In 2011 the National Archives initiated a Wikiproject on the English Wikipedia to expand collaboration in making its holdings widely available through Wikimedia.', 'The first Archivist, R.D.W. Connor, began serving in 1934, when the National Archives was established by Congress. As a result of a first Hoover Commission recommendation, in 1949 the National Archives was placed within the newly formed General Services Administration (GSA). The Archivist served as a subordinate official to the GSA Administrator until the National Archives and Records Administration became an independent agency on April 1, 1985.', 'A public genome sequencing effort of cotton was initiated in 2007 by a consortium of public researchers. They agreed on a strategy to sequence the genome of cultivated, tetraploid cotton. "" Tetraploid"" means that cultivated cotton actually has two separate genomes within its nucleus, referred to as the A and D genomes.', 'The Kerry Committee report found that ""the Contra drug links included..... payments to drug traffickers by the U.S. State Department of funds authorized by the Congress for humanitarian assistance to the Contras, in some cases after the traffickers had been indicted by federal law enforcement agencies on drug charges, in others while traffickers were under active investigation by these same agencies."" The U.S. State Department paid over $806,000 to known drug traffickers to carry humanitarian assistance to the Contras. Kerry\'s findings provoked little reaction in the media and official Washington.', 'A new engineering building, Stinson-Remick Hall, a new combination Center for Social Concerns/Institute for Church Life building, Geddes Hall, and a law school addition have recently been completed as well. Additionally the new hockey arena opened in the fall of 2011. The Stayer Center for Executive Education, which houses the Mendoza College of Business Executive Education Department opened in March 2013 just South of the Mendoza College of Business building.', 'National Archives Initiated Wikiproject', 'Wikiproject LocatedIn English Wikipedia', 'R.D.W. Connor Employer National Archives', 'Wikiproject To expand collaboration', 'National Archives PartOfOrg General Services Administration', 'Wikiproject Making holdings', 'National Archives FoundedBy Congress', 'National Archives FoundedBy 2011', 'consortium of public researchers: An organization named consortium of public researchers.', 'Wikiproject: Countries, cities, states']",The National Archives initiated a Wikiproject with Wikimedia in 2011 to expand collaboration in making its holdings widely available.,National Archives,137.98080012202263,1206.0893999878317
What was the purpose of the National Archives Wikiproject?,"['In 2011 the National Archives initiated a Wikiproject on the English Wikipedia to expand collaboration in making its holdings widely available through Wikimedia.', 'The first Archivist, R.D.W. Connor, began serving in 1934, when the National Archives was established by Congress. As a result of a first Hoover Commission recommendation, in 1949 the National Archives was placed within the newly formed General Services Administration (GSA). The Archivist served as a subordinate official to the GSA Administrator until the National Archives and Records Administration became an independent agency on April 1, 1985.', 'The Kerry Committee report found that ""the Contra drug links included..... payments to drug traffickers by the U.S. State Department of funds authorized by the Congress for humanitarian assistance to the Contras, in some cases after the traffickers had been indicted by federal law enforcement agencies on drug charges, in others while traffickers were under active investigation by these same agencies."" The U.S. State Department paid over $806,000 to known drug traffickers to carry humanitarian assistance to the Contras. Kerry\'s findings provoked little reaction in the media and official Washington.', 'A new engineering building, Stinson-Remick Hall, a new combination Center for Social Concerns/Institute for Church Life building, Geddes Hall, and a law school addition have recently been completed as well. Additionally the new hockey arena opened in the fall of 2011. The Stayer Center for Executive Education, which houses the Mendoza College of Business Executive Education Department opened in March 2013 just South of the Mendoza College of Business building.', 'The Compacts of Free Association between the United States, the Federated States of Micronesia, the Republic of the Marshall Islands and the Republic of Palau accorded the former entities of the Trust Territory of the Pacific Islands a political status of ""free association"" with the United States. The Compacts give citizens of these island nations generally no restrictions to reside in the United States (also its territories), and many were attracted to Guam due to its proximity, environmental, and cultural familiarity. Over the years, it was claimed by some in Guam that the territory has had to bear the brunt of this agreement in the form of public assistance programs and public education for those from the regions involved, and the federal government should compensate the states and territories affected by this type of migration.[citation needed] Over the years, Congress had appropriated ""Compact Impact"" aids to Guam, the Northern Mariana Islands and Hawaii, and eventually this appropriation was written into each renewed Compact.', 'National Archives PartOfOrg General Services Administration', 'National Archives FoundedBy Congress', 'Wikiproject To expand collaboration', 'funds AuthorizedBy Congress', 'hockey arena OpenedIn 2011', 'Wikiproject On English Wikipedia', 'Woodrow Wilson Employer Congress', 'General Services Administration Follows Hoover Commission', 'National Archives: Companies, agencies, institutions, etc.']",The National Archives Wikiproject was initiated to expand collaboration in making its holdings widely available through Wikimedia.,expand collaboration,226.25409997999668,924.079499905929
In which language was the Wikiproject created by the National Archives primarily developed?,"['In 2011 the National Archives initiated a Wikiproject on the English Wikipedia to expand collaboration in making its holdings widely available through Wikimedia.', 'The first Archivist, R.D.W. Connor, began serving in 1934, when the National Archives was established by Congress. As a result of a first Hoover Commission recommendation, in 1949 the National Archives was placed within the newly formed General Services Administration (GSA). The Archivist served as a subordinate official to the GSA Administrator until the National Archives and Records Administration became an independent agency on April 1, 1985.', 'A new engineering building, Stinson-Remick Hall, a new combination Center for Social Concerns/Institute for Church Life building, Geddes Hall, and a law school addition have recently been completed as well. Additionally the new hockey arena opened in the fall of 2011. The Stayer Center for Executive Education, which houses the Mendoza College of Business Executive Education Department opened in March 2013 just South of the Mendoza College of Business building.', 'The Kerry Committee report found that ""the Contra drug links included..... payments to drug traffickers by the U.S. State Department of funds authorized by the Congress for humanitarian assistance to the Contras, in some cases after the traffickers had been indicted by federal law enforcement agencies on drug charges, in others while traffickers were under active investigation by these same agencies."" The U.S. State Department paid over $806,000 to known drug traffickers to carry humanitarian assistance to the Contras. Kerry\'s findings provoked little reaction in the media and official Washington.', 'Radio Australia, in late May 2008, issued signs of Guam and the Northern Mariana Islands becoming one again and becoming the 51st state.', 'National Archives PartOfOrg General Services Administration', 'National Archives FoundedBy Congress', 'Wikiproject To expand collaboration', 'funds AuthorizedBy Congress', 'hockey arena OpenedIn 2011', 'Wikiproject On English Wikipedia', 'Woodrow Wilson Employer Congress', 'General Services Administration Follows Hoover Commission', 'National Archives: Companies, agencies, institutions, etc.']",The National Archives Wikiproject was developed on the English Wikipedia.,English,230.66630004905164,774.4944000151008
What benefit did the public gain from the National Archives working with Wikimedia?,"['In 2011 the National Archives initiated a Wikiproject on the English Wikipedia to expand collaboration in making its holdings widely available through Wikimedia.', 'The first Archivist, R.D.W. Connor, began serving in 1934, when the National Archives was established by Congress. As a result of a first Hoover Commission recommendation, in 1949 the National Archives was placed within the newly formed General Services Administration (GSA). The Archivist served as a subordinate official to the GSA Administrator until the National Archives and Records Administration became an independent agency on April 1, 1985.', 'This enabled many people to rise out of poverty, and instead of paying more for food, they had money for education. Popularization was generally part of an overarching Enlightenment ideal that endeavoured ""to make information available to the greatest number of people."" As public interest in natural philosophy grew during the 18th century, public lecture courses and the publication of popular texts opened up new roads to money and fame for amateurs and scientists who remained on the periphery of universities and academies.', 'The Kerry Committee report found that ""the Contra drug links included..... payments to drug traffickers by the U.S. State Department of funds authorized by the Congress for humanitarian assistance to the Contras, in some cases after the traffickers had been indicted by federal law enforcement agencies on drug charges, in others while traffickers were under active investigation by these same agencies."" The U.S. State Department paid over $806,000 to known drug traffickers to carry humanitarian assistance to the Contras. Kerry\'s findings provoked little reaction in the media and official Washington.', 'The Compacts of Free Association between the United States, the Federated States of Micronesia, the Republic of the Marshall Islands and the Republic of Palau accorded the former entities of the Trust Territory of the Pacific Islands a political status of ""free association"" with the United States. The Compacts give citizens of these island nations generally no restrictions to reside in the United States (also its territories), and many were attracted to Guam due to its proximity, environmental, and cultural familiarity. Over the years, it was claimed by some in Guam that the territory has had to bear the brunt of this agreement in the form of public assistance programs and public education for those from the regions involved, and the federal government should compensate the states and territories affected by this type of migration.[citation needed] Over the years, Congress had appropriated ""Compact Impact"" aids to Guam, the Northern Mariana Islands and Hawaii, and eventually this appropriation was written into each renewed Compact.', 'National Archives PartOfOrg General Services Administration', 'National Archives FoundedBy Congress', 'Wikiproject To expand collaboration', 'funds AuthorizedBy Congress', 'hockey arena OpenedIn 2011', 'Wikiproject On English Wikipedia', 'Woodrow Wilson Employer Congress', 'General Services Administration Follows Hoover Commission', 'National Archives: Companies, agencies, institutions, etc.', 'Public interest: An event named Public interest.']",The National Archives worked with Wikimedia to expand collaboration in making its holdings widely available.,holdings widely available,187.55919998511672,846.2199999485165
Which organization initiated the idea of working with Wikimedia to expand collaboration?,"['In 2011 the National Archives initiated a Wikiproject on the English Wikipedia to expand collaboration in making its holdings widely available through Wikimedia.', 'The first Archivist, R.D.W. Connor, began serving in 1934, when the National Archives was established by Congress. As a result of a first Hoover Commission recommendation, in 1949 the National Archives was placed within the newly formed General Services Administration (GSA). The Archivist served as a subordinate official to the GSA Administrator until the National Archives and Records Administration became an independent agency on April 1, 1985.', 'The Kerry Committee report found that ""the Contra drug links included..... payments to drug traffickers by the U.S. State Department of funds authorized by the Congress for humanitarian assistance to the Contras, in some cases after the traffickers had been indicted by federal law enforcement agencies on drug charges, in others while traffickers were under active investigation by these same agencies."" The U.S. State Department paid over $806,000 to known drug traffickers to carry humanitarian assistance to the Contras. Kerry\'s findings provoked little reaction in the media and official Washington.', 'The Compacts of Free Association between the United States, the Federated States of Micronesia, the Republic of the Marshall Islands and the Republic of Palau accorded the former entities of the Trust Territory of the Pacific Islands a political status of ""free association"" with the United States. The Compacts give citizens of these island nations generally no restrictions to reside in the United States (also its territories), and many were attracted to Guam due to its proximity, environmental, and cultural familiarity. Over the years, it was claimed by some in Guam that the territory has had to bear the brunt of this agreement in the form of public assistance programs and public education for those from the regions involved, and the federal government should compensate the states and territories affected by this type of migration.[citation needed] Over the years, Congress had appropriated ""Compact Impact"" aids to Guam, the Northern Mariana Islands and Hawaii, and eventually this appropriation was written into each renewed Compact.', 'A new engineering building, Stinson-Remick Hall, a new combination Center for Social Concerns/Institute for Church Life building, Geddes Hall, and a law school addition have recently been completed as well. Additionally the new hockey arena opened in the fall of 2011. The Stayer Center for Executive Education, which houses the Mendoza College of Business Executive Education Department opened in March 2013 just South of the Mendoza College of Business building.', 'National Archives Initiated Wikiproject', 'Wikiproject LocatedIn English Wikipedia', 'R.D.W. Connor Employer National Archives', 'Wikiproject To expand collaboration', 'National Archives PartOfOrg General Services Administration', 'Wikiproject Making holdings', 'National Archives FoundedBy Congress', 'National Archives FoundedBy 2011', 'Wikiproject: Countries, cities, states', 'Wikimedia: Countries, cities, states']",The National Archives initiated a Wikiproject to expand collaboration with Wikimedia.,National Archives,149.07809998840094,1994.8152001015842
Which organization has the largest single jurisdiction in Freemasonry?,"['Freemasonry, as it exists in various forms all over the world, has a membership estimated by the United Grand Lodge of England at around six million worldwide. The fraternity is administratively organised into independent Grand Lodges (or sometimes Grand Orients), each of which governs its own Masonic jurisdiction, which consists of subordinate (or constituent) Lodges. The largest single jurisdiction, in terms of membership, is the United Grand Lodge of England (with a membership estimated at around a quarter million).', 'Even in modern democracies, Freemasonry is sometimes viewed with distrust. In the UK, Masons working in the justice system, such as judges and police officers, were from 1999 to 2009 required to disclose their membership. While a parliamentary inquiry found that there has been no evidence of wrongdoing, it was felt that any potential loyalties Masons might have, based on their vows to support fellow Masons, should be transparent to the public.', 'His writings represented his personal opinion only, and furthermore an opinion grounded in the attitudes and understandings of late 19th century Southern Freemasonry of the USA. Notably, his book carries in the preface a form of disclaimer from his own Grand Lodge. No one voice has ever spoken for the whole of Freemasonry.', 'Since the founding of Freemasonry, many Bishops of the Church of England have been Freemasons, such as Archbishop Geoffrey Fisher. In the past, few members of the Church of England would have seen any incongruity in concurrently adhering to Anglican Christianity and practicing Freemasonry. In recent decades, however, reservations about Freemasonry have increased within Anglicanism, perhaps due to the increasing prominence of the evangelical wing of the church.', 'The policy of requiring a declaration of masonic membership of applicants for judicial office (judges and magistrates) was ended in 2009 by Justice Secretary Jack Straw (who had initiated the requirement in the 1990s). Straw stated that the rule was considered disproportionate, since no impropriety or malpractice had been shown as a result of judges being Freemasons.', 'United Grand Lodge of England HasSubsidiary Lodges', 'Albert Pike Author position of Masonry', 'Greatest Hits II LocatedIn UK', 'Albert Pike MemberOf Freemasonry', 'open season LocatedIn UK', 'university LocatedIn UK', 'Victoria Religion Church of England', 'Maria Deraismes FollowedBy Georges Martin', 'Freemasonry: Companies, agencies, institutions, etc.', 'Freemasons: People, including fictional']","According to the text, the United Grand Lodge of England has the largest single jurisdiction in terms of membership.",United Grand Lodge of England,242.3806998413056,1136.9671998545527
Approximately how many members does the United Grand Lodge of England have?,"['The Grand Lodge of Scotland and Grand Lodge of Ireland (taken together) have approximately 150,000 members. In the United States total membership is just under two million.', 'Freemasonry, as it exists in various forms all over the world, has a membership estimated by the United Grand Lodge of England at around six million worldwide. The fraternity is administratively organised into independent Grand Lodges (or sometimes Grand Orients), each of which governs its own Masonic jurisdiction, which consists of subordinate (or constituent) Lodges. The largest single jurisdiction, in terms of membership, is the United Grand Lodge of England (with a membership estimated at around a quarter million).', 'Even in modern democracies, Freemasonry is sometimes viewed with distrust. In the UK, Masons working in the justice system, such as judges and police officers, were from 1999 to 2009 required to disclose their membership. While a parliamentary inquiry found that there has been no evidence of wrongdoing, it was felt that any potential loyalties Masons might have, based on their vows to support fellow Masons, should be transparent to the public.', 'Since the founding of Freemasonry, many Bishops of the Church of England have been Freemasons, such as Archbishop Geoffrey Fisher. In the past, few members of the Church of England would have seen any incongruity in concurrently adhering to Anglican Christianity and practicing Freemasonry. In recent decades, however, reservations about Freemasonry have increased within Anglicanism, perhaps due to the increasing prominence of the evangelical wing of the church.', 'His writings represented his personal opinion only, and furthermore an opinion grounded in the attitudes and understandings of late 19th century Southern Freemasonry of the USA. Notably, his book carries in the preface a form of disclaimer from his own Grand Lodge. No one voice has ever spoken for the whole of Freemasonry.', 'United Grand Lodge of England HasSubsidiary Lodges', 'England AtExpenseOf Dutch', 'Gaddafi Disliked England', 'Albert Pike MemberOf Freemasonry', 'United States Defeated England', 'England Participant World Cup', 'Puritan settlers LocatedIn England', 'Burton LocatedIn England', 'United Grand Lodge of England: Companies, agencies, institutions, etc.', 'Grand Lodge of Scotland: An organization named Grand Lodge of Scotland.']",The United Grand Lodge of England has a membership estimated at around a quarter million.,around a quarter million,286.83330002240837,958.218399900943
Which country has just under two million Freemasonry members?,"['Freemasonry, as it exists in various forms all over the world, has a membership estimated by the United Grand Lodge of England at around six million worldwide. The fraternity is administratively organised into independent Grand Lodges (or sometimes Grand Orients), each of which governs its own Masonic jurisdiction, which consists of subordinate (or constituent) Lodges. The largest single jurisdiction, in terms of membership, is the United Grand Lodge of England (with a membership estimated at around a quarter million).', 'His writings represented his personal opinion only, and furthermore an opinion grounded in the attitudes and understandings of late 19th century Southern Freemasonry of the USA. Notably, his book carries in the preface a form of disclaimer from his own Grand Lodge. No one voice has ever spoken for the whole of Freemasonry.', 'Even in modern democracies, Freemasonry is sometimes viewed with distrust. In the UK, Masons working in the justice system, such as judges and police officers, were from 1999 to 2009 required to disclose their membership. While a parliamentary inquiry found that there has been no evidence of wrongdoing, it was felt that any potential loyalties Masons might have, based on their vows to support fellow Masons, should be transparent to the public.', 'Maria Deraismes was initiated into Freemasonry in 1882, then resigned to allow her lodge to rejoin their Grand Lodge. Having failed to achieve acceptance from any masonic governing body, she and Georges Martin started a mixed masonic lodge that actually worked masonic ritual. Annie Besant spread the phenomenon to the English speaking world.', 'Since the founding of Freemasonry, many Bishops of the Church of England have been Freemasons, such as Archbishop Geoffrey Fisher. In the past, few members of the Church of England would have seen any incongruity in concurrently adhering to Anglican Christianity and practicing Freemasonry. In recent decades, however, reservations about Freemasonry have increased within Anglicanism, perhaps due to the increasing prominence of the evangelical wing of the church.', 'Parliamentary inquiry Participant Masons', 'Church of England MemberOf Freemasonry', 'United Grand Lodge of England MemberOf Freemasonry', 'his writings MemberOf late 19th century Southern Freemasonry', 'Albert Pike MemberOf Freemasonry', 'Maria Deraismes MemberOf Freemasonry', 'Archbishop Geoffrey Fisher MemberOf Freemasonry', 'Freemasonry Follows Anglican Christianity', 'Masons: People, including fictional', 'late 19th century Southern Freemasonry: An organization named late 19th century Southern Freemasonry.']","I'm sorry, I couldn't find that in the database.",United States,170.88550003245473,859.9020000547171
Around how many members are there worldwide in Freemasonry?,"['Disagreements over ritual led to the formation of exclusively female bodies of Freemasons in England, which spread to other countries. Meanwhile, the French had re-invented Adoption as an all-female lodge in 1901, only to cast it aside again in 1935. The lodges, however, continued to meet, which gave rise, in 1959, to a body of women practising continental Freemasonry.', 'The policy of requiring a declaration of masonic membership of applicants for judicial office (judges and magistrates) was ended in 2009 by Justice Secretary Jack Straw (who had initiated the requirement in the 1990s). Straw stated that the rule was considered disproportionate, since no impropriety or malpractice had been shown as a result of judges being Freemasons.', 'The former Archbishop of Canterbury, Dr Rowan Williams, appeared to harbour some reservations about Masonic ritual, whilst being anxious to avoid causing offence to Freemasons inside and outside the Church of England. In 2003 he felt it necessary to apologise to British Freemasons after he said that their beliefs were incompatible with Christianity and that he had barred the appointment of Freemasons to senior posts in his diocese when he was Bishop of Monmouth.', 'These seasons also featured a wildcard round, where contestants who failed to qualify were given another chance. In season one, only one wildcard contestant was chosen by the judges, giving a total of ten finalists. In seasons two and three, each of the three judges championed one contestant with the public advancing a fourth into the finals, making 12 finalists in all.', 'This was the first season where the contestants were permitted to perform in the final rounds songs they wrote themselves. In the Top 8, Sam Woolf received the fewest votes, but he was saved from elimination by the judges. The 500th episode of the series was the Top 3 performance night.', 'British Freemasons MemberOf Freemasons', 'judges MemberOf Freemasons', 'body of women Practising continental Freemasonry', 'magistrates MemberOf Freemasons', 'British Freemasons: An organization named British Freemasons.', 'continental Freemasonry: Companies, agencies, institutions, etc.']","I'm sorry, I couldn't find that in the database.",around six million worldwide,103.98939996957779,1063.566999975592
"Combined, how many members belong to the Grand Lodges of Scotland and Ireland?","['The Grand Lodge of Scotland and Grand Lodge of Ireland (taken together) have approximately 150,000 members. In the United States total membership is just under two million.', 'Freemasonry, as it exists in various forms all over the world, has a membership estimated by the United Grand Lodge of England at around six million worldwide. The fraternity is administratively organised into independent Grand Lodges (or sometimes Grand Orients), each of which governs its own Masonic jurisdiction, which consists of subordinate (or constituent) Lodges. The largest single jurisdiction, in terms of membership, is the United Grand Lodge of England (with a membership estimated at around a quarter million).', 'Even in modern democracies, Freemasonry is sometimes viewed with distrust. In the UK, Masons working in the justice system, such as judges and police officers, were from 1999 to 2009 required to disclose their membership. While a parliamentary inquiry found that there has been no evidence of wrongdoing, it was felt that any potential loyalties Masons might have, based on their vows to support fellow Masons, should be transparent to the public.', 'Maria Deraismes was initiated into Freemasonry in 1882, then resigned to allow her lodge to rejoin their Grand Lodge. Having failed to achieve acceptance from any masonic governing body, she and Georges Martin started a mixed masonic lodge that actually worked masonic ritual. Annie Besant spread the phenomenon to the English speaking world.', 'Disagreements over ritual led to the formation of exclusively female bodies of Freemasons in England, which spread to other countries. Meanwhile, the French had re-invented Adoption as an all-female lodge in 1901, only to cast it aside again in 1935. The lodges, however, continued to meet, which gave rise, in 1959, to a body of women practising continental Freemasonry.', 'United Grand Lodge of England HasSubsidiary Lodges', 'England AtExpenseOf Dutch', 'Gaddafi Disliked England', 'Albert Pike MemberOf Freemasonry', 'United States Defeated England', 'England Participant World Cup', 'Puritan settlers LocatedIn England', 'Burton LocatedIn England', 'United Grand Lodge of England: Companies, agencies, institutions, etc.', 'Grand Lodge of Scotland: An organization named Grand Lodge of Scotland.']","The Grand Lodge of Scotland and Grand Lodge of Ireland (taken together) have approximately 150,000 members.","150,000",277.8803000692278,1178.6919001024216
Which religion emphasizes the Middle Way as a guideline for ethics?,"['Islamic political philosophy, was, indeed, rooted in the very sources of Islam—i.e., the Qur\'an and the Sunnah, the words and practices of Muhammad—thus making it essentially theocratic. However, in the Western thought, it is generally supposed that it was a specific area peculiar merely to the great philosophers of Islam: al-Kindi (Alkindus), al-Farabi (Abunaser), İbn Sina (Avicenna), Ibn Bajjah (Avempace), Ibn Rushd (Averroes), and Ibn Khaldun. The political conceptions of Islam such as kudrah (power), sultan, ummah, cemaa (obligation)-and even the ""core"" terms of the Qur\'an—i.e., ibadah (worship), din (religion), rab (master) and ilah (deity)—is taken as the basis of an analysis.', ""15% of the population follows traditional religions; other non-Christian religions practised in the country include Islam (1%), the Bahá'í Faith (0.5%), and Hinduism (0.2%). There are 14 Jewish families."", 'In Europe, there has been a general move away from religious observance and belief in Christian teachings and a move towards secularism. The Enlightenment is largely responsible for the spread of secularism. Several scholars have argued for a link between the rise of secularism and Protestantism, attributing it to the wide-ranging freedom in the Protestant countries.', 'Jehovah\'s Witnesses believe that the Bible condemns the mixing of religions, on the basis that there can only be one truth from God, and therefore reject interfaith and ecumenical movements. They believe that only their religion represents true Christianity, and that other religions fail to meet all the requirements set by God and will soon be destroyed. Jehovah\'s Witnesses are taught that it is vital to remain ""separate from the world.""', ""The Baha'is also have classes for children at the National Centre and other localities in Kathmandu. Islam is practised in Kathmandu but Muslims are a minority, accounting for about 4.2% of the population of Nepal.[citation needed] It is said that in Kathmandu alone there are 170 Christian churches. Christian missionary hospitals, welfare organizations, and schools are also operating."", ""Christians Composed 33 percent of the world's population"", ""Jehovah's Witnesses Religion Bible"", ""Jehovah's Witnesses Believe true Christianity"", 'Christians LocatedIn world', 'Roman Catholic PartOfOrg population', 'Christians PartOfOrg Christianity', 'population Follows Islam', 'Christians LocatedIn sub-Saharan Africa', 'Roman Catholicism: Companies, agencies, institutions, etc.', 'traditional religions: An organization named traditional religions.', 'other religions: An organization named other religions.']","I'm sorry, I couldn't find that in the database.",Buddhism,311.5691998973489,916.0794999916106
Which religion has moral and spiritual parallels with Christianity?,"['In North America, South America and Australia Christian religious observance is much higher than in Europe. United States remains particularly religious in comparison to other developed countries. South America, historically Roman Catholic, has experienced a large Evangelical and Pentecostal infusion in the 20th and 21st centuries.', ""As of the early 21st century, Christianity has approximately 2.4 billion adherents. The faith represents about a third of the world's population and is the largest religion in the world. Christians have composed about 33 percent of the world's population for around 100 years."", 'The largest Christian denomination is the Roman Catholic Church, with 1.17 billion adherents, representing half of all Christians.', 'In Europe, there has been a general move away from religious observance and belief in Christian teachings and a move towards secularism. The Enlightenment is largely responsible for the spread of secularism. Several scholars have argued for a link between the rise of secularism and Protestantism, attributing it to the wide-ranging freedom in the Protestant countries.', ""Today, about 37% of all Christians live in the Americas, and about 26% live in Europe, 24% of total Christians live in sub-Saharan Africa, about 13% in Asia and the Pacific, and 1% of the world's Christians live in the Middle east and North Africa. About half of all Christians worldwide are Catholic, while more than a third are Protestant (37%). Orthodox communions comprise 12% of the world's Christians."", 'Universities LocatedIn Europe', 'Guinea-Bissau LocatedIn Europe', 'Muslim states LocatedBetween Europe', 'Beer SpreadThrough Europe', 'guilds of dyers LocatedIn Europe', 'Germanic tribes SpreadThrough Europe', 'Switzerland LocatedIn Europe', 'Christian religious observance Religion Europe', 'Christian teachings: A work of art named Christian teachings.']","I'm sorry, I couldn't find that in the database.",Buddhism,567.2911000438035,871.5618001297116
Which Buddhist concept has been compared to scientific thought?,"['Other scholars say there is no universally accepted common core. The size and complexity of the Buddhist canons have been seen by some (including Buddhist social reformer Babasaheb Ambedkar) as presenting barriers to the wider understanding of Buddhist philosophy.', ""Chinese words like 剎那 chànà (Devanagari: क्षण kṣaṇa 'instantaneous period') were borrowed from Sanskrit. Many Sanskrit texts survive only in Tibetan collections of commentaries to the Buddhist teachings, the Tengyur."", 'In the Buddhist view, liberation from samsara is possible by following the Buddhist path.', 'Tengyur Contains Buddhist teachings', 'Buddhist path FollowedBy liberation from samsara', 'Buddhist canons Contains Buddhist philosophy', 'liberation from samsara Religion Buddhist view', 'Buddhist teachings: A work of art named Buddhist teachings.', 'Buddhist philosophy: A work of art named Buddhist philosophy.', 'Buddhist view: An organization named Buddhist view.']","I'm sorry, I couldn't find that in the database.",dependent origination,162.13189996778965,990.162500180304
What type of guideline does the Middle Way provide in Buddhism?,"[""Buddhism provides many opportunities for comparative study with a diverse range of subjects. For example, Buddhism's emphasis on the Middle way not only provides a unique guideline for ethics but has also allowed Buddhism to peacefully coexist with various differing beliefs, customs and institutions in countries where it has resided throughout its history. Also, its moral and spiritual parallels with other systems of thought—for example, with various tenets of Christianity—have been subjects of close study."", 'Unlike many religions, Buddhism has no single central text that is universally referred to by all traditions. However, some scholars have referred to the Vinaya Pitaka and the first four Nikayas of the Sutta Pitaka as the common core of all Buddhist traditions.[page needed] This could be considered misleading, as Mahāyāna considers these merely a preliminary, and not a core, teaching. The Tibetan Buddhists have not even translated most of the āgamas (though theoretically they recognize them) and they play no part in the religious life of either clergy or laity in China and Japan.', 'In Eastern Buddhism, there is also a distinctive Vinaya and ethics contained within the Mahayana Brahmajala Sutra (not to be confused with the Pali text of that name) for Bodhisattvas, where, for example, the eating of meat is frowned upon and vegetarianism is actively encouraged (see vegetarianism in Buddhism). In Japan, this has almost completely displaced the monastic vinaya, and allows clergy to marry.', 'Religious knowledge or ""vision"" was indicated as a result of practice both within and outside of the Buddhist fold. According to the Samaññaphala Sutta, this sort of vision arose for the Buddhist adept as a result of the perfection of ""meditation"" coupled with the perfection of ""discipline"" (Pali sīla; Skt. śīla).', 'The method of self-exertion or ""self-power""—without reliance on an external force or being—stands in contrast to another major form of Buddhism, Pure Land, which is characterized by utmost trust in the salvific ""other-power"" of Amitabha Buddha. Pure Land Buddhism is a very widespread and perhaps the most faith-orientated manifestation of Buddhism and centres upon the conviction that faith in Amitabha Buddha and the chanting of homage to his name liberates one at death into the Blissful (安樂), Pure Land (淨土) of Amitabha Buddha. This Buddhic realm is variously construed as a foretaste of Nirvana, or as essentially Nirvana itself.', 'Rebirth Religion Buddhism', 'Gautama Buddha Religion Buddhism', 'Buddhist adept Religion Buddhism', 'Magadha PartOf Buddhism', 'Mahāyāna PartOfOrg Buddhism', 'Buddhism Religion Sutta Pitaka', 'clergy MemberOf Buddhism', 'Mahayana Religion Buddhism', 'Middle way: Non-GPE locations, mountain ranges, bodies of water']","According to the text, the Middle Way provides a unique guideline for ethics.",ethics,262.8955999389291,808.4547000471503
Which religion offers opportunities for comparative study across many subjects?,"['Religious knowledge or ""vision"" was indicated as a result of practice both within and outside of the Buddhist fold. According to the Samaññaphala Sutta, this sort of vision arose for the Buddhist adept as a result of the perfection of ""meditation"" coupled with the perfection of ""discipline"" (Pali sīla; Skt. śīla).', 'Gautama first went to study with famous religious teachers of the day, and mastered the meditative attainments they taught. But he found that they did not provide a permanent end to suffering, so he continued his quest. He next attempted an extreme asceticism, which was a religious pursuit common among the śramaṇas, a religious culture distinct from the Vedic one.', 'Jehovah\'s Witnesses believe that the Bible condemns the mixing of religions, on the basis that there can only be one truth from God, and therefore reject interfaith and ecumenical movements. They believe that only their religion represents true Christianity, and that other religions fail to meet all the requirements set by God and will soon be destroyed. Jehovah\'s Witnesses are taught that it is vital to remain ""separate from the world.""', 'Translation has served as a school of writing for many authors. Translators, including monks who spread Buddhist texts in East Asia, and the early modern European translators of the Bible, in the course of their work have shaped the very languages into which they have translated. They have acted as bridges for conveying knowledge between cultures; and along with ideas, they have imported from the source languages, into their own languages, loanwords and calques of grammatical structures, idioms and vocabulary.', 'In Western Europe, some of the older Roman elite families died out while others became more involved with Church than secular affairs. Values attached to Latin scholarship and education mostly disappeared, and while literacy remained important, it became a practical skill rather than a sign of elite status. In the 4th century, Jerome (d. 420) dreamed that God rebuked him for spending more time reading Cicero than the Bible.', ""Jehovah's Witnesses Reject ecumenical movements"", ""Jehovah's Witnesses Religion Saint Helena"", ""Jehovah's Witnesses Religion Bible"", ""Jehovah's Witnesses Believe true Christianity"", ""Governing Body PartOfOrg Jehovah's Witnesses"", 'Religious knowledge ResultOf meditation', 'meditation LocatedIn Bodh Gaya', 'Religious knowledge ResultOf discipline', 'Religious knowledge: A work of art named Religious knowledge.', 'other religions: An organization named other religions.']","According to the text, translation, which has involved monks spreading Buddhist texts, offers opportunities for comparative study across many subjects.",Buddhism,155.9052998200059,1152.072099968791
"Which museum formally inaugurated on 15 August 1949 contains 200,000 works of art?","['On 15 August 1949, the National Museum was formally inaugurated and currently has 200,000 works of art, both of Indian and foreign origin, covering over 5,000 years.', ""Oklahoma is in the nation's middle percentile in per capita spending on the arts, ranking 17th, and contains more than 300 museums. The Philbrook Museum of Tulsa is considered one of the top 50 fine art museums in the United States, and the Sam Noble Oklahoma Museum of Natural History in Norman, one of the largest university-based art and history museums in the country, documents the natural history of the region. The collections of Thomas Gilcrease are housed in the Gilcrease Museum of Tulsa, which also holds the world's largest, most comprehensive collection of art and artifacts of the American West."", ""In descending order of population, Oklahoma's largest cities in 2010 were: Oklahoma City (579,999, +14.6%), Tulsa (391,906, −0.3%), Norman (110,925, +15.9%), Broken Arrow (98,850, +32.0%), Lawton (96,867, +4.4%), Edmond (81,405, +19.2%), Moore (55,081, +33.9%), Midwest City (54,371, +0.5%), Enid (49,379, +5.0%), and Stillwater (45,688, +17.0%). Of the state's ten largest cities, three are outside the metropolitan areas of Oklahoma City and Tulsa, and only Lawton has a metropolitan statistical area of its own as designated by the United States Census Bureau, though the metropolitan statistical area of Fort Smith, Arkansas extends into the state."", 'Sam Noble Oklahoma Museum of Natural History LocatedIn Norman', 'inauguration of National Museum LocatedIn 15 August 1949', 'Sam Noble Oklahoma Museum of Natural History Is largest university-based art and history museums', 'inauguration of National Museum: An event named inauguration of National Museum.', 'largest university-based art and history museums: A work of art named largest university-based art and history museums.']","The National Museum was formally inaugurated on 15 August 1949 and currently has 200,000 works of art.",National Museum,89.3206000328064,1492.1864999923855
How many years of history are represented by the National Museum's art collection?,"['On 15 August 1949, the National Museum was formally inaugurated and currently has 200,000 works of art, both of Indian and foreign origin, covering over 5,000 years.', 'New Delhi is home to several historic sites and museums. The National Museum which began with an exhibition of Indian art and artefacts at the Royal Academy in London in the winter of 1947–48 was later at the end was shown at the Rashtrapati Bhawan in 1949. Later it was to form a permanent National Museum.', ""Oklahoma is in the nation's middle percentile in per capita spending on the arts, ranking 17th, and contains more than 300 museums. The Philbrook Museum of Tulsa is considered one of the top 50 fine art museums in the United States, and the Sam Noble Oklahoma Museum of Natural History in Norman, one of the largest university-based art and history museums in the country, documents the natural history of the region. The collections of Thomas Gilcrease are housed in the Gilcrease Museum of Tulsa, which also holds the world's largest, most comprehensive collection of art and artifacts of the American West."", ""The largest theatre in the city is the 2,300 capacity Mayflower Theatre (formerly known as the Gaumont), which, as the largest theatre in Southern England outside London, has hosted West End shows such as Les Misérables, The Rocky Horror Show and Chitty Chitty Bang Bang, as well as regular visits from Welsh National Opera and English National Ballet. There is also the Nuffield Theatre based at the University of Southampton's Highfield campus, which is the city's primary producing theatre. It was awarded The Stage Award for Best Regional Theatre in 2015."", 'The Spanish Empire and other Europeans brought horses to the Americas. Some of these animals escaped and began to breed and increase their numbers in the wild. The re-introduction of the horse, extinct in the Americas for over 7500 years, had a profound impact on Native American culture in the Great Plains of North America and of Patagonia in South America.', 'Sarai Rohilla PartOf New Delhi', 'Lawton LocatedIn Oklahoma', 'Oklahoma LocatedIn nation', 'Midwest City LocatedIn Oklahoma', 'Oklahoma IsProducerOf aircraft', 'National Museum NotableWork Indian art', 'Broken Arrow LocatedIn Oklahoma', 'National Museum LocatedIn New Delhi', '300 museums: A geographic location named 300 museums.', 'National Museum: Companies, agencies, institutions, etc.']","The National Museum's art collection covers over 5,000 years.","5,000 years",235.43080012314022,907.8144999220967
Where did the National Museum first display Indian art in 1947?,"['New Delhi is home to several historic sites and museums. The National Museum which began with an exhibition of Indian art and artefacts at the Royal Academy in London in the winter of 1947–48 was later at the end was shown at the Rashtrapati Bhawan in 1949. Later it was to form a permanent National Museum.', 'On 15 August 1949, the National Museum was formally inaugurated and currently has 200,000 works of art, both of Indian and foreign origin, covering over 5,000 years.', 'After India gained independence in 1947, a limited autonomy was conferred to New Delhi and was administered by a Chief Commissioner appointed by the Government of India. In 1956, Delhi was converted into a union territory and eventually the Chief Commissioner was replaced by a Lieutenant Governor. The Constitution (Sixty-ninth Amendment) Act, 1991 declared the Union Territory of Delhi to be formally known as National Capital Territory of Delhi.', ""Much of New Delhi, planned by the leading 20th-century British architect Edwin Lutyens, was laid out to be the central administrative area of the city as a testament to Britain's imperial pretensions. New Delhi is structured around two central promenades called the Rajpath and the Janpath. The Rajpath, or King's Way, stretches from the Rashtrapati Bhavan to the India Gate."", ""At the heart of the city is the magnificent Rashtrapati Bhavan (formerly known as Viceroy's House) which sits atop Raisina Hill. The Secretariat, which houses ministries of the Government of India, flanks out of the Rashtrapati Bhavan. The Parliament House, designed by Herbert Baker, is located at the Sansad Marg, which runs parallel to the Rajpath."", 'Sarai Rohilla PartOf New Delhi', 'National Museum NotableWork Indian art', 'National Museum LocatedIn New Delhi', 'New Delhi IsHeadquartersOf Northern Railway', 'New Delhi HasHighestTemperature 49.1 °C', '200,000 works of art Origin Indian', 'New Delhi railway station PartOf New Delhi', 'New Delhi HasAverageAnnualRainfall 784 millimetres', 'National Museum: Companies, agencies, institutions, etc.']",The National Museum first displayed Indian art at the Royal Academy in London in the winter of 1947–48.,Royal Academy in London,245.02329993993044,988.6751000303775
What type of art was first displayed before the National Museum was inaugurated?,"['New Delhi is home to several historic sites and museums. The National Museum which began with an exhibition of Indian art and artefacts at the Royal Academy in London in the winter of 1947–48 was later at the end was shown at the Rashtrapati Bhawan in 1949. Later it was to form a permanent National Museum.', 'On 15 August 1949, the National Museum was formally inaugurated and currently has 200,000 works of art, both of Indian and foreign origin, covering over 5,000 years.', ""The Museo de San Ildefonso, housed in the Antiguo Colegio de San Ildefonso in Mexico City's historic downtown district is a 17th-century colonnaded palace housing an art museum that regularly hosts world-class exhibits of Mexican and international art. Recent exhibits have included those on David LaChapelle, Antony Gormley and Ron Mueck. The National Museum of Art (Museo Nacional de Arte) is also located in a former palace in the historic center."", ""Mexico City is home to a number of orchestras offering season programs. These include the Mexico City Philharmonic, which performs at the Sala Ollin Yoliztli; the National Symphony Orchestra, whose home base is the Palacio de Bellas Artes (Palace of the Fine Arts), a masterpiece of art nouveau and art decó styles; the Philharmonic Orchestra of the National Autonomous University of Mexico (OFUNAM), and the Minería Symphony Orchestra, both of which perform at the Sala Nezahualcóyotl, which was the first wrap-around concert hall in the Western Hemisphere when inaugurated in 1976. There are also many smaller ensembles that enrich the city's musical scene, including the Carlos Chávez Youth Symphony, the New World Orchestra (Orquesta del Nuevo Mundo), the National Polytechnical Symphony and the Bellas Artes Chamber Orchestra (Orquesta de Cámara de Bellas Artes)."", ""Much of New Delhi, planned by the leading 20th-century British architect Edwin Lutyens, was laid out to be the central administrative area of the city as a testament to Britain's imperial pretensions. New Delhi is structured around two central promenades called the Rajpath and the Janpath. The Rajpath, or King's Way, stretches from the Rashtrapati Bhavan to the India Gate."", 'Sarai Rohilla PartOf New Delhi', 'Museo de San Ildefonso HousedIn Antiguo Colegio de San Ildefonso', 'National Museum NotableWork Indian art', 'National Museum LocatedIn New Delhi', 'New Delhi IsHeadquartersOf Northern Railway', 'New Delhi HasHighestTemperature 49.1 °C', '200,000 works of art Origin Indian', 'New Delhi railway station PartOf New Delhi', 'inauguration of National Museum: An event named inauguration of National Museum.', 'National Museum: Companies, agencies, institutions, etc.', 'exhibits of international art: An event named exhibits of international art.']",The National Museum began with an exhibition of Indian art and artefacts.,Indian art,197.8184999898076,800.4251001402736
Approximately how many works of art reside in the National Museum?,"['On 15 August 1949, the National Museum was formally inaugurated and currently has 200,000 works of art, both of Indian and foreign origin, covering over 5,000 years.', 'New Delhi is home to several historic sites and museums. The National Museum which began with an exhibition of Indian art and artefacts at the Royal Academy in London in the winter of 1947–48 was later at the end was shown at the Rashtrapati Bhawan in 1949. Later it was to form a permanent National Museum.', ""Oklahoma is in the nation's middle percentile in per capita spending on the arts, ranking 17th, and contains more than 300 museums. The Philbrook Museum of Tulsa is considered one of the top 50 fine art museums in the United States, and the Sam Noble Oklahoma Museum of Natural History in Norman, one of the largest university-based art and history museums in the country, documents the natural history of the region. The collections of Thomas Gilcrease are housed in the Gilcrease Museum of Tulsa, which also holds the world's largest, most comprehensive collection of art and artifacts of the American West."", ""The largest theatre in the city is the 2,300 capacity Mayflower Theatre (formerly known as the Gaumont), which, as the largest theatre in Southern England outside London, has hosted West End shows such as Les Misérables, The Rocky Horror Show and Chitty Chitty Bang Bang, as well as regular visits from Welsh National Opera and English National Ballet. There is also the Nuffield Theatre based at the University of Southampton's Highfield campus, which is the city's primary producing theatre. It was awarded The Stage Award for Best Regional Theatre in 2015."", ""At the heart of the city is the magnificent Rashtrapati Bhavan (formerly known as Viceroy's House) which sits atop Raisina Hill. The Secretariat, which houses ministries of the Government of India, flanks out of the Rashtrapati Bhavan. The Parliament House, designed by Herbert Baker, is located at the Sansad Marg, which runs parallel to the Rajpath."", 'Lawton LocatedIn Oklahoma', 'Sarai Rohilla PartOf New Delhi', 'Oklahoma LocatedIn nation', 'Midwest City LocatedIn Oklahoma', 'Oklahoma IsProducerOf aircraft', 'National Museum NotableWork Indian art', 'Broken Arrow LocatedIn Oklahoma', 'National Museum LocatedIn New Delhi', '200,000 works of art: A work of art named 200,000 works of art.', '300 museums: A geographic location named 300 museums.', 'National Museum: Companies, agencies, institutions, etc.']","The National Museum currently has 200,000 works of art.","200,000",264.6407999563962,917.2620000317693
Which act provided incentives for companies developing drugs for orphan diseases?,"['There are special rules for certain rare diseases (""orphan diseases"") in several major drug regulatory territories. For example, diseases involving fewer than 200,000 patients in the United States, or larger populations in certain circumstances are subject to the Orphan Drug Act. Because medical research and development of drugs to treat such diseases is financially disadvantageous, companies that do so are rewarded with tax reductions, fee waivers, and market exclusivity on that drug for a limited time (seven years), regardless of whether the drug is protected by patents.', 'The Biologics Control Act of 1902 required that federal government grant premarket approval for every biological drug and for the process and facility producing such drugs. This was followed in 1906 by the Pure Food and Drugs Act, which forbade the interstate distribution of adulterated or misbranded foods and drugs. A drug was considered misbranded if it contained alcohol, morphine, opium, cocaine, or any of several other potentially dangerous or addictive drugs, and if its label failed to indicate the quantity or proportion of such drugs.', 'In March 2001, 40 multi-national pharmaceutical companies brought litigation against South Africa for its Medicines Act, which allowed the generic production of antiretroviral drugs (ARVs) for treating HIV, despite the fact that these drugs were on-patent. HIV was and is an epidemic in South Africa, and ARVs at the time cost between 10,000 and 15,000 USD per patient per year. This was unaffordable for most South African citizens, and so the South African government committed to providing ARVs at prices closer to what people could afford.', 'In 2015 Beyoncé signed an open letter which the ONE Campaign had been collecting signatures for; the letter was addressed to Angela Merkel and Nkosazana Dlamini-Zuma, urging them to focus on women as they serve as the head of the G7 in Germany and the AU in South Africa respectively, which will start to set the priorities in development funding before a main UN summit in September 2015 that will establish new development goals for the generation.', ""In the latter case, the definition between dominant and one-party system becomes rather blurred. Examples of dominant party systems include the People's Action Party in Singapore, the African National Congress in South Africa, the Cambodian People's Party in Cambodia, the Liberal Democratic Party in Japan, and the National Liberation Front in Algeria. One-party dominant system also existed in Mexico with the Institutional Revolutionary Party until the 1990s, in the southern United States with the Democratic Party from the late 19th century until the 1970s, in Indonesia with the Golkar from the early 1970s until 1998."", 'Orphan Drug Act Subject larger populations', 'Medicines Act FollowedBy litigation', '40 multi-national pharmaceutical companies Brought litigation', 'Pure Food and Drugs Act Forbade interstate distribution', 'Orphan Drug Act Subject diseases involving fewer than 200,000 patients', 'Biologics Control Act of 1902 FollowedBy Pure Food and Drugs Act', 'litigation Against South Africa', 'Orphan Drug Act: Companies, agencies, institutions, etc.', 'Medicines Act: Named documents made into laws.', 'Biologics Control Act of 1902: An event named Biologics Control Act of 1902.']",The Orphan Drug Act provides incentives like tax reductions and market exclusivity for companies developing drugs for orphan diseases.,Orphan Drug Act,110.00880016945302,930.321300169453
"What term describes rare diseases affecting fewer than 200,000 patients in the United States?","['There are special rules for certain rare diseases (""orphan diseases"") in several major drug regulatory territories. For example, diseases involving fewer than 200,000 patients in the United States, or larger populations in certain circumstances are subject to the Orphan Drug Act. Because medical research and development of drugs to treat such diseases is financially disadvantageous, companies that do so are rewarded with tax reductions, fee waivers, and market exclusivity on that drug for a limited time (seven years), regardless of whether the drug is protected by patents.', 'Various theories for the decline of the Native American populations emphasize epidemic diseases, conflicts with Europeans, and conflicts among warring tribes. Scholars now believe that, among the various contributing factors, epidemic disease was the overwhelming cause of the population decline of the American natives. Some believe that after first contacts with Europeans and Africans, Old World diseases caused the death of 90 to 95% of the native population of the New World in the following 150 years.', 'Zinc is an essential mineral perceived by the public today as being of ""exceptional biologic and public health importance"", especially regarding prenatal and postnatal development. Zinc deficiency affects about two billion people in the developing world and is associated with many diseases. In children it causes growth retardation, delayed sexual maturation, infection susceptibility, and diarrhea.', 'The ""General Law of Linguistic Rights of the Indigenous Peoples"" grants all indigenous languages spoken in Mexico, regardless of the number of speakers, the same validity as Spanish in all territories in which they are spoken, and indigenous peoples are entitled to request some public services and documents in their native languages. Along with Spanish, the law has granted them — more than 60 languages — the status of ""national languages"". The law includes all indigenous languages of the Americas regardless of origin; that is, it includes the indigenous languages of ethnic groups non-native to the territory.', 'Scholars have translated and analyzed these documents in what is called the New Philology to write histories of indigenous peoples from indigenous viewpoints.', 'Zinc deficiency Affects two billion people', 'Orphan Drug Act Subject larger populations', 'epidemic disease Cause population decline', 'Scholars AffiliatedWith New Philology', 'Scholars Believe epidemic disease', 'Orphan Drug Act Subject diseases involving fewer than 200,000 patients', 'documents AnalyzedBy Scholars', 'Zinc deficiency AssociatedWith many diseases', 'epidemic disease: An event named epidemic disease.', 'diseases involving fewer than 200,000 patients: An event named diseases involving fewer than 200,000 patients.', 'many diseases: An entity of type DISEASE representing many diseases.']","These diseases are referred to as ""orphan diseases"" and are subject to the Orphan Drug Act.",orphan diseases,89.81769997626543,918.7588999047875
How long does market exclusivity last for orphan drugs?,"['There are special rules for certain rare diseases (""orphan diseases"") in several major drug regulatory territories. For example, diseases involving fewer than 200,000 patients in the United States, or larger populations in certain circumstances are subject to the Orphan Drug Act. Because medical research and development of drugs to treat such diseases is financially disadvantageous, companies that do so are rewarded with tax reductions, fee waivers, and market exclusivity on that drug for a limited time (seven years), regardless of whether the drug is protected by patents.', ""Others have argued that excessive regulation suppresses therapeutic innovation, and that the current cost of regulator-required clinical trials prevents the full exploitation of new genetic and biological knowledge for the treatment of human disease. A 2012 report by the President's Council of Advisors on Science and Technology made several key recommendations to reduce regulatory burdens to new drug development, including 1) expanding the FDA's use of accelerated approval processes, 2) creating an expedited approval pathway for drugs intended for use in narrowly defined populations, and 3) undertaking pilot projects designed to evaluate the feasibility of a new, adaptive drug approval process."", 'Some critics of intellectual property, such as those in the free culture movement, point at intellectual monopolies as harming health (in the case of pharmaceutical patents), preventing progress, and benefiting concentrated interests to the detriment of the masses, and argue that the public interest is harmed by ever-expansive monopolies in the form of copyright extensions, software patents, and business method patents. More recently scientists and engineers are expressing concern that patent thickets are undermining technological development even in high-tech fields like nanotechnology.', 'Therefore, parliament inserted a clause into the Act of Attainder, providing that assent granted by Commissioners ""is and ever was and ever shall be, as good"" as assent granted by the sovereign personally. The procedure was used only five times during the 16th century, but more often during the 17th and 18th centuries, especially when George III\'s health began to deteriorate. Queen Victoria became the last monarch to personally grant assent in 1854.', 'In addition to increased work performance, proper usage of windows and daylighting crosses the boundaries between pure aesthetics and overall health.', '2012 report Recommendation undertaking pilot projects designed to evaluate the feasibility of a new, adaptive drug approval process', 'Orphan Drug Act Subject larger populations', 'intellectual monopolies Prevents progress', ""President's Council of Advisors on Science and Technology Authored 2012 report"", 'software patents PartOf intellectual monopolies', ""2012 report Recommendation expanding the FDA's use of accelerated approval processes"", 'Orphan Drug Act Subject diseases involving fewer than 200,000 patients', '2012 report Recommendation creating an expedited approval pathway for drugs intended for use in narrowly defined populations', 'creating an expedited approval pathway for drugs intended for use in narrowly defined populations: An event named creating an expedited approval pathway for drugs intended for use in narrowly defined populations.', 'Orphan Drug Act: Companies, agencies, institutions, etc.', 'pharmaceutical patents: A work of art named pharmaceutical patents.']","According to the provided text, market exclusivity for orphan drugs lasts for a limited time of seven years.",seven years,96.5521999169141,1044.7142000775784
What financial incentive is given to companies researching orphan diseases?,"['There are special rules for certain rare diseases (""orphan diseases"") in several major drug regulatory territories. For example, diseases involving fewer than 200,000 patients in the United States, or larger populations in certain circumstances are subject to the Orphan Drug Act. Because medical research and development of drugs to treat such diseases is financially disadvantageous, companies that do so are rewarded with tax reductions, fee waivers, and market exclusivity on that drug for a limited time (seven years), regardless of whether the drug is protected by patents.', ""Possible improvements include clarification of clinical trial regulations by FDA. Furthermore, appropriate economic incentives could persuade pharmaceutical companies to invest in this endeavor. Antibiotic Development to Advance Patient Treatment (ADAPT) Act aims to fast track the drug development to combat the growing threat of 'superbugs'."", 'The government of Brazil provides universal TB-care, which reduces this problem. Conversely, falling rates of TB-infection may not relate to the number of programs directed at reducing infection rates, but may be tied to increased level of education, income and health of the population. Costs of the disease, as calculated by the World Bank in 2009 may exceed 150 billion USD per year in ""high burden"" countries.', 'Orphan Drug Act Subject larger populations', 'Costs of the disease LocatedIn high burden countries', 'pharmaceutical companies CouldBePersuadedBy economic incentives', 'Orphan Drug Act Subject diseases involving fewer than 200,000 patients', 'World Bank Calculated Costs of the disease', 'Costs of the disease Exceed 150 billion USD', 'Costs of the disease: An event named Costs of the disease.', 'Orphan Drug Act: Companies, agencies, institutions, etc.', 'economic incentives: A geographic location named economic incentives.']","Companies researching orphan diseases are rewarded with tax reductions, fee waivers, and market exclusivity on that drug for a limited time (seven years).",tax reductions,87.25950005464256,1076.5387997962534
Why are companies rewarded for developing orphan drugs?,"['There are special rules for certain rare diseases (""orphan diseases"") in several major drug regulatory territories. For example, diseases involving fewer than 200,000 patients in the United States, or larger populations in certain circumstances are subject to the Orphan Drug Act. Because medical research and development of drugs to treat such diseases is financially disadvantageous, companies that do so are rewarded with tax reductions, fee waivers, and market exclusivity on that drug for a limited time (seven years), regardless of whether the drug is protected by patents.', ""Possible improvements include clarification of clinical trial regulations by FDA. Furthermore, appropriate economic incentives could persuade pharmaceutical companies to invest in this endeavor. Antibiotic Development to Advance Patient Treatment (ADAPT) Act aims to fast track the drug development to combat the growing threat of 'superbugs'."", 'Some critics of intellectual property, such as those in the free culture movement, point at intellectual monopolies as harming health (in the case of pharmaceutical patents), preventing progress, and benefiting concentrated interests to the detriment of the masses, and argue that the public interest is harmed by ever-expansive monopolies in the form of copyright extensions, software patents, and business method patents. More recently scientists and engineers are expressing concern that patent thickets are undermining technological development even in high-tech fields like nanotechnology.', 'In addition to increased work performance, proper usage of windows and daylighting crosses the boundaries between pure aesthetics and overall health.', 'Therefore, parliament inserted a clause into the Act of Attainder, providing that assent granted by Commissioners ""is and ever was and ever shall be, as good"" as assent granted by the sovereign personally. The procedure was used only five times during the 16th century, but more often during the 17th and 18th centuries, especially when George III\'s health began to deteriorate. Queen Victoria became the last monarch to personally grant assent in 1854.', 'Orphan Drug Act Subject larger populations', 'intellectual monopolies Prevents progress', 'pharmaceutical companies CouldBePersuadedBy economic incentives', 'software patents PartOf intellectual monopolies', 'Orphan Drug Act Subject diseases involving fewer than 200,000 patients', 'intellectual monopolies Harms health', 'pharmaceutical patents PartOf intellectual monopolies', 'intellectual monopolies Benefits concentrated interests', 'Orphan Drug Act: Companies, agencies, institutions, etc.', 'pharmaceutical companies: An organization named pharmaceutical companies.', 'pharmaceutical patents: A work of art named pharmaceutical patents.']","Companies are rewarded for developing orphan drugs with tax reductions, fee waivers, and market exclusivity for a limited time because medical research and development for these drugs is financially disadvantageous.",research and development is financially disadvantageous,87.26010005921125,1124.236400006339
Which German court can outlaw political parties violating the constitution?,"['Final interpretation of and amendments to the German Constitution, the Grundgesetz, is the task of the Bundesverfassungsgericht (Federal Constitutional Court), which is the de facto highest German court, as it can declare both federal and state legislation ineffective, and has the power to overrule decisions of all other federal courts, despite not being a regular court of appeals on itself in the German court system. It is also the only court possessing the power and authority to outlaw political parties, if it is deemed that these parties have repeatedly violated articles of the Constitution.', 'A system was introduced under which the elected Government was given wide powers, excluding law and order which remained with the Central Government. The actual enforcement of the legislation came in 1993.', 'A new delimitation of the federal territory keeps being debated in Germany, though ""Some scholars note that there are significant differences among the American states and regional governments in other federations without serious calls for territorial changes ..."", as political scientist Arthur B. Gunlicks remarks. He summarizes the main arguments for boundary reform in Germany: ""... the German system of dual federalism requires strong Länder that have the administrative and fiscal capacity to implement legislation and pay for it from own source revenues. Too many Länder also make coordination among them and with the federation more complicated ..."".', 'But several proposals have failed so far; territorial reform remains a controversial topic in German politics and public perception.', 'The use of the term Länder (Lands) dates back to the Weimar Constitution of 1919. Before this time, the constituent states of the German Empire were called Staaten (States). Today, it is very common to use the term Bundesland (Federal Land).', 'territorial reform Participant public perception', 'richer states Propagated territorial reform', 'Länder PayFor it', 'Länder FollowedBy Weimar Constitution', 'Bundesland Synonym Länder', 'coordination Among Länder', 'Bundesverfassungsgericht Task Final interpretation of and amendments to the German Constitution', 'territorial reform Participant German politics', 'highest German court: An organization named highest German court.', 'Weimar Constitution: An event named Weimar Constitution.', 'German politics: An organization named German politics.']","According to the provided text, the Bundesverfassungsgericht is the only court that can outlaw political parties if they repeatedly violate articles of the Constitution.",Bundesverfassungsgericht,89.10480001941323,1179.5677999034524
What is Germany's constitution called?,"['Final interpretation of and amendments to the German Constitution, the Grundgesetz, is the task of the Bundesverfassungsgericht (Federal Constitutional Court), which is the de facto highest German court, as it can declare both federal and state legislation ineffective, and has the power to overrule decisions of all other federal courts, despite not being a regular court of appeals on itself in the German court system. It is also the only court possessing the power and authority to outlaw political parties, if it is deemed that these parties have repeatedly violated articles of the Constitution.', 'The use of the term Länder (Lands) dates back to the Weimar Constitution of 1919. Before this time, the constituent states of the German Empire were called Staaten (States). Today, it is very common to use the term Bundesland (Federal Land).', 'The German states proclaimed their union as the German Empire under the Prussian king, Wilhelm I, uniting Germany as a nation-state. The Treaty of Frankfurt of 10 May 1871 gave Germany most of Alsace and some parts of Lorraine, which became the Imperial territory of Alsace-Lorraine (Reichsland Elsaß-Lothringen).The German conquest of France and the unification of Germany upset the European balance of power, that had existed since the Congress of Vienna in 1815 and Otto von Bismarck maintained great authority in international affairs for two decades. French determination to regain Alsace-Lorraine and fear of another Franco-German war, along with British apprehension about the balance of power, became factors in the causes of World War I.', 'A new delimitation of the federal territory keeps being debated in Germany, though ""Some scholars note that there are significant differences among the American states and regional governments in other federations without serious calls for territorial changes ..."", as political scientist Arthur B. Gunlicks remarks. He summarizes the main arguments for boundary reform in Germany: ""... the German system of dual federalism requires strong Länder that have the administrative and fiscal capacity to implement legislation and pay for it from own source revenues. Too many Länder also make coordination among them and with the federation more complicated ..."".', 'A German ethnicity emerged in the course of the Middle Ages, ultimately as a result of the formation of the kingdom of Germany within East Francia and later the Holy Roman Empire, beginning in the 9th century. The process was gradual and lacked any clear definition, and the use of exonyms designating ""the Germans"" develops only during the High Middle Ages. The title of rex teutonicum ""King of the Germans"" is first used in the late 11th century, by the chancery of Pope Gregory VII, to describe the future Holy Roman Emperor of the German Nation Henry IV.', 'Swabian League MemberOf Holy Roman Empire', 'Holy Roman Empire LocatedIn Germany', 'Länder PayFor it', 'Kingdom of Germany PartOf East Francia', 'Länder FollowedBy Weimar Constitution', 'Bundesland Synonym Länder', 'coordination Among Länder', 'Bundesverfassungsgericht Task Final interpretation of and amendments to the German Constitution', 'Weimar Constitution: An event named Weimar Constitution.', 'Final interpretation of and amendments to the German Constitution: A work of art named Final interpretation of and amendments to the German Constitution.', 'Kingdom of Germany: An organization named Kingdom of Germany.']","According to the text, Germany's constitution is called the Grundgesetz.",the Grundgesetz,202.30480004101992,911.9913000613451
What is the English translation of Bundesverfassungsgericht?,"['Final interpretation of and amendments to the German Constitution, the Grundgesetz, is the task of the Bundesverfassungsgericht (Federal Constitutional Court), which is the de facto highest German court, as it can declare both federal and state legislation ineffective, and has the power to overrule decisions of all other federal courts, despite not being a regular court of appeals on itself in the German court system. It is also the only court possessing the power and authority to outlaw political parties, if it is deemed that these parties have repeatedly violated articles of the Constitution.', 'The use of the term Länder (Lands) dates back to the Weimar Constitution of 1919. Before this time, the constituent states of the German Empire were called Staaten (States). Today, it is very common to use the term Bundesland (Federal Land).', 'A new delimitation of the federal territory keeps being debated in Germany, though ""Some scholars note that there are significant differences among the American states and regional governments in other federations without serious calls for territorial changes ..."", as political scientist Arthur B. Gunlicks remarks. He summarizes the main arguments for boundary reform in Germany: ""... the German system of dual federalism requires strong Länder that have the administrative and fiscal capacity to implement legislation and pay for it from own source revenues. Too many Länder also make coordination among them and with the federation more complicated ..."".', 'The section of the Bernese Alps above the deep glacial Lauterbrunnen valley, containing 72 waterfalls, is well known for the Jungfrau (4,158 m or 13,642 ft) Eiger and Mönch, and the many picturesque valleys in the region. In the southeast the long Engadin Valley, encompassing the St. Moritz area in canton of Graubünden, is also well known; the highest peak in the neighbouring Bernina Alps is Piz Bernina (4,049 m or 13,284 ft).', 'A system was introduced under which the elected Government was given wide powers, excluding law and order which remained with the Central Government. The actual enforcement of the legislation came in 1993.', 'Engadin Valley LocatedIn Graubünden', 'Länder PayFor it', 'Bundesland Synonym Länder', 'Länder FollowedBy Weimar Constitution', 'coordination Among Länder', 'Bundesverfassungsgericht Task Final interpretation of and amendments to the German Constitution', 'Bundesverfassungsgericht DeFacto highest German court', 'Bundesverfassungsgericht Power outlaw political parties', 'Bundesland: Companies, agencies, institutions, etc.', 'Graubünden: People, including fictional', 'Bundesverfassungsgericht: People, including fictional']",The Bundesverfassungsgericht is the de facto highest German court.,Federal Constitutional Court,91.84510004706681,950.7927000522614
Under what condition can Germany's constitutional court outlaw political parties?,"['Final interpretation of and amendments to the German Constitution, the Grundgesetz, is the task of the Bundesverfassungsgericht (Federal Constitutional Court), which is the de facto highest German court, as it can declare both federal and state legislation ineffective, and has the power to overrule decisions of all other federal courts, despite not being a regular court of appeals on itself in the German court system. It is also the only court possessing the power and authority to outlaw political parties, if it is deemed that these parties have repeatedly violated articles of the Constitution.', 'A system was introduced under which the elected Government was given wide powers, excluding law and order which remained with the Central Government. The actual enforcement of the legislation came in 1993.', 'A new delimitation of the federal territory keeps being debated in Germany, though ""Some scholars note that there are significant differences among the American states and regional governments in other federations without serious calls for territorial changes ..."", as political scientist Arthur B. Gunlicks remarks. He summarizes the main arguments for boundary reform in Germany: ""... the German system of dual federalism requires strong Länder that have the administrative and fiscal capacity to implement legislation and pay for it from own source revenues. Too many Länder also make coordination among them and with the federation more complicated ..."".', 'But several proposals have failed so far; territorial reform remains a controversial topic in German politics and public perception.', 'The use of the term Länder (Lands) dates back to the Weimar Constitution of 1919. Before this time, the constituent states of the German Empire were called Staaten (States). Today, it is very common to use the term Bundesland (Federal Land).', 'territorial reform Participant public perception', 'richer states Propagated territorial reform', 'Länder PayFor it', 'Länder FollowedBy Weimar Constitution', 'Bundesland Synonym Länder', 'coordination Among Länder', 'Bundesverfassungsgericht Task Final interpretation of and amendments to the German Constitution', 'territorial reform Participant German politics', 'Weimar Constitution: An event named Weimar Constitution.', 'Final interpretation of and amendments to the German Constitution: A work of art named Final interpretation of and amendments to the German Constitution.', 'German politics: An organization named German politics.']",Germany's constitutional court can outlaw political parties if those parties have repeatedly violated articles of the Constitution.,repeated violations of the Constitution,86.1712999176234,925.2240001223981
Which court interprets the Grundgesetz in Germany?,"['Final interpretation of and amendments to the German Constitution, the Grundgesetz, is the task of the Bundesverfassungsgericht (Federal Constitutional Court), which is the de facto highest German court, as it can declare both federal and state legislation ineffective, and has the power to overrule decisions of all other federal courts, despite not being a regular court of appeals on itself in the German court system. It is also the only court possessing the power and authority to outlaw political parties, if it is deemed that these parties have repeatedly violated articles of the Constitution.', 'The amended article now defines the participation of the Federal Council and the 16 German states in matters concerning the European Union.', 'The German states proclaimed their union as the German Empire under the Prussian king, Wilhelm I, uniting Germany as a nation-state. The Treaty of Frankfurt of 10 May 1871 gave Germany most of Alsace and some parts of Lorraine, which became the Imperial territory of Alsace-Lorraine (Reichsland Elsaß-Lothringen).The German conquest of France and the unification of Germany upset the European balance of power, that had existed since the Congress of Vienna in 1815 and Otto von Bismarck maintained great authority in international affairs for two decades. French determination to regain Alsace-Lorraine and fear of another Franco-German war, along with British apprehension about the balance of power, became factors in the causes of World War I.', 'The use of the term Länder (Lands) dates back to the Weimar Constitution of 1919. Before this time, the constituent states of the German Empire were called Staaten (States). Today, it is very common to use the term Bundesland (Federal Land).', 'A long-standing resentment between the German states and the Swiss Confederation led to heated debate over how much Zwingli owed his ideas to Lutheranism. The German Prince Philip of Hesse saw potential in creating an alliance between Zwingli and Luther. A meeting was held in his castle in 1529, now known as the Colloquy of Marburg, which has become infamous for its failure.', 'Federal Council Participant European Union', 'German states Participant European Union', 'Staaten PartOf German Empire', 'German states Conflict Swiss Confederation', 'Estonia MemberOf European Union', 'European Union HasOutlawed export of any product', 'Alsace-Lorraine PartOfOrg German Empire', 'Greece LocatedIn European Union', 'highest German court: An organization named highest German court.', 'German states: Countries, cities, states']","According to the text, the Bundesverfassungsgericht (Federal Constitutional Court) is responsible for the final interpretation of and amendments to the German Constitution, the Grundgesetz.",Bundesverfassungsgericht,250.28049992397428,1183.9764001779258
Which US city has large Irish and Italian populations and a large Italian neighborhood in South Philadelphia?,"[""The Pennsport neighborhood and Gray's Ferry section of South Philadelphia, home to many Mummer clubs, are well known as Irish neighborhoods. The Kensington section, Port Richmond, and Fishtown have historically been heavily Irish and Polish. Port Richmond is well known in particular as the center of the Polish immigrant and Polish-American community in Philadelphia, and it remains a common destination for Polish immigrants."", 'For much of Philadelphia\'s history, the typical home has been the row house. The row house was introduced to the United States via Philadelphia in the early 19th century and, for a time, row houses built elsewhere in the United States were known as ""Philadelphia rows"". A variety of row houses are found throughout the city, from Victorian-style homes in North Philadelphia to twin row houses in West Philadelphia.', 'Gray LocatedIn South Philadelphia', 'Gray HomeTo Mummer clubs', 'Pennsport neighborhood HomeTo Mummer clubs', 'twin row houses LocatedIn West Philadelphia', 'Pennsport neighborhood LocatedIn South Philadelphia', 'South Philadelphia: Countries, cities, states', 'West Philadelphia: Countries, cities, states']","I'm sorry, I couldn't find that in the database.",Philadelphia,85.96769999712706,935.9114000108093
Which area of Philadelphia is known for a large Italian neighborhood?,"['Northeast Philadelphia, although known for its Irish and Irish-American population, is also home to a large Jewish and Russian population. Mount Airy in Northwest Philadelphia also contains a large Jewish community, while nearby Chestnut Hill is historically known as an Anglo-Saxon Protestant stronghold.', ""The Pennsport neighborhood and Gray's Ferry section of South Philadelphia, home to many Mummer clubs, are well known as Irish neighborhoods. The Kensington section, Port Richmond, and Fishtown have historically been heavily Irish and Polish. Port Richmond is well known in particular as the center of the Polish immigrant and Polish-American community in Philadelphia, and it remains a common destination for Polish immigrants."", 'For much of Philadelphia\'s history, the typical home has been the row house. The row house was introduced to the United States via Philadelphia in the early 19th century and, for a time, row houses built elsewhere in the United States were known as ""Philadelphia rows"". A variety of row houses are found throughout the city, from Victorian-style homes in North Philadelphia to twin row houses in West Philadelphia.', 'Northeast Philadelphia Contains Jewish population', 'Gray LocatedIn South Philadelphia', 'Northeast Philadelphia Contains Irish-American population', 'Gray HomeTo Mummer clubs', 'Pennsport neighborhood HomeTo Mummer clubs', 'twin row houses LocatedIn West Philadelphia', 'Northeast Philadelphia Contains Russian population', 'Northeast Philadelphia Contains Irish population', 'South Philadelphia: Countries, cities, states', 'Northeast Philadelphia: Non-GPE locations, mountain ranges, bodies of water', 'West Philadelphia: Countries, cities, states']","I'm sorry, I couldn't find that in the database.",South Philadelphia,78.35759990848601,914.7693999111652
Which sections of Philadelphia have high Irish and Polish populations?,"['Northeast Philadelphia, although known for its Irish and Irish-American population, is also home to a large Jewish and Russian population. Mount Airy in Northwest Philadelphia also contains a large Jewish community, while nearby Chestnut Hill is historically known as an Anglo-Saxon Protestant stronghold.', ""The Pennsport neighborhood and Gray's Ferry section of South Philadelphia, home to many Mummer clubs, are well known as Irish neighborhoods. The Kensington section, Port Richmond, and Fishtown have historically been heavily Irish and Polish. Port Richmond is well known in particular as the center of the Polish immigrant and Polish-American community in Philadelphia, and it remains a common destination for Polish immigrants."", 'For much of Philadelphia\'s history, the typical home has been the row house. The row house was introduced to the United States via Philadelphia in the early 19th century and, for a time, row houses built elsewhere in the United States were known as ""Philadelphia rows"". A variety of row houses are found throughout the city, from Victorian-style homes in North Philadelphia to twin row houses in West Philadelphia.', 'Northeast Philadelphia Contains Jewish population', 'Gray LocatedIn South Philadelphia', 'Northeast Philadelphia Contains Irish-American population', 'Gray HomeTo Mummer clubs', 'Pennsport neighborhood HomeTo Mummer clubs', 'twin row houses LocatedIn West Philadelphia', 'Northeast Philadelphia Contains Russian population', 'Northeast Philadelphia Contains Irish population', 'South Philadelphia: Countries, cities, states', 'Northeast Philadelphia: Non-GPE locations, mountain ranges, bodies of water', 'West Philadelphia: Countries, cities, states']","The Kensington section, Port Richmond, and Fishtown have historically been heavily Irish and Polish.","Kensington section, Port Richmond, and Fishtown",154.11340002901852,1191.020900150761
Which part of Philadelphia contains a large Jewish area?,"[""The Pennsport neighborhood and Gray's Ferry section of South Philadelphia, home to many Mummer clubs, are well known as Irish neighborhoods. The Kensington section, Port Richmond, and Fishtown have historically been heavily Irish and Polish. Port Richmond is well known in particular as the center of the Polish immigrant and Polish-American community in Philadelphia, and it remains a common destination for Polish immigrants."", 'For much of Philadelphia\'s history, the typical home has been the row house. The row house was introduced to the United States via Philadelphia in the early 19th century and, for a time, row houses built elsewhere in the United States were known as ""Philadelphia rows"". A variety of row houses are found throughout the city, from Victorian-style homes in North Philadelphia to twin row houses in West Philadelphia.', 'Gray LocatedIn South Philadelphia', 'Gray HomeTo Mummer clubs', 'Pennsport neighborhood HomeTo Mummer clubs', 'twin row houses LocatedIn West Philadelphia', 'Pennsport neighborhood LocatedIn South Philadelphia', 'South Philadelphia: Countries, cities, states', 'West Philadelphia: Countries, cities, states']","I'm sorry, I couldn't find that in the database.",Mount Airy,82.44290016591549,857.3183000553399
Which six ethnic groups are the largest European groups in Philadelphia?,"['Some ethnic groups are concerned about the potential political and economic effects, as federal assistance to historically underserved groups has depended on Census data. According to the Census Bureau, as of 2002, over 75% of all African Americans had multiracial ancestries.', 'In English, the country is popularly known as either ""Burma"" or ""Myanmar"" i/ˈmjɑːnˌmɑːr/. Both these names are derived from the name of the majority Burmese Bamar ethnic group. Myanmar is considered to be the literary form of the name of the group, while Burma is derived from ""Bamar"", the colloquial form of the group\'s name. Depending on the register used, the pronunciation would be Bama (pronounced: [bəmà]) or Myamah (pronounced: [mjəmà]).', 'The armed forces have three branches: Navy, Army and Air Force. They serve primarily as a self-defense force whose mission is to protect the territorial integrity of the country and provide humanitarian assistance and security at home and abroad. As of 2008, the three branches numbered 39,200 active personnel including 7,500 women.', ""There are more than 25,000 matais in the country, about 5% of whom are women. The prime minister, chosen by a majority in the Fono, is appointed by the head of state to form a government. The prime minister's choices for the 12 cabinet positions are appointed by the head of state, subject to the continuing confidence of the Fono."", ""Greece's rail network is estimated to be at 2,548 km. Rail transport in Greece is operated by TrainOSE, a subsidiary of the Hellenic Railways Organization (OSE). Most of the country's network is standard gauge (1,565 km), while the country also has 983 km of narrow gauge."", 'Armed forces LocatedIn country', 'country HasGauge 983 km', 'country Conflict ethnic groups', 'country PopularlyKnownAs Myanmar', 'Burma LocatedIn English', 'Burma FollowedBy 18th century', 'African Americans MemberOf Ethnic groups', 'country Contains matais', 'Ethnic groups: An entity of type GRP representing Ethnic groups.', 'ethnic groups: An organization named ethnic groups.']","I'm sorry, I couldn't find that in the database.","Irish, Italians, Polish, Germans, English, and Greeks",126.84150016866624,1022.9114000685513
Which company formed in 1892 was incorporated in New York?,"['Shell Oil Company, its subsidiary in the United States, is one of its largest businesses.', 'Expansion teams included the Austin Wranglers, Carolina Cobras, Los Angeles Avengers, Chicago Rush, Detroit Fury, Dallas Desperados, Colorado Crush, New Orleans VooDoo, Philadelphia Soul, Nashville Kats, Kansas City Brigade, New York Dragons and Utah Blaze. Some of these teams, including the Crush, Desperados, Kats, and VooDoo, were owned by the same group which owned the NFL teams in their host cities. The NFL purchased, but never exercised, an option to buy a major interest the AFL.', ""The deal resulted in added exposure on ESPN's SportsCenter. However, after the original AFL filed for bankruptcy, this arrangement did not carry over to the new AFL, which is a separate legal entity."", 'The Dutch East India Company had founded the Cape Colony on the southern tip of Africa in 1652 as a way station for its ships travelling to and from its colonies in the East Indies. Britain formally acquired the colony, and its large Afrikaner (or Boer) population in 1806, having occupied it in 1795 to prevent its falling into French hands, following the invasion of the Netherlands by France. British immigration began to rise after 1820, and pushed thousands of Boers, resentful of British rule, northwards to found their own—mostly short-lived—independent republics, during the Great Trek of the late 1830s and early 1840s.', ""Jerry Kurz also stepped down as commissioner of the AFL as he was promoted to be the AFL's first president. Former Foxwoods CEO Scott Butera was hired as his successor as commissioner."", 'Britain Acquired Cape Colony', 'AFL FollowedBy 2008', 'Austin Wranglers PartOf AFL', 'af2 PartOfOrg AFL', 'Afrikaner LocatedIn Cape Colony', 'Boers LocatedIn Cape Colony', 'Colorado Crush PartOf AFL', 'Dutch East India Company Conflict Anglo-Dutch Wars', 'its subsidiary in the United States: An organization named its subsidiary in the United States.', 'new corporation: An organization named new corporation.', 'Dutch East India Company: Companies, agencies, institutions, etc.']","I'm sorry, I couldn't find that in the database.",General Electric,211.04450011625886,917.0939000323415
Which city hosted the first headquarters of General Electric?,"['At about the same time, Charles Coffin, leading the Thomson-Houston Electric Company, acquired a number of competitors and gained access to their key patents. General Electric was formed through the 1892 merger of Edison General Electric Company of Schenectady, New York, and Thomson-Houston Electric Company of Lynn, Massachusetts, with the support of Drexel, Morgan & Co. Both plants continue to operate under the GE banner to this day. The company was incorporated in New York, with the Schenectady plant used as headquarters for many years thereafter.', ""Around the same time, General Electric's Canadian counterpart, Canadian General Electric, was formed."", 'In 1975, Ann Arbor became the first U.S. city to use instant-runoff voting for a mayoral race. Adopted through a ballot initiative sponsored by the local Human Rights Party, which feared a splintering of the liberal vote, the process was repealed in 1976 after use in only one election. As of August 2009, Democrats hold the mayorship and all council seats.', 'By 1910, a process was developed by William D. Coolidge at General Electric for production of a ductile form of tungsten. The process required pressing tungsten powder into bars, then several steps of sintering, swaging, and then wire drawing. It was found that very pure tungsten formed filaments that sagged in use, and that a very small ""doping"" treatment with potassium, silicon, and aluminium oxides at the level of a few hundred parts per million greatly improved the life and durability of the tungsten filaments.', ""Huntsman's process was used for manufacturing tool steel until the early 1900s."", 'merger Involves Edison General Electric Company', 'process PartOfOrg General Electric', 'General Electric FormedThrough merger', 'Benjamin Huntsman FoundedBy process', 'process Creates tool steel', 'merger Involves Thomson-Houston Electric Company', 'process ResultsFrom epigenetic activation', 'Burtonisation PartOf process', 'General Electric: Companies, agencies, institutions, etc.', 'Edison General Electric Company: Companies, agencies, institutions, etc.']","Schenectady, New York, was used as the headquarters for General Electric for many years.",Schenectady,118.7336000148207,1361.0783000476658
Who led Thomson-Houston Electric Company when GE was formed?,"['At about the same time, Charles Coffin, leading the Thomson-Houston Electric Company, acquired a number of competitors and gained access to their key patents. General Electric was formed through the 1892 merger of Edison General Electric Company of Schenectady, New York, and Thomson-Houston Electric Company of Lynn, Massachusetts, with the support of Drexel, Morgan & Co. Both plants continue to operate under the GE banner to this day. The company was incorporated in New York, with the Schenectady plant used as headquarters for many years thereafter.', ""Around the same time, General Electric's Canadian counterpart, Canadian General Electric, was formed."", 'On 3 May 1966 it resumed printing news on the front page - previously the front page featured small advertisements, usually of interest to the moneyed classes in British society. In 1967, members of the Astor family sold the paper to Canadian publishing magnate Roy Thomson. His Thomson Corporation brought it under the same ownership as The Sunday Times to form Times Newspapers Limited.', 'The company stated that this would give IBM a competitive advantage because IBM would then be able to hire talented people its competitors would turn down.', 'This was because the system\'s PowerPC 970 processor running the same PowerPC architecture that the Xbox 360 would eventually run under IBM\'s Xenon processor. The cores of the Xenon processor were developed using a slightly modified version of the PlayStation 3\'s Cell Processor PPE architecture. According to David Shippy and Mickie Phipps, the IBM employees were ""hiding"" their work from Sony and Toshiba, IBM\'s partners in developing the Cell Processor.', 'competitors TurnDown talented people', 'merger Involves Edison General Electric Company', 'Roy Thomson Employer Thomson Corporation', 'The Sunday Times HasSubsidiary Times Newspapers Limited', 'Thomson-Houston Electric Company GainedAccessTo key patents', 'General Electric FormedThrough merger', 'merger Involves Thomson-Houston Electric Company', 'Thomson Corporation HasSubsidiary Times Newspapers Limited', 'Thomson Corporation: Companies, agencies, institutions, etc.', 'Thomson-Houston Electric Company: Companies, agencies, institutions, etc.']",Charles Coffin led Thomson-Houston Electric Company when GE was formed.,Charles Coffin,120.88819989003241,901.100599905476
In which Massachusetts city was Thomson-Houston Electric Company based?,"['At about the same time, Charles Coffin, leading the Thomson-Houston Electric Company, acquired a number of competitors and gained access to their key patents. General Electric was formed through the 1892 merger of Edison General Electric Company of Schenectady, New York, and Thomson-Houston Electric Company of Lynn, Massachusetts, with the support of Drexel, Morgan & Co. Both plants continue to operate under the GE banner to this day. The company was incorporated in New York, with the Schenectady plant used as headquarters for many years thereafter.', 'Hiram S. Maxim was the chief engineer at the United States Electric Lighting Company.', ""Albon Man, a New York lawyer, started Electro-Dynamic Light Company in 1878 to exploit his patents and those of William Sawyer. Weeks later the United States Electric Lighting Company was organized. This company didn't made their first commercial installation of incandescent lamps until the fall of 1880 at the Mercantile Safe Deposit Company in New York City, about six months after the Edison incandescent lamps had been installed on the Columbia."", ""Around the same time, General Electric's Canadian counterpart, Canadian General Electric, was formed."", 'In the UK, the London, Brighton and South Coast Railway pioneered overhead electrification of its suburban lines in London, London Bridge to Victoria being opened to traffic on 1 December 1909. Victoria to Crystal Palace via Balham and West Norwood opened in May 1911. Peckham Rye to West Norwood opened in June 1912.', 'Russophones LocatedIn New York City', 'Adidas Yeezy Boosts AvailableIn New York City', 'competitors TurnDown talented people', 'Madonna LocatedIn New York City', 'Thomson-Houston Electric Company Acquired competitors', 'Jews LocatedIn New York City', 'London LocatedIn New York City', 'South Bronx LocatedIn New York City', 'United States Electric Lighting Company: Companies, agencies, institutions, etc.', 'Thomson-Houston Electric Company: Companies, agencies, institutions, etc.']","Thomson-Houston Electric Company was based in Lynn, Massachusetts.",Lynn,327.4267001543194,892.702299868688
In what year was General Electric formed from the merger involving Thomson-Houston?,"['At about the same time, Charles Coffin, leading the Thomson-Houston Electric Company, acquired a number of competitors and gained access to their key patents. General Electric was formed through the 1892 merger of Edison General Electric Company of Schenectady, New York, and Thomson-Houston Electric Company of Lynn, Massachusetts, with the support of Drexel, Morgan & Co. Both plants continue to operate under the GE banner to this day. The company was incorporated in New York, with the Schenectady plant used as headquarters for many years thereafter.', ""Around the same time, General Electric's Canadian counterpart, Canadian General Electric, was formed."", 'The company stated that this would give IBM a competitive advantage because IBM would then be able to hire talented people its competitors would turn down.', 'This was because the system\'s PowerPC 970 processor running the same PowerPC architecture that the Xbox 360 would eventually run under IBM\'s Xenon processor. The cores of the Xenon processor were developed using a slightly modified version of the PlayStation 3\'s Cell Processor PPE architecture. According to David Shippy and Mickie Phipps, the IBM employees were ""hiding"" their work from Sony and Toshiba, IBM\'s partners in developing the Cell Processor.', ""Huntsman's process was used for manufacturing tool steel until the early 1900s."", 'process Produces ductile form of tungsten', 'competitors TurnDown talented people', 'William D. Coolidge Employer General Electric', 'Thomson-Houston Electric Company Acquired competitors', 'General Electric FormedThrough merger', 'Benjamin Huntsman FoundedBy process', 'process Creates tool steel', 'General Electric HasSubsidiary Canadian General Electric', 'General Electric: Companies, agencies, institutions, etc.', 'Thomson-Houston Electric Company: Companies, agencies, institutions, etc.']",General Electric was formed in 1892 through the merger of Edison General Electric Company and Thomson-Houston Electric Company.,1892,123.42200009152293,1019.2786999978125
Which military formation became central to Carthage after reforms by Mago I?,"['Carthage was a Phoenician colony on the coast of Tunisia. Carthaginian culture came into contact with the Greeks through Punic colonies in Sicily and through their widespread Mediterranean trade network. While the Carthaginians retained their Punic culture and language, they did adopt some Hellenistic ways, one of the most prominent of which was their military practices.', 'Xanthippus reformed the Carthaginian military along Macedonian army lines.', 'The biographical tradition asserts that Virgil began the hexameter Eclogues (or Bucolics) in 42 BC and it is thought that the collection was published around 39–38 BC, although this is controversial. The Eclogues (from the Greek for ""selections"") are a group of ten poems roughly modeled on the bucolic hexameter poetry (""pastoral poetry"") of the Hellenistic poet Theocritus. After his victory in the Battle of Philippi in 42 BC, fought against the army led by the assassins of Julius Caesar, Octavian tried to pay off his veterans with land expropriated from towns in northern Italy, supposedly including, according to the tradition, an estate near Mantua belonging to Virgil.', 'The last ruler from the Ptolemaic line was Cleopatra VII, who committed suicide following the burial of her lover Mark Antony who had died in her arms (from a self-inflicted stab wound), after Octavian had captured Alexandria and her mercenary forces had fled. The Ptolemies faced rebellions of native Egyptians often caused by an unwanted regime and were involved in foreign and civil wars that led to the decline of the kingdom and its annexation by Rome. Nevertheless, Hellenistic culture continued to thrive in Egypt well after the Muslim conquest.', 'In 1989, Gaddafi was overjoyed by the foundation of the Arab Maghreb Union, uniting Libya in an economic pact with Mauritania, Morocco, Tunisia and Algeria, viewing it as beginnings of a new Pan-Arab union. Meanwhile, Libya stepped up its support for anti-western militants such as the Provisional IRA, and in 1988, Pan Am Flight 103 was blown up over Lockerbie in Scotland, killing 243 passengers and 16 crew members, plus 11 people on the ground. British police investigations identified two Libyans – Abdelbaset al-Megrahi and Lamin Khalifah Fhimah – as the chief suspects, and in November 1991 issued a declaration demanding that Libya hand them over.', 'Arab Maghreb Union Uniting Tunisia', 'Carthage LocatedIn Tunisia', 'Battle of Philippi Conflict army led by the assassins of Julius Caesar', 'Octavian Participant Battle of Philippi', 'Darijas LocatedIn Tunisia', 'Xanthippus Reformed Carthaginian military', 'Carthaginian military FollowedBy Macedonian army', 'Carthage: Countries, cities, states', 'army led by the assassins of Julius Caesar: An organization named army led by the assassins of Julius Caesar.', 'Carthaginian military: An organization named Carthaginian military.']","I'm sorry, I couldn't find that in the database.",phalanx,108.59749978408217,840.6114999670535
Which Spartan mercenary helped reform Carthage's military?,"['Xanthippus reformed the Carthaginian military along Macedonian army lines.', 'Ancient Greece had traditionally been a fractious collection of fiercely independent city-states. After the Peloponnesian War (431–404 BC), Greece had fallen under a Spartan hegemony, in which Sparta was pre-eminent but not all-powerful. Spartan hegemony was succeeded by a Theban one after the Battle of Leuctra (371 BC), but after the Battle of Mantinea (362 BC), all of Greece was so weakened that no one state could claim pre-eminence.', 'From the early stages of Christianity, belief in the virginity of Mary and the virgin conception of Jesus, as stated in the gospels, holy and supernatural, was used by detractors, both political and religious, as a topic for discussions, debates and writings, specifically aimed to challenge the divinity of Jesus and thus Christians and Christianity alike. In the 2nd century, as part of the earliest anti-Christian polemics, Celsus suggested that Jesus was the illegitimate son of a Roman soldier named Panthera. The views of Celsus drew responses from Origen, the Church Father in Alexandria, Egypt, who considered it a fabricated story.', 'The Church Fathers identified Jews and Judaism with heresy. They saw deviations from Orthodox Christianity as heresies that were essentially Jewish in spirit. Tertullian implied that it was the Jews who most inspired heresy in Christianity: ""From the Jew the heretic has accepted guidance in this discussion [that Jesus was not the Christ.]""', 'The baptism of Jesus and his crucifixion are considered to be two historically certain facts about Jesus. James Dunn states that these ""two facts in the life of Jesus command almost universal assent"" and ""rank so high on the \'almost impossible to doubt or deny\' scale of historical facts"" that they are often the starting points for the study of the historical Jesus. Bart Ehrman states that the crucifixion of Jesus on the orders of Pontius Pilate is the most certain element about him.', 'Peloponnesian War FollowedBy Spartan hegemony', 'Theban one FollowedBy Battle of Mantinea', 'Battle of Leuctra FollowedBy Spartan hegemony', 'Sparta PreEminent Spartan hegemony', 'Panthera Employer Roman soldier', 'Jesus Child Panthera', 'Spartan hegemony FollowedBy Theban one', 'Xanthippus Reformed Carthaginian military', 'Spartan hegemony: An event named Spartan hegemony.', 'Roman soldier: An organization named Roman soldier.', 'Carthaginian military: An organization named Carthaginian military.']",Xanthippus reformed the Carthaginian military along Macedonian army lines.,Xanthippus of Carthage,98.0990999378264,943.2474998757243
Which North African country was home to Carthage?,"['Carthage was a Phoenician colony on the coast of Tunisia. Carthaginian culture came into contact with the Greeks through Punic colonies in Sicily and through their widespread Mediterranean trade network. While the Carthaginians retained their Punic culture and language, they did adopt some Hellenistic ways, one of the most prominent of which was their military practices.', ""In 550 BCE, Mago I of Carthage began a series of military reforms which included copying the army of Timoleon, Tyrant of Syracuse. The core of Carthage's military was the Greek-style phalanx formed by citizen hoplite spearmen who had been conscripted into service, though their armies also included large numbers of mercenaries. After their defeat in the first Punic war, Carthage hired a Spartan mercenary captain, Xanthippus of Carthage to reform their military forces."", ""In Tunisia, Algeria, and Morocco, the Darijas (spoken North African languages) are sometimes considered more different from other Arabic dialects. Officially, North African countries prefer to give preference to the Literary Arabic and conduct much of their political and religious life in it (adherence to Islam), and refrain from declaring each country's specific variety to be a separate language, because Literary Arabic is the liturgical language of Islam and the language of the Islamic sacred book, the Qur'an. Although, especially since the 1960s, the Darijas are occupying an increasing use and influence in the cultural life of these countries."", 'In 1989, Gaddafi was overjoyed by the foundation of the Arab Maghreb Union, uniting Libya in an economic pact with Mauritania, Morocco, Tunisia and Algeria, viewing it as beginnings of a new Pan-Arab union. Meanwhile, Libya stepped up its support for anti-western militants such as the Provisional IRA, and in 1988, Pan Am Flight 103 was blown up over Lockerbie in Scotland, killing 243 passengers and 16 crew members, plus 11 people on the ground. British police investigations identified two Libyans – Abdelbaset al-Megrahi and Lamin Khalifah Fhimah – as the chief suspects, and in November 1991 issued a declaration demanding that Libya hand them over.', 'One popular theory suggests that Muhammad Quli Qutb Shah, the founder of the city, named it ""Bhagyanagar"" or ""Bhāgnagar"" after Bhagmati, a local nautch (dancing) girl with whom he had fallen in love. She converted to Islam and adopted the title Hyder Mahal. The city was renamed Hyderabad in her honour.', 'North African countries Preference Literary Arabic', 'Arab Maghreb Union Uniting Tunisia', 'Literary Arabic Religion Islam', 'Carthage PartOf Carthage', ""Qur'an Language Literary Arabic"", 'Greek-style phalanx FormedBy citizen hoplite spearmen', 'Carthage Included mercenaries', 'Darijas LocatedIn Tunisia', 'North African countries: A geopolitical entity representing North African countries.', 'Carthage: Countries, cities, states']",Carthage was located on the coast of Tunisia.,Tunisia,83.10490008443594,851.9040001556277
Which practices heavily influenced Carthaginian military culture?,"['Carthage was a Phoenician colony on the coast of Tunisia. Carthaginian culture came into contact with the Greeks through Punic colonies in Sicily and through their widespread Mediterranean trade network. While the Carthaginians retained their Punic culture and language, they did adopt some Hellenistic ways, one of the most prominent of which was their military practices.', 'Xanthippus reformed the Carthaginian military along Macedonian army lines.', 'Carthaginian culture Contact Greeks', 'Xanthippus Reformed Carthaginian military', 'Carthaginian military FollowedBy Macedonian army', 'Carthaginian culture: An entity of type CULTURE representing Carthaginian culture.', 'Carthaginian military: An organization named Carthaginian military.']",Carthaginian military practices were influenced by Macedonian army lines.,Hellenistic practices,77.66740000806749,890.7242000568658
Who reformed the Carthaginian military in 550 BCE?,"['Xanthippus reformed the Carthaginian military along Macedonian army lines.', 'Carthage was a Phoenician colony on the coast of Tunisia. Carthaginian culture came into contact with the Greeks through Punic colonies in Sicily and through their widespread Mediterranean trade network. While the Carthaginians retained their Punic culture and language, they did adopt some Hellenistic ways, one of the most prominent of which was their military practices.', 'Carthaginians Adopted military practices', 'Carthaginians Adopted Hellenistic ways', 'Xanthippus Reformed Carthaginian military', 'Carthaginians Retained Punic language', 'Carthaginians Retained Punic culture', 'Carthaginian military FollowedBy Macedonian army', 'Carthaginians: People, including fictional', 'Carthaginian military: An organization named Carthaginian military.']",Xanthippus reformed the Carthaginian military.,Mago I of Carthage,75.19489992409945,847.9117997922003
Which painful sensation is induced by stimulating nociceptors?,"['Nociceptive pain is caused by stimulation of peripheral nerve fibers that respond to stimuli approaching or exceeding harmful intensity (nociceptors), and may be classified according to the mode of noxious stimulation. The most common categories are ""thermal"" (e.g. heat or cold), ""mechanical"" (e.g. crushing, tearing, shearing, etc.) and ""chemical"" (e.g. iodine in a cut or chemicals released during inflammation).', 'Some nociceptors respond to more than one of these modalities and are consequently designated polymodal.', 'Although unpleasantness is an essential part of the IASP definition of pain, it is possible to induce a state described as intense pain devoid of unpleasantness in some patients, with morphine injection or psychosurgery. Such patients report that they have pain but are not bothered by it; they recognize the sensation of pain but suffer little, or not at all. Indifference to pain can also rarely be present from birth; these people have normal nerves on medical investigations, and find pain unpleasant, but do not avoid repetition of the pain stimulus.', 'The motor centers of reptiles react to sensory cues of vision, sound, touch, chemical, gravity, and motion with pre-set body movements and programmed postures. With the arrival of night-active mammals, smell replaced vision as the dominant sense, and a different way of responding arose from the olfactory sense, which is proposed to have developed into mammalian emotion and emotional memory. The mammalian brain invested heavily in olfaction to succeed at night as reptiles slept—one explanation for why olfactory lobes in mammalian brains are proportionally larger than in the reptiles.', 'In 1896, Eugen Baumann observed iodine in thyroid glands. In 1897, Christiaan Eijkman worked with natives of Java, who also suffered from beriberi. Eijkman observed that chickens fed the native diet of white rice developed the symptoms of beriberi but remained healthy when fed unprocessed brown rice with the outer bran intact.', 'nociceptors RespondTo modalities', 'Gautama Buddha FollowedBy people', 'people Find pain unpleasant', 'thermal CategoryOf Nociceptive pain', 'people Religion God', 'people Participant symbolic reference', 'Rus Butchering people', 'people DoNotAvoid repetition of the pain stimulus', 'repetition of the pain stimulus: An event named repetition of the pain stimulus.', 'nociceptors: Nociceptors are peripheral nerve fibers that respond to stimuli approaching or exceeding harmful intensity.', 'Nociceptive pain: An event named Nociceptive pain.']","Nociceptive pain is caused by stimulation of peripheral nerve fibers that respond to stimuli approaching or exceeding harmful intensity, which are called nociceptors.",nociceptive pain,167.2848998568952,1351.28160007298
Which category of nociceptive pain includes heat or cold stimuli?,"['Nociceptive pain is caused by stimulation of peripheral nerve fibers that respond to stimuli approaching or exceeding harmful intensity (nociceptors), and may be classified according to the mode of noxious stimulation. The most common categories are ""thermal"" (e.g. heat or cold), ""mechanical"" (e.g. crushing, tearing, shearing, etc.) and ""chemical"" (e.g. iodine in a cut or chemicals released during inflammation).', 'Some nociceptors respond to more than one of these modalities and are consequently designated polymodal.', 'The motor centers of reptiles react to sensory cues of vision, sound, touch, chemical, gravity, and motion with pre-set body movements and programmed postures. With the arrival of night-active mammals, smell replaced vision as the dominant sense, and a different way of responding arose from the olfactory sense, which is proposed to have developed into mammalian emotion and emotional memory. The mammalian brain invested heavily in olfaction to succeed at night as reptiles slept—one explanation for why olfactory lobes in mammalian brains are proportionally larger than in the reptiles.', 'Gautama underwent prolonged fasting, breath-holding, and exposure to pain. He almost starved himself to death in the process. He realized that he had taken this kind of practice to its limit, and had not put an end to suffering.', 'In 1896, Eugen Baumann observed iodine in thyroid glands. In 1897, Christiaan Eijkman worked with natives of Java, who also suffered from beriberi. Eijkman observed that chickens fed the native diet of white rice developed the symptoms of beriberi but remained healthy when fed unprocessed brown rice with the outer bran intact.', 'nociceptors RespondTo modalities', 'thermal CategoryOf Nociceptive pain', 'Gautama FollowedBy quest', 'Gautama EducatedAt religious teachers', 'Gautama Participant exposure to pain', 'Gautama Participant breath-holding', 'Nociceptive pain CausedBy stimulation of peripheral nerve fibers', 'Gautama FollowedBy realization', 'exposure to pain: An event named exposure to pain.', 'nociceptors: Nociceptors are peripheral nerve fibers that respond to stimuli approaching or exceeding harmful intensity.', 'Nociceptive pain: An event named Nociceptive pain.']","According to the text, the ""thermal"" category of nociceptive pain includes heat or cold stimuli.",thermal,127.17880005948246,997.3542001098394
"Crushing, tearing, and shearing belong to what type of pain classification?","['The most fit creature would be the one whose pains are well balanced. Those pains which mean certain death when ignored will become the most powerfully felt. The relative intensities of pain, then, may resemble the relative importance of that risk to our ancestors (lack of food, too much cold, or serious injuries are felt as agony, whereas minor damage is felt as mere discomfort).', 'Titles with such patches include Wipeout HD, Pain, and Super Stardust HD.', 'Gautama underwent prolonged fasting, breath-holding, and exposure to pain. He almost starved himself to death in the process. He realized that he had taken this kind of practice to its limit, and had not put an end to suffering.', 'Religious knowledge or ""vision"" was indicated as a result of practice both within and outside of the Buddhist fold. According to the Samaññaphala Sutta, this sort of vision arose for the Buddhist adept as a result of the perfection of ""meditation"" coupled with the perfection of ""discipline"" (Pali sīla; Skt. śīla).', 'The high points of this cultural creativity are magnificent architecture, sculpture, and painting. The Gupta period produced scholars such as Kalidasa, Aryabhata, Varahamihira, Vishnu Sharma, and Vatsyayana who made great advancements in many academic fields. The Gupta period marked a watershed of Indian culture: the Guptas performed Vedic sacrifices to legitimize their rule, but they also patronized Buddhism, which continued to provide an alternative to Brahmanical orthodoxy.', 'Super Stardust HD AppearIn patches', 'Gautama FollowedBy realization', 'Gautama Religion Buddhism', 'Pain AppearIn patches', 'Wipeout HD AppearIn patches', 'Gautama Participant asceticism', 'Gautama Participant prolonged fasting', 'Gautama Age 35', 'pains: An entity of type ENTITY representing pains.', 'Pain: A work of art named Pain.', 'exposure to pain: An event named exposure to pain.']","I'm sorry, I couldn't find that in the database.",mechanical,114.28149999119341,942.167499801144
What type of nociceptor responds to more than one kind of stimulus?,"['Some nociceptors respond to more than one of these modalities and are consequently designated polymodal.', 'Nociceptive pain is caused by stimulation of peripheral nerve fibers that respond to stimuli approaching or exceeding harmful intensity (nociceptors), and may be classified according to the mode of noxious stimulation. The most common categories are ""thermal"" (e.g. heat or cold), ""mechanical"" (e.g. crushing, tearing, shearing, etc.) and ""chemical"" (e.g. iodine in a cut or chemicals released during inflammation).', 'Although unpleasantness is an essential part of the IASP definition of pain, it is possible to induce a state described as intense pain devoid of unpleasantness in some patients, with morphine injection or psychosurgery. Such patients report that they have pain but are not bothered by it; they recognize the sensation of pain but suffer little, or not at all. Indifference to pain can also rarely be present from birth; these people have normal nerves on medical investigations, and find pain unpleasant, but do not avoid repetition of the pain stimulus.', 'In higher organisms (like people), these two modes of perception combine into what Whitehead terms ""symbolic reference"", which links appearance with causation in a process that is so automatic that both people and animals have difficulty refraining from it. By way of illustration, Whitehead uses the example of a person\'s encounter with a chair. An ordinary person looks up, sees a colored shape, and immediately infers that it is a chair.', 'Whitehead\'s conception of God as a ""dipolar"" entity has called for fresh theological thinking.', 'nociceptors RespondTo modalities', 'Gautama Buddha FollowedBy people', 'people Find pain unpleasant', 'people Religion God', 'people Participant symbolic reference', 'Rus Butchering people', 'people DoNotAvoid repetition of the pain stimulus', 'people AtRiskOf avian influenza', 'repetition of the pain stimulus: An event named repetition of the pain stimulus.', 'nociceptors: Nociceptors are peripheral nerve fibers that respond to stimuli approaching or exceeding harmful intensity.']","According to the text, nociceptors that respond to more than one stimulus are designated as polymodal.",polymodal,147.61220011860132,1229.9834999721497
"Which painful sensation is classified according to the mode of noxious stimulation, such as thermal or mechanical?","['Nociceptive pain is caused by stimulation of peripheral nerve fibers that respond to stimuli approaching or exceeding harmful intensity (nociceptors), and may be classified according to the mode of noxious stimulation. The most common categories are ""thermal"" (e.g. heat or cold), ""mechanical"" (e.g. crushing, tearing, shearing, etc.) and ""chemical"" (e.g. iodine in a cut or chemicals released during inflammation).', 'Some nociceptors respond to more than one of these modalities and are consequently designated polymodal.', 'Although unpleasantness is an essential part of the IASP definition of pain, it is possible to induce a state described as intense pain devoid of unpleasantness in some patients, with morphine injection or psychosurgery. Such patients report that they have pain but are not bothered by it; they recognize the sensation of pain but suffer little, or not at all. Indifference to pain can also rarely be present from birth; these people have normal nerves on medical investigations, and find pain unpleasant, but do not avoid repetition of the pain stimulus.', 'In psychology, memory is the process in which information is encoded, stored, and retrieved. Encoding allows information from the outside world to be sensed in the form of chemical and physical stimuli. In the first stage the information must be changed so that it may be put into the encoding process.', 'In higher organisms (like people), these two modes of perception combine into what Whitehead terms ""symbolic reference"", which links appearance with causation in a process that is so automatic that both people and animals have difficulty refraining from it. By way of illustration, Whitehead uses the example of a person\'s encounter with a chair. An ordinary person looks up, sees a colored shape, and immediately infers that it is a chair.', 'nociceptors RespondTo modalities', 'Gautama Buddha FollowedBy people', 'people Find pain unpleasant', 'people Religion God', 'people Participant symbolic reference', 'Rus Butchering people', 'people DoNotAvoid repetition of the pain stimulus', 'people AtRiskOf avian influenza', 'repetition of the pain stimulus: An event named repetition of the pain stimulus.', 'nociceptors: Nociceptors are peripheral nerve fibers that respond to stimuli approaching or exceeding harmful intensity.', 'chemical and physical stimuli: A work of art named chemical and physical stimuli.']","Nociceptive pain is classified according to the mode of noxious stimulation, with common categories including thermal, mechanical, and chemical.",nociceptive pain,147.01910014264286,1100.2563000656664
