question,contexts,answer,ground_truth,retrieval_ms,generation_ms
Which part of the brain receives information from the eyes to regulate circadian rhythm?,"['The primary circadian ""clock"" in mammals is located in the suprachiasmatic nucleus (or nuclei) (SCN), a pair of distinct groups of cells located in the hypothalamus. Destruction of the SCN results in the complete absence of a regular sleep–wake rhythm. The SCN receives information about illumination through the eyes.', 'The retina of the eye contains ""classical"" photoreceptors (""rods"" and ""cones""), which are used for conventional vision. But the retina also contains specialized ganglion cells that are directly photosensitive, and project directly to the SCN, where they help in the entrainment (synchronization) of this master circadian clock.', 'Three broad types of distinct brain activity patterns can be measured: REM, light NREM and deep NREM. During deep NREM sleep, also called slow wave sleep, activity in the cortex takes the form of large synchronized waves, whereas in the waking state it is noisy and desynchronized. Levels of the neurotransmitters norepinephrine and serotonin drop during slow wave sleep, and fall almost to zero during REM sleep; levels of acetylcholine show the reverse pattern.', 'What drove circadian rhythms to evolve has been an enigmatic question. Previous hypotheses emphasized that photosensitive proteins and circadian rhythms may have originated together in the earliest cells, with the purpose of protecting replicating DNA from high levels of damaging ultraviolet radiation during the daytime. As a result, replication was relegated to the dark.', 'The elaboration of the cerebral cortex carries with it changes to other brain areas. The superior colliculus, which plays a major role in visual control of behavior in most vertebrates, shrinks to a small size in mammals, and many of its functions are taken over by visual areas of the cerebral cortex. The cerebellum of mammals contains a large portion (the neocerebellum) dedicated to supporting the cerebral cortex, which has no counterpart in other vertebrates.']","The suprachiasmatic nucleus (or nuclei), located in the hypothalamus, receives information about illumination through the eyes.",hypothalamus,740.4203999321908,1958.7912000715733
What organ system contains the structure that provides information to the SCN?,"['Such information must be located and returned to the consciousness. Some retrieval attempts may be effortless due to the type of information, and other attempts to remember stored information may be more demanding for various reasons.', 'These odor pathways gradually formed the neural blueprint for what was later to become our limbic brain.', 'The primary circadian ""clock"" in mammals is located in the suprachiasmatic nucleus (or nuclei) (SCN), a pair of distinct groups of cells located in the hypothalamus. Destruction of the SCN results in the complete absence of a regular sleep–wake rhythm. The SCN receives information about illumination through the eyes.', 'The retina of the eye contains ""classical"" photoreceptors (""rods"" and ""cones""), which are used for conventional vision. But the retina also contains specialized ganglion cells that are directly photosensitive, and project directly to the SCN, where they help in the entrainment (synchronization) of this master circadian clock.', 'The hippocampus is also important for memory consolidation. The hippocampus receives input from different parts of the cortex and sends its output out to different parts of the brain also. The input comes from secondary and tertiary sensory areas that have processed the information a lot already.']","The eye, specifically the retina, contains specialized ganglion cells that send information to the SCN.",nervous system,101.17589985020459,952.8424998279661
What body structure increases in size during puberty and contributes to increased exercise tolerance?,"['Pubertal development also affects circulatory and respiratory systems as an adolescents\' heart and lungs increase in both size and capacity. These changes lead to increased strength and tolerance for exercise. Sex differences are apparent as males tend to develop ""larger hearts and lungs, higher systolic blood pressure, a lower resting heart rate, a greater capacity for carrying oxygen to the blood, a greater power for neutralizing the chemical products of muscular exercise, higher blood hemoglobin and more red blood cells"".', 'Another set of significant physical changes during puberty happen in bodily distribution of fat and muscle. This process is different for females and males. Before puberty, there are nearly no sex differences in fat and muscle distribution; during puberty, boys grow muscle much faster than girls, although both sexes experience rapid muscle development.', 'This may help explain sex differences in athletic performance.', 'In contrast, though both sexes experience an increase in body fat, the increase is much more significant for girls. Frequently, the increase in fat for girls happens in their years just before puberty. The ratio between muscle and fat among post-pubertal boys is around three to one, while for girls it is about five to four.', 'The changes in secondary sex characteristics that take place during puberty are often referred to in terms of five Tanner stages, named after the British pediatrician who devised the categorization system.']","During puberty, an adolescent's heart and lungs increase in both size and capacity, which leads to increased strength and tolerance for exercise.",heart and lungs,119.97209978289902,1042.6796998362988
Which sex tends to develop larger hearts and lungs and also more red blood cells?,"['Pubertal development also affects circulatory and respiratory systems as an adolescents\' heart and lungs increase in both size and capacity. These changes lead to increased strength and tolerance for exercise. Sex differences are apparent as males tend to develop ""larger hearts and lungs, higher systolic blood pressure, a lower resting heart rate, a greater capacity for carrying oxygen to the blood, a greater power for neutralizing the chemical products of muscular exercise, higher blood hemoglobin and more red blood cells"".', 'This may help explain sex differences in athletic performance.', 'Another set of significant physical changes during puberty happen in bodily distribution of fat and muscle. This process is different for females and males. Before puberty, there are nearly no sex differences in fat and muscle distribution; during puberty, boys grow muscle much faster than girls, although both sexes experience rapid muscle development.', 'There is also an association with polygyny which may be due to higher pathogen load, making selecting males with a high genetic resistance increasingly important. Higher pathogen load is also associated with more collectivism and less individualism, which may limit contacts with outside groups and infections. There are alternative explanations for at least some of the associations although some of these explanations may in turn ultimately be due to pathogen load.', 'In contrast, though both sexes experience an increase in body fat, the increase is much more significant for girls. Frequently, the increase in fat for girls happens in their years just before puberty. The ratio between muscle and fat among post-pubertal boys is around three to one, while for girls it is about five to four.']","According to the text, males tend to develop larger hearts and lungs, as well as having more red blood cells.",males,111.5982998162508,1030.0090999808162
What physiological change during puberty contributes to increased strength and exercise tolerance?,"['Pubertal development also affects circulatory and respiratory systems as an adolescents\' heart and lungs increase in both size and capacity. These changes lead to increased strength and tolerance for exercise. Sex differences are apparent as males tend to develop ""larger hearts and lungs, higher systolic blood pressure, a lower resting heart rate, a greater capacity for carrying oxygen to the blood, a greater power for neutralizing the chemical products of muscular exercise, higher blood hemoglobin and more red blood cells"".', 'This may help explain sex differences in athletic performance.', 'Another set of significant physical changes during puberty happen in bodily distribution of fat and muscle. This process is different for females and males. Before puberty, there are nearly no sex differences in fat and muscle distribution; during puberty, boys grow muscle much faster than girls, although both sexes experience rapid muscle development.', 'In contrast, though both sexes experience an increase in body fat, the increase is much more significant for girls. Frequently, the increase in fat for girls happens in their years just before puberty. The ratio between muscle and fat among post-pubertal boys is around three to one, while for girls it is about five to four.', 'The changes in secondary sex characteristics that take place during puberty are often referred to in terms of five Tanner stages, named after the British pediatrician who devised the categorization system.']","Changes in an adolescent's heart and lungs, which increase in both size and capacity, contribute to increased strength and tolerance for exercise.",increased size and capacity of the heart and lungs,79.38929996453226,1078.2357999123633
Which Beyoncé album released in 2003 made her a worldwide known artist?,"['Their hiatus saw the release of Beyoncé\'s debut album, Dangerously in Love (2003), which established her as a solo artist worldwide, earned five Grammy Awards and featured the Billboard Hot 100 number-one singles ""Crazy in Love"" and ""Baby Boy"".', ""Beyoncé Giselle Knowles-Carter (/biːˈjɒnseɪ/ bee-YON-say) (born September 4, 1981) is an American singer, songwriter, record producer and actress. Born and raised in Houston, Texas, she performed in various singing and dancing competitions as a child, and rose to fame in the late 1990s as lead singer of R&B girl-group Destiny's Child. Managed by her father, Mathew Knowles, the group became one of the world's best-selling girl groups of all time."", 'To promote the film, Beyoncé released ""Listen"" as the lead single from the soundtrack album. In April 2007, Beyoncé embarked on The Beyoncé Experience, her first worldwide concert tour, visiting 97 venues and grossed over $24 million.[note 1] Beyoncé conducted pre-concert food donation drives during six major stops in conjunction with her pastor at St. John\'s and America\'s Second Harvest. At the same time, B\'Day was re-released with five additional songs, including her duet with Shakira ""Beautiful Liar"".', 'In September 2010, Beyoncé made her runway modelling debut at Tom Ford\'s Spring/Summer 2011 fashion show. She was named ""World\'s Most Beautiful Woman"" by People and the ""Hottest Female Singer of All Time"" by Complex in 2012. In January 2013, GQ placed her on its cover, featuring her atop its ""100 Sexiest Women of the 21st Century"" list.', 'On January 7, 2012, Beyoncé gave birth to a daughter, Blue Ivy Carter, at Lenox Hill Hospital in New York under heavy security. Two days later, Jay Z released ""Glory"", a song dedicated to their child, on his website Lifeandtimes.com. The song detailed the couple\'s pregnancy struggles, including a miscarriage Beyoncé suffered before becoming pregnant with Blue Ivy.']","Beyoncé's debut album, Dangerously in Love, released in 2003, established her as a solo artist worldwide.",Dangerously in Love,166.62420006468892,1765.566400019452
Which singer from Houston became the lead singer of Destiny's Child before releasing Dangerously in Love?,"[""Beyoncé Giselle Knowles-Carter (/biːˈjɒnseɪ/ bee-YON-say) (born September 4, 1981) is an American singer, songwriter, record producer and actress. Born and raised in Houston, Texas, she performed in various singing and dancing competitions as a child, and rose to fame in the late 1990s as lead singer of R&B girl-group Destiny's Child. Managed by her father, Mathew Knowles, the group became one of the world's best-selling girl groups of all time."", 'Their hiatus saw the release of Beyoncé\'s debut album, Dangerously in Love (2003), which established her as a solo artist worldwide, earned five Grammy Awards and featured the Billboard Hot 100 number-one singles ""Crazy in Love"" and ""Baby Boy"".', 'The remaining band members recorded ""Independent Women Part I"", which appeared on the soundtrack to the 2000 film, Charlie\'s Angels. It became their best-charting single, topping the U.S. Billboard Hot 100 chart for eleven consecutive weeks. In early 2001, while Destiny\'s Child was completing their third album, Beyoncé landed a major role in the MTV made-for-television film, Carmen: A Hip Hopera, starring alongside American actor Mekhi Phifer.', ""At age eight, Beyoncé and childhood friend Kelly Rowland met LaTavia Roberson while in an audition for an all-girl entertainment group. They were placed into a group with three other girls as Girl's Tyme, and rapped and danced on the talent show circuit in Houston. After seeing the group, R&B producer Arne Frager brought them to his Northern California studio and placed them in Star Search, the largest talent show on national TV at the time."", 'Her vocal abilities mean she is identified as the centerpiece of Destiny\'s Child. The Daily Mail calls Beyoncé\'s voice ""versatile"", capable of exploring power ballads, soul, rock belting, operatic flourishes, and hip hop. Jon Pareles of The New York Times commented that her voice is ""velvety yet tart, with an insistent flutter and reserves of soul belting"".']","Beyoncé, who was born and raised in Houston, Texas, rose to fame as the lead singer of Destiny's Child before releasing her debut album, Dangerously in Love.",Beyoncé,77.36260001547635,1166.6317000053823
Who managed the group in which Beyoncé was the lead singer?,"[""Mathew cut the original line-up to four and the group continued performing as an opening act for other established R&B girl groups. The girls auditioned before record labels and were finally signed to Elektra Records, moving to Atlanta Records briefly to work on their first recording, only to be cut by the company. This put further strain on the family, and Beyoncé's parents separated."", ""On October 5, 1995, Dwayne Wiggins's Grass Roots Entertainment signed the group. In 1996, the girls began recording their debut album under an agreement with Sony Music, the Knowles family reunited, and shortly after, the group got a contract with Columbia Records."", ""Beyoncé Giselle Knowles-Carter (/biːˈjɒnseɪ/ bee-YON-say) (born September 4, 1981) is an American singer, songwriter, record producer and actress. Born and raised in Houston, Texas, she performed in various singing and dancing competitions as a child, and rose to fame in the late 1990s as lead singer of R&B girl-group Destiny's Child. Managed by her father, Mathew Knowles, the group became one of the world's best-selling girl groups of all time."", ""On March 30, 2015, it was announced that Beyoncé is a co-owner, with various other music artists, in the music streaming service Tidal. The service specialises in lossless audio and high definition music videos. Beyoncé's husband Jay Z acquired the parent company of Tidal, Aspiro, in the first quarter of 2015."", 'Their hiatus saw the release of Beyoncé\'s debut album, Dangerously in Love (2003), which established her as a solo artist worldwide, earned five Grammy Awards and featured the Billboard Hot 100 number-one singles ""Crazy in Love"" and ""Baby Boy"".']",Mathew Knowles managed the group in which Beyoncé was the lead singer.,Mathew Knowles,78.60219990834594,799.6588998939842
Which artist performed with Coldplay at Super Bowl 50 after posing on the cover of Vogue?,"['She headlined the 2015 Made in America festival in early September and also the Global Citizen Festival later that month. Beyoncé made an uncredited featured appearance on the track ""Hymn for the Weekend"" by British rock band Coldplay, on their seventh studio album A Head Full of Dreams (2015), which saw release in December. On January 7, 2016, Pepsi announced Beyoncé would perform alongside Coldplay at Super Bowl 50 in February.', 'At the 57th Annual Grammy Awards in February 2015, Beyoncé was nominated for six awards, ultimately winning three: Best R&B Performance and Best R&B Song for ""Drunk in Love"", and Best Surround Sound Album for Beyoncé. She was nominated for Album of the Year but the award was won by Beck for his Morning Phase album. In August, the cover of the September issue of Vogue magazine was unveiled online, Beyoncé as the cover star, becoming the first African-American artist and third African-American woman in general to cover the September issue.', 'Knowles has previously performed at four Super Bowl shows throughout her career, serving as the main headliner of the 47th Super Bowl halftime show in 2013.', 'Following a headlining set at Coachella 2011 that was described by The Hollywood Reporter as ""one of greatest hip-hop sets of all time"", West released the collaborative album Watch the Throne with Jay-Z. By employing a sales strategy that released the album digitally weeks before its physical counterpart, Watch the Throne became one of the few major label albums in the Internet age to avoid a leak. "" Niggas in Paris"" became the record\'s highest charting single, peaking at number five on the Billboard Hot 100. In 2012, West released the compilation album Cruel Summer, a collection of tracks by artists from West\'s record label GOOD Music.', 'Madonna\'s emergence occurred during the advent of MTV; Chris Nelson from The New York Times spoke of pop artists like Madonna saying, ""MTV, with its almost exclusively lip-synched videos, ushered in an era in which average music fans might happily spend hours a day, every day, watching singers just mouth the words."" The symbiotic relationship between the music video and lip-syncing led to a desire for the spectacle and imagery of the music video to be transferred to live stage shows. He added, ""Artists like Madonna and Janet Jackson set new standards for showmanship, with concerts that included not only elaborate costumes and precision-timed pyrotechnics but also highly athletic dancing.']",Beyoncé performed alongside Coldplay at Super Bowl 50 after she appeared on the cover of Vogue.,Beyoncé,87.90529984980822,909.7456000745296
Which British band performed with Beyoncé at Super Bowl 50?,"['She headlined the 2015 Made in America festival in early September and also the Global Citizen Festival later that month. Beyoncé made an uncredited featured appearance on the track ""Hymn for the Weekend"" by British rock band Coldplay, on their seventh studio album A Head Full of Dreams (2015), which saw release in December. On January 7, 2016, Pepsi announced Beyoncé would perform alongside Coldplay at Super Bowl 50 in February.', 'Knowles has previously performed at four Super Bowl shows throughout her career, serving as the main headliner of the 47th Super Bowl halftime show in 2013.', 'To promote the film, Beyoncé released ""Listen"" as the lead single from the soundtrack album. In April 2007, Beyoncé embarked on The Beyoncé Experience, her first worldwide concert tour, visiting 97 venues and grossed over $24 million.[note 1] Beyoncé conducted pre-concert food donation drives during six major stops in conjunction with her pastor at St. John\'s and America\'s Second Harvest. At the same time, B\'Day was re-released with five additional songs, including her duet with Shakira ""Beautiful Liar"".', 'On 15 November 2009, May and Taylor performed ""Bohemian Rhapsody"" live on the British TV show The X Factor alongside the finalists.', 'At the 57th Annual Grammy Awards in February 2015, Beyoncé was nominated for six awards, ultimately winning three: Best R&B Performance and Best R&B Song for ""Drunk in Love"", and Best Surround Sound Album for Beyoncé. She was nominated for Album of the Year but the award was won by Beck for his Morning Phase album. In August, the cover of the September issue of Vogue magazine was unveiled online, Beyoncé as the cover star, becoming the first African-American artist and third African-American woman in general to cover the September issue.']",Beyoncé performed alongside Coldplay at Super Bowl 50.,Coldplay,77.67640007659793,772.5273999385536
Which Beyoncé album won five Grammy Awards after being released in 2003?,"['Their hiatus saw the release of Beyoncé\'s debut album, Dangerously in Love (2003), which established her as a solo artist worldwide, earned five Grammy Awards and featured the Billboard Hot 100 number-one singles ""Crazy in Love"" and ""Baby Boy"".', 'At the 57th Annual Grammy Awards in February 2015, Beyoncé was nominated for six awards, ultimately winning three: Best R&B Performance and Best R&B Song for ""Drunk in Love"", and Best Surround Sound Album for Beyoncé. She was nominated for Album of the Year but the award was won by Beck for his Morning Phase album. In August, the cover of the September issue of Vogue magazine was unveiled online, Beyoncé as the cover star, becoming the first African-American artist and third African-American woman in general to cover the September issue.', 'To promote the film, Beyoncé released ""Listen"" as the lead single from the soundtrack album. In April 2007, Beyoncé embarked on The Beyoncé Experience, her first worldwide concert tour, visiting 97 venues and grossed over $24 million.[note 1] Beyoncé conducted pre-concert food donation drives during six major stops in conjunction with her pastor at St. John\'s and America\'s Second Harvest. At the same time, B\'Day was re-released with five additional songs, including her duet with Shakira ""Beautiful Liar"".', ""Beyoncé Giselle Knowles-Carter (/biːˈjɒnseɪ/ bee-YON-say) (born September 4, 1981) is an American singer, songwriter, record producer and actress. Born and raised in Houston, Texas, she performed in various singing and dancing competitions as a child, and rose to fame in the late 1990s as lead singer of R&B girl-group Destiny's Child. Managed by her father, Mathew Knowles, the group became one of the world's best-selling girl groups of all time."", 'She released three singles from the Evita soundtrack album, including ""You Must Love Me"" (which won an Academy Award for Best Original Song in 1997) and ""Don\'t Cry for Me Argentina"". Madonna was later presented with the Artist Achievement Award by Tony Bennett at the 1996 Billboard Music Awards. On October 14, 1996, Madonna gave birth to Lourdes Maria Ciccone Leon, her daughter with Leon.']","Dangerously in Love, released in 2003, was the Beyoncé album that earned her five Grammy Awards.",Dangerously in Love,73.30259983427823,1025.6015001796186
Which artist defeated Beyoncé for Album of the Year at the 57th Grammy Awards?,"['At the 57th Annual Grammy Awards in February 2015, Beyoncé was nominated for six awards, ultimately winning three: Best R&B Performance and Best R&B Song for ""Drunk in Love"", and Best Surround Sound Album for Beyoncé. She was nominated for Album of the Year but the award was won by Beck for his Morning Phase album. In August, the cover of the September issue of Vogue magazine was unveiled online, Beyoncé as the cover star, becoming the first African-American artist and third African-American woman in general to cover the September issue.', 'The final showdown was between Justin Guarini, one of the early favorites, and Kelly Clarkson. Clarkson was not initially thought of as a contender, but impressed the judges with some good performances in the final rounds, such as her performance of Aretha Franklin\'s ""Natural Woman"", and Betty Hutton\'s ""Stuff Like That There"", and eventually won the crown on September 4, 2002.', 'Their hiatus saw the release of Beyoncé\'s debut album, Dangerously in Love (2003), which established her as a solo artist worldwide, earned five Grammy Awards and featured the Billboard Hot 100 number-one singles ""Crazy in Love"" and ""Baby Boy"".', 'She headlined the 2015 Made in America festival in early September and also the Global Citizen Festival later that month. Beyoncé made an uncredited featured appearance on the track ""Hymn for the Weekend"" by British rock band Coldplay, on their seventh studio album A Head Full of Dreams (2015), which saw release in December. On January 7, 2016, Pepsi announced Beyoncé would perform alongside Coldplay at Super Bowl 50 in February.', 'The album spawned other number-one hits, ""Bootylicious"" and the title track, ""Survivor"", the latter of which earned the group a Grammy Award for Best R&B Performance by a Duo or Group with Vocals. After releasing their holiday album 8 Days of Christmas in October 2001, the group announced a hiatus to further pursue solo careers.']","Beck won Album of the Year, defeating Beyoncé at the 57th Grammy Awards.",Beck,68.59410018660128,881.3800998032093
Which magazine featured Beyoncé on its cover before her Super Bowl 50 performance?,"['In September 2010, Beyoncé made her runway modelling debut at Tom Ford\'s Spring/Summer 2011 fashion show. She was named ""World\'s Most Beautiful Woman"" by People and the ""Hottest Female Singer of All Time"" by Complex in 2012. In January 2013, GQ placed her on its cover, featuring her atop its ""100 Sexiest Women of the 21st Century"" list.', 'At the 57th Annual Grammy Awards in February 2015, Beyoncé was nominated for six awards, ultimately winning three: Best R&B Performance and Best R&B Song for ""Drunk in Love"", and Best Surround Sound Album for Beyoncé. She was nominated for Album of the Year but the award was won by Beck for his Morning Phase album. In August, the cover of the September issue of Vogue magazine was unveiled online, Beyoncé as the cover star, becoming the first African-American artist and third African-American woman in general to cover the September issue.', 'Knowles has previously performed at four Super Bowl shows throughout her career, serving as the main headliner of the 47th Super Bowl halftime show in 2013.', 'She headlined the 2015 Made in America festival in early September and also the Global Citizen Festival later that month. Beyoncé made an uncredited featured appearance on the track ""Hymn for the Weekend"" by British rock band Coldplay, on their seventh studio album A Head Full of Dreams (2015), which saw release in December. On January 7, 2016, Pepsi announced Beyoncé would perform alongside Coldplay at Super Bowl 50 in February.', 'In August, the couple attended the 2011 MTV Video Music Awards, at which Beyoncé performed ""Love on Top"" and started the performance saying ""Tonight I want you to stand up on your feet, I want you to feel the love that\'s growing inside of me"". At the end of the performance, she dropped her microphone, unbuttoned her blazer and rubbed her stomach, confirming her pregnancy she had alluded to earlier in the evening. Her appearance helped that year\'s MTV Video Music Awards become the most-watched broadcast in MTV history, pulling in 12.4 million viewers; the announcement was listed in Guinness World Records for ""most tweets per second recorded for a single event"" on Twitter, receiving 8,868 tweets per second and ""Beyonce pregnant"" was the most Googled term the week of August 29, 2011.']",GQ featured Beyoncé on its cover before her Super Bowl 50 performance.,Vogue,60.835300013422966,846.5766999870539
Which singer became famous in the late 1990s as the lead singer of Destiny's Child?,"[""Beyoncé Giselle Knowles-Carter (/biːˈjɒnseɪ/ bee-YON-say) (born September 4, 1981) is an American singer, songwriter, record producer and actress. Born and raised in Houston, Texas, she performed in various singing and dancing competitions as a child, and rose to fame in the late 1990s as lead singer of R&B girl-group Destiny's Child. Managed by her father, Mathew Knowles, the group became one of the world's best-selling girl groups of all time."", 'Her vocal abilities mean she is identified as the centerpiece of Destiny\'s Child. The Daily Mail calls Beyoncé\'s voice ""versatile"", capable of exploring power ballads, soul, rock belting, operatic flourishes, and hip hop. Jon Pareles of The New York Times commented that her voice is ""velvety yet tart, with an insistent flutter and reserves of soul belting"".', 'The remaining band members recorded ""Independent Women Part I"", which appeared on the soundtrack to the 2000 film, Charlie\'s Angels. It became their best-charting single, topping the U.S. Billboard Hot 100 chart for eleven consecutive weeks. In early 2001, while Destiny\'s Child was completing their third album, Beyoncé landed a major role in the MTV made-for-television film, Carmen: A Hip Hopera, starring alongside American actor Mekhi Phifer.', 'Their hiatus saw the release of Beyoncé\'s debut album, Dangerously in Love (2003), which established her as a solo artist worldwide, earned five Grammy Awards and featured the Billboard Hot 100 number-one singles ""Crazy in Love"" and ""Baby Boy"".', ""On October 5, 1995, Dwayne Wiggins's Grass Roots Entertainment signed the group. In 1996, the girls began recording their debut album under an agreement with Sony Music, the Knowles family reunited, and shortly after, the group got a contract with Columbia Records.""]",Beyoncé became famous in the late 1990s as the lead singer of Destiny's Child.,Beyoncé,74.5520000346005,1123.7659000325948
What city did the artist who released Dangerously in Love grow up in?,"['Their hiatus saw the release of Beyoncé\'s debut album, Dangerously in Love (2003), which established her as a solo artist worldwide, earned five Grammy Awards and featured the Billboard Hot 100 number-one singles ""Crazy in Love"" and ""Baby Boy"".', 'Raised in Chicago, West briefly attended art school before becoming known as a producer for Roc-A-Fella Records in the early 2000s, producing hit singles for artists such as Jay-Z and Alicia Keys. Intent on pursuing a solo career as a rapper, West released his debut album The College Dropout in 2004 to widespread commercial and critical success, and founded record label GOOD Music. He went on to explore a variety of different musical styles on subsequent albums that included the baroque-inflected Late Registration (2005), the arena-inspired Graduation (2007), and the starkly polarizing 808s & Heartbreak (2008).', 'Derrick May a.k.a. "" MAYDAY"" and Thomas Barnett released ""Nude Photo"" in 1987 on May\'s label ""Transmat Records"", which helped kickstart the Detroit techno music scene and was put in heavy rotation on Chicago\'s Hot Mix 5 Radio DJ mix show and in many Chicago clubs.[citation needed] A year later, Transmat released what was to become one of techno and house music\'s classic anthems – the seminal track ""Strings of Life"". Transmat Records went on to have many more successful releases[citation needed] such as 1988\'s ""Wiggin"".', 'Born in Bay City, Michigan, Madonna moved to New York City in 1977 to pursue a career in modern dance. After performing in the music groups Breakfast Club and Emmy, she signed with Sire Records (an auxiliary label of Warner Bros. Records) in 1982 and released her self-titled debut album the following year. She followed it with a series of commercially and critcally successful albums, including the Grammy Award winners Ray of Light (1998) and Confessions on a Dance Floor (2005).', 'Kevin Saunderson\'s company KMS Records contributed many releases that were as much house music as they were techno. These tracks were well received in Chicago and played on Chicago radio and in clubs.[citation needed] Blake Baxter\'s 1986 recording, ""When we Used to Play / Work your Body"", 1987\'s ""Bounce Your Body to the Box"" and ""Force Field"", ""The Sound / How to Play our Music"" and ""the Groove that Won\'t Stop"" and a remix of ""Grooving Without a Doubt"". In 1988, as house music became more popular among general audiences, Kevin Saunderson\'s group Inner City with Paris Gray released the 1988 hits ""Big Fun"" and ""Good Life"", which eventually were picked up by Virgin Records.']",Beyoncé grew up in Chicago.,Houston,71.89999986439943,772.0781001262367
What language was used by the church that split from the Latin-speaking church in 1054?,"['Theological and political differences emerged, and by the early and middle 8th century issues such as iconoclasm, clerical marriage, and state control of the church had widened to the extent that the cultural and religious differences were greater than the similarities. The formal break came in 1054, when the papacy and the patriarchy of Constantinople clashed over papal supremacy and excommunicated each other, which led to the division of Christianity into two churches—the western branch became the Roman Catholic Church and the eastern branch the Orthodox Church.', 'Christianity was a major unifying factor between Eastern and Western Europe before the Arab conquests, but the conquest of North Africa sundered maritime connections between those areas. Increasingly the Byzantine Church differed in language, practices, and liturgy from the western Church. The eastern church used Greek instead of the western Latin.', 'The term was used as opposed to Latin, the non-native language of writing and the Catholic Church. In the first text in which it is found, dating from 784, it refers to the Germanic dialects of Britain. In the Oaths of Strasbourg (842) it appeared as teudisca to refer to the Germanic (Rhenish Franconian) portion of the oath.', 'Slavic standard languages which are official in at least one country: Belarusian, Bosnian, Bulgarian, Croatian, Czech, Macedonian, Montenegrin, Polish, Russian, Serbian, Slovak, Slovene, and Ukrainian. The alphabet depends on what religion is usual for the respective Slavic ethnic groups. The Orthodox use the Cyrillic alphabet and the Roman Catholics use Latin alphabet, the Bosniaks who are Muslims also use the Latin.', 'This was a significant step towards restoring communion between Rome and Constantinople. It produced the Catholic-Orthodox Joint declaration of 1965, which was read out on 7 December 1965, simultaneously at a public meeting of the Second Vatican Council in Rome and at a special ceremony in Istanbul. The declaration did not end the schism, but showed a desire for greater reconciliation between the two churches.']",The eastern church used Greek instead of the western Latin.,Greek,83.85820011608303,910.2189999539405
What issue caused the split between the Greek-speaking and Latin-speaking churches?,"['Theological and political differences emerged, and by the early and middle 8th century issues such as iconoclasm, clerical marriage, and state control of the church had widened to the extent that the cultural and religious differences were greater than the similarities. The formal break came in 1054, when the papacy and the patriarchy of Constantinople clashed over papal supremacy and excommunicated each other, which led to the division of Christianity into two churches—the western branch became the Roman Catholic Church and the eastern branch the Orthodox Church.', 'Christianity was a major unifying factor between Eastern and Western Europe before the Arab conquests, but the conquest of North Africa sundered maritime connections between those areas. Increasingly the Byzantine Church differed in language, practices, and liturgy from the western Church. The eastern church used Greek instead of the western Latin.', 'Greek success was also favoured by Greek domination of the Christian Orthodox church.', 'This was a significant step towards restoring communion between Rome and Constantinople. It produced the Catholic-Orthodox Joint declaration of 1965, which was read out on 7 December 1965, simultaneously at a public meeting of the Second Vatican Council in Rome and at a special ceremony in Istanbul. The declaration did not end the schism, but showed a desire for greater reconciliation between the two churches.', 'For example, religious disputes helped cause the First Jewish–Roman War and the Bar Kokhba revolt.']",The Greek-speaking and Latin-speaking churches differed due to the use of Greek in the east instead of Latin in the west.,papal supremacy,92.62309991754591,1068.3174999430776
What was the eastern church called after the split in 1054?,"['Theological and political differences emerged, and by the early and middle 8th century issues such as iconoclasm, clerical marriage, and state control of the church had widened to the extent that the cultural and religious differences were greater than the similarities. The formal break came in 1054, when the papacy and the patriarchy of Constantinople clashed over papal supremacy and excommunicated each other, which led to the division of Christianity into two churches—the western branch became the Roman Catholic Church and the eastern branch the Orthodox Church.', 'Christianity was a major unifying factor between Eastern and Western Europe before the Arab conquests, but the conquest of North Africa sundered maritime connections between those areas. Increasingly the Byzantine Church differed in language, practices, and liturgy from the western Church. The eastern church used Greek instead of the western Latin.', ""The French crown's increasing dominance over the Papacy culminated in the transference of the Holy See to Avignon in 1309. When the Pope returned to Rome in 1377, this led to the election of different popes in Avignon and Rome, resulting in the Papal Schism (1378–1417). The Schism divided Europe along political lines; while France, her ally Scotland and the Spanish kingdoms supported the Avignon Papacy, France's enemy England stood behind the Pope in Rome, together with Portugal, Scandinavia and most of the German princes."", 'Each of them took very seriously the charges of schism and innovation, denying these charges and maintaining that it was the Roman Catholic Church that had left them. In order to justify their departure from the Roman Catholic Church, Protestants often posited a new argument, saying that there was no real visible Church with divine authority, only a spiritual, invisible, and hidden church—this notion began in the early days of the Protestant Reformation.', 'When the Archbishop of Canterbury, Hubert Walter, died on 13 July 1205, John became involved in a dispute with Pope Innocent III that would lead to the king\'s excommunication. The Norman and Angevin kings had traditionally exercised a great deal of power over the church within their territories. From the 1040s onwards, however, successive popes had put forward a reforming message that emphasised the importance of the church being ""governed more coherently and more hierarchically from the centre"" and established ""its own sphere of authority and jurisdiction, separate from and independent of that of the lay ruler"", in the words of historian Richard Huscroft.']","After the split in 1054, the eastern branch of Christianity became known as the Orthodox Church.",the Orthodox Church,71.17459992878139,973.2986998278648
Which church used Greek before becoming known as the Orthodox Church?,"['Greek success was also favoured by Greek domination of the Christian Orthodox church.', 'Christianity was a major unifying factor between Eastern and Western Europe before the Arab conquests, but the conquest of North Africa sundered maritime connections between those areas. Increasingly the Byzantine Church differed in language, practices, and liturgy from the western Church. The eastern church used Greek instead of the western Latin.', ""Orthodox Christianity includes a large number of traditions regarding the Ever Virgin Mary, the Theotokos. The Orthodox believe that she was and remained a virgin before and after Christ's birth. The Theotokia (i.e., hymns to the Theotokos) are an essential part of the Divine Services in the Eastern Church and their positioning within the liturgical sequence effectively places the Theotokos in the most prominent place after Christ."", 'The view of the Roman Catholic Church is that Protestant denominations cannot be considered churches but rather that they are ecclesial communities or specific faith-believing communities because their ordinances and doctrines are not historically the same as the Catholic sacraments and dogmas, and the Protestant communities have no sacramental ministerial priesthood and therefore lack true apostolic succession. According to Bishop Hilarion (Alfeyev) the Eastern Orthodox Church shares the same view on the subject.', 'Few Greek Roman and Roman Catholics use the Cyrillic alphabet however. The Serbian language and Montenegrin language uses both Cyrillic and Latin alphabets. There is also a Latin script to write in Belarusian, called the Lacinka alphabet.']","According to the text, the Eastern Church used Greek instead of the western Latin before becoming known as the Orthodox Church.",eastern church,58.02239989861846,1038.9082001056522
What language was used by the church associated with papal supremacy before the Great Schism?,"['The term was used as opposed to Latin, the non-native language of writing and the Catholic Church. In the first text in which it is found, dating from 784, it refers to the Germanic dialects of Britain. In the Oaths of Strasbourg (842) it appeared as teudisca to refer to the Germanic (Rhenish Franconian) portion of the oath.', ""The French crown's increasing dominance over the Papacy culminated in the transference of the Holy See to Avignon in 1309. When the Pope returned to Rome in 1377, this led to the election of different popes in Avignon and Rome, resulting in the Papal Schism (1378–1417). The Schism divided Europe along political lines; while France, her ally Scotland and the Spanish kingdoms supported the Avignon Papacy, France's enemy England stood behind the Pope in Rome, together with Portugal, Scandinavia and most of the German princes."", 'Christianity was a major unifying factor between Eastern and Western Europe before the Arab conquests, but the conquest of North Africa sundered maritime connections between those areas. Increasingly the Byzantine Church differed in language, practices, and liturgy from the western Church. The eastern church used Greek instead of the western Latin.', 'In Latin, on the other hand, the [First name] Cardinal [Surname] order is used in the proclamation of the election of a new pope by the cardinal protodeacon: ""Annuntio vobis gaudium magnum; habemus Papam: Eminentissimum ac Reverendissimum Dominum, Dominum (first name) Sanctae Romanae Ecclesiae Cardinalem (last name), ..."" (Meaning: ""I announce to you a great joy; we have a Pope: The Most Eminent and Most Reverend Lord, Lord (first name) Cardinal of the Holy Roman Church (last name), ..."") This assumes that the new pope had been a cardinal just before becoming pope; the most recent election of a non-cardinal as pope was in 1378.', 'The first known usage of the term in a legal context was in AD 380 by the Edict of Thessalonica of Theodosius I, which made Christianity the state church of the Roman Empire. Prior to the issuance of this edict, the Church had no state-sponsored support for any particular legal mechanism to counter what it perceived as ""heresy"". By this edict the state\'s authority and that of the Church became somewhat overlapping.']","Before the Great Schism, the Western Church used Latin.",Latin,72.99449993297458,1036.3622999284416
Which scientific conference discussed radiation and quanta in 1911?,"['The very first Solvay Conference in 1911 was devoted to ""the theory of radiation and quanta"". Max Planck received the 1918 Nobel Prize in Physics ""in recognition of the services he rendered to the advancement of Physics by his discovery of energy quanta"".', 'The black-body problem was revisited in 1905, when Rayleigh and Jeans (on the one hand) and Einstein (on the other hand) independently proved that classical electromagnetism could never account for the observed spectrum. These proofs are commonly known as the ""ultraviolet catastrophe"", a name coined by Paul Ehrenfest in 1911. They contributed greatly (along with Einstein\'s work on the photoelectric effect) to convincing physicists that Planck\'s postulate of quantized energy levels was more than a mere mathematical formalism.', 'It was eventually called the photon.', 'His 1945 report ‘Proposed Electronic Calculator’ was the first specification for such a device. John von Neumann at the University of Pennsylvania, also circulated his First Draft of a Report on the EDVAC in 1945.', 'First recognized in 1900 by Max Planck, it was originally the proportionality constant between the minimal increment of energy, E, of a hypothetical electrically charged oscillator in a cavity that contained black body radiation, and the frequency, f, of its associated electromagnetic wave. In 1905 the value E, the minimal energy increment of a hypothetical oscillator, was theoretically associated by Einstein with a ""quantum"" or minimal element of the energy of the electromagnetic wave itself. The light quantum behaved in some respects as an electrically neutral particle, as opposed to an electromagnetic wave.']","The first Solvay Conference discussed ""the theory of radiation and quanta"" in 1911.",the first Solvay Conference,66.02749996818602,973.2594999950379
"Who coined the term ""ultraviolet catastrophe"" before the first Solvay Conference?","['The black-body problem was revisited in 1905, when Rayleigh and Jeans (on the one hand) and Einstein (on the other hand) independently proved that classical electromagnetism could never account for the observed spectrum. These proofs are commonly known as the ""ultraviolet catastrophe"", a name coined by Paul Ehrenfest in 1911. They contributed greatly (along with Einstein\'s work on the photoelectric effect) to convincing physicists that Planck\'s postulate of quantized energy levels was more than a mere mathematical formalism.', 'The very first Solvay Conference in 1911 was devoted to ""the theory of radiation and quanta"". Max Planck received the 1918 Nobel Prize in Physics ""in recognition of the services he rendered to the advancement of Physics by his discovery of energy quanta"".', 'It was eventually called the photon.', 'First recognized in 1900 by Max Planck, it was originally the proportionality constant between the minimal increment of energy, E, of a hypothetical electrically charged oscillator in a cavity that contained black body radiation, and the frequency, f, of its associated electromagnetic wave. In 1905 the value E, the minimal energy increment of a hypothetical oscillator, was theoretically associated by Einstein with a ""quantum"" or minimal element of the energy of the electromagnetic wave itself. The light quantum behaved in some respects as an electrically neutral particle, as opposed to an electromagnetic wave.', ""The willingness to question previously held truths and search for new answers resulted in a period of major scientific advancements, now known as the Scientific Revolution. The Scientific Revolution is traditionally held by most historians to have begun in 1543, when the books De humani corporis fabrica (On the Workings of the Human Body) by Andreas Vesalius, and also De Revolutionibus, by the astronomer Nicolaus Copernicus, were first printed. The thesis of Copernicus' book was that the Earth moved around the Sun.""]","Paul Ehrenfest coined the name ""ultraviolet catastrophe"" in 1911.",Paul Ehrenfest,181.34710006415844,964.9223999585956
Which physicist received the 1918 Nobel Prize for discovering energy quanta?,"['The very first Solvay Conference in 1911 was devoted to ""the theory of radiation and quanta"". Max Planck received the 1918 Nobel Prize in Physics ""in recognition of the services he rendered to the advancement of Physics by his discovery of energy quanta"".', 'The black-body problem was revisited in 1905, when Rayleigh and Jeans (on the one hand) and Einstein (on the other hand) independently proved that classical electromagnetism could never account for the observed spectrum. These proofs are commonly known as the ""ultraviolet catastrophe"", a name coined by Paul Ehrenfest in 1911. They contributed greatly (along with Einstein\'s work on the photoelectric effect) to convincing physicists that Planck\'s postulate of quantized energy levels was more than a mere mathematical formalism.', 'First recognized in 1900 by Max Planck, it was originally the proportionality constant between the minimal increment of energy, E, of a hypothetical electrically charged oscillator in a cavity that contained black body radiation, and the frequency, f, of its associated electromagnetic wave. In 1905 the value E, the minimal energy increment of a hypothetical oscillator, was theoretically associated by Einstein with a ""quantum"" or minimal element of the energy of the electromagnetic wave itself. The light quantum behaved in some respects as an electrically neutral particle, as opposed to an electromagnetic wave.', 'As the only neutral atom for which the Schrödinger equation can be solved analytically, study of the energetics and bonding of the hydrogen atom has played a key role in the development of quantum mechanics.', 'Galileo (""Father of Modern Physics"") also made use of experiments to validate physical theories, a key element of the scientific method.']",Max Planck received the 1918 Nobel Prize in Physics for his discovery of energy quanta.,Max Planck,94.81160016730428,950.2495001070201
What scientific problem showed that classical electromagnetism could not explain the observed spectrum?,"['The black-body problem was revisited in 1905, when Rayleigh and Jeans (on the one hand) and Einstein (on the other hand) independently proved that classical electromagnetism could never account for the observed spectrum. These proofs are commonly known as the ""ultraviolet catastrophe"", a name coined by Paul Ehrenfest in 1911. They contributed greatly (along with Einstein\'s work on the photoelectric effect) to convincing physicists that Planck\'s postulate of quantized energy levels was more than a mere mathematical formalism.', 'Galileo (""Father of Modern Physics"") also made use of experiments to validate physical theories, a key element of the scientific method.', 'First recognized in 1900 by Max Planck, it was originally the proportionality constant between the minimal increment of energy, E, of a hypothetical electrically charged oscillator in a cavity that contained black body radiation, and the frequency, f, of its associated electromagnetic wave. In 1905 the value E, the minimal energy increment of a hypothetical oscillator, was theoretically associated by Einstein with a ""quantum"" or minimal element of the energy of the electromagnetic wave itself. The light quantum behaved in some respects as an electrically neutral particle, as opposed to an electromagnetic wave.', 'Feynman gained great pleasure from coming up with such a ""freshman-level"" explanation, for example, of the connection between spin and statistics. What he said was that groups of particles with spin ½ ""repel"", whereas groups with integer spin ""clump"". This was a brilliantly simplified way of demonstrating how Fermi–Dirac statistics and Bose–Einstein statistics evolved as a consequence of studying how fermions and bosons behave under a rotation of 360°.', 'The very first Solvay Conference in 1911 was devoted to ""the theory of radiation and quanta"". Max Planck received the 1918 Nobel Prize in Physics ""in recognition of the services he rendered to the advancement of Physics by his discovery of energy quanta"".']","According to the text, the black-body problem showed that classical electromagnetism could not explain the observed spectrum.",the ultraviolet catastrophe,74.30520001798868,936.4547999575734
What was the topic of the first Solvay Conference held in 1911?,"['The very first Solvay Conference in 1911 was devoted to ""the theory of radiation and quanta"". Max Planck received the 1918 Nobel Prize in Physics ""in recognition of the services he rendered to the advancement of Physics by his discovery of energy quanta"".', 'Initially, the Council consisted of Lt. General Sir John Clavering, The Honourable Sir George Monson, Sir Richard Barwell, and Sir Philip Francis.', ""In spring 1987, a protest movement arose against new phosphate mines in Estonia. Signatures were collected in Tartu, and students assembled in the university's main hall to express lack of confidence in the government. At a demonstration on May 1, 1987, young people showed up with banners and slogans despite an official ban."", 'Popper dedicated his Conjectures and Refutations to Hayek. For his part, Hayek dedicated a collection of papers, Studies in Philosophy, Politics, and Economics, to Popper and, in 1982, said that ""ever since his Logik der Forschung first came out in 1934, I have been a complete adherent to his general theory of methodology"". Popper also participated in the inaugural meeting of the Mont Pelerin Society.', 'The Council of Trent approved a plan in 1563 for correcting the calendrical errors, requiring that the date of the vernal equinox be restored to that which it held at the time of the First Council of Nicaea in 325 and that an alteration to the calendar be designed to prevent future drift. This would allow for a more consistent and accurate scheduling of the feast of Easter. In 1577, a Compendium was sent to expert mathematicians outside the reform commission for comments.']","The first Solvay Conference in 1911 was devoted to ""the theory of radiation and quanta.""",the theory of radiation and quanta,78.23169999755919,952.1959000267088
Which Libyan leader preferred the desert over the city because of his Bedouin upbringing?,"[""Gaddafi's upbringing in Bedouin culture influenced his personal tastes for the rest of his life. He repeatedly expressed a preference for the desert over the city and retreated to the desert to meditate."", 'Muammar Muhammad Abu Minyar al-Gaddafi (Arabic: معمر محمد أبو منيار القذافي\u200e Arabic pronunciation: [muʕamar al.qaðaːfiː]; /ˈmoʊ.əmɑːr ɡəˈdɑːfi/;  audio (help·info); c.\u20091942 – 20 October 2011), commonly known as Colonel Gaddafi,[b] was a Libyan revolutionary, politician, and political theorist. He governed Libya as Revolutionary Chairman of the Libyan Arab Republic from 1969 to 1977 and then as the ""Brotherly Leader"" of the Great Socialist People\'s Libyan Arab Jamahiriya from 1977 to 2011. Initially ideologically committed to Arab nationalism and Arab socialism, he came to rule according to his own Third International Theory before embracing Pan-Africanism and serving as Chairperson of the African Union from 2009 to 2010.', 'Muammar Gaddafi was born in a tent near Qasr Abu Hadi, a rural area outside the town of Sirte in the deserts of western Libya. His family came from a small, relatively un-influential tribal group called the Qadhadhfa, who were Arabized Berber in heritage. His father, Mohammad Abdul Salam bin Hamed bin Mohammad, was known as Abu Meniar (died 1985), and his mother was named Aisha (died 1978); Abu Meniar earned a meager subsistence as a goat and camel herder.', ""Nomadic Bedouins, they were illiterate and kept no birth records. As such, Gaddafi's date of birth is not known with certainty, and sources have set it in 1942 or in the spring of 1943, although biographers Blundy and Lycett noted that it could have been pre-1940. His parents' only surviving son, he had three older sisters."", ""In the immediate aftermath, Gaddafi retreated to the desert to meditate, while there were sporadic clashes between Gaddafists and army officers who wanted to overthrow the government. Although the U.S. was condemned internationally, Reagan received a popularity boost at home. Publicly lambasting U.S. imperialism, Gaddafi's reputation as an anti-imperialist was strengthened both domestically and across the Arab world, and in June 1986, he ordered the names of the month to be changed in Libya.""]",Gaddafi preferred the desert over the city because of the influence of his upbringing in Bedouin culture.,Muammar Gaddafi,70.11620001867414,1006.3259000889957
What tribe did the Libyan leader born near Sirte belong to?,"['Muammar Gaddafi was born in a tent near Qasr Abu Hadi, a rural area outside the town of Sirte in the deserts of western Libya. His family came from a small, relatively un-influential tribal group called the Qadhadhfa, who were Arabized Berber in heritage. His father, Mohammad Abdul Salam bin Hamed bin Mohammad, was known as Abu Meniar (died 1985), and his mother was named Aisha (died 1978); Abu Meniar earned a meager subsistence as a goat and camel herder.', ""Nomadic Bedouins, they were illiterate and kept no birth records. As such, Gaddafi's date of birth is not known with certainty, and sources have set it in 1942 or in the spring of 1943, although biographers Blundy and Lycett noted that it could have been pre-1940. His parents' only surviving son, he had three older sisters."", 'Muammar Muhammad Abu Minyar al-Gaddafi (Arabic: معمر محمد أبو منيار القذافي\u200e Arabic pronunciation: [muʕamar al.qaðaːfiː]; /ˈmoʊ.əmɑːr ɡəˈdɑːfi/;  audio (help·info); c.\u20091942 – 20 October 2011), commonly known as Colonel Gaddafi,[b] was a Libyan revolutionary, politician, and political theorist. He governed Libya as Revolutionary Chairman of the Libyan Arab Republic from 1969 to 1977 and then as the ""Brotherly Leader"" of the Great Socialist People\'s Libyan Arab Jamahiriya from 1977 to 2011. Initially ideologically committed to Arab nationalism and Arab socialism, he came to rule according to his own Third International Theory before embracing Pan-Africanism and serving as Chairperson of the African Union from 2009 to 2010.', 'The son of an impoverished Bedouin goat herder, Gaddafi became involved in politics while at school in Sabha, subsequently enrolling in the Royal Military Academy, Benghazi. Founding a revolutionary cell within the military, in 1969 they seized power from the absolute monarchy of King Idris in a bloodless coup. Becoming Chairman of the governing Revolutionary Command Council (RCC), Gaddafi abolished the monarchy and proclaimed the Republic.', ""Gaddafi's upbringing in Bedouin culture influenced his personal tastes for the rest of his life. He repeatedly expressed a preference for the desert over the city and retreated to the desert to meditate.""]","Muammar Gaddafi came from the Qadhadhfa tribal group, who were Arabized Berber in heritage.",Qadhadhfa,68.39020014740527,1000.406299950555
How did Gaddafi's father earn a living before Gaddafi became leader of Libya?,"['Muammar Gaddafi was born in a tent near Qasr Abu Hadi, a rural area outside the town of Sirte in the deserts of western Libya. His family came from a small, relatively un-influential tribal group called the Qadhadhfa, who were Arabized Berber in heritage. His father, Mohammad Abdul Salam bin Hamed bin Mohammad, was known as Abu Meniar (died 1985), and his mother was named Aisha (died 1978); Abu Meniar earned a meager subsistence as a goat and camel herder.', ""Nomadic Bedouins, they were illiterate and kept no birth records. As such, Gaddafi's date of birth is not known with certainty, and sources have set it in 1942 or in the spring of 1943, although biographers Blundy and Lycett noted that it could have been pre-1940. His parents' only surviving son, he had three older sisters."", 'The son of an impoverished Bedouin goat herder, Gaddafi became involved in politics while at school in Sabha, subsequently enrolling in the Royal Military Academy, Benghazi. Founding a revolutionary cell within the military, in 1969 they seized power from the absolute monarchy of King Idris in a bloodless coup. Becoming Chairman of the governing Revolutionary Command Council (RCC), Gaddafi abolished the monarchy and proclaimed the Republic.', 'Muammar Muhammad Abu Minyar al-Gaddafi (Arabic: معمر محمد أبو منيار القذافي\u200e Arabic pronunciation: [muʕamar al.qaðaːfiː]; /ˈmoʊ.əmɑːr ɡəˈdɑːfi/;  audio (help·info); c.\u20091942 – 20 October 2011), commonly known as Colonel Gaddafi,[b] was a Libyan revolutionary, politician, and political theorist. He governed Libya as Revolutionary Chairman of the Libyan Arab Republic from 1969 to 1977 and then as the ""Brotherly Leader"" of the Great Socialist People\'s Libyan Arab Jamahiriya from 1977 to 2011. Initially ideologically committed to Arab nationalism and Arab socialism, he came to rule according to his own Third International Theory before embracing Pan-Africanism and serving as Chairperson of the African Union from 2009 to 2010.', 'The Bovington signal course\'s director reported that Gaddafi successfully overcame problems learning English, displaying a firm command of voice procedure. Noting that Gaddafi\'s favourite hobbies were reading and playing football, he thought him an ""amusing officer, always cheerful, hard-working, and conscientious."" Gaddafi disliked England, claiming British Army officers racially insulted him and finding it difficult adjusting to the country\'s culture; asserting his Arab identity in London, he walked around Piccadilly wearing traditional Libyan robes.']","Gaddafi's father, Abu Meniar, earned a meager subsistence as a goat and camel herder.",goat and camel herder,76.0855998378247,1019.4370998069644
Which Libyan leader was protected by the Amazonian Guard in the 1980s?,"[""Starting in the 1980s, he travelled with his all-female Amazonian Guard, who were allegedly sworn to a life of celibacy. However, according to psychologist Seham Sergewa, after the civil war several of the guards told her they had been pressured into joining and raped by Gaddafi and senior officials. He hired several Ukrainian nurses to care for him and his family's health, and traveled everywhere with his trusted Ukrainian nurse Halyna Kolotnytska."", 'Muammar Muhammad Abu Minyar al-Gaddafi (Arabic: معمر محمد أبو منيار القذافي\u200e Arabic pronunciation: [muʕamar al.qaðaːfiː]; /ˈmoʊ.əmɑːr ɡəˈdɑːfi/;  audio (help·info); c.\u20091942 – 20 October 2011), commonly known as Colonel Gaddafi,[b] was a Libyan revolutionary, politician, and political theorist. He governed Libya as Revolutionary Chairman of the Libyan Arab Republic from 1969 to 1977 and then as the ""Brotherly Leader"" of the Great Socialist People\'s Libyan Arab Jamahiriya from 1977 to 2011. Initially ideologically committed to Arab nationalism and Arab socialism, he came to rule according to his own Third International Theory before embracing Pan-Africanism and serving as Chairperson of the African Union from 2009 to 2010.', ""In the immediate aftermath, Gaddafi retreated to the desert to meditate, while there were sporadic clashes between Gaddafists and army officers who wanted to overthrow the government. Although the U.S. was condemned internationally, Reagan received a popularity boost at home. Publicly lambasting U.S. imperialism, Gaddafi's reputation as an anti-imperialist was strengthened both domestically and across the Arab world, and in June 1986, he ordered the names of the month to be changed in Libya."", ""Following Anwar Sadat's ascension to the Egyptian presidency, Libya's relations with Egypt deteriorated. Sadat was perturbed by Gaddafi's unpredictability and insistence that Egypt required a cultural revolution. In February 1973, Israeli forces shot down Libyan Arab Airlines Flight 114, which had strayed from Egyptian airspace into Israeli-held territory during a sandstorm."", 'Ruling by decree, he implemented measures to remove what he viewed as foreign imperialist influence from Libya, and strengthened ties to Arab nationalist governments. Intent on pushing Libya towards ""Islamic socialism"", he introduced sharia as the basis for the legal system and nationalized the oil industry, using the increased revenues to bolster the military, implement social programs and fund revolutionary militants across the world. In 1973 he initiated a ""Popular Revolution"" with the formation of General People\'s Committees (GPCs), purported to be a system of direct democracy, but retained personal control over major decisions.']",Muammar al-Gaddafi was protected by his all-female Amazonian Guard in the 1980s.,Muammar Gaddafi,65.40580000728369,1010.226699989289
What is the nationality of the nurse associated professionally with Gaddafi?,"[""Starting in the 1980s, he travelled with his all-female Amazonian Guard, who were allegedly sworn to a life of celibacy. However, according to psychologist Seham Sergewa, after the civil war several of the guards told her they had been pressured into joining and raped by Gaddafi and senior officials. He hired several Ukrainian nurses to care for him and his family's health, and traveled everywhere with his trusted Ukrainian nurse Halyna Kolotnytska."", 'Muammar Muhammad Abu Minyar al-Gaddafi (Arabic: معمر محمد أبو منيار القذافي\u200e Arabic pronunciation: [muʕamar al.qaðaːfiː]; /ˈmoʊ.əmɑːr ɡəˈdɑːfi/;  audio (help·info); c.\u20091942 – 20 October 2011), commonly known as Colonel Gaddafi,[b] was a Libyan revolutionary, politician, and political theorist. He governed Libya as Revolutionary Chairman of the Libyan Arab Republic from 1969 to 1977 and then as the ""Brotherly Leader"" of the Great Socialist People\'s Libyan Arab Jamahiriya from 1977 to 2011. Initially ideologically committed to Arab nationalism and Arab socialism, he came to rule according to his own Third International Theory before embracing Pan-Africanism and serving as Chairperson of the African Union from 2009 to 2010.', ""Nomadic Bedouins, they were illiterate and kept no birth records. As such, Gaddafi's date of birth is not known with certainty, and sources have set it in 1942 or in the spring of 1943, although biographers Blundy and Lycett noted that it could have been pre-1940. His parents' only surviving son, he had three older sisters."", 'Muammar Gaddafi was born in a tent near Qasr Abu Hadi, a rural area outside the town of Sirte in the deserts of western Libya. His family came from a small, relatively un-influential tribal group called the Qadhadhfa, who were Arabized Berber in heritage. His father, Mohammad Abdul Salam bin Hamed bin Mohammad, was known as Abu Meniar (died 1985), and his mother was named Aisha (died 1978); Abu Meniar earned a meager subsistence as a goat and camel herder.', 'The Bovington signal course\'s director reported that Gaddafi successfully overcame problems learning English, displaying a firm command of voice procedure. Noting that Gaddafi\'s favourite hobbies were reading and playing football, he thought him an ""amusing officer, always cheerful, hard-working, and conscientious."" Gaddafi disliked England, claiming British Army officers racially insulted him and finding it difficult adjusting to the country\'s culture; asserting his Arab identity in London, he walked around Piccadilly wearing traditional Libyan robes.']","According to the text, Gaddafi's trusted nurse was Ukrainian.",Ukrainian,62.536400044336915,844.7557000909001
Which event involved protests from Tibet supporters and pro-Chinese demonstrators?,"['People demonstrated both for China and for Tibet. At least five people were arrested during the torch relay. Police said ""the five were arrested for interfering with the event under special powers enacted in the wake of massive protests against Chinese policy toward Tibet.""', ""In 1980, General Secretary and reformist Hu Yaobang visited Tibet and ushered in a period of social, political, and economic liberalization. At the end of the decade, however, analogously to the Tiananmen Square protests of 1989, monks in the Drepung and Sera monasteries started protesting for independence, and so the government halted reforms and started an anti-separatist campaign. Human rights organisations have been critical of the Beijing and Lhasa governments' approach to human rights in the region when cracking down on separatist convulsions that have occurred around monasteries and cities, most recently in the 2008 Tibetan unrest."", 'At one point, groups of Chinese students surrounded and intimidated pro-Tibet protesters. One person had to be pulled aboard a police launch when a group of pro-Chinese students looked like they might force him into the lake.', 'Just days before the relay supporters of Falun Gong demonstrated in front of the Chinese embassy in the Malaysian capital. As many as 1,000 personnel from the special police unit were expected to be deployed on the day of the relay. A Japanese family with Malaysian citizenship and their 5-year-old child who unfurled a Tibetan flag were hit by a group of Chinese nationals with plastic air-filled batons and heckled by a crowd of Chinese citizens during the confrontation at Independence Square where the relay began, and the Chinese group shouted: ""Taiwan and Tibet belong to China.""', 'India: Due to concerns about pro-Tibet protests, the relay through New Delhi on April 17 was cut to just 2.3 km (less than 1.5 miles), which was shared amongst 70 runners. It concluded at the India Gate. The event was peaceful due to the public not being allowed at the relay.']","The torch relay involved protests from both Tibet supporters and pro-Chinese demonstrators, with one incident even requiring police intervention to prevent a pro-Tibet protester from being forced into a lake.",Canberra torch relay,63.10490006580949,1107.5894001405686
Which athlete carried the torch for the final leg in Canberra?,"['But we have assurances that it will be done peacefully."". Also, Australia\'s ACT Chief Minister, Jon Stanhope confirmed that the Chinese embassy was closely involve to ensure that ""pro-China demonstrators vastly outnumbered Tibetan activists."" Australian freestyle swimmer and five-time Olympic gold medalist Ian Thorpe ended the Australian leg of the torch relay April 24, 2008, touching the flame to light a cauldron after a run that was only marginally marked by protests.', 'Up to 600 pro-Tibet protesters were expected to attend the relay, along with between 2,000 and 10,000 Chinese supporters. Taking note of the high number of Chinese supporters, Ted Quinlan, head of the Canberra torch relay committee, said: ""We didn\'t expect this reaction from the Chinese community. It is obviously a well-coordinated plan to take the day by weight of numbers.', ""Afterward, the torch traveled through Macau, passing by a number of landmarks including A-Ma Temple, Macau Tower, Ponte Governador Nobre de Carvalho, Ponte de Sai Van, Macau Cultural Centre, Macau Stadium and then back to the Fisherman's Wharf for the closing ceremony. Parts of the route near Ruins of St. Paul's and Taipa was shortened due to large crowds of supporters blocking narrow streets. A total of 120 torchbearers participated in this event including casino tycoon Stanley Ho."", 'Leong Hong Man and Leong Heng Teng were the first and last torchbearer in the relay respectively. An article published on Macao Daily News criticized that the list of the torchbearers could not fully represent the Macanese and that there were too many non-athletes among the torchbearers. ( some of whom had already been torchbearers of other sporting events)', 'Russia: On April 5 the Olympic torch arrived at Saint Petersburg, Russia. The length of the torch relay route in the city was 20 km, with the start at the Victory Square and finish at the Palace Square. Mixed martial arts icon and former PRIDE Heavyweight Champion Fedor Emelianenko was one the torch bearers.']","Ian Thorpe, an Australian freestyle swimmer, carried the torch for the final leg in Canberra.",Ian Thorpe,73.11869994737208,941.9237000402063
Which organization intended to ensure that Chinese supporters outweighed Tibet supporters?,"[""In 1980, General Secretary and reformist Hu Yaobang visited Tibet and ushered in a period of social, political, and economic liberalization. At the end of the decade, however, analogously to the Tiananmen Square protests of 1989, monks in the Drepung and Sera monasteries started protesting for independence, and so the government halted reforms and started an anti-separatist campaign. Human rights organisations have been critical of the Beijing and Lhasa governments' approach to human rights in the region when cracking down on separatist convulsions that have occurred around monasteries and cities, most recently in the 2008 Tibetan unrest."", 'At one point, groups of Chinese students surrounded and intimidated pro-Tibet protesters. One person had to be pulled aboard a police launch when a group of pro-Chinese students looked like they might force him into the lake.', 'Just days before the relay supporters of Falun Gong demonstrated in front of the Chinese embassy in the Malaysian capital. As many as 1,000 personnel from the special police unit were expected to be deployed on the day of the relay. A Japanese family with Malaysian citizenship and their 5-year-old child who unfurled a Tibetan flag were hit by a group of Chinese nationals with plastic air-filled batons and heckled by a crowd of Chinese citizens during the confrontation at Independence Square where the relay began, and the Chinese group shouted: ""Taiwan and Tibet belong to China.""', 'People demonstrated both for China and for Tibet. At least five people were arrested during the torch relay. Police said ""the five were arrested for interfering with the event under special powers enacted in the wake of massive protests against Chinese policy toward Tibet.""', ""Mao was concerned that the Americans would intervene but agreed to support the North Korean invasion. China desperately needed the economic and military aid promised by the Soviets. At that time, the Chinese were in the process of demobilizing half of the PLA's 5.6 million soldiers.""]","The context mentions groups of Chinese students surrounded and intimidated pro-Tibet protesters, suggesting they intended to outweigh the Tibet supporters.",the Chinese embassy,85.78369999304414,1049.848800059408
Who headed the Canberra torch relay committee during the protests?,"['Up to 600 pro-Tibet protesters were expected to attend the relay, along with between 2,000 and 10,000 Chinese supporters. Taking note of the high number of Chinese supporters, Ted Quinlan, head of the Canberra torch relay committee, said: ""We didn\'t expect this reaction from the Chinese community. It is obviously a well-coordinated plan to take the day by weight of numbers.', 'But we have assurances that it will be done peacefully."". Also, Australia\'s ACT Chief Minister, Jon Stanhope confirmed that the Chinese embassy was closely involve to ensure that ""pro-China demonstrators vastly outnumbered Tibetan activists."" Australian freestyle swimmer and five-time Olympic gold medalist Ian Thorpe ended the Australian leg of the torch relay April 24, 2008, touching the flame to light a cauldron after a run that was only marginally marked by protests.', 'Great Britain: The torch relay leg held in London, the host city of the 2012 Summer Olympics, on April 6 began at Wembley Stadium, passed through the City of London, and eventually ended at O2 Arena in the eastern part of the city. The 48 km (30 mi) leg took a total of seven and a half hours to complete, and attracted protests by pro-Tibetan independence and pro-Human Rights supporters, prompting changes to the planned route and an unscheduled move onto a bus, which was then briefly halted by protestors. Home Secretary Jacqui Smith has officially complained to Beijing Organising Committee about the conduct of the tracksuit-clad Chinese security guards.', 'The attacks on the torch in London and Paris were described as ""despicable"" by the Chinese government, condemning them as ""deliberate disruptions... who gave no thought to the Olympic spirit or the laws of Britain and France"" and who ""tarnish the lofty Olympic spirit"", and vowed they would continue with the relay and not allow the protests to ""impede the Olympic spirit"". Large-scale counter-protests by overseas Chinese and foreign-based Chinese nationals became prevalent in later segments of the relay. In San Francisco, the number of supporters were much more than the number of protesters, and in Australia, Japan, South Korea, the counter-protesters overwhelmed the protesters.', 'Turkey: The torch relay leg in Istanbul, held on April 3, started on Sultanahmet Square and finished in Taksim Square. Uyghurs living in Turkey protested at Chinese treatment of their compatriots living in Xinjiang. Several protesters who tried to disrupt the relay were promptly arrested by the police.']",Ted Quinlan headed the Canberra torch relay committee.,Ted Quinlan,65.29489997774363,724.9471000395715
"Which event expected between 2,000 and 10,000 Chinese supporters?","['Up to 600 pro-Tibet protesters were expected to attend the relay, along with between 2,000 and 10,000 Chinese supporters. Taking note of the high number of Chinese supporters, Ted Quinlan, head of the Canberra torch relay committee, said: ""We didn\'t expect this reaction from the Chinese community. It is obviously a well-coordinated plan to take the day by weight of numbers.', ""The event was held in the streets around the city main's stadium. The cancelling of the relay through the city itself was decided due to security concerns and at the request of the Chinese embassy. Only invitees and journalists were admitted inside the stadium."", 'The attacks on the torch in London and Paris were described as ""despicable"" by the Chinese government, condemning them as ""deliberate disruptions... who gave no thought to the Olympic spirit or the laws of Britain and France"" and who ""tarnish the lofty Olympic spirit"", and vowed they would continue with the relay and not allow the protests to ""impede the Olympic spirit"". Large-scale counter-protests by overseas Chinese and foreign-based Chinese nationals became prevalent in later segments of the relay. In San Francisco, the number of supporters were much more than the number of protesters, and in Australia, Japan, South Korea, the counter-protesters overwhelmed the protesters.', 'Just days before the relay supporters of Falun Gong demonstrated in front of the Chinese embassy in the Malaysian capital. As many as 1,000 personnel from the special police unit were expected to be deployed on the day of the relay. A Japanese family with Malaysian citizenship and their 5-year-old child who unfurled a Tibetan flag were hit by a group of Chinese nationals with plastic air-filled batons and heckled by a crowd of Chinese citizens during the confrontation at Independence Square where the relay began, and the Chinese group shouted: ""Taiwan and Tibet belong to China.""', 'People demonstrated both for China and for Tibet. At least five people were arrested during the torch relay. Police said ""the five were arrested for interfering with the event under special powers enacted in the wake of massive protests against Chinese policy toward Tibet.""']","The Canberra torch relay was expected to have between 2,000 and 10,000 Chinese supporters.",Canberra torch relay,70.48620004206896,1130.62660000287
What ecological structure changes when a new apex predator enters an area?,"['Predators may increase the biodiversity of communities by preventing a single species from becoming dominant. Such predators are known as keystone species and may have a profound influence on the balance of organisms in a particular ecosystem. Introduction or removal of this predator, or changes in its population density, can have drastic cascading effects on the equilibrium of many other populations in the ecosystem.', 'A predator at the top of any food chain (that is, one that is preyed upon by no organism) is called an apex predator; examples include the orca, sperm whale, anaconda, Komodo dragon, tiger, lion, tiger shark, Nile crocodile, and most eagles and owls—and even omnivorous humans and grizzly bears. An apex predator in one environment may not retain this position as a top predator if introduced to another habitat, such as a dog among alligators, a skunk in the presence of the great horned owl immune to skunk spray, or a snapping turtle among jaguars; a predatory species introduced into an area where it faces no predators, such as a domestic cat or a dog in some insular environments, can become an apex predator by default.', 'Some environmentalists assert[who?] that (re)introducing predators would achieve the same end with greater efficiency and less negative effect, such as introducing significant amounts of free lead into the environment and food chain.', ""In an ecosystem, predation is a biological interaction where a predator (an organism that is hunting) feeds on its prey (the organism that is attacked). Predators may or may not kill their prey prior to feeding on them, but the act of predation often results in the death of the prey and the eventual absorption of the prey's tissue through consumption. Thus predation is often, though not always, carnivory."", ""Predators are often another organism's prey, and likewise prey are often predators. Though blue jays prey on insects, they may in turn be prey for cats and snakes, and snakes may be the prey of hawks. One way of classifying predators is by trophic level.""]","According to the text, the introduction of an apex predator can cause drastic cascading effects on the equilibrium of many other populations in the ecosystem.",trophic pyramid,63.185299979522824,971.245399909094
What is the top predator in an ecosystem called?,"['A predator at the top of any food chain (that is, one that is preyed upon by no organism) is called an apex predator; examples include the orca, sperm whale, anaconda, Komodo dragon, tiger, lion, tiger shark, Nile crocodile, and most eagles and owls—and even omnivorous humans and grizzly bears. An apex predator in one environment may not retain this position as a top predator if introduced to another habitat, such as a dog among alligators, a skunk in the presence of the great horned owl immune to skunk spray, or a snapping turtle among jaguars; a predatory species introduced into an area where it faces no predators, such as a domestic cat or a dog in some insular environments, can become an apex predator by default.', 'Predators may increase the biodiversity of communities by preventing a single species from becoming dominant. Such predators are known as keystone species and may have a profound influence on the balance of organisms in a particular ecosystem. Introduction or removal of this predator, or changes in its population density, can have drastic cascading effects on the equilibrium of many other populations in the ecosystem.', 'Organisms that feed on autotrophs, the producers of the trophic pyramid, are known as herbivores or primary consumers; those that feed on heterotrophs such as animals are known as secondary consumers. Secondary consumers are a type of carnivore, but there are also tertiary consumers eating these carnivores, quartary consumers eating them, and so forth. Because only a fraction of energy is passed on to the next level, this hierarchy of predation must end somewhere, and very seldom goes higher than five or six levels, and may go only as high as three trophic levels (for example, a lion that preys upon large herbivores such as wildebeest, which in turn eat grasses).', ""Predators are often another organism's prey, and likewise prey are often predators. Though blue jays prey on insects, they may in turn be prey for cats and snakes, and snakes may be the prey of hawks. One way of classifying predators is by trophic level."", ""In an ecosystem, predation is a biological interaction where a predator (an organism that is hunting) feeds on its prey (the organism that is attacked). Predators may or may not kill their prey prior to feeding on them, but the act of predation often results in the death of the prey and the eventual absorption of the prey's tissue through consumption. Thus predation is often, though not always, carnivory.""]",A predator at the top of any food chain is called an apex predator.,apex predator,57.60090006515384,829.1748999617994
What limits the size of a trophic pyramid containing apex predators?,"['Organisms that feed on autotrophs, the producers of the trophic pyramid, are known as herbivores or primary consumers; those that feed on heterotrophs such as animals are known as secondary consumers. Secondary consumers are a type of carnivore, but there are also tertiary consumers eating these carnivores, quartary consumers eating them, and so forth. Because only a fraction of energy is passed on to the next level, this hierarchy of predation must end somewhere, and very seldom goes higher than five or six levels, and may go only as high as three trophic levels (for example, a lion that preys upon large herbivores such as wildebeest, which in turn eat grasses).', 'A predator at the top of any food chain (that is, one that is preyed upon by no organism) is called an apex predator; examples include the orca, sperm whale, anaconda, Komodo dragon, tiger, lion, tiger shark, Nile crocodile, and most eagles and owls—and even omnivorous humans and grizzly bears. An apex predator in one environment may not retain this position as a top predator if introduced to another habitat, such as a dog among alligators, a skunk in the presence of the great horned owl immune to skunk spray, or a snapping turtle among jaguars; a predatory species introduced into an area where it faces no predators, such as a domestic cat or a dog in some insular environments, can become an apex predator by default.', 'Predators may increase the biodiversity of communities by preventing a single species from becoming dominant. Such predators are known as keystone species and may have a profound influence on the balance of organisms in a particular ecosystem. Introduction or removal of this predator, or changes in its population density, can have drastic cascading effects on the equilibrium of many other populations in the ecosystem.', ""Predators are often another organism's prey, and likewise prey are often predators. Though blue jays prey on insects, they may in turn be prey for cats and snakes, and snakes may be the prey of hawks. One way of classifying predators is by trophic level."", ""Social predation offers the possibility of predators to kill creatures larger than those that members of the species could overpower singly. Lions, hyenas, wolves, dholes, African wild dogs, and piranhas can kill large herbivores that single animals of the same species usually don't dispatch. Social predation allows some animals to organize hunts of creatures that would easily escape a single predator; thus chimpanzees can prey upon colobus monkeys, and Harris's hawks can cut off all possible escapes for a doomed rabbit.""]","The hierarchy of predation must end somewhere because only a fraction of energy is passed on to the next level, and very seldom goes higher than five or six levels.",energy,58.629299979656935,1179.5930999796838
Which organisms feed directly on autotrophs in a trophic pyramid?,"['Organisms that feed on autotrophs, the producers of the trophic pyramid, are known as herbivores or primary consumers; those that feed on heterotrophs such as animals are known as secondary consumers. Secondary consumers are a type of carnivore, but there are also tertiary consumers eating these carnivores, quartary consumers eating them, and so forth. Because only a fraction of energy is passed on to the next level, this hierarchy of predation must end somewhere, and very seldom goes higher than five or six levels, and may go only as high as three trophic levels (for example, a lion that preys upon large herbivores such as wildebeest, which in turn eat grasses).', 'Their cells are differentiated, but in most cases not organized into distinct tissues. Sponges typically feed by drawing in water through pores. However, a series of phylogenomic studies from 2008-2015 have found support for Ctenophora, or comb jellies, as the basal lineage of animals.', 'The Ecdysozoa are protostomes, named after the common trait of growth by moulting or ecdysis. The largest animal phylum belongs here, the Arthropoda, including insects, spiders, crabs, and their kin. All these organisms have a body divided into repeating segments, typically with paired appendages.', 'Other categories of consumption are herbivory (eating parts of plants), fungivory (eating parts of fungi), and detritivory (the consumption of dead organic material (detritus)). All these consumption categories fall under the rubric of consumer-resource systems. It can often be difficult to separate various types of feeding behaviors.', 'A predator at the top of any food chain (that is, one that is preyed upon by no organism) is called an apex predator; examples include the orca, sperm whale, anaconda, Komodo dragon, tiger, lion, tiger shark, Nile crocodile, and most eagles and owls—and even omnivorous humans and grizzly bears. An apex predator in one environment may not retain this position as a top predator if introduced to another habitat, such as a dog among alligators, a skunk in the presence of the great horned owl immune to skunk spray, or a snapping turtle among jaguars; a predatory species introduced into an area where it faces no predators, such as a domestic cat or a dog in some insular environments, can become an apex predator by default.']",Organisms that feed directly on autotrophs in a trophic pyramid are known as herbivores or primary consumers.,primary consumers,70.81279996782541,925.8785001002252
What type of consumer feeds on heterotrophs?,"['Organisms that feed on autotrophs, the producers of the trophic pyramid, are known as herbivores or primary consumers; those that feed on heterotrophs such as animals are known as secondary consumers. Secondary consumers are a type of carnivore, but there are also tertiary consumers eating these carnivores, quartary consumers eating them, and so forth. Because only a fraction of energy is passed on to the next level, this hierarchy of predation must end somewhere, and very seldom goes higher than five or six levels, and may go only as high as three trophic levels (for example, a lion that preys upon large herbivores such as wildebeest, which in turn eat grasses).', 'Other categories of consumption are herbivory (eating parts of plants), fungivory (eating parts of fungi), and detritivory (the consumption of dead organic material (detritus)). All these consumption categories fall under the rubric of consumer-resource systems. It can often be difficult to separate various types of feeding behaviors.', 'In some cultures, insects, especially deep-fried cicadas, are considered to be delicacies, while in other places they form part of the normal diet. Insects have a high protein content for their mass, and some authors suggest their potential as a major source of protein in human nutrition.:10–13 In most first-world countries, however, entomophagy (the eating of insects), is taboo. Since it is impossible to entirely eliminate pest insects from the human food chain, insects are inadvertently present in many foods, especially grains.', 'Earthworms are Oligochaetes that support terrestrial food chains both as prey and in some regions are important in aeration and enriching of soil. The burrowing of marine polychaetes, which may constitute up to a third of all species in near-shore environments, encourages the development of ecosystems by enabling water and oxygen to penetrate the sea floor. In addition to improving soil fertility, annelids serve humans as food and as bait.', 'For example, some parasitic species prey on a host organism and then lay their eggs on it for their offspring to feed on it while it continues to live in or on its decaying corpse after it has died. The key characteristic of predation however is the predator\'s direct impact on the prey population. On the other hand, detritivores simply eat dead organic material arising from the decay of dead individuals and have no direct impact on the ""donor"" organism(s).']",Secondary consumers feed on heterotrophs such as animals.,secondary consumer,63.559799920767546,801.7033999785781
Which English king had a wine cellar beneath the Palace of Whitehall?,"[""Henry VIII's wine cellar at the Palace of Whitehall, built in 1514–1516 for Cardinal Wolsey, is in the basement of Main Building, and is used for entertainment. The entire vaulted brick structure of the cellar was encased in steel and concrete and relocated nine feet to the west and nearly 19 feet (5.8 m) deeper in 1949, when construction was resumed at the site after World War II. This was carried out without any significant damage to the structure."", ""Investitures, which include the conferring of knighthoods by dubbing with a sword, and other awards take place in the palace's Ballroom, built in 1854. At 36.6 m (120 ft) long, 18 m (59 ft) wide and 13.5 m (44 ft) high, it is the largest room in the palace. It has replaced the throne room in importance and use."", 'Westminster Abbey, formally titled the Collegiate Church of St Peter at Westminster, is a large, mainly Gothic abbey church in the City of Westminster, London, located just to the west of the Palace of Westminster. It is one of the most notable religious buildings in the United Kingdom and has been the traditional place of coronation and burial site for English and, later, British monarchs. Between 1540 and 1556 the abbey had the status of a cathedral.', ""The house which forms the architectural core of the palace was built for the first Duke of Buckingham and Normanby in 1703 to the design of William Winde. The style chosen was of a large, three-floored central block with two smaller flanking service wings. Buckingham House was eventually sold by Buckingham's descendant, Sir Charles Sheffield, in 1761 to George III for £21,000."", 'Since 1560, however, the building is no longer an abbey nor a cathedral, having instead the status of a Church of England ""Royal Peculiar""—a church responsible directly to the sovereign. The building itself is the original abbey church.']",Henry VIII had a wine cellar beneath the Palace of Whitehall.,Henry VIII,70.54449990391731,744.6153999771923
What material was used to build Henry VIII's cellar beneath Main Building?,"[""Henry VIII's wine cellar at the Palace of Whitehall, built in 1514–1516 for Cardinal Wolsey, is in the basement of Main Building, and is used for entertainment. The entire vaulted brick structure of the cellar was encased in steel and concrete and relocated nine feet to the west and nearly 19 feet (5.8 m) deeper in 1949, when construction was resumed at the site after World War II. This was carried out without any significant damage to the structure."", 'The construction of cathedrals and castles advanced building technology, leading to the development of large stone buildings. Ancillary structures included new town halls, houses, bridges, and tithe barns. Shipbuilding improved with the use of the rib and plank method rather than the old Roman system of mortise and tenon.', 'On the wharfs storage facilities (werfkelders) were built, on top of which the main street, including houses was constructed. The wharfs and the cellars are accessible from a platform at water level with stairs descending from the street level to form a unique structure.[nb 2] The relations between the bishop, who controlled many lands outside of the city, and the citizens of Utrecht was not always easy. The bishop, for example dammed the Kromme Rijn at Wijk bij Duurstede to protect his estates from flooding.', ""Stone and brick became the city's building materials of choice after the construction of wood-frame houses was limited in the aftermath of the Great Fire of 1835. A distinctive feature of many of the city's buildings is the wooden roof-mounted water towers. In the 1800s, the city required their installation on buildings higher than six stories to prevent the need for excessively high water pressures at lower elevations, which could break municipal water pipes."", 'It was provided with a door which turned on a hinge, and could be opened with a sort of key; the city gate was on a larger scale, and seems to have been double. The foundation stones — or rather bricks — of a house were consecrated by certain objects that were deposited under them.""']",Henry VIII's wine cellar was built with a vaulted brick structure.,brick,72.31199997477233,828.0309999827296
Between which years was Henry VIII's wine cellar constructed?,"[""Henry VIII's wine cellar at the Palace of Whitehall, built in 1514–1516 for Cardinal Wolsey, is in the basement of Main Building, and is used for entertainment. The entire vaulted brick structure of the cellar was encased in steel and concrete and relocated nine feet to the west and nearly 19 feet (5.8 m) deeper in 1949, when construction was resumed at the site after World War II. This was carried out without any significant damage to the structure."", ""Investitures, which include the conferring of knighthoods by dubbing with a sword, and other awards take place in the palace's Ballroom, built in 1854. At 36.6 m (120 ft) long, 18 m (59 ft) wide and 13.5 m (44 ft) high, it is the largest room in the palace. It has replaced the throne room in importance and use."", 'Their sailing vessels were called pirate ships by Henry of Latvia in his Latin chronicles written at the beginning of the 13th century.', 'The relations between the descendants of Vikings in England and counterparts in Normandy, in northern France, lay at the heart of a series of events that led to the Norman conquest of England in 1066. The remnants of the Duchy of Normandy, which conquered England, remain associated to the English Crown as the Channel Islands to this day. A century later the marriage of the future Henry II of England to Eleanor of Aquitaine created the Angevin Empire, partially under the French Crown.', ""After losing the Hundred Years' War, England went on to suffer a long civil war known as the Wars of the Roses, which lasted into the 1490s and only ended when Henry Tudor (r. 1485–1509 as Henry VII) became king and consolidated power with his victory over Richard III (r. 1483–85) at Bosworth in 1485. In Scandinavia, Margaret I of Denmark (r. in Denmark 1387–1412) consolidated Norway, Denmark, and Sweden in the Union of Kalmar, which continued until 1523. The major power around the Baltic Sea was the Hanseatic League, a commercial confederation of city states that traded from Western Europe to Russia.""]",Henry VIII's wine cellar was constructed between 1514 and 1516.,1514–1516,62.88319989107549,1033.6889000609517
When was the cellar built for Henry VIII relocated?,"[""Henry VIII's wine cellar at the Palace of Whitehall, built in 1514–1516 for Cardinal Wolsey, is in the basement of Main Building, and is used for entertainment. The entire vaulted brick structure of the cellar was encased in steel and concrete and relocated nine feet to the west and nearly 19 feet (5.8 m) deeper in 1949, when construction was resumed at the site after World War II. This was carried out without any significant damage to the structure."", ""Investitures, which include the conferring of knighthoods by dubbing with a sword, and other awards take place in the palace's Ballroom, built in 1854. At 36.6 m (120 ft) long, 18 m (59 ft) wide and 13.5 m (44 ft) high, it is the largest room in the palace. It has replaced the throne room in importance and use."", 'On the wharfs storage facilities (werfkelders) were built, on top of which the main street, including houses was constructed. The wharfs and the cellars are accessible from a platform at water level with stairs descending from the street level to form a unique structure.[nb 2] The relations between the bishop, who controlled many lands outside of the city, and the citizens of Utrecht was not always easy. The bishop, for example dammed the Kromme Rijn at Wijk bij Duurstede to protect his estates from flooding.', 'Westminster Abbey, formally titled the Collegiate Church of St Peter at Westminster, is a large, mainly Gothic abbey church in the City of Westminster, London, located just to the west of the Palace of Westminster. It is one of the most notable religious buildings in the United Kingdom and has been the traditional place of coronation and burial site for English and, later, British monarchs. Between 1540 and 1556 the abbey had the status of a cathedral.', 'The relations between the descendants of Vikings in England and counterparts in Normandy, in northern France, lay at the heart of a series of events that led to the Norman conquest of England in 1066. The remnants of the Duchy of Normandy, which conquered England, remain associated to the English Crown as the Channel Islands to this day. A century later the marriage of the future Henry II of England to Eleanor of Aquitaine created the Angevin Empire, partially under the French Crown.']",The cellar for Henry VIII was relocated in 1949.,1949,58.22349991649389,924.618799937889
Where was Henry VIII's wine cellar located before relocation?,"[""Henry VIII's wine cellar at the Palace of Whitehall, built in 1514–1516 for Cardinal Wolsey, is in the basement of Main Building, and is used for entertainment. The entire vaulted brick structure of the cellar was encased in steel and concrete and relocated nine feet to the west and nearly 19 feet (5.8 m) deeper in 1949, when construction was resumed at the site after World War II. This was carried out without any significant damage to the structure."", ""Investitures, which include the conferring of knighthoods by dubbing with a sword, and other awards take place in the palace's Ballroom, built in 1854. At 36.6 m (120 ft) long, 18 m (59 ft) wide and 13.5 m (44 ft) high, it is the largest room in the palace. It has replaced the throne room in importance and use."", 'Westminster Abbey, formally titled the Collegiate Church of St Peter at Westminster, is a large, mainly Gothic abbey church in the City of Westminster, London, located just to the west of the Palace of Westminster. It is one of the most notable religious buildings in the United Kingdom and has been the traditional place of coronation and burial site for English and, later, British monarchs. Between 1540 and 1556 the abbey had the status of a cathedral.', 'On the wharfs storage facilities (werfkelders) were built, on top of which the main street, including houses was constructed. The wharfs and the cellars are accessible from a platform at water level with stairs descending from the street level to form a unique structure.[nb 2] The relations between the bishop, who controlled many lands outside of the city, and the citizens of Utrecht was not always easy. The bishop, for example dammed the Kromme Rijn at Wijk bij Duurstede to protect his estates from flooding.', 'The relations between the descendants of Vikings in England and counterparts in Normandy, in northern France, lay at the heart of a series of events that led to the Norman conquest of England in 1066. The remnants of the Duchy of Normandy, which conquered England, remain associated to the English Crown as the Channel Islands to this day. A century later the marriage of the future Henry II of England to Eleanor of Aquitaine created the Angevin Empire, partially under the French Crown.']",Henry VIII's wine cellar was originally in the basement of Main Building at the Palace of Whitehall.,the basement of Main Building,63.01170005463064,863.5761002078652
Which mountain is the highest in the Alps that stretch across Europe?,"['The Alps (/ælps/; Italian: Alpi [ˈalpi]; French: Alpes [alp]; German: Alpen [ˈʔalpm̩]; Slovene: Alpe [ˈáːlpɛ]) are the highest and most extensive mountain range system that lies entirely in Europe, stretching approximately 1,200 kilometres (750 mi) across eight Alpine countries: Austria, France, Germany, Italy, Liechtenstein, Monaco, Slovenia, and Switzerland. The Caucasus Mountains are higher, and the Urals longer, but both lie partly in Asia. The mountains were formed over tens of millions of years as the African and Eurasian tectonic plates collided.', 'The highest peaks of the Western Alps and Eastern Alps, respectively, are Mont Blanc, at 4,810 m (15,780 ft) and Piz Bernina at 4,049 metres (13,284 ft). The second-highest major peaks are Monte Rosa at 4,634 m (15,200 ft) and Ortler at 3,905 m (12,810 ft), respectively', ""48 of Switzerland's mountains are 4,000 metres (13,000 ft) above sea in altitude or higher. At 4,634 m (15,203 ft), Monte Rosa is the highest, although the Matterhorn (4,478 m or 14,692 ft) is often regarded as the most famous. Both are located within the Pennine Alps in the canton of Valais."", 'Extreme shortening caused by the event resulted in marine sedimentary rocks rising by thrusting and folding into high mountain peaks such as Mont Blanc and the Matterhorn. Mont Blanc spans the French–Italian border, and at 4,810 m (15,781 ft) is the highest mountain in the Alps. The Alpine region area contains about a hundred peaks higher than 4,000 m (13,123 ft), known as the ""four-thousanders"".', ""The region is serviced by 4,200 km (2,600 mi) of roads used by 6 million vehicles. Train travel is well established in the Alps, with, for instance 120 km (75 mi) of track for every 1,000 km2 (390 sq mi) in a country such as Switzerland. Most of Europe's highest railways are located there.""]","The highest mountain in the Alps is Mont Blanc, standing at 4,810 m (15,781 ft).",Mont Blanc,71.35390001349151,1161.3465000409633
Approximately how far do the Alps extend across Europe?,"['The Alps (/ælps/; Italian: Alpi [ˈalpi]; French: Alpes [alp]; German: Alpen [ˈʔalpm̩]; Slovene: Alpe [ˈáːlpɛ]) are the highest and most extensive mountain range system that lies entirely in Europe, stretching approximately 1,200 kilometres (750 mi) across eight Alpine countries: Austria, France, Germany, Italy, Liechtenstein, Monaco, Slovenia, and Switzerland. The Caucasus Mountains are higher, and the Urals longer, but both lie partly in Asia. The mountains were formed over tens of millions of years as the African and Eurasian tectonic plates collided.', ""The region is serviced by 4,200 km (2,600 mi) of roads used by 6 million vehicles. Train travel is well established in the Alps, with, for instance 120 km (75 mi) of track for every 1,000 km2 (390 sq mi) in a country such as Switzerland. Most of Europe's highest railways are located there."", 'Extreme shortening caused by the event resulted in marine sedimentary rocks rising by thrusting and folding into high mountain peaks such as Mont Blanc and the Matterhorn. Mont Blanc spans the French–Italian border, and at 4,810 m (15,781 ft) is the highest mountain in the Alps. The Alpine region area contains about a hundred peaks higher than 4,000 m (13,123 ft), known as the ""four-thousanders"".', ""48 of Switzerland's mountains are 4,000 metres (13,000 ft) above sea in altitude or higher. At 4,634 m (15,203 ft), Monte Rosa is the highest, although the Matterhorn (4,478 m or 14,692 ft) is often regarded as the most famous. Both are located within the Pennine Alps in the canton of Valais."", ""At present the Alps are one of the more popular tourist destinations in the world with many resorts such Oberstdorf, in Bavaria, Saalbach in Austria, Davos in Switzerland, Chamonix in France, and Cortina d'Ampezzo in Italy recording more than a million annual visitors. With over 120 million visitors a year tourism is integral to the Alpine economy with much it coming from winter sports although summer visitors are an important component of the tourism industry.""]","The Alps stretch approximately 1,200 kilometres (750 mi) across Europe.","1,200 kilometres",57.60479997843504,952.3189999163151
"What nickname is used for the Alpine region containing peaks over 4,000 meters?","['Extreme shortening caused by the event resulted in marine sedimentary rocks rising by thrusting and folding into high mountain peaks such as Mont Blanc and the Matterhorn. Mont Blanc spans the French–Italian border, and at 4,810 m (15,781 ft) is the highest mountain in the Alps. The Alpine region area contains about a hundred peaks higher than 4,000 m (13,123 ft), known as the ""four-thousanders"".', 'The Alps (/ælps/; Italian: Alpi [ˈalpi]; French: Alpes [alp]; German: Alpen [ˈʔalpm̩]; Slovene: Alpe [ˈáːlpɛ]) are the highest and most extensive mountain range system that lies entirely in Europe, stretching approximately 1,200 kilometres (750 mi) across eight Alpine countries: Austria, France, Germany, Italy, Liechtenstein, Monaco, Slovenia, and Switzerland. The Caucasus Mountains are higher, and the Urals longer, but both lie partly in Asia. The mountains were formed over tens of millions of years as the African and Eurasian tectonic plates collided.', ""48 of Switzerland's mountains are 4,000 metres (13,000 ft) above sea in altitude or higher. At 4,634 m (15,203 ft), Monte Rosa is the highest, although the Matterhorn (4,478 m or 14,692 ft) is often regarded as the most famous. Both are located within the Pennine Alps in the canton of Valais."", 'The highest peaks of the Western Alps and Eastern Alps, respectively, are Mont Blanc, at 4,810 m (15,780 ft) and Piz Bernina at 4,049 metres (13,284 ft). The second-highest major peaks are Monte Rosa at 4,634 m (15,200 ft) and Ortler at 3,905 m (12,810 ft), respectively', 'The section of the Bernese Alps above the deep glacial Lauterbrunnen valley, containing 72 waterfalls, is well known for the Jungfrau (4,158 m or 13,642 ft) Eiger and Mönch, and the many picturesque valleys in the region. In the southeast the long Engadin Valley, encompassing the St. Moritz area in canton of Graubünden, is also well known; the highest peak in the neighbouring Bernina Alps is Piz Bernina (4,049 m or 13,284 ft).']","The Alpine region area contains about a hundred peaks higher than 4,000 m (13,123 ft), known as the ""four-thousanders"".",the four-thousanders,79.92679998278618,1228.083400055766
Over what timescale did the Alps form?,"['The formation of the Alps (the Alpine orogeny) was an episodic process that began about 300 million years ago. In the Paleozoic Era the Pangaean supercontinent consisted of a single tectonic plate; it broke into separate plates during the Mesozoic Era and the Tethys sea developed between Laurasia and Gondwana during the Jurassic Period. The Tethys was later squeezed between colliding plates causing the formation of mountain ranges called the Alpide belt, from Gibraltar through the Himalayas to Indonesia—a process that began at the end of the Mesozoic and continues into the present.', 'The Alps (/ælps/; Italian: Alpi [ˈalpi]; French: Alpes [alp]; German: Alpen [ˈʔalpm̩]; Slovene: Alpe [ˈáːlpɛ]) are the highest and most extensive mountain range system that lies entirely in Europe, stretching approximately 1,200 kilometres (750 mi) across eight Alpine countries: Austria, France, Germany, Italy, Liechtenstein, Monaco, Slovenia, and Switzerland. The Caucasus Mountains are higher, and the Urals longer, but both lie partly in Asia. The mountains were formed over tens of millions of years as the African and Eurasian tectonic plates collided.', 'The formation of the Alps was a segment of this orogenic process, caused by the collision between the African and the Eurasian plates that began in the late Cretaceous Period.', 'Extreme shortening caused by the event resulted in marine sedimentary rocks rising by thrusting and folding into high mountain peaks such as Mont Blanc and the Matterhorn. Mont Blanc spans the French–Italian border, and at 4,810 m (15,781 ft) is the highest mountain in the Alps. The Alpine region area contains about a hundred peaks higher than 4,000 m (13,123 ft), known as the ""four-thousanders"".', 'In the Miocene Epoch the mountains underwent severe erosion because of glaciation, which was noted in the mid-19th century by naturalist Louis Agassiz who presented a paper proclaiming the Alps were covered in ice at various intervals—a theory he formed when studying rocks near his Neuchâtel home which he believed originated to the west in the Bernese Oberland. Because of his work he came to be known as the ""father of the ice-age concept"" although other naturalists before him put forth similar ideas.']",The Alps were formed over tens of millions of years as the African and Eurasian tectonic plates collided.,tens of millions of years,72.49119994230568,935.0854000076652
Which continent contains the mountain range known for Mont Blanc?,"['The Alps (/ælps/; Italian: Alpi [ˈalpi]; French: Alpes [alp]; German: Alpen [ˈʔalpm̩]; Slovene: Alpe [ˈáːlpɛ]) are the highest and most extensive mountain range system that lies entirely in Europe, stretching approximately 1,200 kilometres (750 mi) across eight Alpine countries: Austria, France, Germany, Italy, Liechtenstein, Monaco, Slovenia, and Switzerland. The Caucasus Mountains are higher, and the Urals longer, but both lie partly in Asia. The mountains were formed over tens of millions of years as the African and Eurasian tectonic plates collided.', 'Extreme shortening caused by the event resulted in marine sedimentary rocks rising by thrusting and folding into high mountain peaks such as Mont Blanc and the Matterhorn. Mont Blanc spans the French–Italian border, and at 4,810 m (15,781 ft) is the highest mountain in the Alps. The Alpine region area contains about a hundred peaks higher than 4,000 m (13,123 ft), known as the ""four-thousanders"".', ""48 of Switzerland's mountains are 4,000 metres (13,000 ft) above sea in altitude or higher. At 4,634 m (15,203 ft), Monte Rosa is the highest, although the Matterhorn (4,478 m or 14,692 ft) is often regarded as the most famous. Both are located within the Pennine Alps in the canton of Valais."", 'The highest peaks of the Western Alps and Eastern Alps, respectively, are Mont Blanc, at 4,810 m (15,780 ft) and Piz Bernina at 4,049 metres (13,284 ft). The second-highest major peaks are Monte Rosa at 4,634 m (15,200 ft) and Ortler at 3,905 m (12,810 ft), respectively', 'The east coast Appalachian system, originally forest covered, is relatively low and narrow and is bordered on the southeast and south by an important coastal plain. The Cordilleran system on the western side of the continent is lofty, broad and complicated having two branches, the Rocky Mountain System and the Pacific Mountain System. In between these mountain systems lie the Intermontaine Plateaus.']","The Alps are located entirely in Europe, which is where you'll find the mountain range known for Mont Blanc.",Europe,69.88009996712208,1010.2138998918235
What organization collaborated with Wikimedia through a Wikiproject in 2011?,"['In 2011 the National Archives initiated a Wikiproject on the English Wikipedia to expand collaboration in making its holdings widely available through Wikimedia.', 'Over the past two years,[clarification needed] dozens of rights-holders, including Sony Music, have sent complaints about Wikipedia.org directly to Google to have content removed.', 'Organization has reached global level. For example, the World Council of Anthropological Associations (WCAA), ""a network of national, regional and international associations that aims to promote worldwide communication and cooperation in anthropology"", currently contains members from about three dozen nations.', 'The foundation was the biggest early backer of the Common Core State Standards Initiative.', 'As part of its education-related initiatives, the foundation has funded journalists, think tanks, lobbying organizations and governments. Millions of dollars of grants to news organizations have funded reporting on education and higher education, including more than $1.4 million to the Education Writers Association to fund training for journalists who cover education. While some critics have feared the foundation for directing the conversation on education or pushing its point of view through news coverage, the foundation has said it lists all its grants publicly and does not enforce any rules for content among its grantees, who have editorial independence.']",The National Archives collaborated with Wikimedia through a Wikiproject on the English Wikipedia in 2011.,National Archives,85.65889997407794,893.7899000011384
What was the purpose of the National Archives Wikiproject?,"['In 2011 the National Archives initiated a Wikiproject on the English Wikipedia to expand collaboration in making its holdings widely available through Wikimedia.', 'To overcome inconsistencies in partially cached web sites, Archive-It.org was developed in 2005 by the Internet Archive as a means of allowing institutions and content creators to voluntarily harvest and preserve collections of digital content, and create digital archives.', ""Archival descriptions of the permanent holdings of the federal government in the custody of NARA are stored in Archival Research Catalog (ARC). The archival descriptions include information on traditional paper holdings, electronic records, and artifacts. As of December 2012, the catalog consisted of about 10 billion logical data records describing 527,000 artifacts and encompassing 81% of NARA's records."", 'The first Archivist, R.D.W. Connor, began serving in 1934, when the National Archives was established by Congress. As a result of a first Hoover Commission recommendation, in 1949 the National Archives was placed within the newly formed General Services Administration (GSA). The Archivist served as a subordinate official to the GSA Administrator until the National Archives and Records Administration became an independent agency on April 1, 1985.', 'In 1996 Brewster Kahle, with Bruce Gilliat, developed software to crawl and download all publicly accessible World Wide Web pages, the Gopher hierarchy, the Netnews (Usenet) bulletin board system, and downloadable software. The information collected by these ""crawlers"" does not include all the information available on the Internet, since much of the data is restricted by the publisher or stored in databases that are not accessible. These ""crawlers"" also respect the robots exclusion standard for websites whose owners opt for them not to appear in search results or be cached.']",The National Archives initiated a Wikiproject in 2011 to expand collaboration in making its holdings widely available through Wikimedia.,expand collaboration,68.858299870044,1430.6590999476612
In which language was the Wikiproject created by the National Archives primarily developed?,"['In 2011 the National Archives initiated a Wikiproject on the English Wikipedia to expand collaboration in making its holdings widely available through Wikimedia.', 'To overcome inconsistencies in partially cached web sites, Archive-It.org was developed in 2005 by the Internet Archive as a means of allowing institutions and content creators to voluntarily harvest and preserve collections of digital content, and create digital archives.', ""Archival descriptions of the permanent holdings of the federal government in the custody of NARA are stored in Archival Research Catalog (ARC). The archival descriptions include information on traditional paper holdings, electronic records, and artifacts. As of December 2012, the catalog consisted of about 10 billion logical data records describing 527,000 artifacts and encompassing 81% of NARA's records."", 'Scholars have translated and analyzed these documents in what is called the New Philology to write histories of indigenous peoples from indigenous viewpoints.', 'The first Archivist, R.D.W. Connor, began serving in 1934, when the National Archives was established by Congress. As a result of a first Hoover Commission recommendation, in 1949 the National Archives was placed within the newly formed General Services Administration (GSA). The Archivist served as a subordinate official to the GSA Administrator until the National Archives and Records Administration became an independent agency on April 1, 1985.']",The National Archives' Wikiproject was created on the English Wikipedia.,English,74.66710009612143,804.2333999183029
What benefit did the public gain from the National Archives working with Wikimedia?,"['In 2011 the National Archives initiated a Wikiproject on the English Wikipedia to expand collaboration in making its holdings widely available through Wikimedia.', 'To overcome inconsistencies in partially cached web sites, Archive-It.org was developed in 2005 by the Internet Archive as a means of allowing institutions and content creators to voluntarily harvest and preserve collections of digital content, and create digital archives.', 'Over the past two years,[clarification needed] dozens of rights-holders, including Sony Music, have sent complaints about Wikipedia.org directly to Google to have content removed.', 'The first Archivist, R.D.W. Connor, began serving in 1934, when the National Archives was established by Congress. As a result of a first Hoover Commission recommendation, in 1949 the National Archives was placed within the newly formed General Services Administration (GSA). The Archivist served as a subordinate official to the GSA Administrator until the National Archives and Records Administration became an independent agency on April 1, 1985.', ""Archival descriptions of the permanent holdings of the federal government in the custody of NARA are stored in Archival Research Catalog (ARC). The archival descriptions include information on traditional paper holdings, electronic records, and artifacts. As of December 2012, the catalog consisted of about 10 billion logical data records describing 527,000 artifacts and encompassing 81% of NARA's records.""]",The National Archives worked with Wikimedia to expand collaboration in making its holdings widely available.,holdings widely available,68.65349994041026,893.7957000453025
Which organization initiated the idea of working with Wikimedia to expand collaboration?,"['In 2011 the National Archives initiated a Wikiproject on the English Wikipedia to expand collaboration in making its holdings widely available through Wikimedia.', 'Organization has reached global level. For example, the World Council of Anthropological Associations (WCAA), ""a network of national, regional and international associations that aims to promote worldwide communication and cooperation in anthropology"", currently contains members from about three dozen nations.', 'Over the past two years,[clarification needed] dozens of rights-holders, including Sony Music, have sent complaints about Wikipedia.org directly to Google to have content removed.', 'Separate organizations were created in Kathmandu to promote this activity; some of these include the Tourism Development Board, the Department of Tourism and the Civil Aviation Department. Furthermore, Nepal became a member of several international tourist associations. Establishing diplomatic relations with other nations further accentuated this activity.', 'The foundation was the biggest early backer of the Common Core State Standards Initiative.']",The National Archives initiated a Wikiproject on the English Wikipedia to expand collaboration with Wikimedia.,National Archives,77.46739988215268,1391.4843001402915
Which organization has the largest single jurisdiction in Freemasonry?,"['Freemasonry, as it exists in various forms all over the world, has a membership estimated by the United Grand Lodge of England at around six million worldwide. The fraternity is administratively organised into independent Grand Lodges (or sometimes Grand Orients), each of which governs its own Masonic jurisdiction, which consists of subordinate (or constituent) Lodges. The largest single jurisdiction, in terms of membership, is the United Grand Lodge of England (with a membership estimated at around a quarter million).', 'Even in modern democracies, Freemasonry is sometimes viewed with distrust. In the UK, Masons working in the justice system, such as judges and police officers, were from 1999 to 2009 required to disclose their membership. While a parliamentary inquiry found that there has been no evidence of wrongdoing, it was felt that any potential loyalties Masons might have, based on their vows to support fellow Masons, should be transparent to the public.', 'His writings represented his personal opinion only, and furthermore an opinion grounded in the attitudes and understandings of late 19th century Southern Freemasonry of the USA. Notably, his book carries in the preface a form of disclaimer from his own Grand Lodge. No one voice has ever spoken for the whole of Freemasonry.', 'The Grand Lodge of Scotland and Grand Lodge of Ireland (taken together) have approximately 150,000 members. In the United States total membership is just under two million.', 'Since the founding of Freemasonry, many Bishops of the Church of England have been Freemasons, such as Archbishop Geoffrey Fisher. In the past, few members of the Church of England would have seen any incongruity in concurrently adhering to Anglican Christianity and practicing Freemasonry. In recent decades, however, reservations about Freemasonry have increased within Anglicanism, perhaps due to the increasing prominence of the evangelical wing of the church.']","According to the text, the United Grand Lodge of England has the largest single jurisdiction in terms of membership.",United Grand Lodge of England,76.79920014925301,1220.6737000960857
Approximately how many members does the United Grand Lodge of England have?,"['The Grand Lodge of Scotland and Grand Lodge of Ireland (taken together) have approximately 150,000 members. In the United States total membership is just under two million.', 'Freemasonry, as it exists in various forms all over the world, has a membership estimated by the United Grand Lodge of England at around six million worldwide. The fraternity is administratively organised into independent Grand Lodges (or sometimes Grand Orients), each of which governs its own Masonic jurisdiction, which consists of subordinate (or constituent) Lodges. The largest single jurisdiction, in terms of membership, is the United Grand Lodge of England (with a membership estimated at around a quarter million).', 'Until late 2012, the Governing Body described itself as the representative and ""spokesman"" for God\'s ""faithful and discreet slave class"" (approximately 10,000 self-professed ""anointed"" Jehovah\'s Witnesses). At the 2012 Annual Meeting of the Watch Tower Society, the ""faithful and discreet slave"" was defined as referring to the Governing Body only. The Governing Body directs several committees that are responsible for administrative functions, including publishing, assembly programs and evangelizing activities.', ""The Order has six officials: the Prelate; the Dean; the Secretary; the Registrar; the King of Arms; and the Usher. The Bishop of London, a senior bishop in the Church of England, serves as the Order's Prelate. The Dean of St Paul's is ex officio the Dean of the Order."", 'Jehovah\'s Witnesses are organized hierarchically, in what the leadership calls a ""theocratic organization"", reflecting their belief that it is God\'s ""visible organization"" on earth. The organization is led by the Governing Body—an all-male group that varies in size, but since early 2014 has comprised seven members,[note 1] all of whom profess to be of the ""anointed"" class with a hope of heavenly life—based in the Watch Tower Society\'s Brooklyn headquarters. There is no election for membership; new members are selected by the existing body.']",The United Grand Lodge of England has a membership estimated at around a quarter million.,around a quarter million,63.09570022858679,806.0198999010026
Which country has just under two million Freemasonry members?,"['Freemasonry, as it exists in various forms all over the world, has a membership estimated by the United Grand Lodge of England at around six million worldwide. The fraternity is administratively organised into independent Grand Lodges (or sometimes Grand Orients), each of which governs its own Masonic jurisdiction, which consists of subordinate (or constituent) Lodges. The largest single jurisdiction, in terms of membership, is the United Grand Lodge of England (with a membership estimated at around a quarter million).', 'The Grand Lodge of Scotland and Grand Lodge of Ireland (taken together) have approximately 150,000 members. In the United States total membership is just under two million.', 'His writings represented his personal opinion only, and furthermore an opinion grounded in the attitudes and understandings of late 19th century Southern Freemasonry of the USA. Notably, his book carries in the preface a form of disclaimer from his own Grand Lodge. No one voice has ever spoken for the whole of Freemasonry.', 'Even in modern democracies, Freemasonry is sometimes viewed with distrust. In the UK, Masons working in the justice system, such as judges and police officers, were from 1999 to 2009 required to disclose their membership. While a parliamentary inquiry found that there has been no evidence of wrongdoing, it was felt that any potential loyalties Masons might have, based on their vows to support fellow Masons, should be transparent to the public.', 'Disagreements over ritual led to the formation of exclusively female bodies of Freemasons in England, which spread to other countries. Meanwhile, the French had re-invented Adoption as an all-female lodge in 1901, only to cast it aside again in 1935. The lodges, however, continued to meet, which gave rise, in 1959, to a body of women practising continental Freemasonry.']","According to the provided text, the United States has just under two million Freemasonry members.",United States,60.151000041514635,1192.3656000290066
Around how many members are there worldwide in Freemasonry?,"['Freemasonry, as it exists in various forms all over the world, has a membership estimated by the United Grand Lodge of England at around six million worldwide. The fraternity is administratively organised into independent Grand Lodges (or sometimes Grand Orients), each of which governs its own Masonic jurisdiction, which consists of subordinate (or constituent) Lodges. The largest single jurisdiction, in terms of membership, is the United Grand Lodge of England (with a membership estimated at around a quarter million).', 'The Grand Lodge of Scotland and Grand Lodge of Ireland (taken together) have approximately 150,000 members. In the United States total membership is just under two million.', 'His writings represented his personal opinion only, and furthermore an opinion grounded in the attitudes and understandings of late 19th century Southern Freemasonry of the USA. Notably, his book carries in the preface a form of disclaimer from his own Grand Lodge. No one voice has ever spoken for the whole of Freemasonry.', 'Even in modern democracies, Freemasonry is sometimes viewed with distrust. In the UK, Masons working in the justice system, such as judges and police officers, were from 1999 to 2009 required to disclose their membership. While a parliamentary inquiry found that there has been no evidence of wrongdoing, it was felt that any potential loyalties Masons might have, based on their vows to support fellow Masons, should be transparent to the public.', 'Since the founding of Freemasonry, many Bishops of the Church of England have been Freemasons, such as Archbishop Geoffrey Fisher. In the past, few members of the Church of England would have seen any incongruity in concurrently adhering to Anglican Christianity and practicing Freemasonry. In recent decades, however, reservations about Freemasonry have increased within Anglicanism, perhaps due to the increasing prominence of the evangelical wing of the church.']","According to the United Grand Lodge of England, there are around six million Freemasons worldwide.",around six million worldwide,63.576299929991364,1021.4997001457959
"Combined, how many members belong to the Grand Lodges of Scotland and Ireland?","['The Grand Lodge of Scotland and Grand Lodge of Ireland (taken together) have approximately 150,000 members. In the United States total membership is just under two million.', 'Freemasonry, as it exists in various forms all over the world, has a membership estimated by the United Grand Lodge of England at around six million worldwide. The fraternity is administratively organised into independent Grand Lodges (or sometimes Grand Orients), each of which governs its own Masonic jurisdiction, which consists of subordinate (or constituent) Lodges. The largest single jurisdiction, in terms of membership, is the United Grand Lodge of England (with a membership estimated at around a quarter million).', 'Even in modern democracies, Freemasonry is sometimes viewed with distrust. In the UK, Masons working in the justice system, such as judges and police officers, were from 1999 to 2009 required to disclose their membership. While a parliamentary inquiry found that there has been no evidence of wrongdoing, it was felt that any potential loyalties Masons might have, based on their vows to support fellow Masons, should be transparent to the public.', ""There are more than 900 million Protestants worldwide,[ad] among approximately 2.4 billion Christians.[ae] In 2010, a total of more than 800 million included 300 million in Sub-Saharan Africa, 260 million in the Americas, 140 million in Asia-Pacific region, 100 million in Europe and 2 million in Middle East-North Africa. Protestants account for nearly forty percent of Christians worldwide and more than one tenth of the total human population. Various estimates put the percentage of Protestants in relation to the total number of world's Christians at 33%, 36%, 36.7%, and 40%, while in relation to the world's population at 11.6% and 13%."", ""The Order has six officials: the Prelate; the Dean; the Secretary; the Registrar; the King of Arms; and the Usher. The Bishop of London, a senior bishop in the Church of England, serves as the Order's Prelate. The Dean of St Paul's is ex officio the Dean of the Order.""]","The Grand Lodge of Scotland and Grand Lodge of Ireland together have approximately 150,000 members.","150,000",83.12269998714328,990.3950998559594
Which religion emphasizes the Middle Way as a guideline for ethics?,"[""Buddhism provides many opportunities for comparative study with a diverse range of subjects. For example, Buddhism's emphasis on the Middle way not only provides a unique guideline for ethics but has also allowed Buddhism to peacefully coexist with various differing beliefs, customs and institutions in countries where it has resided throughout its history. Also, its moral and spiritual parallels with other systems of thought—for example, with various tenets of Christianity—have been subjects of close study."", 'Orthodox Judaism is the approach to religious Judaism which subscribes to a tradition of mass revelation and adheres to the interpretation and application of the laws and ethics of the Torah as legislated in the Talmudic texts by the Tanaim and Amoraim. These texts were subsequently developed and applied by later authorities, known as the Gaonim, Rishonim, and Acharonim. Orthodox Judaism generally includes Modern Orthodox Judaism (אורתודוקסיה מודרנית) and Ultra-Orthodox or Haredi Judaism (יהדות חרדית), but complete within is a wide range of philosophies.', 'In Eastern Buddhism, there is also a distinctive Vinaya and ethics contained within the Mahayana Brahmajala Sutra (not to be confused with the Pali text of that name) for Bodhisattvas, where, for example, the eating of meat is frowned upon and vegetarianism is actively encouraged (see vegetarianism in Buddhism). In Japan, this has almost completely displaced the monastic vinaya, and allows clergy to marry.', 'Islamic political philosophy, was, indeed, rooted in the very sources of Islam—i.e., the Qur\'an and the Sunnah, the words and practices of Muhammad—thus making it essentially theocratic. However, in the Western thought, it is generally supposed that it was a specific area peculiar merely to the great philosophers of Islam: al-Kindi (Alkindus), al-Farabi (Abunaser), İbn Sina (Avicenna), Ibn Bajjah (Avempace), Ibn Rushd (Averroes), and Ibn Khaldun. The political conceptions of Islam such as kudrah (power), sultan, ummah, cemaa (obligation)-and even the ""core"" terms of the Qur\'an—i.e., ibadah (worship), din (religion), rab (master) and ilah (deity)—is taken as the basis of an analysis.', 'Some of the Buddha\'s meditative techniques were shared with other traditions of his day, but the idea that ethics are causally related to the attainment of ""transcendent wisdom"" (Pali paññā; Skt. prajñā) was original.[web 18]']",Buddhism emphasizes the Middle Way as a unique guideline for ethics.,Buddhism,73.55390000157058,1380.0722998566926
Which religion has moral and spiritual parallels with Christianity?,"[""Buddhism provides many opportunities for comparative study with a diverse range of subjects. For example, Buddhism's emphasis on the Middle way not only provides a unique guideline for ethics but has also allowed Buddhism to peacefully coexist with various differing beliefs, customs and institutions in countries where it has resided throughout its history. Also, its moral and spiritual parallels with other systems of thought—for example, with various tenets of Christianity—have been subjects of close study."", 'Medieval political philosophy in Europe was heavily influenced by Christian thinking. It had much in common with the Mutazalite Islamic thinking in that the Roman Catholics though subordinating philosophy to theology did not subject reason to revelation but in the case of contradictions, subordinated reason to faith as the Asharite of Islam. The Scholastics by combining the philosophy of Aristotle with the Christianity of St. Augustine emphasized the potential harmony inherent in reason and revelation.', 'In North America, South America and Australia Christian religious observance is much higher than in Europe. United States remains particularly religious in comparison to other developed countries. South America, historically Roman Catholic, has experienced a large Evangelical and Pentecostal infusion in the 20th and 21st centuries.', ""As of the early 21st century, Christianity has approximately 2.4 billion adherents. The faith represents about a third of the world's population and is the largest religion in the world. Christians have composed about 33 percent of the world's population for around 100 years."", 'Christianity was a major unifying factor between Eastern and Western Europe before the Arab conquests, but the conquest of North Africa sundered maritime connections between those areas. Increasingly the Byzantine Church differed in language, practices, and liturgy from the western Church. The eastern church used Greek instead of the western Latin.']","According to the text, Buddhism has moral and spiritual parallels with Christianity.",Buddhism,62.075900146737695,915.394099894911
Which Buddhist concept has been compared to scientific thought?,"['In addition, the Buddhist concept of dependent origination has been compared to modern scientific thought, as well as Western metaphysics.', ""Buddhism provides many opportunities for comparative study with a diverse range of subjects. For example, Buddhism's emphasis on the Middle way not only provides a unique guideline for ethics but has also allowed Buddhism to peacefully coexist with various differing beliefs, customs and institutions in countries where it has resided throughout its history. Also, its moral and spiritual parallels with other systems of thought—for example, with various tenets of Christianity—have been subjects of close study."", 'Religious knowledge or ""vision"" was indicated as a result of practice both within and outside of the Buddhist fold. According to the Samaññaphala Sutta, this sort of vision arose for the Buddhist adept as a result of the perfection of ""meditation"" coupled with the perfection of ""discipline"" (Pali sīla; Skt. śīla).', 'Some of the Buddha\'s meditative techniques were shared with other traditions of his day, but the idea that ethics are causally related to the attainment of ""transcendent wisdom"" (Pali paññā; Skt. prajñā) was original.[web 18]', 'The earliest extant arguments that the world of experience is grounded in the mental derive from India and Greece. The Hindu idealists in India and the Greek Neoplatonists gave panentheistic arguments for an all-pervading consciousness as the ground or true nature of reality. In contrast, the Yogācāra school, which arose within Mahayana Buddhism in India in the 4th century CE, based its ""mind-only"" idealism to a greater extent on phenomenological analyses of personal experience.']",The Buddhist concept of dependent origination has been compared to modern scientific thought.,dependent origination,69.30579990148544,858.0596998799592
What type of guideline does the Middle Way provide in Buddhism?,"[""Buddhism provides many opportunities for comparative study with a diverse range of subjects. For example, Buddhism's emphasis on the Middle way not only provides a unique guideline for ethics but has also allowed Buddhism to peacefully coexist with various differing beliefs, customs and institutions in countries where it has resided throughout its history. Also, its moral and spiritual parallels with other systems of thought—for example, with various tenets of Christianity—have been subjects of close study."", 'So in a pivotal moment he accepted milk and rice from a village girl and changed his approach. He devoted himself to anapanasati meditation, through which he discovered what Buddhists call the Middle Way (Skt. madhyamā-pratipad): a path of moderation between the extremes of self-indulgence and self-mortification.[web 2][web 3]', 'Other scholars say there is no universally accepted common core. The size and complexity of the Buddhist canons have been seen by some (including Buddhist social reformer Babasaheb Ambedkar) as presenting barriers to the wider understanding of Buddhist philosophy.', 'Unlike many religions, Buddhism has no single central text that is universally referred to by all traditions. However, some scholars have referred to the Vinaya Pitaka and the first four Nikayas of the Sutta Pitaka as the common core of all Buddhist traditions.[page needed] This could be considered misleading, as Mahāyāna considers these merely a preliminary, and not a core, teaching. The Tibetan Buddhists have not even translated most of the āgamas (though theoretically they recognize them) and they play no part in the religious life of either clergy or laity in China and Japan.', 'In Eastern Buddhism, there is also a distinctive Vinaya and ethics contained within the Mahayana Brahmajala Sutra (not to be confused with the Pali text of that name) for Bodhisattvas, where, for example, the eating of meat is frowned upon and vegetarianism is actively encouraged (see vegetarianism in Buddhism). In Japan, this has almost completely displaced the monastic vinaya, and allows clergy to marry.']","According to the text, the Middle Way provides a unique guideline for ethics.",ethics,58.81459987722337,2578.920700121671
Which religion offers opportunities for comparative study across many subjects?,"[""Buddhism provides many opportunities for comparative study with a diverse range of subjects. For example, Buddhism's emphasis on the Middle way not only provides a unique guideline for ethics but has also allowed Buddhism to peacefully coexist with various differing beliefs, customs and institutions in countries where it has resided throughout its history. Also, its moral and spiritual parallels with other systems of thought—for example, with various tenets of Christianity—have been subjects of close study."", 'Medieval political philosophy in Europe was heavily influenced by Christian thinking. It had much in common with the Mutazalite Islamic thinking in that the Roman Catholics though subordinating philosophy to theology did not subject reason to revelation but in the case of contradictions, subordinated reason to faith as the Asharite of Islam. The Scholastics by combining the philosophy of Aristotle with the Christianity of St. Augustine emphasized the potential harmony inherent in reason and revelation.', 'Early Modern universities initially continued the curriculum and research of the Middle Ages: natural philosophy, logic, medicine, theology, mathematics, astronomy (and astrology), law, grammar and rhetoric. Aristotle was prevalent throughout the curriculum, while medicine also depended on Galen and Arabic scholarship. The importance of humanism for changing this state-of-affairs cannot be underestimated.', 'There were four such visits in England and Wales—Oxford, London, Cambridge and York. All Dominican students were required to learn grammar, old and new logic, natural philosophy and theology. Of all of the curricular areas, however, theology was the most important.', 'Outside of these commonalities, great differences separated north and south, primarily in subject matter. Italian universities focused on law and medicine, while the northern universities focused on the arts and theology. There were distinct differences in the quality of instruction in these areas which were congruent with their focus, so scholars would travel north or south based on their interests and means.']","According to the text, Buddhism provides many opportunities for comparative study with a diverse range of subjects.",Buddhism,72.16389989480376,921.2698999326676
"Which museum formally inaugurated on 15 August 1949 contains 200,000 works of art?","['On 15 August 1949, the National Museum was formally inaugurated and currently has 200,000 works of art, both of Indian and foreign origin, covering over 5,000 years.', 'New Delhi is home to several historic sites and museums. The National Museum which began with an exhibition of Indian art and artefacts at the Royal Academy in London in the winter of 1947–48 was later at the end was shown at the Rashtrapati Bhawan in 1949. Later it was to form a permanent National Museum.', ""The Museo de San Ildefonso, housed in the Antiguo Colegio de San Ildefonso in Mexico City's historic downtown district is a 17th-century colonnaded palace housing an art museum that regularly hosts world-class exhibits of Mexican and international art. Recent exhibits have included those on David LaChapelle, Antony Gormley and Ron Mueck. The National Museum of Art (Museo Nacional de Arte) is also located in a former palace in the historic center."", 'The Museo Soumaya, named after the wife of Mexican magnate Carlos Slim, has the largest private collection of original Rodin sculptures outside Paris. It also has a large collection of Dalí sculptures, and recently began showing pieces in its masters collection including El Greco, Velázquez, Picasso and Canaletto. The museum inaugurated a new futuristic-design facility in 2011 just north of Polanco, while maintaining a smaller facility in Plaza Loreto in southern Mexico City.', 'It houses a large collection of pieces by all major Mexican artists of the last 400 years and also hosts visiting exhibits.']","The National Museum was formally inaugurated on 15 August 1949 and currently has 200,000 works of art.",National Museum,135.0792997982353,1117.6062999293208
How many years of history are represented by the National Museum's art collection?,"['On 15 August 1949, the National Museum was formally inaugurated and currently has 200,000 works of art, both of Indian and foreign origin, covering over 5,000 years.', 'New Delhi is home to several historic sites and museums. The National Museum which began with an exhibition of Indian art and artefacts at the Royal Academy in London in the winter of 1947–48 was later at the end was shown at the Rashtrapati Bhawan in 1949. Later it was to form a permanent National Museum.', ""The Museo de San Ildefonso, housed in the Antiguo Colegio de San Ildefonso in Mexico City's historic downtown district is a 17th-century colonnaded palace housing an art museum that regularly hosts world-class exhibits of Mexican and international art. Recent exhibits have included those on David LaChapelle, Antony Gormley and Ron Mueck. The National Museum of Art (Museo Nacional de Arte) is also located in a former palace in the historic center."", ""Archival descriptions of the permanent holdings of the federal government in the custody of NARA are stored in Archival Research Catalog (ARC). The archival descriptions include information on traditional paper holdings, electronic records, and artifacts. As of December 2012, the catalog consisted of about 10 billion logical data records describing 527,000 artifacts and encompassing 81% of NARA's records."", ""Oklahoma is in the nation's middle percentile in per capita spending on the arts, ranking 17th, and contains more than 300 museums. The Philbrook Museum of Tulsa is considered one of the top 50 fine art museums in the United States, and the Sam Noble Oklahoma Museum of Natural History in Norman, one of the largest university-based art and history museums in the country, documents the natural history of the region. The collections of Thomas Gilcrease are housed in the Gilcrease Museum of Tulsa, which also holds the world's largest, most comprehensive collection of art and artifacts of the American West.""]","The National Museum's art collection covers over 5,000 years.","5,000 years",63.02909995429218,926.8813000526279
Where did the National Museum first display Indian art in 1947?,"['New Delhi is home to several historic sites and museums. The National Museum which began with an exhibition of Indian art and artefacts at the Royal Academy in London in the winter of 1947–48 was later at the end was shown at the Rashtrapati Bhawan in 1949. Later it was to form a permanent National Museum.', 'On 15 August 1949, the National Museum was formally inaugurated and currently has 200,000 works of art, both of Indian and foreign origin, covering over 5,000 years.', ""The Museo de San Ildefonso, housed in the Antiguo Colegio de San Ildefonso in Mexico City's historic downtown district is a 17th-century colonnaded palace housing an art museum that regularly hosts world-class exhibits of Mexican and international art. Recent exhibits have included those on David LaChapelle, Antony Gormley and Ron Mueck. The National Museum of Art (Museo Nacional de Arte) is also located in a former palace in the historic center."", 'The Charminar, Qutb Shahi tombs and Golconda fort are considered to be monuments of national importance in India; in 2010 the Indian government proposed that the sites be listed for UNESCO World Heritage status.:11–18', ""Oklahoma is in the nation's middle percentile in per capita spending on the arts, ranking 17th, and contains more than 300 museums. The Philbrook Museum of Tulsa is considered one of the top 50 fine art museums in the United States, and the Sam Noble Oklahoma Museum of Natural History in Norman, one of the largest university-based art and history museums in the country, documents the natural history of the region. The collections of Thomas Gilcrease are housed in the Gilcrease Museum of Tulsa, which also holds the world's largest, most comprehensive collection of art and artifacts of the American West.""]",The National Museum first displayed Indian art at the Royal Academy in London in the winter of 1947–48.,Royal Academy in London,67.3495999071747,1646.845200099051
What type of art was first displayed before the National Museum was inaugurated?,"['New Delhi is home to several historic sites and museums. The National Museum which began with an exhibition of Indian art and artefacts at the Royal Academy in London in the winter of 1947–48 was later at the end was shown at the Rashtrapati Bhawan in 1949. Later it was to form a permanent National Museum.', 'On 15 August 1949, the National Museum was formally inaugurated and currently has 200,000 works of art, both of Indian and foreign origin, covering over 5,000 years.', ""The Museo de San Ildefonso, housed in the Antiguo Colegio de San Ildefonso in Mexico City's historic downtown district is a 17th-century colonnaded palace housing an art museum that regularly hosts world-class exhibits of Mexican and international art. Recent exhibits have included those on David LaChapelle, Antony Gormley and Ron Mueck. The National Museum of Art (Museo Nacional de Arte) is also located in a former palace in the historic center."", ""Paris is the home of the most visited art museum in the world, the Louvre, as well as the Musée d'Orsay, noted for its collection of French Impressionist art, and the Musée National d'Art Moderne, a museum of modern and contemporary art. The notable architectural landmarks of Paris include Notre Dame Cathedral (12th century); the Sainte-Chapelle (13th century); the Eiffel Tower (1889); and the Basilica of Sacré-Cœur on Montmartre (1914). In 2014 Paris received 22.4 million visitors, making it one of the world's top tourist destinations."", 'The Museo Soumaya, named after the wife of Mexican magnate Carlos Slim, has the largest private collection of original Rodin sculptures outside Paris. It also has a large collection of Dalí sculptures, and recently began showing pieces in its masters collection including El Greco, Velázquez, Picasso and Canaletto. The museum inaugurated a new futuristic-design facility in 2011 just north of Polanco, while maintaining a smaller facility in Plaza Loreto in southern Mexico City.']",Indian art and artefacts were first displayed before the National Museum was inaugurated.,Indian art,59.58320014178753,927.4178999476135
Approximately how many works of art reside in the National Museum?,"['On 15 August 1949, the National Museum was formally inaugurated and currently has 200,000 works of art, both of Indian and foreign origin, covering over 5,000 years.', ""The Museo de San Ildefonso, housed in the Antiguo Colegio de San Ildefonso in Mexico City's historic downtown district is a 17th-century colonnaded palace housing an art museum that regularly hosts world-class exhibits of Mexican and international art. Recent exhibits have included those on David LaChapelle, Antony Gormley and Ron Mueck. The National Museum of Art (Museo Nacional de Arte) is also located in a former palace in the historic center."", 'New Delhi is home to several historic sites and museums. The National Museum which began with an exhibition of Indian art and artefacts at the Royal Academy in London in the winter of 1947–48 was later at the end was shown at the Rashtrapati Bhawan in 1949. Later it was to form a permanent National Museum.', 'It houses a large collection of pieces by all major Mexican artists of the last 400 years and also hosts visiting exhibits.', ""Oklahoma is in the nation's middle percentile in per capita spending on the arts, ranking 17th, and contains more than 300 museums. The Philbrook Museum of Tulsa is considered one of the top 50 fine art museums in the United States, and the Sam Noble Oklahoma Museum of Natural History in Norman, one of the largest university-based art and history museums in the country, documents the natural history of the region. The collections of Thomas Gilcrease are housed in the Gilcrease Museum of Tulsa, which also holds the world's largest, most comprehensive collection of art and artifacts of the American West.""]","The National Museum currently has around 200,000 works of art.","200,000",58.313800022006035,1144.4461001083255
Which act provided incentives for companies developing drugs for orphan diseases?,"['There are special rules for certain rare diseases (""orphan diseases"") in several major drug regulatory territories. For example, diseases involving fewer than 200,000 patients in the United States, or larger populations in certain circumstances are subject to the Orphan Drug Act. Because medical research and development of drugs to treat such diseases is financially disadvantageous, companies that do so are rewarded with tax reductions, fee waivers, and market exclusivity on that drug for a limited time (seven years), regardless of whether the drug is protected by patents.', 'Prior to the 20th century drugs were generally produced by small scale manufacturers with little regulatory control over manufacturing or claims of safety and efficacy. To the extent that such laws did exist, enforcement was lax. In the United States, increased regulation of vaccines and other biological drugs was spurred by tetanus outbreaks and deaths caused by the distribution of contaminated smallpox vaccine and diphtheria antitoxin.', 'The Biologics Control Act of 1902 required that federal government grant premarket approval for every biological drug and for the process and facility producing such drugs. This was followed in 1906 by the Pure Food and Drugs Act, which forbade the interstate distribution of adulterated or misbranded foods and drugs. A drug was considered misbranded if it contained alcohol, morphine, opium, cocaine, or any of several other potentially dangerous or addictive drugs, and if its label failed to indicate the quantity or proportion of such drugs.', 'In March 2001, 40 multi-national pharmaceutical companies brought litigation against South Africa for its Medicines Act, which allowed the generic production of antiretroviral drugs (ARVs) for treating HIV, despite the fact that these drugs were on-patent. HIV was and is an epidemic in South Africa, and ARVs at the time cost between 10,000 and 15,000 USD per patient per year. This was unaffordable for most South African citizens, and so the South African government committed to providing ARVs at prices closer to what people could afford.', 'In contrast to this viewpoint, an article and associated editorial in the New England Journal of Medicine in May 2015 emphasized the importance of pharmaceutical industry-physician interactions for the development of novel treatments, and argued that moral outrage over industry malfeasance had unjustifiably led many to overemphasize the problems created by financial conflicts of interest. The article noted that major healthcare organizations such as National Center for Advancing Translational Sciences of the National Institutes of Health, the President’s Council of Advisors on Science and Technology, the World Economic Forum, the Gates Foundation, the Wellcome Trust, and the Food and Drug Administration had encouraged greater interactions between physicians and industry in order to bring greater benefits to patients.']","The Orphan Drug Act provides incentives like tax reductions, fee waivers, and market exclusivity for companies developing drugs for orphan diseases.",Orphan Drug Act,72.81879987567663,1190.2344999834895
"What term describes rare diseases affecting fewer than 200,000 patients in the United States?","['There are special rules for certain rare diseases (""orphan diseases"") in several major drug regulatory territories. For example, diseases involving fewer than 200,000 patients in the United States, or larger populations in certain circumstances are subject to the Orphan Drug Act. Because medical research and development of drugs to treat such diseases is financially disadvantageous, companies that do so are rewarded with tax reductions, fee waivers, and market exclusivity on that drug for a limited time (seven years), regardless of whether the drug is protected by patents.', 'Lack of progress eradicating the disease may also be due to lack of patient follow-up – as among the 250M rural migrants in China.', 'For example, NDM-1 is a newly identified enzyme conveying bacterial resistance to a broad range of beta-lactam antibacterials. The United Kingdom\'s Health Protection Agency has stated that ""most isolates with NDM-1 enzyme are resistant to all standard intravenous antibiotics for treatment of severe infections.""', 'Resistance to infection (immunity) may be acquired following a disease, by asymptomatic carriage of the pathogen, by harboring an organism with a similar structure (crossreacting), or by vaccination. Knowledge of the protective antigens and specific acquired host immune factors is more complete for primary pathogens than for opportunistic pathogens. There is also the phenomenon of herd immunity which offers a measure of protection to those otherwise vulnerable people when a large enough proportion of the population has acquired immunity from certain infections.', 'Antibacterial-resistant strains and species, sometimes referred to as ""superbugs"", now contribute to the emergence of diseases that were for a while well controlled. For example, emergent bacterial strains causing tuberculosis (TB) that are resistant to previously effective antibacterial treatments pose many therapeutic challenges. Every year, nearly half a million new cases of multidrug-resistant tuberculosis (MDR-TB) are estimated to occur worldwide.']","According to the provided text, rare diseases affecting fewer than 200,000 patients in the United States are referred to as ""orphan diseases.""",orphan diseases,66.41110009513795,1216.8135000392795
How long does market exclusivity last for orphan drugs?,"['There are special rules for certain rare diseases (""orphan diseases"") in several major drug regulatory territories. For example, diseases involving fewer than 200,000 patients in the United States, or larger populations in certain circumstances are subject to the Orphan Drug Act. Because medical research and development of drugs to treat such diseases is financially disadvantageous, companies that do so are rewarded with tax reductions, fee waivers, and market exclusivity on that drug for a limited time (seven years), regardless of whether the drug is protected by patents.', 'In the UK, the Medicines and Healthcare Products Regulatory Agency approves drugs for use, though the evaluation is done by the European Medicines Agency, an agency of the European Union based in London. Normally an approval in the UK and other European countries comes later than one in the USA. Then it is the National Institute for Health and Care Excellence (NICE), for England and Wales, who decides if and how the National Health Service (NHS) will allow (in the sense of paying for) their use.', 'Prior to the 20th century drugs were generally produced by small scale manufacturers with little regulatory control over manufacturing or claims of safety and efficacy. To the extent that such laws did exist, enforcement was lax. In the United States, increased regulation of vaccines and other biological drugs was spurred by tetanus outbreaks and deaths caused by the distribution of contaminated smallpox vaccine and diphtheria antitoxin.', 'To do so, they would need to ignore the patents on drugs and produce generics within the country (using a compulsory license), or import them from abroad. After international protest in favour of public health rights (including the collection of 250,000 signatures by MSF), the governments of several developed countries (including The Netherlands, Germany, France, and later the US) backed the South African government, and the case was dropped in April of that year.', 'The Biologics Control Act of 1902 required that federal government grant premarket approval for every biological drug and for the process and facility producing such drugs. This was followed in 1906 by the Pure Food and Drugs Act, which forbade the interstate distribution of adulterated or misbranded foods and drugs. A drug was considered misbranded if it contained alcohol, morphine, opium, cocaine, or any of several other potentially dangerous or addictive drugs, and if its label failed to indicate the quantity or proportion of such drugs.']",Orphan drugs are rewarded with market exclusivity for a limited time of seven years.,seven years,57.80750000849366,941.4622001349926
What financial incentive is given to companies researching orphan diseases?,"['There are special rules for certain rare diseases (""orphan diseases"") in several major drug regulatory territories. For example, diseases involving fewer than 200,000 patients in the United States, or larger populations in certain circumstances are subject to the Orphan Drug Act. Because medical research and development of drugs to treat such diseases is financially disadvantageous, companies that do so are rewarded with tax reductions, fee waivers, and market exclusivity on that drug for a limited time (seven years), regardless of whether the drug is protected by patents.', 'In contrast to this viewpoint, an article and associated editorial in the New England Journal of Medicine in May 2015 emphasized the importance of pharmaceutical industry-physician interactions for the development of novel treatments, and argued that moral outrage over industry malfeasance had unjustifiably led many to overemphasize the problems created by financial conflicts of interest. The article noted that major healthcare organizations such as National Center for Advancing Translational Sciences of the National Institutes of Health, the President’s Council of Advisors on Science and Technology, the World Economic Forum, the Gates Foundation, the Wellcome Trust, and the Food and Drug Administration had encouraged greater interactions between physicians and industry in order to bring greater benefits to patients.', 'This was because the sanitation sector was generally receiving less attention from other donors and from governments, and because the Foundation believed it had the potential to make a real difference through strategic investments.', ""The United Network for Organ Sharing, which maintains the nation's organ transplant waiting list, occupies one building in the park. Philip Morris USA opened a $350 million research and development facility in the park in 2007. Once fully developed, park officials expect the site to employ roughly 3,000 scientists, technicians and engineers."", 'Corruption is often most evident in countries with the smallest per capita incomes, relying on foreign aid for health services. Local political interception of donated money from overseas is especially prevalent in Sub-Saharan African nations, where it was reported in the 2006 World Bank Report that about half of the funds that were donated for health usages were never invested into the health sectors or given to those needing medical attention.']","Companies researching orphan diseases are rewarded with tax reductions, fee waivers, and market exclusivity on that drug for a limited time (seven years).",tax reductions,74.52180003747344,1179.3994000181556
Why are companies rewarded for developing orphan drugs?,"['There are special rules for certain rare diseases (""orphan diseases"") in several major drug regulatory territories. For example, diseases involving fewer than 200,000 patients in the United States, or larger populations in certain circumstances are subject to the Orphan Drug Act. Because medical research and development of drugs to treat such diseases is financially disadvantageous, companies that do so are rewarded with tax reductions, fee waivers, and market exclusivity on that drug for a limited time (seven years), regardless of whether the drug is protected by patents.', 'In contrast to this viewpoint, an article and associated editorial in the New England Journal of Medicine in May 2015 emphasized the importance of pharmaceutical industry-physician interactions for the development of novel treatments, and argued that moral outrage over industry malfeasance had unjustifiably led many to overemphasize the problems created by financial conflicts of interest. The article noted that major healthcare organizations such as National Center for Advancing Translational Sciences of the National Institutes of Health, the President’s Council of Advisors on Science and Technology, the World Economic Forum, the Gates Foundation, the Wellcome Trust, and the Food and Drug Administration had encouraged greater interactions between physicians and industry in order to bring greater benefits to patients.', ""Others have argued that excessive regulation suppresses therapeutic innovation, and that the current cost of regulator-required clinical trials prevents the full exploitation of new genetic and biological knowledge for the treatment of human disease. A 2012 report by the President's Council of Advisors on Science and Technology made several key recommendations to reduce regulatory burdens to new drug development, including 1) expanding the FDA's use of accelerated approval processes, 2) creating an expedited approval pathway for drugs intended for use in narrowly defined populations, and 3) undertaking pilot projects designed to evaluate the feasibility of a new, adaptive drug approval process."", 'Prior to the 20th century drugs were generally produced by small scale manufacturers with little regulatory control over manufacturing or claims of safety and efficacy. To the extent that such laws did exist, enforcement was lax. In the United States, increased regulation of vaccines and other biological drugs was spurred by tetanus outbreaks and deaths caused by the distribution of contaminated smallpox vaccine and diphtheria antitoxin.', 'In March 2001, 40 multi-national pharmaceutical companies brought litigation against South Africa for its Medicines Act, which allowed the generic production of antiretroviral drugs (ARVs) for treating HIV, despite the fact that these drugs were on-patent. HIV was and is an epidemic in South Africa, and ARVs at the time cost between 10,000 and 15,000 USD per patient per year. This was unaffordable for most South African citizens, and so the South African government committed to providing ARVs at prices closer to what people could afford.']","Companies that develop drugs for orphan diseases are rewarded with tax reductions, fee waivers, and market exclusivity for a limited time because medical research and development for these diseases is financially disadvantageous.",research and development is financially disadvantageous,58.27439995482564,1304.79079997167
Which German court can outlaw political parties violating the constitution?,"['Final interpretation of and amendments to the German Constitution, the Grundgesetz, is the task of the Bundesverfassungsgericht (Federal Constitutional Court), which is the de facto highest German court, as it can declare both federal and state legislation ineffective, and has the power to overrule decisions of all other federal courts, despite not being a regular court of appeals on itself in the German court system. It is also the only court possessing the power and authority to outlaw political parties, if it is deemed that these parties have repeatedly violated articles of the Constitution.', 'Courts exercising the judicial power are called ""constitutional courts.""', 'However, this term is not used officially, neither by the constitution of 1919 nor by the Basic Law (Constitution) of 1949. Three Länder call themselves Freistaaten (Free States, which is the old-fashioned German expression for Republic), Bavaria (since 1919), Saxony (originally since 1919 and again since 1990), and Thuringia (since 1994). There is little continuity between the current states and their predecessors of the Weimar Republic with the exception of the three free states, and the two city-states of Hamburg and Bremen.', 'The amended article now defines the participation of the Federal Council and the 16 German states in matters concerning the European Union.', 'Later, the constitution was amended to state that the citizens of the 16 states had successfully achieved the unity of Germany in free self-determination and that the Basic Law thus applied to the entire German people. Article 23, which had allowed ""any other parts of Germany"" to join, was rephrased. It had been used in 1957 to reintegrate the Saar Protectorate as the Saarland into the Federal Republic, and this was used as a model for German reunification in 1990.']","According to the text, the Bundesverfassungsgericht (Federal Constitutional Court) is the only court that can outlaw political parties if they repeatedly violate articles of the Constitution.",Bundesverfassungsgericht,75.30590007081628,1207.7949000522494
What is Germany's constitution called?,"['Final interpretation of and amendments to the German Constitution, the Grundgesetz, is the task of the Bundesverfassungsgericht (Federal Constitutional Court), which is the de facto highest German court, as it can declare both federal and state legislation ineffective, and has the power to overrule decisions of all other federal courts, despite not being a regular court of appeals on itself in the German court system. It is also the only court possessing the power and authority to outlaw political parties, if it is deemed that these parties have repeatedly violated articles of the Constitution.', 'However, this term is not used officially, neither by the constitution of 1919 nor by the Basic Law (Constitution) of 1949. Three Länder call themselves Freistaaten (Free States, which is the old-fashioned German expression for Republic), Bavaria (since 1919), Saxony (originally since 1919 and again since 1990), and Thuringia (since 1994). There is little continuity between the current states and their predecessors of the Weimar Republic with the exception of the three free states, and the two city-states of Hamburg and Bremen.', 'Later, the constitution was amended to state that the citizens of the 16 states had successfully achieved the unity of Germany in free self-determination and that the Basic Law thus applied to the entire German people. Article 23, which had allowed ""any other parts of Germany"" to join, was rephrased. It had been used in 1957 to reintegrate the Saar Protectorate as the Saarland into the Federal Republic, and this was used as a model for German reunification in 1990.', 'The use of the term Länder (Lands) dates back to the Weimar Constitution of 1919. Before this time, the constituent states of the German Empire were called Staaten (States). Today, it is very common to use the term Bundesland (Federal Land).', 'The amended article now defines the participation of the Federal Council and the 16 German states in matters concerning the European Union.']","Germany's constitution is called the Basic Law, which is also referred to as the Grundgesetz.",the Grundgesetz,58.63189999945462,1262.4760998878628
What is the English translation of Bundesverfassungsgericht?,"['Final interpretation of and amendments to the German Constitution, the Grundgesetz, is the task of the Bundesverfassungsgericht (Federal Constitutional Court), which is the de facto highest German court, as it can declare both federal and state legislation ineffective, and has the power to overrule decisions of all other federal courts, despite not being a regular court of appeals on itself in the German court system. It is also the only court possessing the power and authority to outlaw political parties, if it is deemed that these parties have repeatedly violated articles of the Constitution.', 'Natively, the term ein diutscher (""a German"") is used for the people of Germany from the 12th century.', 'However, this term is not used officially, neither by the constitution of 1919 nor by the Basic Law (Constitution) of 1949. Three Länder call themselves Freistaaten (Free States, which is the old-fashioned German expression for Republic), Bavaria (since 1919), Saxony (originally since 1919 and again since 1990), and Thuringia (since 1994). There is little continuity between the current states and their predecessors of the Weimar Republic with the exception of the three free states, and the two city-states of Hamburg and Bremen.', 'The use of the term Länder (Lands) dates back to the Weimar Constitution of 1919. Before this time, the constituent states of the German Empire were called Staaten (States). Today, it is very common to use the term Bundesland (Federal Land).', 'In addition, many Indonesian words are calques on Dutch, for example, rumah sakit (Indonesian for ""hospital"") is calqued on the Dutch ziekenhuis (literally ""house of the sick""), kebun binatang (""zoo"") on dierentuin (literally ""animal garden""), undang-undang dasar (""constitution"") from grondwet (literally ""ground law""). These account for some of the differences in vocabulary between Indonesian and Malay.']",The provided text does not give an English translation for Bundesverfassungsgericht.,Federal Constitutional Court,77.03940011560917,1153.3502000384033
Under what condition can Germany's constitutional court outlaw political parties?,"['Final interpretation of and amendments to the German Constitution, the Grundgesetz, is the task of the Bundesverfassungsgericht (Federal Constitutional Court), which is the de facto highest German court, as it can declare both federal and state legislation ineffective, and has the power to overrule decisions of all other federal courts, despite not being a regular court of appeals on itself in the German court system. It is also the only court possessing the power and authority to outlaw political parties, if it is deemed that these parties have repeatedly violated articles of the Constitution.', ""In dominant-party systems, opposition parties are allowed, and there may be even a deeply established democratic tradition, but other parties are widely considered to have no real chance of gaining power. Sometimes, political, social and economic circumstances, and public opinion are the reason for others parties' failure. Sometimes, typically in countries with less of an established democratic tradition, it is possible the dominant party will remain in power by using patronage and sometimes by voting fraud."", 'Under the constitution, there is a guarantee of gender equality and absolute freedom of thought. The military retains the ability to appoint the national Minister of Defence for the next 8 years. Under the constitution, political parties may not be based on ""religion, race, gender or geography"".', 'Later, the constitution was amended to state that the citizens of the 16 states had successfully achieved the unity of Germany in free self-determination and that the Basic Law thus applied to the entire German people. Article 23, which had allowed ""any other parts of Germany"" to join, was rephrased. It had been used in 1957 to reintegrate the Saar Protectorate as the Saarland into the Federal Republic, and this was used as a model for German reunification in 1990.', 'However, this term is not used officially, neither by the constitution of 1919 nor by the Basic Law (Constitution) of 1949. Three Länder call themselves Freistaaten (Free States, which is the old-fashioned German expression for Republic), Bavaria (since 1919), Saxony (originally since 1919 and again since 1990), and Thuringia (since 1994). There is little continuity between the current states and their predecessors of the Weimar Republic with the exception of the three free states, and the two city-states of Hamburg and Bremen.']",Germany's constitutional court can outlaw political parties if those parties have repeatedly violated articles of the Constitution.,repeated violations of the Constitution,60.85549993440509,1249.5667999610305
Which court interprets the Grundgesetz in Germany?,"['Final interpretation of and amendments to the German Constitution, the Grundgesetz, is the task of the Bundesverfassungsgericht (Federal Constitutional Court), which is the de facto highest German court, as it can declare both federal and state legislation ineffective, and has the power to overrule decisions of all other federal courts, despite not being a regular court of appeals on itself in the German court system. It is also the only court possessing the power and authority to outlaw political parties, if it is deemed that these parties have repeatedly violated articles of the Constitution.', 'A new delimitation of the federal territory keeps being debated in Germany, though ""Some scholars note that there are significant differences among the American states and regional governments in other federations without serious calls for territorial changes ..."", as political scientist Arthur B. Gunlicks remarks. He summarizes the main arguments for boundary reform in Germany: ""... the German system of dual federalism requires strong Länder that have the administrative and fiscal capacity to implement legislation and pay for it from own source revenues. Too many Länder also make coordination among them and with the federation more complicated ..."".', 'Later, the constitution was amended to state that the citizens of the 16 states had successfully achieved the unity of Germany in free self-determination and that the Basic Law thus applied to the entire German people. Article 23, which had allowed ""any other parts of Germany"" to join, was rephrased. It had been used in 1957 to reintegrate the Saar Protectorate as the Saarland into the Federal Republic, and this was used as a model for German reunification in 1990.', 'The amended article now defines the participation of the Federal Council and the 16 German states in matters concerning the European Union.', 'However, this term is not used officially, neither by the constitution of 1919 nor by the Basic Law (Constitution) of 1949. Three Länder call themselves Freistaaten (Free States, which is the old-fashioned German expression for Republic), Bavaria (since 1919), Saxony (originally since 1919 and again since 1990), and Thuringia (since 1994). There is little continuity between the current states and their predecessors of the Weimar Republic with the exception of the three free states, and the two city-states of Hamburg and Bremen.']","The Bundesverfassungsgericht (Federal Constitutional Court) is responsible for the final interpretation of the German Constitution, the Grundgesetz.",Bundesverfassungsgericht,80.94160002656281,1182.6853000093251
Which US city has large Irish and Italian populations and a large Italian neighborhood in South Philadelphia?,"['Irish, Italians, Polish, Germans, English, and Greeks are the largest ethnic European groups in the city. Philadelphia has the second-largest Irish and Italian populations in the United States, after New York City. South Philadelphia remains one of the largest Italian neighborhoods in the country and is home to the Italian Market.', 'Northeast Philadelphia, although known for its Irish and Irish-American population, is also home to a large Jewish and Russian population. Mount Airy in Northwest Philadelphia also contains a large Jewish community, while nearby Chestnut Hill is historically known as an Anglo-Saxon Protestant stronghold.', ""The Pennsport neighborhood and Gray's Ferry section of South Philadelphia, home to many Mummer clubs, are well known as Irish neighborhoods. The Kensington section, Port Richmond, and Fishtown have historically been heavily Irish and Polish. Port Richmond is well known in particular as the center of the Polish immigrant and Polish-American community in Philadelphia, and it remains a common destination for Polish immigrants."", 'In Greater Boston, these numbers grow significantly with Puerto Ricans numbering 175,000+, Dominicans 95,000+, Salvadorans 40,000+, Guatemalans 31,000+, Mexicans 25,000+, and Colombians numbering 22,000+.', 'Boston is sometimes called a ""city of neighborhoods"" because of the profusion of diverse subsections; the city government\'s Office of Neighborhood Services has officially designated 23 neighborhoods.']","Philadelphia has the second-largest Irish and Italian populations in the United States, after New York City, and South Philadelphia is home to a large Italian neighborhood.",Philadelphia,62.41900008171797,1267.1777999494225
Which area of Philadelphia is known for a large Italian neighborhood?,"['Irish, Italians, Polish, Germans, English, and Greeks are the largest ethnic European groups in the city. Philadelphia has the second-largest Irish and Italian populations in the United States, after New York City. South Philadelphia remains one of the largest Italian neighborhoods in the country and is home to the Italian Market.', 'Northeast Philadelphia, although known for its Irish and Irish-American population, is also home to a large Jewish and Russian population. Mount Airy in Northwest Philadelphia also contains a large Jewish community, while nearby Chestnut Hill is historically known as an Anglo-Saxon Protestant stronghold.', ""The Pennsport neighborhood and Gray's Ferry section of South Philadelphia, home to many Mummer clubs, are well known as Irish neighborhoods. The Kensington section, Port Richmond, and Fishtown have historically been heavily Irish and Polish. Port Richmond is well known in particular as the center of the Polish immigrant and Polish-American community in Philadelphia, and it remains a common destination for Polish immigrants."", 'Boston is sometimes called a ""city of neighborhoods"" because of the profusion of diverse subsections; the city government\'s Office of Neighborhood Services has officially designated 23 neighborhoods.', 'For much of Philadelphia\'s history, the typical home has been the row house. The row house was introduced to the United States via Philadelphia in the early 19th century and, for a time, row houses built elsewhere in the United States were known as ""Philadelphia rows"". A variety of row houses are found throughout the city, from Victorian-style homes in North Philadelphia to twin row houses in West Philadelphia.']",South Philadelphia remains one of the largest Italian neighborhoods in the country.,South Philadelphia,60.485800029709935,1080.4308999795467
Which sections of Philadelphia have high Irish and Polish populations?,"['Northeast Philadelphia, although known for its Irish and Irish-American population, is also home to a large Jewish and Russian population. Mount Airy in Northwest Philadelphia also contains a large Jewish community, while nearby Chestnut Hill is historically known as an Anglo-Saxon Protestant stronghold.', 'Irish, Italians, Polish, Germans, English, and Greeks are the largest ethnic European groups in the city. Philadelphia has the second-largest Irish and Italian populations in the United States, after New York City. South Philadelphia remains one of the largest Italian neighborhoods in the country and is home to the Italian Market.', ""The Pennsport neighborhood and Gray's Ferry section of South Philadelphia, home to many Mummer clubs, are well known as Irish neighborhoods. The Kensington section, Port Richmond, and Fishtown have historically been heavily Irish and Polish. Port Richmond is well known in particular as the center of the Polish immigrant and Polish-American community in Philadelphia, and it remains a common destination for Polish immigrants."", 'In Greater Boston, these numbers grow significantly with Puerto Ricans numbering 175,000+, Dominicans 95,000+, Salvadorans 40,000+, Guatemalans 31,000+, Mexicans 25,000+, and Colombians numbering 22,000+.', ""The Great Irish Famine brought a large influx of Irish immigrants. Over 200,000 were living in New York by 1860, upwards of a quarter of the city's population. There was also extensive immigration from the German provinces, where revolutions had disrupted societies, and Germans comprised another 25% of New York's population by 1860.""]","The Kensington section, Port Richmond, and Fishtown have historically been heavily Irish and Polish.","Kensington section, Port Richmond, and Fishtown",58.662000112235546,1096.1811998859048
Which part of Philadelphia contains a large Jewish area?,"['Northeast Philadelphia, although known for its Irish and Irish-American population, is also home to a large Jewish and Russian population. Mount Airy in Northwest Philadelphia also contains a large Jewish community, while nearby Chestnut Hill is historically known as an Anglo-Saxon Protestant stronghold.', 'Irish, Italians, Polish, Germans, English, and Greeks are the largest ethnic European groups in the city. Philadelphia has the second-largest Irish and Italian populations in the United States, after New York City. South Philadelphia remains one of the largest Italian neighborhoods in the country and is home to the Italian Market.', ""The Pennsport neighborhood and Gray's Ferry section of South Philadelphia, home to many Mummer clubs, are well known as Irish neighborhoods. The Kensington section, Port Richmond, and Fishtown have historically been heavily Irish and Polish. Port Richmond is well known in particular as the center of the Polish immigrant and Polish-American community in Philadelphia, and it remains a common destination for Polish immigrants."", ""Christianity (59%), particularly Catholicism (33%), was the most prevalently practiced religion in New York as of 2014, followed by Judaism, with approximately 1.1 million Jews in New York City, over half living in Brooklyn. Islam ranks third in New York City, with official estimates ranging between 600,000 and 1,000,000 observers and including 10% of the city's public schoolchildren, followed by Hinduism, Buddhism, and a variety of other religions, as well as atheism. In 2014, 24% self-identified with no organized religious affiliation."", 'According to a 2014 study by the Pew Research Center, 57% of the population of the city identified themselves as Christians, with 25% professing attendance at a variety of churches that could be considered Protestant, and 29% professing Roman Catholic beliefs. while 33% claim no religious affiliation. The same study says that other religions (including Judaism, Buddhism, Islam, and Hinduism) collectively make up about 10% of the population.']",Mount Airy in Northwest Philadelphia contains a large Jewish community.,Mount Airy,63.8499001506716,998.988299863413
Which six ethnic groups are the largest European groups in Philadelphia?,"['Irish, Italians, Polish, Germans, English, and Greeks are the largest ethnic European groups in the city. Philadelphia has the second-largest Irish and Italian populations in the United States, after New York City. South Philadelphia remains one of the largest Italian neighborhoods in the country and is home to the Italian Market.', 'Northeast Philadelphia, although known for its Irish and Irish-American population, is also home to a large Jewish and Russian population. Mount Airy in Northwest Philadelphia also contains a large Jewish community, while nearby Chestnut Hill is historically known as an Anglo-Saxon Protestant stronghold.', ""The Pennsport neighborhood and Gray's Ferry section of South Philadelphia, home to many Mummer clubs, are well known as Irish neighborhoods. The Kensington section, Port Richmond, and Fishtown have historically been heavily Irish and Polish. Port Richmond is well known in particular as the center of the Polish immigrant and Polish-American community in Philadelphia, and it remains a common destination for Polish immigrants."", 'Throughout its history, the city has been a major port of entry for immigrants into the United States; more than 12 million European immigrants were received at Ellis Island between 1892 and 1924. The term ""melting pot"" was first coined to describe densely populated immigrant neighborhoods on the Lower East Side. By 1900, Germans constituted the largest immigrant group, followed by the Irish, Jews, and Italians.', 'In Greater Boston, these numbers grow significantly with Puerto Ricans numbering 175,000+, Dominicans 95,000+, Salvadorans 40,000+, Guatemalans 31,000+, Mexicans 25,000+, and Colombians numbering 22,000+.']","According to the provided text, the largest ethnic European groups in Philadelphia are Irish, Italians, Polish, Germans, English, and Greeks.","Irish, Italians, Polish, Germans, English, and Greeks",67.977299913764,1371.6290001757443
Which company formed in 1892 was incorporated in New York?,"['At about the same time, Charles Coffin, leading the Thomson-Houston Electric Company, acquired a number of competitors and gained access to their key patents. General Electric was formed through the 1892 merger of Edison General Electric Company of Schenectady, New York, and Thomson-Houston Electric Company of Lynn, Massachusetts, with the support of Drexel, Morgan & Co. Both plants continue to operate under the GE banner to this day. The company was incorporated in New York, with the Schenectady plant used as headquarters for many years thereafter.', 'For Laemmle and other such entrepreneurs, the creation in 1908 of the Edison-backed Motion Picture Trust meant that exhibitors were expected to pay fees for Trust-produced films they showed. Based on the Latham Loop used in cameras and projectors, along with other patents, the Trust collected fees on all aspects of movie production and exhibition, and attempted to enforce a monopoly on distribution.', 'The Company was forced to petition Parliament for assistance. This was the background to the Charter Act of 1813 which, among other things:', ""Albon Man, a New York lawyer, started Electro-Dynamic Light Company in 1878 to exploit his patents and those of William Sawyer. Weeks later the United States Electric Lighting Company was organized. This company didn't made their first commercial installation of incandescent lamps until the fall of 1880 at the Mercantile Safe Deposit Company in New York City, about six months after the Edison incandescent lamps had been installed on the Columbia."", 'In 2006, Comcast helped found the channel SportsNet New York, acquiring a minority stake. The other partners in the project were New York Mets and Time Warner Cable.']",General Electric was formed in 1892 and incorporated in New York.,General Electric,56.34959996677935,1008.0168000422418
Which city hosted the first headquarters of General Electric?,"['At about the same time, Charles Coffin, leading the Thomson-Houston Electric Company, acquired a number of competitors and gained access to their key patents. General Electric was formed through the 1892 merger of Edison General Electric Company of Schenectady, New York, and Thomson-Houston Electric Company of Lynn, Massachusetts, with the support of Drexel, Morgan & Co. Both plants continue to operate under the GE banner to this day. The company was incorporated in New York, with the Schenectady plant used as headquarters for many years thereafter.', ""Around the same time, General Electric's Canadian counterpart, Canadian General Electric, was formed."", ""Albon Man, a New York lawyer, started Electro-Dynamic Light Company in 1878 to exploit his patents and those of William Sawyer. Weeks later the United States Electric Lighting Company was organized. This company didn't made their first commercial installation of incandescent lamps until the fall of 1880 at the Mercantile Safe Deposit Company in New York City, about six months after the Edison incandescent lamps had been installed on the Columbia."", ""The X-10 Graphite Reactor at Oak Ridge National Laboratory (ORNL) in Oak Ridge, Tennessee, formerly known as the Clinton Pile and X-10 Pile, was the world's second artificial nuclear reactor (after Enrico Fermi's Chicago Pile) and was the first reactor designed and built for continuous operation. Argonne National Laboratory's Experimental Breeder Reactor I, located at the Atomic Energy Commission's National Reactor Testing Station near Arco, Idaho, became the first nuclear reactor to create electricity on 20 December 1951. Initially, four 150-watt light bulbs were lit by the reactor, but improvements eventually enabled it to power the whole facility (later, the town of Arco became the first in the world to have all its electricity come from nuclear power generated by BORAX-III, another reactor designed and operated by Argonne National Laboratory)."", 'Hiram S. Maxim was the chief engineer at the United States Electric Lighting Company.']",The Schenectady plant was used as headquarters for General Electric for many years.,Schenectady,65.60730002820492,944.4495998322964
Who led Thomson-Houston Electric Company when GE was formed?,"['At about the same time, Charles Coffin, leading the Thomson-Houston Electric Company, acquired a number of competitors and gained access to their key patents. General Electric was formed through the 1892 merger of Edison General Electric Company of Schenectady, New York, and Thomson-Houston Electric Company of Lynn, Massachusetts, with the support of Drexel, Morgan & Co. Both plants continue to operate under the GE banner to this day. The company was incorporated in New York, with the Schenectady plant used as headquarters for many years thereafter.', ""Around the same time, General Electric's Canadian counterpart, Canadian General Electric, was formed."", 'Hiram S. Maxim was the chief engineer at the United States Electric Lighting Company.', ""Albon Man, a New York lawyer, started Electro-Dynamic Light Company in 1878 to exploit his patents and those of William Sawyer. Weeks later the United States Electric Lighting Company was organized. This company didn't made their first commercial installation of incandescent lamps until the fall of 1880 at the Mercantile Safe Deposit Company in New York City, about six months after the Edison incandescent lamps had been installed on the Columbia."", 'GE has said that it will invest $1.4 billion in clean technology research and development in 2008 as part of its Ecomagination initiative. As of October 2008, the scheme had resulted in 70 green products being brought to market, ranging from halogen lamps to biogas engines. In 2007, GE raised the annual revenue target for its Ecomagination initiative from $20 billion in 2010 to $25 billion following positive market response to its new product lines.']",Charles Coffin led Thomson-Houston Electric Company when GE was formed.,Charles Coffin,58.22300002910197,1332.2777999565005
In which Massachusetts city was Thomson-Houston Electric Company based?,"['At about the same time, Charles Coffin, leading the Thomson-Houston Electric Company, acquired a number of competitors and gained access to their key patents. General Electric was formed through the 1892 merger of Edison General Electric Company of Schenectady, New York, and Thomson-Houston Electric Company of Lynn, Massachusetts, with the support of Drexel, Morgan & Co. Both plants continue to operate under the GE banner to this day. The company was incorporated in New York, with the Schenectady plant used as headquarters for many years thereafter.', ""After the Civil War, Houston businessmen initiated efforts to widen the city's extensive system of bayous so the city could accept more commerce between downtown and the nearby port of Galveston. By 1890, Houston was the railroad center of Texas."", 'By 1860, Houston had emerged as a commercial and railroad hub for the export of cotton. Railroad spurs from the Texas inland converged in Houston, where they met rail lines to the ports of Galveston and Beaumont. During the American Civil War, Houston served as a headquarters for General John Bankhead Magruder, who used the city as an organization point for the Battle of Galveston.', 'Hiram S. Maxim was the chief engineer at the United States Electric Lighting Company.', ""Albon Man, a New York lawyer, started Electro-Dynamic Light Company in 1878 to exploit his patents and those of William Sawyer. Weeks later the United States Electric Lighting Company was organized. This company didn't made their first commercial installation of incandescent lamps until the fall of 1880 at the Mercantile Safe Deposit Company in New York City, about six months after the Edison incandescent lamps had been installed on the Columbia.""]","Thomson-Houston Electric Company was based in Lynn, Massachusetts.",Lynn,59.57569996826351,929.2778999079019
In what year was General Electric formed from the merger involving Thomson-Houston?,"['At about the same time, Charles Coffin, leading the Thomson-Houston Electric Company, acquired a number of competitors and gained access to their key patents. General Electric was formed through the 1892 merger of Edison General Electric Company of Schenectady, New York, and Thomson-Houston Electric Company of Lynn, Massachusetts, with the support of Drexel, Morgan & Co. Both plants continue to operate under the GE banner to this day. The company was incorporated in New York, with the Schenectady plant used as headquarters for many years thereafter.', ""Around the same time, General Electric's Canadian counterpart, Canadian General Electric, was formed."", 'GE has said that it will invest $1.4 billion in clean technology research and development in 2008 as part of its Ecomagination initiative. As of October 2008, the scheme had resulted in 70 green products being brought to market, ranging from halogen lamps to biogas engines. In 2007, GE raised the annual revenue target for its Ecomagination initiative from $20 billion in 2010 to $25 billion following positive market response to its new product lines.', ""In 2004, SME and Bertelsmann Music Group merged as Sony BMG Music Entertainment. When Sony acquired BMG's half of the conglomerate in 2008, Sony BMG reverted to the SME name. The buyout led to the dissolution of BMG, which then relaunched as BMG Rights Management."", ""Albon Man, a New York lawyer, started Electro-Dynamic Light Company in 1878 to exploit his patents and those of William Sawyer. Weeks later the United States Electric Lighting Company was organized. This company didn't made their first commercial installation of incandescent lamps until the fall of 1880 at the Mercantile Safe Deposit Company in New York City, about six months after the Edison incandescent lamps had been installed on the Columbia.""]",General Electric was formed in 1892 through the merger of Edison General Electric Company and Thomson-Houston Electric Company.,1892,60.04310003481805,1200.576800154522
Which military formation became central to Carthage after reforms by Mago I?,"[""In 550 BCE, Mago I of Carthage began a series of military reforms which included copying the army of Timoleon, Tyrant of Syracuse. The core of Carthage's military was the Greek-style phalanx formed by citizen hoplite spearmen who had been conscripted into service, though their armies also included large numbers of mercenaries. After their defeat in the first Punic war, Carthage hired a Spartan mercenary captain, Xanthippus of Carthage to reform their military forces."", 'Carthage was a Phoenician colony on the coast of Tunisia. Carthaginian culture came into contact with the Greeks through Punic colonies in Sicily and through their widespread Mediterranean trade network. While the Carthaginians retained their Punic culture and language, they did adopt some Hellenistic ways, one of the most prominent of which was their military practices.', ""Rome's military confederation with the other peoples of the Italian peninsula meant that half of Rome's army was provided by the Socii, such as the Etruscans, Umbrians, Apulians, Campanians, Samnites, Lucani, Bruttii, and the various southern Greek cities. Polybius states that Rome could draw on 770,000 men at the beginning of the Second Punic War, of which 700,000 were infantry and 70,000 met the requirements for cavalry. Rome's Italian allies would be organized in alae, or wings, roughly equal in manpower to the Roman legions, though with 900 cavalry instead of 300."", 'Xanthippus reformed the Carthaginian military along Macedonian army lines.', 'The army doubled in size, and cavalry and smaller units replaced the legion as the main tactical unit. The need for revenue led to increased taxes and a decline in numbers of the curial, or landowning, class, and decreasing numbers of them willing to shoulder the burdens of holding office in their native towns. More bureaucrats were needed in the central administration to deal with the needs of the army, which led to complaints from civilians that there were more tax-collectors in the empire than tax-payers.']","After reforms by Mago I, the Greek-style phalanx formed by citizen hoplite spearmen became central to Carthage's military.",phalanx,72.00669986195862,1150.9742999915034
Which Spartan mercenary helped reform Carthage's military?,"[""In 550 BCE, Mago I of Carthage began a series of military reforms which included copying the army of Timoleon, Tyrant of Syracuse. The core of Carthage's military was the Greek-style phalanx formed by citizen hoplite spearmen who had been conscripted into service, though their armies also included large numbers of mercenaries. After their defeat in the first Punic war, Carthage hired a Spartan mercenary captain, Xanthippus of Carthage to reform their military forces."", 'Carthage was a Phoenician colony on the coast of Tunisia. Carthaginian culture came into contact with the Greeks through Punic colonies in Sicily and through their widespread Mediterranean trade network. While the Carthaginians retained their Punic culture and language, they did adopt some Hellenistic ways, one of the most prominent of which was their military practices.', 'Xanthippus reformed the Carthaginian military along Macedonian army lines.', ""Rome's military confederation with the other peoples of the Italian peninsula meant that half of Rome's army was provided by the Socii, such as the Etruscans, Umbrians, Apulians, Campanians, Samnites, Lucani, Bruttii, and the various southern Greek cities. Polybius states that Rome could draw on 770,000 men at the beginning of the Second Punic War, of which 700,000 were infantry and 70,000 met the requirements for cavalry. Rome's Italian allies would be organized in alae, or wings, roughly equal in manpower to the Roman legions, though with 900 cavalry instead of 300."", 'After having declined in size following the subjugation of the Mediterranean, the Roman navy underwent short-term upgrading and revitalisation in the late Republic to meet several new demands. Under Caesar, an invasion fleet was assembled in the English Channel to allow the invasion of Britannia; under Pompey, a large fleet was raised in the Mediterranean Sea to clear the sea of Cilician pirates. During the civil war that followed, as many as a thousand ships were either constructed or pressed into service from Greek cities.']","Xanthippus of Carthage, a Spartan mercenary captain, was hired to reform Carthage's military forces.",Xanthippus of Carthage,65.98960002884269,1290.6879999209195
Which North African country was home to Carthage?,"['Carthage was a Phoenician colony on the coast of Tunisia. Carthaginian culture came into contact with the Greeks through Punic colonies in Sicily and through their widespread Mediterranean trade network. While the Carthaginians retained their Punic culture and language, they did adopt some Hellenistic ways, one of the most prominent of which was their military practices.', 'The regions in their inventory were Assyria, Chaldea, Mesopotamia, Persia, Armenia, Egypt, Arabia, Syria, Palestine, Ethiopia, Caucasus, Libya, Anatolia and Abyssinia. Explicitly excluded is India. No mention is made of the Balkans.', ""After Alexander the Great's ventures in the Persian Empire, Hellenistic kingdoms were established throughout south-west Asia (Seleucid Empire, Kingdom of Pergamon), north-east Africa (Ptolemaic Kingdom) and South Asia (Greco-Bactrian Kingdom, Indo-Greek Kingdom). This resulted in the export of Greek culture and language to these new realms through Greco-Macedonian colonization, spanning as far as modern-day Pakistan. Equally, however, these new kingdoms were influenced by the indigenous cultures, adopting local practices where beneficial, necessary, or convenient."", 'Previously slaves had been traded by Arabs north to the northern part of Africa and into the Middle East.', 'The Central African Republic (CAR; Sango: Ködörösêse tî Bêafrîka; French: République centrafricaine  pronounced: [ʁepyblik sɑ̃tʁafʁikɛn], or Centrafrique [sɑ̃tʀafʁik]) is a landlocked country in Central Africa. It is bordered by Chad to the north, Sudan to the northeast, South Sudan to the east, the Democratic Republic of the Congo and the Republic of the Congo to the south and Cameroon to the west. The CAR covers a land area of about 620,000 square kilometres (240,000 sq mi) and had an estimated population of around 4.7 million as of 2014[update].']",Carthage was a Phoenician colony on the coast of Tunisia.,Tunisia,52.6984001044184,984.3927000183612
Which practices heavily influenced Carthaginian military culture?,"['Carthage was a Phoenician colony on the coast of Tunisia. Carthaginian culture came into contact with the Greeks through Punic colonies in Sicily and through their widespread Mediterranean trade network. While the Carthaginians retained their Punic culture and language, they did adopt some Hellenistic ways, one of the most prominent of which was their military practices.', 'Xanthippus reformed the Carthaginian military along Macedonian army lines.', ""In 550 BCE, Mago I of Carthage began a series of military reforms which included copying the army of Timoleon, Tyrant of Syracuse. The core of Carthage's military was the Greek-style phalanx formed by citizen hoplite spearmen who had been conscripted into service, though their armies also included large numbers of mercenaries. After their defeat in the first Punic war, Carthage hired a Spartan mercenary captain, Xanthippus of Carthage to reform their military forces."", 'Hellenistic culture thus represents a fusion of the Ancient Greek world with that of the Near East, Middle East, and Southwest Asia, and a departure from earlier Greek attitudes towards ""barbarian"" cultures. The Hellenistic period was characterized by a new wave of Greek colonization (as distinguished from that occurring in the 8th–6th centuries BC) which established Greek cities and kingdoms in Asia and Africa. Those new cities were composed of Greek colonists who came from different parts of the Greek world, and not, as before, from a specific ""mother city"".', ""After Alexander the Great's ventures in the Persian Empire, Hellenistic kingdoms were established throughout south-west Asia (Seleucid Empire, Kingdom of Pergamon), north-east Africa (Ptolemaic Kingdom) and South Asia (Greco-Bactrian Kingdom, Indo-Greek Kingdom). This resulted in the export of Greek culture and language to these new realms through Greco-Macedonian colonization, spanning as far as modern-day Pakistan. Equally, however, these new kingdoms were influenced by the indigenous cultures, adopting local practices where beneficial, necessary, or convenient.""]","Carthaginians adopted military practices from the Greeks, including reforming their military along Macedonian army lines and copying the army of Timoleon, Tyrant of Syracuse.",Hellenistic practices,69.63480007834733,1391.263399971649
Who reformed the Carthaginian military in 550 BCE?,"['Xanthippus reformed the Carthaginian military along Macedonian army lines.', ""In 550 BCE, Mago I of Carthage began a series of military reforms which included copying the army of Timoleon, Tyrant of Syracuse. The core of Carthage's military was the Greek-style phalanx formed by citizen hoplite spearmen who had been conscripted into service, though their armies also included large numbers of mercenaries. After their defeat in the first Punic war, Carthage hired a Spartan mercenary captain, Xanthippus of Carthage to reform their military forces."", 'Carthage was a Phoenician colony on the coast of Tunisia. Carthaginian culture came into contact with the Greeks through Punic colonies in Sicily and through their widespread Mediterranean trade network. While the Carthaginians retained their Punic culture and language, they did adopt some Hellenistic ways, one of the most prominent of which was their military practices.', 'Hellenistic military equipment was generally characterized by an increase in size. Hellenistic-era warships grew from the trireme to include more banks of oars and larger numbers of rowers and soldiers as in the Quadrireme and Quinquereme. The Ptolemaic Tessarakonteres was the largest ship constructed in Antiquity.', 'The Greek kingdom of Bactria began as a breakaway satrapy of the Seleucid empire, which, because of the size of the empire, had significant freedom from central control. Between 255-246 BCE, the governor of Bactria, Sogdiana and Margiana (most of present-day Afghanistan), one Diodotus, took this process to its logical extreme and declared himself king. Diodotus II, son of Diodotus, was overthrown in about 230 BC by Euthydemus, possibly the satrap of Sogdiana, who then started his own dynasty.']","Mago I of Carthage began a series of military reforms, including copying the army of Timoleon, in 550 BCE.",Mago I of Carthage,71.920600021258,1776.6495000105351
Which painful sensation is induced by stimulating nociceptors?,"['Nociceptive pain is caused by stimulation of peripheral nerve fibers that respond to stimuli approaching or exceeding harmful intensity (nociceptors), and may be classified according to the mode of noxious stimulation. The most common categories are ""thermal"" (e.g. heat or cold), ""mechanical"" (e.g. crushing, tearing, shearing, etc.) and ""chemical"" (e.g. iodine in a cut or chemicals released during inflammation).', 'Some nociceptors respond to more than one of these modalities and are consequently designated polymodal.', 'Although unpleasantness is an essential part of the IASP definition of pain, it is possible to induce a state described as intense pain devoid of unpleasantness in some patients, with morphine injection or psychosurgery. Such patients report that they have pain but are not bothered by it; they recognize the sensation of pain but suffer little, or not at all. Indifference to pain can also rarely be present from birth; these people have normal nerves on medical investigations, and find pain unpleasant, but do not avoid repetition of the pain stimulus.', 'In his book, The Greatest Show on Earth: The Evidence for Evolution, biologist Richard Dawkins grapples with the question of why pain has to be so very painful. He describes the alternative as a simple, mental raising of a ""red flag"". To argue why that red flag might be insufficient, Dawkins explains that drives must compete with each other within living beings.', 'This resemblance will not be perfect, however, because natural selection can be a poor designer. The result is often glitches in animals, including supernormal stimuli. Such glitches help explain pains which are not, or at least no longer directly adaptive (e.g. perhaps some forms of toothache, or injury to fingernails).']","Nociceptive pain is caused by stimulation of peripheral nerve fibers that respond to stimuli approaching or exceeding harmful intensity, which are called nociceptors.",nociceptive pain,70.34239987842739,1577.968099853024
Which category of nociceptive pain includes heat or cold stimuli?,"['Nociceptive pain is caused by stimulation of peripheral nerve fibers that respond to stimuli approaching or exceeding harmful intensity (nociceptors), and may be classified according to the mode of noxious stimulation. The most common categories are ""thermal"" (e.g. heat or cold), ""mechanical"" (e.g. crushing, tearing, shearing, etc.) and ""chemical"" (e.g. iodine in a cut or chemicals released during inflammation).', 'Some nociceptors respond to more than one of these modalities and are consequently designated polymodal.', 'Although unpleasantness is an essential part of the IASP definition of pain, it is possible to induce a state described as intense pain devoid of unpleasantness in some patients, with morphine injection or psychosurgery. Such patients report that they have pain but are not bothered by it; they recognize the sensation of pain but suffer little, or not at all. Indifference to pain can also rarely be present from birth; these people have normal nerves on medical investigations, and find pain unpleasant, but do not avoid repetition of the pain stimulus.', 'The most fit creature would be the one whose pains are well balanced. Those pains which mean certain death when ignored will become the most powerfully felt. The relative intensities of pain, then, may resemble the relative importance of that risk to our ancestors (lack of food, too much cold, or serious injuries are felt as agony, whereas minor damage is felt as mere discomfort).', 'This resemblance will not be perfect, however, because natural selection can be a poor designer. The result is often glitches in animals, including supernormal stimuli. Such glitches help explain pains which are not, or at least no longer directly adaptive (e.g. perhaps some forms of toothache, or injury to fingernails).']","According to the text, ""thermal"" pain is a category of nociceptive pain that includes heat or cold stimuli.",thermal,74.89729998633265,1219.6160000748932
"Crushing, tearing, and shearing belong to what type of pain classification?","['Nociceptive pain is caused by stimulation of peripheral nerve fibers that respond to stimuli approaching or exceeding harmful intensity (nociceptors), and may be classified according to the mode of noxious stimulation. The most common categories are ""thermal"" (e.g. heat or cold), ""mechanical"" (e.g. crushing, tearing, shearing, etc.) and ""chemical"" (e.g. iodine in a cut or chemicals released during inflammation).', 'Some nociceptors respond to more than one of these modalities and are consequently designated polymodal.', 'Although unpleasantness is an essential part of the IASP definition of pain, it is possible to induce a state described as intense pain devoid of unpleasantness in some patients, with morphine injection or psychosurgery. Such patients report that they have pain but are not bothered by it; they recognize the sensation of pain but suffer little, or not at all. Indifference to pain can also rarely be present from birth; these people have normal nerves on medical investigations, and find pain unpleasant, but do not avoid repetition of the pain stimulus.', 'The most fit creature would be the one whose pains are well balanced. Those pains which mean certain death when ignored will become the most powerfully felt. The relative intensities of pain, then, may resemble the relative importance of that risk to our ancestors (lack of food, too much cold, or serious injuries are felt as agony, whereas minor damage is felt as mere discomfort).', 'In his book, The Greatest Show on Earth: The Evidence for Evolution, biologist Richard Dawkins grapples with the question of why pain has to be so very painful. He describes the alternative as a simple, mental raising of a ""red flag"". To argue why that red flag might be insufficient, Dawkins explains that drives must compete with each other within living beings.']","According to the text, crushing, tearing, and shearing fall under the category of ""mechanical"" pain.",mechanical,71.49540004320443,1718.040999956429
What type of nociceptor responds to more than one kind of stimulus?,"['Some nociceptors respond to more than one of these modalities and are consequently designated polymodal.', 'Nociceptive pain is caused by stimulation of peripheral nerve fibers that respond to stimuli approaching or exceeding harmful intensity (nociceptors), and may be classified according to the mode of noxious stimulation. The most common categories are ""thermal"" (e.g. heat or cold), ""mechanical"" (e.g. crushing, tearing, shearing, etc.) and ""chemical"" (e.g. iodine in a cut or chemicals released during inflammation).', 'Although unpleasantness is an essential part of the IASP definition of pain, it is possible to induce a state described as intense pain devoid of unpleasantness in some patients, with morphine injection or psychosurgery. Such patients report that they have pain but are not bothered by it; they recognize the sensation of pain but suffer little, or not at all. Indifference to pain can also rarely be present from birth; these people have normal nerves on medical investigations, and find pain unpleasant, but do not avoid repetition of the pain stimulus.', 'Chemical communications in animals rely on a variety of aspects including taste and smell. Chemoreception is the physiological response of a sense organ (i.e. taste or smell) to a chemical stimulus where the chemicals act as signals to regulate the state or activity of a cell. A semiochemical is a message-carrying chemical that is meant to attract, repel, and convey information.', 'This resemblance will not be perfect, however, because natural selection can be a poor designer. The result is often glitches in animals, including supernormal stimuli. Such glitches help explain pains which are not, or at least no longer directly adaptive (e.g. perhaps some forms of toothache, or injury to fingernails).']","According to the text, nociceptors that respond to more than one stimulus are designated as polymodal.",polymodal,65.48779993318021,1120.7075999118388
"Which painful sensation is classified according to the mode of noxious stimulation, such as thermal or mechanical?","['Nociceptive pain is caused by stimulation of peripheral nerve fibers that respond to stimuli approaching or exceeding harmful intensity (nociceptors), and may be classified according to the mode of noxious stimulation. The most common categories are ""thermal"" (e.g. heat or cold), ""mechanical"" (e.g. crushing, tearing, shearing, etc.) and ""chemical"" (e.g. iodine in a cut or chemicals released during inflammation).', 'Some nociceptors respond to more than one of these modalities and are consequently designated polymodal.', 'Although unpleasantness is an essential part of the IASP definition of pain, it is possible to induce a state described as intense pain devoid of unpleasantness in some patients, with morphine injection or psychosurgery. Such patients report that they have pain but are not bothered by it; they recognize the sensation of pain but suffer little, or not at all. Indifference to pain can also rarely be present from birth; these people have normal nerves on medical investigations, and find pain unpleasant, but do not avoid repetition of the pain stimulus.', 'The most fit creature would be the one whose pains are well balanced. Those pains which mean certain death when ignored will become the most powerfully felt. The relative intensities of pain, then, may resemble the relative importance of that risk to our ancestors (lack of food, too much cold, or serious injuries are felt as agony, whereas minor damage is felt as mere discomfort).', 'In his book, The Greatest Show on Earth: The Evidence for Evolution, biologist Richard Dawkins grapples with the question of why pain has to be so very painful. He describes the alternative as a simple, mental raising of a ""red flag"". To argue why that red flag might be insufficient, Dawkins explains that drives must compete with each other within living beings.']","Nociceptive pain is classified according to the mode of noxious stimulation, with examples being thermal or mechanical.",nociceptive pain,70.61369996517897,1184.313900070265
